[]  Dendrochronology Program Library                                        Run VERY   Program COF  04:00  Fri 26 Jun 2026  Page   1
[]
[]  P R O G R A M      C O F E C H A                                                                          Version 6.06P    33416
------------------------------------------------------------------------------------------------------------------------------------

 QUALITY CONTROL AND DATING CHECK OF TREE-RING MEASUREMENTS

 File of DATED series:   RAW.rwl

 CONTENTS:

    Part 1:  Title page, options selected, summary, absent rings by series
    Part 2:  Histogram of time spans
    Part 3:  Master series with sample depth and absent rings by year
    Part 4:  Bar plot of Master Dating Series
    Part 5:  Correlation by segment of each series with Master
    Part 6:  Potential problems: low correlation, divergent year-to-year changes, absent rings, outliers
    Part 7:  Descriptive statistics

 RUN CONTROL OPTIONS SELECTED                             VALUE

         1  Cubic smoothing spline 50% wavelength cutoff for filtering
                                                            32 years
         2  Segments examined are                           50 years lagged successively by  25 years
         3  Autoregressive model applied                     A  Residuals are used in master dating series and testing
         4  Series transformed to logarithms                 Y  Each series log-transformed for master dating series and testing
         5  CORRELATION is Pearson (parametric, quantitative)
            Critical correlation, 99% confidence level   .3281
         6  Master dating series saved                       N
         7  Ring measurements listed                         N
         8  Parts printed                              1234567 
         9  Absent rings are omitted from master series and segment correlations  (Y)

 Time span of Master dating series is  1770 to  2023   254 years
 Continuous time span is               1770 to  2023   254 years
 Portion with two or more series is    1774 to  2023   250 years


                                        ****************************************
                                        *C* Number of dated series        45 *C*
                                        *O* Master series 1770 2023  254 yrs *O*
                                        *F* Total rings in all series   6802 *F*
                                        *E* Total dated rings checked   6798 *E*
                                        *C* Series intercorrelation     .368 *C*
                                        *H* Average mean sensitivity    .360 *H*
                                        *A* Segments, possible problems  153 *A*
                                        *** Mean length of series      151.2 ***
                                        ****************************************

 ABSENT RINGS listed by SERIES:            (See Master Dating Series for absent rings listed by year)

               No ring measurements of zero value
PART 2:  TIME PLOT OF TREE-RING SERIES:                                                            04:00  Fri 26 Jun 2026  Page   2
------------------------------------------------------------------------------------------------------------------------------------
 1050 1100 1150 1200 1250 1300 1350 1400 1450 1500 1550 1600 1650 1700 1750 1800 1850 1900 1950 2000 2050 Ident   Seq Time-span  Yrs
   :    :    :    :    :    :    :    :    :    :    :    :    :    :    :    :    :    :    :    :    : -------- --- ---- ---- ----
   .    .    .    .    .    .    .    .    .    .    .    .    .    .    .    .    .   <============>  . RDD011     1 1891 2023  133
   .    .    .    .    .    .    .    .    .    .    .    .    .    .    .    .    .  <=============>  . RDD012     2 1887 2023  137
   .    .    .    .    .    .    .    .    .    .    .    .    .    .    .    . <===================>  . RDD021     3 1828 2023  196
   .    .    .    .    .    .    .    .    .    .    .    .    .    .    .    . <===================>  . RDD022     4 1827 2023  197
   .    .    .    .    .    .    .    .    .    .    .    .    .    .    .    .    .    <=====>   .    . RDD031     5 1902 1961   60
   .    .    .    .    .    .    .    .    .    .    .    .    .    .    .    .    .    .    . <====>  . RDD031     6 1970 2023   54
   .    .    .    .    .    .    .    .    .    .    .    .    .    .    .    .    .    <===========>  . RDD032     7 1901 2023  123
   .    .    .    .    .    .    .    .    .    .    .    .    .    .    .    .<====================>  . RDD041     8 1816 2023  208
   .    .    .    .    .    .    .    .    .    .    .    .    .    .    .    .<====================>  . RDD042     9 1818 2023  206
   .    .    .    .    .    .    .    .    .    .    .    .    .    .    .    <=====================>  . RDD051    10 1803 2023  221
   .    .    .    .    .    .    .    .    .    .    .    .    .    .    .    .    <================>  . RDD052    11 1855 2023  169
   .    .    .    .    .    .    .    .    .    .    .    .    .    .    .    .   <=================>  . RDD061    12 1846 2023  178
   .    .    .    .    .    .    .    .    .    .    .    .    .    .    .    .   <===> .    .    .    . RDD062    13 1840 1887   48
   .    .    .    .    .    .    .    .    .    .    .    .    .    .    .    .    .   <============>  . RDD062    14 1890 2023  134
   .    .    .    .    .    .    .    .    .    .    .    .    .    .    .    .    <================>  . RDD071    15 1855 2023  169
   .    .    .    .    .    .    .    .    .    .    .    .    .    .    .    .    .<===============>  . RDD072    16 1860 2023  164
   .    .    .    .    .    .    .    .    .    .    .    .    .    .    .    .  <==================>  . RDD081    17 1832 2023  192
   .    .    .    .    .    .    .    .    .    .    .    .    .    .    .    . <===================>  . RDD082    18 1829 2023  195
   .    .    .    .    .    .    .    .    .    .    .    .    .    .    .    .    .    .<==========>  . RDD091    19 1916 2023  108
   .    .    .    .    .    .    .    .    .    .    .    .    .    .    .    .    .    <===========>  . RDD092    20 1900 2023  124
   .    .    .    .    .    .    .    .    .    .    .    .    .    .    .    .    .    .<==========>  . RDD101    21 1914 2023  110
   .    .    .    .    .    .    .    .    .    .    .    .    .    .    .    .    .    <===========>  . RDD102    22 1908 2023  116
   .    .    .    .    .    .    .    .    .    .    .    .    .    .    .    .    .   <============>  . RDD111    23 1890 2023  134
   .    .    .    .    .    .    .    .    .    .    .    .    .    .    .    .    .   <============>  . RDD112    24 1890 2023  134
   .    .    .    .    .    .    .    .    .    .    .    .    .    .    .    .    <================>  . RDD121    25 1854 2023  170
   .    .    .    .    .    .    .    .    .    .    .    .    .    .    .    .  <==================>  . RDD122    26 1830 2023  194
   .    .    .    .    .    .    .    .    .    .    .    .    .    .    .    .    <================>  . RDD131    27 1854 2023  170
   .    .    .    .    .    .    .    .    .    .    .    .    .    .    .    .    .<===============>  . RDD132    28 1863 2023  161
   .    .    .    .    .    .    .    .    .    .    .    .    .    .    .    .    .    . <=========>  . RDD141    29 1926 2023   98
   .    .    .    .    .    .    .    .    .    .    .    .    .    .    .    .    .    <===========>  . RDD142    30 1906 2023  118
   .    .    .    .    .    .    .    .    .    .    .    .    .    .    .    .    .   <============>  . RDD151    31 1897 2023  127
   .    .    .    .    .    .    .    .    .    .    .    .    .    .    .    .    .    .<==========>  . RDD152    32 1917 2023  107
   .    .    .    .    .    .    .    .    .    .    .    .    .    .    .    .    .    <>   .    .    . RDD161    33 1903 1910    8
   .    .    .    .    .    .    .    .    .    .    .    .    .    .    .    .    .    . <=========>  . RDD161    34 1920 2023  104
   .    .    .    .    .    .    .    .    .    .    .    .    .    .    .    .    .    <===========>  . RDD162    35 1909 2023  115
   .    .    .    .    .    .    .    .    .    .    .    .    .    .    .   <======================>  . RDD171    36 1791 2023  233
   .    .    .    .    .    .    .    .    .    .    .    .    .    .    . <========================>  . RDD172    37 1770 2023  254
   .    .    .    .    .    .    .    .    .    .    .    .    .    .    .    .    .    <===========>  . RDD181    38 1900 2023  124
   .    .    .    .    .    .    .    .    .    .    .    .    .    .    .    .    .  <=============>  . RDD182    39 1885 2023  139
   .    .    .    .    .    .    .    .    .    .    .    .    .    .    .    .    .    <===========>  . RDD191    40 1905 2023  119
   .    .    .    .    .    .    .    .    .    .    .    .    .    .    .    .    . <==============>  . RDD192    41 1879 2023  145
   .    .    .    .    .    .    .    .    .    .    .    .    .    .    .   <======================>  . RDD201    42 1797 2023  227
   .    .    .    .    .    .    .    .    .    .    .    .    .    .    . <========================>  . RDD202    43 1774 2023  250
   .    .    .    .    .    .    .    .    .    .    .    .    .    .    .    <=====================>  . RDD211    44 1809 2023  215
   .    .    .    .    .    .    .    .    .    .    .    .    .    .    .    .<====================>  . RDD212    45 1810 2023  214
   :    :    :    :    :    :    :    :    :    :    :    :    :    :    :    :    :    :    :    :    :
 1050 1100 1150 1200 1250 1300 1350 1400 1450 1500 1550 1600 1650 1700 1750 1800 1850 1900 1950 2000 2050
PART 3:  Master Dating Series:                                                                     04:00  Fri 26 Jun 2026  Page   3
------------------------------------------------------------------------------------------------------------------------------------
  Year  Value  No Ab    Year  Value  No Ab    Year  Value  No Ab    Year  Value  No Ab    Year  Value  No Ab    Year  Value  No Ab
  ------------------    ------------------    ------------------    ------------------    ------------------    ------------------
                        1800  1.235   4       1850  -.811  16       1900   .056  31       1950   .809  42       2000  -.429  42
                        1801  1.078   4       1851  -.366  16       1901   .270  32       1951   .392  42       2001   .153  42
                        1802   .646   4       1852  -.628  16       1902   .176  33       1952   .105  42       2002  1.083  42
                        1803   .577   5       1853  -.908  16       1903  -.033  34       1953  -.803  42       2003  1.499  42
                        1804   .383   5       1854  -.994  18       1904  -.335  34       1954  -.515  42       2004   .321  42
                        1805   .585   5       1855   .050  20       1905   .441  35       1955  -.944  42       2005  1.176  42
                        1806  1.799   5       1856   .075  20       1906   .811  36       1956 -1.174  42       2006  1.276  42
                        1807   .156   5       1857  -.218  20       1907   .848  36       1957  -.455  42       2007 -2.481  42
                        1808 -1.723   5       1858   .576  20       1908   .278  37       1958  -.843  42       2008 -1.772  42
                        1809 -1.682   6       1859  1.043  20       1909  -.202  38       1959  -.510  42       2009 -4.239  42

                        1810 -1.654   7       1860  -.182  21       1910  -.295  38       1960   .521  42       2010  -.278  42
                        1811  -.553   7       1861   .819  21       1911  -.230  37       1961   .916  42       2011   .377  42
                        1812 -1.050   7       1862   .938  21       1912  -.153  37       1962   .500  41       2012   .544  42
                        1813  -.007   7       1863   .672  22       1913   .306  37       1963   .358  41       2013  -.036  42
                        1814  -.068   7       1864   .911  22       1914   .611  38       1964  -.580  41       2014   .080  42
                        1815  1.208   7       1865   .774  22       1915   .559  38       1965  -.599  41       2015  1.634  42
                        1816  1.067   8       1866   .050  22       1916   .318  39       1966   .336  41       2016  2.077  42
                        1817   .247   8       1867  -.071  22       1917   .353  40       1967  -.259  41       2017  1.477  42
                        1818  1.049   9       1868  -.637  22       1918   .597  40       1968   .358  41       2018   .655  42
                        1819  -.051   9       1869 -1.484  22       1919  -.549  40       1969   .663  41       2019  -.650  42

  1770   .270   1       1820  -.745   9       1870 -1.098  22       1920   .102  41       1970   .013  42       2020 -1.713  42
  1771   .830   1       1821   .506   9       1871 -1.481  22       1921   .187  41       1971  -.695  42       2021   .545  42
  1772  1.859   1       1822  -.018   9       1872  -.407  22       1922   .851  41       1972 -1.092  42       2022   .285  42
  1773  1.636   1       1823  -.133   9       1873  -.713  22       1923   .182  41       1973  -.372  42       2023 -1.741  42
  1774  1.226   2       1824  -.191   9       1874   .230  22       1924  -.881  41       1974  -.193  42
  1775 -3.950   2       1825  -.056   9       1875   .181  22       1925 -1.604  41       1975  -.269  42
  1776 -2.241   2       1826 -1.133   9       1876   .133  22       1926  -.830  42       1976  -.217  42
  1777  -.644   2       1827  -.518  10       1877   .106  22       1927  -.870  42       1977   .359  42
  1778  -.023   2       1828  -.782  11       1878  -.002  22       1928  -.253  42       1978   .676  42
  1779  1.162   2       1829 -1.262  12       1879  -.192  23       1929  -.237  42       1979  1.542  42

  1780  2.363   2       1830  -.383  13       1880   .131  23       1930  -.335  42       1980  2.099  42
  1781   .959   2       1831  -.222  13       1881   .060  23       1931  -.581  42       1981  1.555  42
  1782 -2.770   2       1832   .113  14       1882   .233  23       1932  -.120  42       1982  1.082  42
  1783 -2.010   2       1833   .703  14       1883   .476  23       1933  -.365  42       1983  -.046  42
  1784  -.222   2       1834   .663  14       1884   .440  23       1934 -1.027  42       1984 -1.994  42
  1785  2.248   2       1835   .519  14       1885  -.105  24       1935  -.145  42       1985 -1.557  42
  1786  1.299   2       1836   .576  14       1886   .037  24       1936  -.056  42       1986 -2.007  42
  1787  1.012   2       1837   .635  14       1887   .279  25       1937   .051  42       1987  -.628  42
  1788   .182   2       1838  1.217  14       1888   .751  24       1938   .912  42       1988  -.696  42
  1789  1.170   2       1839   .511  14       1889   .670  24       1939  1.358  42       1989  -.036  42

  1790  1.364   2       1840   .499  15       1890   .918  27       1940   .259  42       1990 -1.197  42
  1791  -.504   3       1841   .066  15       1891   .378  28       1941  -.422  42       1991  -.437  42
  1792  1.004   3       1842  -.127  15       1892  -.713  28       1942  -.292  42       1992   .119  42
  1793  -.809   3       1843  -.345  15       1893 -1.374  28       1943   .595  42       1993  1.193  42
  1794  -.204   3       1844  -.470  15       1894 -1.160  28       1944   .350  42       1994  1.246  42
  1795 -3.939   3       1845 -1.134  15       1895  -.931  28       1945   .413  42       1995   .448  42
  1796 -2.361   3       1846  -.079  16       1896  -.122  28       1946   .079  42       1996  1.311  42
  1797 -1.435   4       1847   .304  16       1897  -.125  29       1947  -.100  42       1997  -.660  42
  1798  1.359   4       1848   .591  16       1898   .251  29       1948   .835  42       1998   .498  42
  1799  1.985   4       1849  -.011  16       1899   .601  29       1949   .950  42       1999 -1.413  42
------------------------------------------------------------------------------------------------------------------------------------
PART 4:  Master Bar Plot:                                                                          04:00  Fri 26 Jun 2026  Page   4
------------------------------------------------------------------------------------------------------------------------------------
   Year Rel value  Year Rel value  Year Rel value  Year Rel value  Year Rel value  Year Rel value  Year Rel value  Year Rel value
                   1800---------E  1850-c          1900-----@      1950--------C   2000--b
                   1801---------D  1851---a        1901------A     1951-------B    2001-----A
                   1802--------C   1852--c         1902------A     1952-----@      2002---------D
                   1803--------B   1853-d          1903----@       1953-c          2003----------F
                   1804-------B    1854-d          1904---a        1954--b         2004------A
                   1805--------B   1855-----@      1905-------B    1955-d          2005---------E
                   1806----------G 1856-----@      1906--------C   1956-e          2006----------E
                   1807-----A      1857---a        1907---------C  1957--b         2007j
                   1808g           1858--------B   1908------A     1958-c          2008g
                   1809g           1859---------D  1909---a        1959--b         2009q
                   1810g           1860----a       1910---a        1960-------B    2010---a
                   1811--b         1861--------C   1911---a        1961---------D  2011-------B
                   1812-d          1862---------D  1912----a       1962-------B    2012-------B
                   1813-----@      1863--------C   1913------A     1963------A     2013----@
                   1814----@       1864---------D  1914--------B   1964--b         2014-----@
                   1815---------E  1865--------C   1915-------B    1965--b         2015----------G
                   1816---------D  1866-----@      1916------A     1966------A     2016----------H
                   1817------A     1867----@       1917------A     1967---a        2017----------F
                   1818---------D  1868--c         1918--------B   1968------A     2018--------C
                   1819----@       1869f           1919--b         1969--------C   2019--c
   1770------A     1820--c         1870-d          1920-----@      1970-----@      2020g
   1771--------C   1821-------B    1871f           1921------A     1971--c         2021-------B
   1772----------G 1822----@       1872---b        1922---------C  1972-d          2022------A
   1773----------G 1823----a       1873--c         1923------A     1973---a        2023g
   1774---------E  1824---a        1874------A     1924-d          1974---a
   1775p           1825----@       1875------A     1925f           1975---a
   1776i           1826-e          1876-----A      1926-c          1976---a
   1777--c         1827--b         1877-----@      1927-c          1977------A
   1778----@       1828-c          1878-----@      1928---a        1978--------C
   1779---------E  1829-e          1879---a        1929---a        1979----------F
   1780----------I 1830---b        1880-----A      1930---a        1980----------H
   1781---------D  1831---a        1881-----@      1931--b         1981----------F
   1782k           1832-----@      1882------A     1932----@       1982---------D
   1783h           1833--------C   1883-------B    1933---a        1983----@
   1784---a        1834--------C   1884-------B    1934-d          1984h
   1785----------I 1835-------B    1885----@       1935----a       1985f
   1786----------E 1836--------B   1886-----@      1936----@       1986h
   1787---------D  1837--------C   1887------A     1937-----@      1987--c
   1788------A     1838---------E  1888--------C   1938---------D  1988--c
   1789---------E  1839-------B    1889--------C   1939----------E 1989----@
   1790----------E 1840-------B    1890---------D  1940------A     1990-e
   1791--b         1841-----@      1891-------B    1941---b        1991--b
   1792---------D  1842----a       1892--c         1942---a        1992-----@
   1793-c          1843---a        1893e           1943--------B   1993---------E
   1794---a        1844--b         1894-e          1944------A     1994---------E
   1795p           1845-e          1895-d          1945-------B    1995-------B
   1796i           1846----@       1896----@       1946-----@      1996----------E
   1797f           1847------A     1897----@       1947----@       1997--c
   1798----------E 1848--------B   1898------A     1948--------C   1998-------B
   1799----------H 1849-----@      1899--------B   1949---------D  1999f
PART 5:  CORRELATION OF SERIES BY SEGMENTS:                                                        04:00  Fri 26 Jun 2026  Page   5
------------------------------------------------------------------------------------------------------------------------------------
 Correlations of  50-year dated segments, lagged  25 years
 Flags:  A = correlation under   .3281 but highest as dated;  B = correlation higher at other than dated position

 Seq Series  Time_span   1750 1775 1800 1825 1850 1875 1900 1925 1950 1975
                         1799 1824 1849 1874 1899 1924 1949 1974 1999 2024
 --- -------- ---------  ---- ---- ---- ---- ---- ---- ---- ---- ---- ---- ---- ---- ---- ---- ---- ---- ---- ---- ---- ----
   1 RDD011   1891 2023                            .43  .40  .34  .48  .77
   2 RDD012   1887 2023                            .41  .40  .31A .50  .75
   3 RDD021   1828 2023                 -.37B .05B .11B .10B .13B .41  .75
   4 RDD022   1827 2023                  .00B .06B .07B .07B .10B .09B .07B
   5 RDD031   1902 1961                                 .07B .03B
   6 RDD031   1970 2023                                           .82  .83
   7 RDD032   1901 2023                                 .45  .48  .66  .86
   8 RDD041   1816 2023             .25B .24B .25B .32A .31B .26A .56  .78
   9 RDD042   1818 2023             .28B .26B .28B .34  .32A .26A .53  .69
  10 RDD051   1803 2023            -.04B .28B .28B .16B .22B .37  .58  .70
  11 RDD052   1855 2023                       .06B-.18B .25B .44  .56  .70
  12 RDD061   1846 2023                  .18B .27B .29B .08B .02B .34B .71
  13 RDD062   1840 1887                  .31B
  14 RDD062   1890 2023                            .25B .12B .21B .47  .79
  15 RDD071   1855 2023                      -.21B-.12B .00B .04B-.02B .32A
  16 RDD072   1860 2023                      -.21B-.37B-.13B-.18B-.10B .36B
  17 RDD081   1832 2023                  .09B .33  .26A .25B .02B-.17B .12B
  18 RDD082   1829 2023                  .13B .34  .29A .16B-.05B .17A .71
  19 RDD091   1916 2023                                 .02B .05B .49  .75
  20 RDD092   1900 2023                                -.18B-.04B .40  .71
  21 RDD101   1914 2023                                 .42  .45  .64  .83
  22 RDD102   1908 2023                                -.17B-.26B .35B .81
  23 RDD111   1890 2023                            .46  .36  .41B .55  .62
  24 RDD112   1890 2023                            .22B .21B .32B .68  .84
  25 RDD121   1854 2023                       .14B-.16B .31B .49  .63  .76
  26 RDD122   1830 2023                  .22B .32A-.03B .02B .18A .45  .68
  27 RDD131   1854 2023                      -.09B-.18B-.07B-.11B .11B .42B
  28 RDD132   1863 2023                      -.01B-.04B .09B .13B .54  .73
  29 RDD141   1926 2023                                      .05B-.15B .06B
  30 RDD142   1906 2023                                 .17B .32B .54  .64
  31 RDD151   1897 2023                           -.01B-.01B .12B .57  .86
  32 RDD152   1917 2023                                 .34B .43B .56  .84
  33 RDD161   1903 1910                                 .36B
  34 RDD161   1920 2023                                 .30B .23B .54  .67
  35 RDD162   1909 2023                                 .53  .54  .73  .64
  36 RDD171   1791 2023        .57  .38B .32B .28B .26B .31B .33  .62  .62
  37 RDD172   1770 2023   .75  .74  .32B .20B .09B .20B .32A .40  .70  .78
  38 RDD181   1900 2023                                 .38B .41  .64  .54
  39 RDD182   1885 2023                            .21B .26B .25B .57  .55
  40 RDD191   1905 2023                                 .33A .51  .42B .64
  41 RDD192   1879 2023                            .31B .39B .54  .48  .62
  42 RDD201   1797 2023        .09B .05B .11B .35B .10B .30B .26B .09B-.01B
  43 RDD202   1774 2023   .63  .63  .39B .34B .20B .34B .37  .30A .48  .68
  44 RDD211   1809 2023             .02B-.12B-.28B-.02B .20A .23B .56  .69
  45 RDD212   1810 2023            -.27B-.06B .18B .31A .28B .30B .57  .67
 Av segment correlation   .69  .51  .15  .13  .13  .15  .21  .23  .44  .63
PART 6:  POTENTIAL PROBLEMS:                                                                       04:00  Fri 26 Jun 2026  Page   5
------------------------------------------------------------------------------------------------------------------------------------

 For each series with potential problems the following diagnostics may appear:

 [A] Correlations with master dating series of flagged  50-year segments of series filtered with  32-year spline,
     at every point from ten years earlier (-10) to ten years later (+10) than dated

 [B] Effect of those data values which most lower or raise correlation with master series
     Symbol following year indicates value in series is greater (>) or lesser (<) than master series value

 [C] Year-to-year changes very different from the mean change in other series

 [D] Absent rings (zero values)

 [E] Values which are statistical outliers from mean for the year
 ===================================================================================================================================

 RDD011    1891 to  2023     133 years                                                                                    Series   1

 [B] Entire series, effect on correlation (  .541) is:
       Lower   1965< -.044   1912< -.013   1949< -.011   2016< -.010   1931> -.010   1895> -.008  Higher   2007  .048   2023  .015

 [C] Year-to-year changes diverging by over 4.0 std deviations:
       1964 1965  -4.2 SD

 [E] Outliers     1   3.0 SD above or -4.5 SD below mean for year
       1965 -4.7 SD
 ===================================================================================================================================

 RDD012    1887 to  2023     137 years                                                                                    Series   2

 [A] Segment   High   -10   -9   -8   -7   -6   -5   -4   -3   -2   -1   +0   +1   +2   +3   +4   +5   +6   +7   +8   +9  +10
    ---------  ----   ---  ---  ---  ---  ---  ---  ---  ---  ---  ---  ---  ---  ---  ---  ---  ---  ---  ---  ---  ---  ---
    1925 1974    0    .12  .29 -.08  .12  .04 -.08 -.10  .05 -.07  .01  .31*-.01 -.02 -.26 -.22 -.21  .01  .12 -.04 -.01 -.09

 [B] Entire series, effect on correlation (  .562) is:
       Lower   1981< -.015   2016< -.014   1965< -.011   1912< -.010   1942> -.009   1895> -.009  Higher   2007  .046   2009  .038
     1925 to 1974 segment:
       Lower   1931> -.026   1946< -.024   1942> -.024   1964> -.018   1969< -.017   1943< -.013  Higher   1934  .058   1948  .039

 ===================================================================================================================================

 RDD021    1828 to  2023     196 years                                                                                    Series   3

 [A] Segment   High   -10   -9   -8   -7   -6   -5   -4   -3   -2   -1   +0   +1   +2   +3   +4   +5   +6   +7   +8   +9  +10
    ---------  ----   ---  ---  ---  ---  ---  ---  ---  ---  ---  ---  ---  ---  ---  ---  ---  ---  ---  ---  ---  ---  ---
    1828 1877  -10    .41* .12  .27  .34  .15  .01 -.03 -.04 -.19 -.06 -.37| .13 -.28  .06  .01  .10 -.04  .16 -.02  .03 -.15
    1850 1899    7    .02  .05  .07  .21  .03 -.11 -.05  .08  .09 -.03  .05| .10 -.12 -.09  .14 -.04  .15  .28* .09  .01 -.15
    1875 1924   -2   -.10 -.13 -.11 -.06 -.05  .02  .33  .19  .39* .03  .11|-.17 -.08 -.20  .14 -.10  .14  .18  .10 -.15 -.24
    1900 1949   -4    .08 -.09 -.06 -.06 -.07  .03  .38* .11  .18 -.14  .10|-.12  .17  .17  .10 -.10  .02 -.11 -.32 -.20 -.11
    1925 1974    3   -.01 -.10 -.03  .04  .06  .16  .21 -.03  .15 -.05  .13| .08  .19  .24*-.24 -.12 -.02 -.13 -.27 -.06 -.02

 [B] Entire series, effect on correlation (  .227) is:
       Lower   1838< -.052   1836< -.041   1828> -.019   1864< -.018   1984> -.012   1969< -.011  Higher   2007  .055   2009  .028
     1828 to 1877 segment:
       Lower   1838< -.115   1836< -.072   1828> -.040   1864< -.036   1844> -.017   1854> -.015  Higher   1858  .031   1869  .026
     1850 to 1899 segment:
       Lower   1864< -.102   1854> -.051   1871> -.033   1865< -.027   1868> -.024   1859< -.023  Higher   1890  .037   1853  .028
     1875 to 1924 segment:
       Lower   1924> -.055   1900> -.033   1910> -.024   1889< -.020   1907< -.020   1915< -.016  Higher   1922  .060   1894  .037
     1900 to 1949 segment:
       Lower   1925> -.050   1924> -.035   1939< -.032   1900> -.020   1941> -.020   1907< -.017  Higher   1934  .053   1922  .046
     1925 to 1974 segment:
       Lower   1969< -.062   1925> -.051   1955> -.040   1939< -.027   1971> -.027   1944< -.022  Higher   1948  .041   1934  .037

 [C] Year-to-year changes diverging by over 4.0 std deviations:
       1838 1839   4.2 SD

 ===================================================================================================================================

 RDD022    1827 to  2023     197 years                                                                                    Series   4

 [A] Segment   High   -10   -9   -8   -7   -6   -5   -4   -3   -2   -1   +0   +1   +2   +3   +4   +5   +6   +7   +8   +9  +10
    ---------  ----   ---  ---  ---  ---  ---  ---  ---  ---  ---  ---  ---  ---  ---  ---  ---  ---  ---  ---  ---  ---  ---
    1827 1876    1    .03 -.24 -.02 -.09 -.06 -.30  .06 -.04  .13  .26  .00| .40* .18  .10 -.07  .00 -.09 -.15 -.20  .14 -.23
    1850 1899    1   -.04 -.15 -.20  .18 -.20 -.35 -.13 -.14 -.07  .14  .06| .46* .34  .30  .16  .01  .10 -.21 -.01 -.09 -.27
    1875 1924    1   -.15  .04  .00  .08  .02 -.14 -.15 -.10 -.16  .02  .07| .23* .14  .09  .01 -.14 -.05 -.25  .11 -.09  .00
    1900 1949   10   -.05  .05  .07 -.03  .06  .10  .01 -.03  .00  .03  .07| .09  .06 -.08 -.15 -.18 -.28 -.27  .05 -.01  .23*
    1925 1974    1    .09  .08  .03 -.14 -.17  .05 -.16 -.01  .08 -.05  .10| .15* .05  .04 -.18 -.18 -.10 -.17 -.21 -.03  .00
    1950 1999   -5    .04 -.10 -.03 -.01  .08  .17* .13  .09  .09 -.11  .09| .00 -.07 -.06 -.22 -.30 -.03 -.09 -.22  .08  .02
    1974 2023   -8    .07  .02  .21* .08  .06  .04  .10 -.02 -.09  .04  .07|   -    -    -    -    -    -    -    -    -    -

 [B] Entire series, effect on correlation (  .056) is:
       Lower   2023> -.014   1830< -.014   2005< -.012   2019> -.012   2017< -.011   1999> -.011  Higher   2007  .024   1892  .015
     1827 to 1876 segment:
       Lower   1830< -.053   1829> -.037   1867< -.025   1860> -.025   1854> -.021   1850> -.019  Higher   1828  .053   1862  .025
     1850 to 1899 segment:
       Lower   1867< -.032   1895> -.031   1860> -.030   1854> -.026   1850> -.022   1851< -.021  Higher   1892  .082   1862  .025
     1875 to 1924 segment:
       Lower   1895> -.048   1915< -.030   1919> -.023   1914< -.022   1901< -.021   1896< -.019  Higher   1892  .161   1893  .025
     1900 to 1949 segment:
       Lower   1915< -.034   1939< -.028   1934> -.027   1901< -.026   1914< -.024   1919> -.024  Higher   1938  .091   1948  .030
     1925 to 1974 segment:
       Lower   1961< -.075   1969< -.045   1950< -.027   1955> -.026   1939< -.025   1934> -.025  Higher   1938  .088   1960  .041
     1950 to 1999 segment:
       Lower   1961< -.050   1999> -.046   1980< -.039   1994< -.030   1969< -.030   1996< -.019  Higher   1990  .059   1979  .037
     1974 to 2023 segment:
       Lower   2019> -.041   2023> -.041   2005< -.040   2017< -.037   1999> -.032   1980< -.026  Higher   2007  .087   1990  .047

 [C] Year-to-year changes diverging by over 4.0 std deviations:
       1829 1830  -4.7 SD    2008 2009   4.1 SD    2009 2010  -4.6 SD    2018 2019   4.2 SD

 [E] Outliers     1   3.0 SD above or -4.5 SD below mean for year
       1892 -4.5 SD
 ===================================================================================================================================

 RDD031    1902 to  1961      60 years                                                                                    Series   5

 [A] Segment   High   -10   -9   -8   -7   -6   -5   -4   -3   -2   -1   +0   +1   +2   +3   +4   +5   +6   +7   +8   +9  +10
    ---------  ----   ---  ---  ---  ---  ---  ---  ---  ---  ---  ---  ---  ---  ---  ---  ---  ---  ---  ---  ---  ---  ---
    1902 1951   -1    .14  .00  .00  .15  .00 -.05  .00  .01  .10  .48* .07|-.13 -.31  .07 -.01  .15  .27 -.11 -.13 -.10  .01
    1912 1961   -1    .02 -.04 -.01  .14  .12 -.13  .08  .04  .02  .51* .03|-.11 -.20  .07 -.01  .15  .13 -.30 -.03 -.10  .04

 [B] Entire series, effect on correlation (  .025) is:
       Lower   1958> -.057   1905< -.047   1913< -.043   1940> -.032   1919> -.026   1948< -.024  Higher   1941  .037   1939  .035
     1902 to 1951 segment:
       Lower   1905< -.066   1913< -.061   1940> -.049   1919> -.038   1948< -.035   1922< -.019  Higher   1941  .054   1925  .044
     1912 to 1961 segment:
       Lower   1958> -.064   1913< -.053   1940> -.036   1919> -.029   1948< -.028   1922< -.015  Higher   1939  .041   1941  .039

 ===================================================================================================================================

 RDD031    1970 to  2023      54 years                                                                                    Series   6

 [B] Entire series, effect on correlation (  .821) is:
       Lower   2009> -.010   2014< -.010   2004> -.008   2008> -.008   1995< -.007   1975> -.006  Higher   2007  .045   1980  .008

 ===================================================================================================================================

 RDD032    1901 to  2023     123 years                                                                                    Series   7

 [B] Entire series, effect on correlation (  .640) is:
       Lower   1912< -.029   1930< -.019   1940< -.018   1949< -.008   1964> -.007   1931> -.006  Higher   2007  .042   2023  .021

 ===================================================================================================================================

 RDD041    1816 to  2023     208 years                                                                                    Series   8

 [A] Segment   High   -10   -9   -8   -7   -6   -5   -4   -3   -2   -1   +0   +1   +2   +3   +4   +5   +6   +7   +8   +9  +10
    ---------  ----   ---  ---  ---  ---  ---  ---  ---  ---  ---  ---  ---  ---  ---  ---  ---  ---  ---  ---  ---  ---  ---
    1816 1865   -3   -.02 -.01 -.03 -.09 -.16 -.04 -.18  .37* .04  .11  .25| .18 -.26  .04 -.08 -.14 -.01  .06 -.06  .00 -.10
    1825 1874   -3   -.15 -.02  .00 -.12 -.14 -.04 -.03  .40* .08  .20  .24| .17 -.21  .02 -.09 -.15 -.08  .00 -.08 -.09 -.12
    1850 1899   -3   -.09 -.02  .15 -.14 -.04 -.07 -.02  .34* .10  .25  .25| .25 -.16 -.04 -.32 -.31 -.21  .02 -.16  .09 -.10
    1875 1924    0   -.01  .24  .22  .18 -.01 -.10 -.32 -.12  .07  .09  .32* .13  .10 -.38 -.16 -.09  .19  .08  .24  .12 -.01
    1900 1949   -9    .14  .32* .25  .14  .03 -.03 -.13 -.12  .19  .12  .31|-.16  .09 -.14 -.11 -.01  .24  .08  .10 -.07 -.10
    1925 1974    0    .00  .08  .04 -.11 -.02  .02 -.06 -.03  .19  .15  .26*-.06  .12  .06 -.16 -.16 -.02 -.01 -.12 -.07 -.08

 [B] Entire series, effect on correlation (  .409) is:
       Lower   2009> -.015   1853< -.011   1857< -.011   1930> -.010   1961< -.008   1951< -.008  Higher   2007  .032   1980  .013
     1816 to 1865 segment:
       Lower   1852> -.035   1850> -.032   1830> -.026   1824> -.020   1857< -.017   1826> -.013  Higher   1845  .029   1864  .024
     1825 to 1874 segment:
       Lower   1852> -.034   1850> -.031   1857< -.030   1830> -.024   1853< -.019   1835< -.014  Higher   1864  .030   1845  .024
     1850 to 1899 segment:
       Lower   1852> -.037   1850> -.034   1857< -.026   1875> -.021   1898< -.020   1891< -.020  Higher   1890  .031   1864  .029
     1875 to 1924 segment:
       Lower   1924> -.040   1875> -.039   1918< -.028   1898< -.023   1892> -.022   1891< -.022  Higher   1919  .126   1893  .034
     1900 to 1949 segment:
       Lower   1930> -.048   1941> -.034   1938< -.033   1933> -.029   1924> -.028   1918< -.020  Higher   1934  .092   1919  .077
     1925 to 1974 segment:
       Lower   1961< -.040   1930> -.039   1951< -.034   1938< -.031   1941> -.029   1933> -.023  Higher   1934  .078   1925  .036

 [C] Year-to-year changes diverging by over 4.0 std deviations:
       2009 2010  -4.2 SD

 [E] Outliers     1   3.0 SD above or -4.5 SD below mean for year
       1919 -6.0 SD
 ===================================================================================================================================

 RDD042    1818 to  2023     206 years                                                                                    Series   9

 [A] Segment   High   -10   -9   -8   -7   -6   -5   -4   -3   -2   -1   +0   +1   +2   +3   +4   +5   +6   +7   +8   +9  +10
    ---------  ----   ---  ---  ---  ---  ---  ---  ---  ---  ---  ---  ---  ---  ---  ---  ---  ---  ---  ---  ---  ---  ---
    1818 1867   -3   -.14  .02 -.05 -.07 -.24  .07 -.23  .51* .23  .25  .28| .19 -.13 -.07 -.11 -.07 -.04 -.18  .07 -.20 -.20
    1825 1874   -3   -.18  .02 -.05 -.09 -.29  .06 -.17  .44* .28  .26  .26| .25 -.04 -.07 -.10 -.03 -.10 -.20  .12 -.24 -.19
    1850 1899   -2   -.14  .02  .22 -.10 -.14 -.08 -.19  .19  .31* .13  .28| .30  .08 -.15 -.26 -.17 -.12 -.03  .13  .08 -.23
    - - - - - - - - - - - - - - - - - - - - - - - - - - - - - - - - - - - - - - - - - - - - - - - - - - - - - - - - - - - - -
    1900 1949    0    .13  .27  .22  .18  .03 -.07 -.14 -.05  .15  .08  .32*-.13  .13 -.16 -.06  .06  .23 -.04  .09 -.10 -.15
    1925 1974    0    .01  .04  .03 -.06 -.02  .02 -.02 -.02  .18  .16  .26*-.02  .16  .01 -.15 -.16 -.02 -.01 -.10 -.07 -.08

 [B] Entire series, effect on correlation (  .386) is:
       Lower   2009> -.038   1862< -.011   1930> -.009   1938< -.009   1951< -.008   1961< -.008  Higher   2007  .025   1980  .013
     1818 to 1867 segment:
       Lower   1862< -.057   1850> -.036   1826> -.031   1830> -.028   1831< -.027   1860> -.017  Higher   1829  .042   1818  .030
     1825 to 1874 segment:
       Lower   1862< -.055   1850> -.035   1826> -.031   1831< -.028   1830> -.026   1860> -.017  Higher   1829  .035   1845  .023
     1850 to 1899 segment:
       Lower   1862< -.067   1850> -.042   1898< -.024   1860> -.020   1884< -.020   1851> -.018  Higher   1890  .033   1893  .027
     1900 to 1949 segment:
       Lower   1938< -.046   1930> -.043   1933> -.027   1941> -.023   1924> -.018   1906< -.018  Higher   1919  .080   1934  .074
     1925 to 1974 segment:
       Lower   1938< -.048   1961< -.042   1951< -.040   1930> -.039   1933> -.024   1953> -.023  Higher   1934  .070   1925  .044

 [C] Year-to-year changes diverging by over 4.0 std deviations:
       2008 2009   4.6 SD    2009 2010  -5.6 SD

 [E] Outliers     2   3.0 SD above or -4.5 SD below mean for year
       1919 -5.7 SD;    2009 +3.6 SD
 ===================================================================================================================================

 RDD051    1803 to  2023     221 years                                                                                    Series  10

 [A] Segment   High   -10   -9   -8   -7   -6   -5   -4   -3   -2   -1   +0   +1   +2   +3   +4   +5   +6   +7   +8   +9  +10
    ---------  ----   ---  ---  ---  ---  ---  ---  ---  ---  ---  ---  ---  ---  ---  ---  ---  ---  ---  ---  ---  ---  ---
    1803 1852   -3    .05  .17  .12 -.06 -.39 -.13 -.21  .35* .26  .06 -.04|-.22  .10  .09  .19 -.08 -.12  .06  .20 -.10  .15
    1825 1874   -3   -.18 -.01 -.07 -.14 -.19  .13 -.08  .45* .22  .38  .28| .17 -.10  .00 -.25 -.19 -.19 -.08  .10 -.24  .08
    1850 1899   -1   -.29 -.04  .17 -.18 -.07  .13  .01  .34  .25  .35* .28| .30 -.05 -.06 -.30 -.18 -.24 -.04  .08 -.11 -.20
    1875 1924   -1   -.11  .17  .16  .05 -.05 -.01 -.06 -.07  .22  .40* .16| .18 -.10 -.30 -.25 -.10  .00  .13  .25  .08  .00
    1900 1949   -7    .01  .09 -.03  .27* .07  .12  .14  .09  .09  .23  .22| .24 -.06 -.13  .15  .10  .05 -.17 -.06 -.11  .06

 [B] Entire series, effect on correlation (  .382) is:
       Lower   1808> -.027   1814> -.014   1805< -.012   1809> -.010   1934> -.009   1815< -.008  Higher   2007  .090   2016  .012
     1803 to 1852 segment:
       Lower   1808> -.075   1805< -.043   1814> -.041   1809> -.028   1815< -.026   1816< -.026  Higher   1810  .044   1829  .039
     1825 to 1874 segment:
       Lower   1874< -.053   1842< -.041   1860> -.022   1872< -.018   1831< -.018   1825> -.018  Higher   1864  .040   1829  .037
     1850 to 1899 segment:
       Lower   1874< -.057   1860> -.029   1884< -.026   1872< -.018   1862< -.016   1869> -.015  Higher   1864  .046   1890  .022
     1875 to 1924 segment:
       Lower   1919> -.069   1918< -.034   1920< -.027   1884< -.022   1915< -.021   1875> -.016  Higher   1922  .049   1893  .043
     1900 to 1949 segment:
       Lower   1934> -.060   1919> -.051   1918< -.027   1925> -.024   1936< -.024   1920< -.023  Higher   1948  .058   1939  .048

 [C] Year-to-year changes diverging by over 4.0 std deviations:
       1807 1808   4.1 SD

 [E] Outliers     3   3.0 SD above or -4.5 SD below mean for year
       1808 +3.3 SD;    1809 +3.3 SD;    2007 -5.1 SD
 ===================================================================================================================================

 RDD052    1855 to  2023     169 years                                                                                    Series  11

 [A] Segment   High   -10   -9   -8   -7   -6   -5   -4   -3   -2   -1   +0   +1   +2   +3   +4   +5   +6   +7   +8   +9  +10
    ---------  ----   ---  ---  ---  ---  ---  ---  ---  ---  ---  ---  ---  ---  ---  ---  ---  ---  ---  ---  ---  ---  ---
    1855 1904   -4   -.27 -.05 -.02 -.15  .16  .07  .27* .21  .14  .03  .06|-.22  .07 -.09 -.01 -.12 -.10 -.23 -.07 -.18 -.15
    1875 1924   -3    .09  .00  .00 -.11 -.07 -.14  .22  .25* .17  .09 -.18|-.16 -.13 -.01  .07  .19  .14 -.06  .01 -.14 -.31
    1900 1949   -3    .12  .06 -.09  .01 -.04 -.19  .10  .36* .10  .15  .25| .06 -.17  .00  .27  .15  .25 -.05 -.16  .03 -.14

 [B] Entire series, effect on correlation (  .449) is:
       Lower   1858< -.021   1893> -.014   1909> -.011   2009> -.010   1892> -.009   1963< -.007  Higher   2007  .098   2015  .013
     1855 to 1904 segment:
       Lower   1858< -.087   1893> -.061   1892> -.038   1899< -.027   1894> -.025   1889< -.024  Higher   1871  .069   1869  .050
     1875 to 1924 segment:
       Lower   1893> -.049   1892> -.032   1899< -.023   1894> -.022   1889< -.021   1909> -.020  Higher   1888  .049   1895  .032
     1900 to 1949 segment:
       Lower   1909> -.044   1934> -.026   1922< -.025   1942> -.024   1929> -.017   1905< -.017  Higher   1939  .085   1948  .067

 [C] Year-to-year changes diverging by over 4.0 std deviations:
       2008 2009   4.4 SD

 ===================================================================================================================================

 RDD061    1846 to  2023     178 years                                                                                    Series  12

 [A] Segment   High   -10   -9   -8   -7   -6   -5   -4   -3   -2   -1   +0   +1   +2   +3   +4   +5   +6   +7   +8   +9  +10
    ---------  ----   ---  ---  ---  ---  ---  ---  ---  ---  ---  ---  ---  ---  ---  ---  ---  ---  ---  ---  ---  ---  ---
    1846 1895   -1   -.24 -.08 -.08 -.04 -.42 -.20  .00 -.06  .18  .47* .18| .11  .33 -.17 -.10 -.07 -.12 -.05  .38  .00  .12
    1850 1899    2   -.18 -.03  .02 -.08 -.42 -.24 -.02 -.07  .14  .42  .27| .16  .45*-.19 -.12 -.04 -.13 -.07  .38  .05  .11
    1875 1924   -2    .05  .07  .00 -.22 -.20 -.34 -.23 -.02  .36* .25  .29|-.02  .22 -.10 -.04 -.09  .07  .01  .22  .08 -.02
    1900 1949   -2    .12  .13  .08 -.10 -.11 -.02 -.23 -.12  .50* .35  .08|-.26  .08 -.04  .06  .05  .02 -.03  .07 -.12 -.04
    1925 1974   -2   -.09  .05  .09  .10 -.06  .08 -.01 -.13  .43* .31  .02|-.20 -.05 -.08 -.07  .01 -.21  .02 -.08 -.03  .16
    1950 1999   -2   -.29 -.08 -.20  .01 -.25 -.03  .19 -.04  .54* .18  .34| .00 -.05 -.26 -.12 -.07 -.30  .05 -.07  .09  .17

 [B] Entire series, effect on correlation (  .353) is:
       Lower   1960< -.026   1984> -.024   1861< -.022   1942< -.018   1846< -.014   1940> -.013  Higher   2007  .039   2009  .039
     1846 to 1895 segment:
       Lower   1861< -.101   1846< -.058   1860> -.041   1858< -.029   1849> -.020   1857> -.020  Higher   1871  .051   1869  .041
     1850 to 1899 segment:
       Lower   1861< -.117   1860> -.044   1858< -.035   1857> -.021   1883< -.021   1890< -.018  Higher   1871  .049   1869  .040
     1875 to 1924 segment:
       Lower   1924> -.058   1921< -.042   1900> -.035   1905< -.029   1890< -.027   1922< -.026  Higher   1919  .045   1892  .043
     1900 to 1949 segment:
       Lower   1940> -.055   1941> -.055   1924> -.034   1921< -.023   1933> -.022   1900> -.021  Higher   1934  .080   1919  .037
     1925 to 1974 segment:
       Lower   1960< -.082   1953> -.040   1940> -.039   1941> -.039   1964> -.024   1933> -.014  Higher   1934  .060   1939  .034
     1950 to 1999 segment:
       Lower   1960< -.101   1984> -.086   1953> -.043   1964> -.025   1980< -.022   1970> -.018  Higher   1999  .049   1986  .039

 [E] Outliers     1   3.0 SD above or -4.5 SD below mean for year
       1984 +3.1 SD
 ===================================================================================================================================

 RDD062    1840 to  1887      48 years                                                                                    Series  13

 [A] Segment   High   -10   -9   -8   -7   -6   -5   -4   -3   -2   -1   +0   +1   +2   +3   +4   +5   +6   +7   +8   +9  +10
    ---------  ----   ---  ---  ---  ---  ---  ---  ---  ---  ---  ---  ---  ---  ---  ---  ---  ---  ---  ---  ---  ---  ---
    1840 1887    9   -.06 -.23 -.14 -.12  .08 -.22 -.12  .12 -.01  .08  .31| .17  .04  .25 -.18  .06 -.19 -.07  .03  .34*-.05

 [B] Entire series, effect on correlation (  .306) is:
       Lower   1854> -.077   1882< -.061   1850> -.041   1873> -.028   1879> -.021   1871> -.014  Higher   1860  .030   1861  .029
     1840 to 1887 segment:
       Lower   1854> -.077   1882< -.061   1850> -.041   1873> -.028   1879> -.021   1871> -.014  Higher   1860  .030   1861  .029

 ===================================================================================================================================

 RDD062    1890 to  2023     134 years                                                                                    Series  14
    - - - - - - - - - - - - - - - - - - - - - - - - - - - - - - - - - - - - - - - - - - - - - - - - - - - - - - - - - - - - -
    1890 1939   -1    .10  .34  .11  .01 -.07 -.33 -.38 -.25  .07  .38* .25| .31 -.18  .01 -.02  .02  .16  .21  .11  .19  .01
    1900 1949   -1    .05  .12  .02 -.02 -.04 -.09 -.13 -.26  .03  .49* .12| .16 -.25 -.06 -.08  .08  .07  .12  .12  .09  .04
    1925 1974   -1   -.04 -.03 -.10  .03 -.01 -.09 -.06 -.11 -.01  .46* .21| .20 -.16 -.17 -.11 -.07 -.02 -.07  .14 -.01  .12

 [B] Entire series, effect on correlation (  .515) is:
       Lower   1920< -.020   1940> -.017   1958> -.017   1982< -.013   1955> -.013   1919> -.013  Higher   2007  .073   2023  .021
     1890 to 1939 segment:
       Lower   1920< -.063   1919> -.049   1918< -.038   1924> -.037   1900> -.022   1927> -.020  Higher   1925  .058   1938  .042
     1900 to 1949 segment:
       Lower   1940> -.064   1919> -.049   1920< -.046   1924> -.038   1918< -.030   1945< -.026  Higher   1925  .072   1938  .049
     1925 to 1974 segment:
       Lower   1958> -.055   1940> -.052   1955> -.041   1945< -.033   1953> -.027   1967> -.017  Higher   1925  .050   1938  .045

 ===================================================================================================================================

 RDD071    1855 to  2023     169 years                                                                                    Series  15

 [A] Segment   High   -10   -9   -8   -7   -6   -5   -4   -3   -2   -1   +0   +1   +2   +3   +4   +5   +6   +7   +8   +9  +10
    ---------  ----   ---  ---  ---  ---  ---  ---  ---  ---  ---  ---  ---  ---  ---  ---  ---  ---  ---  ---  ---  ---  ---
    1855 1904   -7   -.16  .25  .14  .31* .30  .25  .04  .30 -.30 -.17 -.21|-.22 -.10  .19 -.05  .05 -.07 -.17 -.17 -.14 -.01
    1875 1924   -7   -.18  .00  .13  .45* .22  .23 -.03 -.03 -.34 -.25 -.12| .12  .12  .16  .09  .10 -.07 -.07  .08  .10  .09
    1900 1949   -7   -.32 -.31 -.08  .43* .30  .23 -.15 -.03 -.24 -.09  .00|-.02 -.05  .10  .07 -.11  .00  .07  .28  .23  .36
    1925 1974   -7   -.04 -.15 -.22  .21* .03  .08 -.26 -.24 -.19 -.08  .04| .02  .14  .16  .13  .06 -.03  .16  .12  .00  .11
    1950 1999    7   -.06  .05 -.10  .14  .15  .10  .06 -.24  .00 -.22 -.02|-.13  .08 -.09 -.06  .03 -.06  .34* .17  .04  .01
    1974 2023    0    .08 -.02 -.20 -.09  .06  .28  .03 -.03  .27 -.18  .32*   -    -    -    -    -    -    -    -    -    -

 [B] Entire series, effect on correlation (  .121) is:
       Lower   1986> -.017   1951< -.015   2007> -.015   1863< -.011   1870> -.010   1993< -.010  Higher   2009  .111   2023  .033
     1855 to 1904 segment:
       Lower   1870> -.043   1863< -.034   1860> -.032   1893> -.032   1871> -.031   1874< -.030  Higher   1892  .070   1857  .041
     1875 to 1924 segment:
       Lower   1893> -.054   1915< -.039   1894> -.035   1885> -.033   1888< -.027   1917< -.023  Higher   1892  .097   1906  .052
     1900 to 1949 segment:
       Lower   1940> -.041   1925> -.040   1915< -.040   1939< -.036   1917< -.025   1918< -.022  Higher   1938  .044   1934  .036
     1925 to 1974 segment:
       Lower   1951< -.074   1958> -.037   1925> -.034   1939< -.032   1940> -.030   1947< -.024  Higher   1938  .041   1955  .040
     1950 to 1999 segment:
       Lower   1986> -.052   1951< -.037   1958> -.030   1993< -.029   1978< -.028   1971> -.020  Higher   1979  .050   1998  .033
     1974 to 2023 segment:
       Lower   2007> -.057   1986> -.044   2008> -.024   1993< -.023   1978< -.022   1980< -.017  Higher   2009  .201   2023  .054

 [C] Year-to-year changes diverging by over 4.0 std deviations:
       2006 2007   4.6 SD

 [E] Outliers     2   3.0 SD above or -4.5 SD below mean for year
       1947 -4.7 SD;    1986 +3.1 SD
 ===================================================================================================================================

 RDD072    1860 to  2023     164 years                                                                                    Series  16

 [A] Segment   High   -10   -9   -8   -7   -6   -5   -4   -3   -2   -1   +0   +1   +2   +3   +4   +5   +6   +7   +8   +9  +10
    ---------  ----   ---  ---  ---  ---  ---  ---  ---  ---  ---  ---  ---  ---  ---  ---  ---  ---  ---  ---  ---  ---  ---
    1860 1909   -5   -.14 -.23  .07 -.01  .25  .34* .27  .15  .30 -.21 -.21|-.09 -.16 -.01  .17  .11  .14 -.10 -.19 -.16 -.11
    1875 1924   -6   -.15 -.38 -.18 -.03  .32* .26  .28  .15 -.02 -.37 -.37| .01  .11  .10  .19  .21  .08 -.12 -.21 -.12  .00
    1900 1949   -6   -.34 -.32 -.38 -.14  .43* .43  .13 -.25 -.14 -.24 -.13| .12  .12 -.03  .10  .07 -.06 -.12 -.02  .20  .24
    1925 1974   -6   -.19 -.06 -.11  .00  .50* .33  .14 -.37 -.24 -.19 -.18| .07 -.01  .07  .06  .11  .03 -.14  .01  .10  .08
    1950 1999   -6   -.28 -.08  .04  .01  .34* .26  .21  .09  .03 -.08 -.10| .05 -.14 -.03 -.30 -.13 -.21 -.05  .30  .00  .25
    1974 2023   -2    .06 -.12 -.19 -.28 -.04  .24  .03  .05  .42*-.04  .36|   -    -    -    -    -    -    -    -    -    -

 [B] Entire series, effect on correlation (  .111) is:
       Lower   1899< -.013   1958> -.012   2008> -.011   1934> -.010   1946< -.009   1986> -.009  Higher   2009  .150   2023  .022
     1860 to 1909 segment:
       Lower   1899< -.053   1862< -.036   1893> -.026   1887< -.026   1871> -.020   1892> -.020  Higher   1864  .069   1873  .059
     1875 to 1924 segment:
       Lower   1899< -.047   1922< -.027   1914< -.023   1887< -.017   1893> -.016   1888< -.016  Higher   1905  .045   1890  .031
     1900 to 1949 segment:
       Lower   1934> -.043   1938< -.039   1922< -.034   1914< -.030   1906< -.020   1927> -.018  Higher   1925  .043   1905  .031
     1925 to 1974 segment:
       Lower   1958> -.041   1938< -.036   1934> -.034   1969< -.031   1961< -.030   1962< -.021  Higher   1925  .036   1939  .032
     1950 to 1999 segment:
       Lower   1958> -.034   1986> -.025   1985> -.025   1969< -.022   1961< -.022   1996< -.019  Higher   1999  .067   1994  .039
     1974 to 2023 segment:
       Lower   2007> -.042   2008> -.030   1985> -.024   1986> -.023   1989< -.019   2001< -.016  Higher   2009  .212   2023  .028

 [C] Year-to-year changes diverging by over 4.0 std deviations:
       2006 2007   4.3 SD

 [E] Outliers     1   3.0 SD above or -4.5 SD below mean for year
       2008 +3.3 SD
 ===================================================================================================================================

 RDD081    1832 to  2023     192 years                                                                                    Series  17

 [A] Segment   High   -10   -9   -8   -7   -6   -5   -4   -3   -2   -1   +0   +1   +2   +3   +4   +5   +6   +7   +8   +9  +10
    ---------  ----   ---  ---  ---  ---  ---  ---  ---  ---  ---  ---  ---  ---  ---  ---  ---  ---  ---  ---  ---  ---  ---
    1832 1881   -1   -.05 -.11 -.22 -.29 -.07 -.18  .24  .26  .34  .43* .09|-.05  .14  .15 -.11 -.10  .07  .03 -.29 -.07 -.25
    - - - - - - - - - - - - - - - - - - - - - - - - - - - - - - - - - - - - - - - - - - - - - - - - - - - - - - - - - - - - -
    1875 1924    0   -.16 -.04  .10  .04  .00 -.03  .04  .04  .09 -.06  .26* .00 -.08 -.15 -.22 -.24 -.11  .06  .08 -.12 -.21
    1900 1949   -4    .08  .00  .12  .20  .13  .07  .42* .19  .00 -.24  .25| .06  .19  .04 -.07 -.17 -.17 -.11 -.15 -.23 -.27
    1925 1974   -4    .13  .09  .00  .19  .12  .01  .32* .09  .08 -.15  .02|-.10  .12  .11 -.12  .09 -.09  .09 -.12 -.14 -.01
    1950 1999   -6   -.01 -.02 -.06  .20  .31* .09  .13  .04  .14  .10 -.17|-.10 -.20  .02 -.21 -.10 -.21  .02  .00 -.08  .13
    1974 2023   -1    .05 -.09 -.29 -.24 -.01  .12  .20  .02  .08  .38* .12|   -    -    -    -    -    -    -    -    -    -

 [B] Entire series, effect on correlation (  .106) is:
       Lower   2007> -.034   1996< -.025   1960< -.024   1984> -.017   1897< -.010   1847< -.009  Higher   2009  .020   2016  .015
     1832 to 1881 segment:
       Lower   1847< -.049   1850> -.036   1840< -.034   1852> -.030   1839> -.023   1832< -.021  Higher   1854  .085   1861  .038
     1875 to 1924 segment:
       Lower   1897< -.082   1924> -.052   1907< -.044   1884< -.018   1894> -.014   1881> -.012  Higher   1892  .046   1922  .029
     1900 to 1949 segment:
       Lower   1941> -.050   1924> -.043   1944< -.036   1907< -.035   1925> -.021   1938< -.016  Higher   1934  .052   1940  .033
     1925 to 1974 segment:
       Lower   1960< -.115   1955> -.031   1941> -.031   1944< -.026   1956> -.024   1958> -.013  Higher   1934  .048   1943  .044
     1950 to 1999 segment:
       Lower   1996< -.083   1960< -.059   1984> -.048   1955> -.021   1956> -.016   1986> -.016  Higher   1980  .049   1997  .039
     1974 to 2023 segment:
       Lower   2007> -.104   1996< -.092   1984> -.054   1986> -.020   1999> -.016   1985> -.015  Higher   2009  .075   2023  .050

 [C] Year-to-year changes diverging by over 4.0 std deviations:
       1959 1960  -5.0 SD    2006 2007   4.9 SD

 [E] Outliers     3   3.0 SD above or -4.5 SD below mean for year
       1929 -5.0 SD;    1984 +3.1 SD;    2007 +3.2 SD
 ===================================================================================================================================

 RDD082    1829 to  2023     195 years                                                                                    Series  18

 [A] Segment   High   -10   -9   -8   -7   -6   -5   -4   -3   -2   -1   +0   +1   +2   +3   +4   +5   +6   +7   +8   +9  +10
    ---------  ----   ---  ---  ---  ---  ---  ---  ---  ---  ---  ---  ---  ---  ---  ---  ---  ---  ---  ---  ---  ---  ---
    1829 1878   -2   -.03 -.06 -.44 -.27 -.27 -.02  .12  .34  .35* .19  .13|-.05  .13  .10 -.07  .15  .15 -.44 -.01 -.16 -.32
    - - - - - - - - - - - - - - - - - - - - - - - - - - - - - - - - - - - - - - - - - - - - - - - - - - - - - - - - - - - - -
    1875 1924    0   -.10 -.01  .17  .09  .01 -.06 -.06 -.02  .06 -.13  .29*-.04 -.09 -.25 -.19 -.19 -.14 -.01  .05  .01 -.05
    1900 1949   -4    .00 -.13  .03  .20  .16  .04  .34* .09 -.05 -.35  .16| .04  .13  .02 -.03 -.07 -.16 -.16 -.16 -.07 -.12
    1925 1974   -6    .12 -.04  .06  .06  .19*-.02  .17  .08 -.12 -.31 -.05| .04  .14  .18 -.04 -.05  .02 -.08 -.11  .04  .01
    1950 1999    0   -.03  .02 -.05 -.04  .11  .09 -.01  .06  .12 -.02  .17*-.05  .13 -.09 -.03 -.20 -.19 -.25 -.11  .06  .11

 [B] Entire series, effect on correlation (  .273) is:
       Lower   1961< -.030   1848< -.019   1944< -.018   1955> -.010   1984> -.010   1907< -.009  Higher   2007  .042   2016  .012
     1829 to 1878 segment:
       Lower   1848< -.093   1853> -.035   1850> -.034   1855< -.032   1831< -.031   1841< -.021  Higher   1854  .086   1859  .035
     1875 to 1924 segment:
       Lower   1907< -.060   1924> -.051   1884< -.016   1897< -.013   1894> -.013   1887< -.012  Higher   1922  .036   1899  .029
     1900 to 1949 segment:
       Lower   1944< -.049   1907< -.036   1924> -.035   1941> -.032   1948< -.021   1938< -.014  Higher   1922  .036   1940  .030
     1925 to 1974 segment:
       Lower   1961< -.102   1944< -.037   1955> -.035   1941> -.021   1956> -.019   1948< -.013  Higher   1953  .046   1943  .043
     1950 to 1999 segment:
       Lower   1961< -.136   1955> -.039   1984> -.035   1956> -.020   1996< -.017   1967> -.016  Higher   1980  .054   1986  .046

 [C] Year-to-year changes diverging by over 4.0 std deviations:
       2009 2010  -4.1 SD

 ===================================================================================================================================

 RDD091    1916 to  2023     108 years                                                                                    Series  19

 [A] Segment   High   -10   -9   -8   -7   -6   -5   -4   -3   -2   -1   +0   +1   +2   +3   +4   +5   +6   +7   +8   +9  +10
    ---------  ----   ---  ---  ---  ---  ---  ---  ---  ---  ---  ---  ---  ---  ---  ---  ---  ---  ---  ---  ---  ---  ---
    1916 1965   -3   -.06  .06 -.10  .03  .09  .10 -.06  .43* .30 -.06  .02| .03 -.06  .01 -.01 -.18  .19 -.01 -.15 -.19  .05
    1925 1974   -3   -.12  .04 -.05  .08  .11  .07 -.11  .37* .23  .00  .05| .02 -.19  .00 -.02 -.11  .22  .04 -.14 -.13  .07

 [B] Entire series, effect on correlation (  .448) is:
       Lower   1943< -.063   1925> -.032   1941> -.015   1939< -.013   1961< -.010   1933> -.009  Higher   2007  .095   1984  .017
     1916 to 1965 segment:
       Lower   1943< -.115   1925> -.073   1941> -.030   1939< -.023   1961< -.022   1940> -.016  Higher   1958  .118   1934  .075
     1925 to 1974 segment:
       Lower   1943< -.125   1925> -.076   1941> -.031   1939< -.026   1961< -.024   1940> -.016  Higher   1958  .115   1934  .074

 ===================================================================================================================================

 RDD092    1900 to  2023     124 years                                                                                    Series  20

 [A] Segment   High   -10   -9   -8   -7   -6   -5   -4   -3   -2   -1   +0   +1   +2   +3   +4   +5   +6   +7   +8   +9  +10
    ---------  ----   ---  ---  ---  ---  ---  ---  ---  ---  ---  ---  ---  ---  ---  ---  ---  ---  ---  ---  ---  ---  ---
    1900 1949   -2    .31  .22 -.03 -.05 -.07 -.15 -.19  .34  .49* .09 -.18| .24 -.08 -.15  .03  .06 -.02  .13  .10 -.16 -.27
    1925 1974   -2   -.14 -.02  .02  .06  .12  .21 -.09  .25  .27*-.03 -.04| .23 -.25 -.14  .04 -.03  .15  .17 -.06  .05 -.01

 [B] Entire series, effect on correlation (  .371) is:
       Lower   1961< -.021   1925> -.019   1939< -.018   1943< -.014   1940> -.013   1924> -.012  Higher   2007  .083   1984  .021
     1900 to 1949 segment:
       Lower   1939< -.049   1925> -.048   1943< -.039   1940> -.035   1924> -.032   1941> -.025  Higher   1938  .076   1933  .045
     1925 to 1974 segment:
       Lower   1961< -.049   1925> -.046   1939< -.040   1943< -.035   1940> -.029   1934> -.026  Higher   1958  .177   1938  .061

 ===================================================================================================================================

 RDD101    1914 to  2023     110 years                                                                                    Series  21

 [B] Entire series, effect on correlation (  .619) is:
       Lower   1940< -.019   1924< -.014   1917< -.012   1927> -.011   1914< -.011   1957> -.010  Higher   2007  .051   2009  .015

 ===================================================================================================================================

 RDD102    1908 to  2023     116 years                                                                                    Series  22

 [A] Segment   High   -10   -9   -8   -7   -6   -5   -4   -3   -2   -1   +0   +1   +2   +3   +4   +5   +6   +7   +8   +9  +10
    ---------  ----   ---  ---  ---  ---  ---  ---  ---  ---  ---  ---  ---  ---  ---  ---  ---  ---  ---  ---  ---  ---  ---
    1908 1957    1   -.07  .02  .14 -.14 -.10  .07  .02 -.14  .00 -.18 -.17| .52* .22  .10 -.09  .00 -.13  .05  .06 -.10 -.05
    1925 1974    2   -.07  .17  .18 -.02  .16  .02  .05 -.05 -.12 -.29 -.26| .31  .35* .15 -.18  .05 -.20 -.19 -.04 -.11  .07
    1950 1999    2   -.14  .06 -.05  .01 -.06 -.28 -.19 -.24 -.04 -.12  .35| .22  .36* .23 -.02  .05 -.15 -.09 -.10 -.08  .17

 [B] Entire series, effect on correlation (  .347) is:
       Lower   1962< -.062   1939< -.053   1958> -.017   1934> -.017   1956> -.016   1916< -.010  Higher   2007  .048   2009  .030
     1908 to 1957 segment:
       Lower   1939< -.131   1934> -.039   1956> -.036   1943< -.022   1941> -.019   1918< -.016  Higher   1924  .051   1938  .040
     1925 to 1974 segment:
       Lower   1939< -.106   1958> -.029   1934> -.028   1956> -.026   1962< -.019   1943< -.019  Higher   1938  .042   1966  .031
     1950 to 1999 segment:
       Lower   1962< -.176   1958> -.045   1956> -.041   1981< -.022   1961< -.021   1952< -.012  Higher   1979  .038   1997  .034

 [C] Year-to-year changes diverging by over 4.0 std deviations:
       1962 1963   4.7 SD

 [E] Outliers     1   3.0 SD above or -4.5 SD below mean for year
       1962 -6.4 SD
 ===================================================================================================================================

 RDD111    1890 to  2023     134 years                                                                                    Series  23

 [A] Segment   High   -10   -9   -8   -7   -6   -5   -4   -3   -2   -1   +0   +1   +2   +3   +4   +5   +6   +7   +8   +9  +10
    ---------  ----   ---  ---  ---  ---  ---  ---  ---  ---  ---  ---  ---  ---  ---  ---  ---  ---  ---  ---  ---  ---  ---
    1925 1974    1   -.02  .06 -.19 -.02  .10 -.07  .03 -.02 -.23 -.14  .41| .44* .25 -.11 -.04 -.09 -.10 -.05 -.15 -.18 -.25

 [B] Entire series, effect on correlation (  .477) is:
       Lower   2007> -.028   1917< -.020   2023> -.016   1984> -.012   1942> -.011   1919> -.011  Higher   1990  .013   1979  .013
     1925 to 1974 segment:
       Lower   1942> -.033   1969< -.029   1964> -.025   1959> -.019   1950< -.017   1931> -.017  Higher   1939  .036   1925  .026

 ===================================================================================================================================

 RDD112    1890 to  2023     134 years                                                                                    Series  24

 [A] Segment   High   -10   -9   -8   -7   -6   -5   -4   -3   -2   -1   +0   +1   +2   +3   +4   +5   +6   +7   +8   +9  +10
    ---------  ----   ---  ---  ---  ---  ---  ---  ---  ---  ---  ---  ---  ---  ---  ---  ---  ---  ---  ---  ---  ---  ---
    1890 1939   -1    .10  .15  .36  .13  .06 -.20 -.18 -.16  .16  .52* .22| .21 -.15 -.03 -.31 -.14 -.03  .20  .04  .34 -.08
    1900 1949   -1    .10  .03  .21  .21  .00  .04 -.03 -.24 -.11  .57* .21| .14 -.11  .01 -.25 -.04  .02 -.04  .01  .11 -.14
    1925 1974   -1    .13 -.11  .01 -.01 -.15 -.09 -.05 -.18 -.12  .55* .32| .18 -.10 -.03 -.08 -.01  .11 -.08 -.02 -.03 -.18

 [B] Entire series, effect on correlation (  .569) is:
       Lower   1940> -.020   1941< -.018   1919> -.017   1901< -.013   1918< -.011   1966< -.009  Higher   2009  .025   2023  .024
     1890 to 1939 segment:
       Lower   1919> -.061   1918< -.041   1901< -.040   1923> -.025   1935< -.023   1905< -.021  Higher   1925  .063   1939  .047
     1900 to 1949 segment:
       Lower   1940> -.060   1919> -.056   1918< -.031   1901< -.028   1923> -.023   1900> -.019  Higher   1925  .056   1941  .052
     1925 to 1974 segment:
       Lower   1940> -.063   1966< -.033   1935< -.024   1968< -.020   1955> -.016   1945< -.015  Higher   1939  .041   1925  .040

 ===================================================================================================================================

 RDD121    1854 to  2023     170 years                                                                                    Series  25

 [A] Segment   High   -10   -9   -8   -7   -6   -5   -4   -3   -2   -1   +0   +1   +2   +3   +4   +5   +6   +7   +8   +9  +10
    ---------  ----   ---  ---  ---  ---  ---  ---  ---  ---  ---  ---  ---  ---  ---  ---  ---  ---  ---  ---  ---  ---  ---
    1854 1903   -2    .00 -.28 -.09 -.17 -.03  .03  .11  .24  .44* .15  .14|-.04  .16 -.19  .01  .03  .00 -.27 -.15 -.28 -.20
    1875 1924   -3    .05 -.13 -.17 -.19  .10  .07  .29  .30* .22 -.05 -.16|-.13  .00 -.02  .16  .18  .01 -.32 -.37 -.24 -.06
    1900 1949    4   -.20 -.08 -.11 -.05  .23 -.06  .15  .01  .09  .16  .31|-.09  .06  .27  .34* .15  .12 -.15 -.21  .11  .00

 [B] Entire series, effect on correlation (  .445) is:
       Lower   1982< -.016   1924> -.014   1871< -.010   1880< -.009   1855< -.009   1887< -.008  Higher   2009  .029   1980  .016
     1854 to 1903 segment:
       Lower   1855< -.030   1892> -.029   1893> -.028   1857> -.028   1880< -.028   1887< -.025  Higher   1871  .089   1860  .036
     1875 to 1924 segment:
       Lower   1924> -.060   1906< -.031   1880< -.027   1892> -.026   1887< -.024   1899< -.022  Higher   1919  .054   1890  .043
     1900 to 1949 segment:
       Lower   1924> -.068   1906< -.041   1940> -.031   1922< -.026   1928< -.026   1911> -.025  Higher   1925  .120   1939  .037

 [C] Year-to-year changes diverging by over 4.0 std deviations:
       1871 1872   4.7 SD

 [E] Outliers     1   3.0 SD above or -4.5 SD below mean for year
       1871 -5.5 SD
 ===================================================================================================================================

 RDD122    1830 to  2023     194 years                                                                                    Series  26

 [A] Segment   High   -10   -9   -8   -7   -6   -5   -4   -3   -2   -1   +0   +1   +2   +3   +4   +5   +6   +7   +8   +9  +10
    ---------  ----   ---  ---  ---  ---  ---  ---  ---  ---  ---  ---  ---  ---  ---  ---  ---  ---  ---  ---  ---  ---  ---
    1830 1879    2   -.30  .07 -.09 -.24 -.06  .01  .05  .06  .10  .21  .22| .04  .28* .05  .13 -.20 -.03  .03 -.12 -.26  .14
    1850 1899    0   -.23  .18  .01 -.22 -.02  .04  .15  .17  .19  .30  .32* .00  .13 -.09  .07 -.29 -.06  .06 -.11 -.25 -.09
    1875 1924   -3    .18 -.09 -.09 -.29 -.14 -.08  .15  .48* .42  .13 -.03|-.16 -.23 -.01 -.07  .24  .10  .15  .00 -.23 -.42
    1900 1949   -3    .04 -.05 -.09 -.24 -.25 -.27  .16  .27* .24  .11  .02|-.09 -.05  .08 -.08  .14  .18  .09  .10  .22 -.10
    1925 1974    0   -.13 -.04  .04 -.06 -.08 -.19  .09  .05  .06  .17  .18*-.02 -.12  .08 -.09  .05  .17  .04  .04  .17 -.07

 [B] Entire series, effect on correlation (  .317) is:
       Lower   1928< -.017   1982< -.016   1858< -.016   1944< -.011   1922< -.010   1852> -.009  Higher   2009  .018   1925  .016
     1830 to 1879 segment:
       Lower   1858< -.067   1852> -.045   1868> -.033   1847< -.032   1845> -.030   1857> -.025  Higher   1869  .087   1838  .041
     1850 to 1899 segment:
       Lower   1858< -.075   1852> -.046   1868> -.033   1857> -.025   1889< -.024   1892> -.023  Higher   1869  .063   1864  .027
     1875 to 1924 segment:
       Lower   1922< -.061   1900> -.040   1910> -.032   1923> -.032   1889< -.028   1918< -.019  Higher   1895  .060   1893  .058
     1900 to 1949 segment:
       Lower   1922< -.039   1940> -.036   1928< -.035   1900> -.026   1948< -.024   1926> -.022  Higher   1925  .152   1938  .050
     1925 to 1974 segment:
       Lower   1928< -.062   1944< -.041   1940> -.033   1968< -.032   1948< -.030   1955> -.028  Higher   1925  .096   1938  .044

 [C] Year-to-year changes diverging by over 4.0 std deviations:
       1927 1928  -4.1 SD

 [E] Outliers     1   3.0 SD above or -4.5 SD below mean for year
       1928 -5.0 SD
 ===================================================================================================================================

 RDD131    1854 to  2023     170 years                                                                                    Series  27

 [A] Segment   High   -10   -9   -8   -7   -6   -5   -4   -3   -2   -1   +0   +1   +2   +3   +4   +5   +6   +7   +8   +9  +10
    ---------  ----   ---  ---  ---  ---  ---  ---  ---  ---  ---  ---  ---  ---  ---  ---  ---  ---  ---  ---  ---  ---  ---
    1854 1903   -1   -.05 -.10 -.18 -.13 -.05 -.02  .08  .20  .17  .25*-.09|-.09 -.18 -.03 -.23  .07  .18  .24  .01  .02 -.07
    1875 1924   -4   -.20 -.13 -.21 -.09 -.05  .07  .33* .06  .05  .01 -.18|-.03 -.04 -.02 -.02  .00  .18  .21  .02 -.07 -.06
    1900 1949   -4   -.07 -.23 -.03 -.10  .02  .03  .36* .02  .18 -.10 -.07| .11  .21  .11  .26  .18  .08  .14  .07 -.14 -.23
    1925 1974   -2   -.04 -.33 -.04 -.30 -.09 -.03  .01  .26  .33* .17 -.11| .11  .09  .08  .28  .24  .11  .01 -.08 -.21 -.34
    1950 1999   -2   -.20 -.25 -.25 -.39 -.12 -.06  .13  .29  .56* .17  .11| .04 -.25 -.06 -.06 -.02 -.19 -.10  .05 -.16  .01
    1974 2023   -2    .18 -.01 -.28 -.23 -.20  .05 -.02 -.06  .61* .05  .42|   -    -    -    -    -    -    -    -    -    -

 [B] Entire series, effect on correlation (  .158) is:
       Lower   1886< -.037   2007> -.018   1996< -.014   1892> -.011   1890< -.010   1984> -.009  Higher   2009  .115   2015  .018
     1854 to 1903 segment:
       Lower   1886< -.076   1892> -.038   1890< -.034   1869> -.025   1859< -.023   1900> -.017  Higher   1871  .067   1860  .044
     1875 to 1924 segment:
       Lower   1886< -.046   1892> -.040   1890< -.032   1900> -.020   1905< -.017   1885> -.010  Higher   1922  .056   1923  .053
     1900 to 1949 segment:
       Lower   1934> -.033   1941> -.030   1905< -.027   1939< -.025   1938< -.023   1900> -.022  Higher   1922  .061   1923  .052
     1925 to 1974 segment:
       Lower   1964> -.038   1934> -.037   1966< -.033   1941> -.031   1968< -.027   1939< -.025  Higher   1958  .053   1955  .032
     1950 to 1999 segment:
       Lower   1996< -.064   1984> -.037   1964> -.037   1966< -.026   1993< -.024   1965> -.022  Higher   1999  .081   1986  .043
     1974 to 2023 segment:
       Lower   2007> -.066   1996< -.037   1984> -.026   2001< -.016   1993< -.015   2008> -.013  Higher   2009  .192   2015  .028

 [C] Year-to-year changes diverging by over 4.0 std deviations:
       1885 1886  -4.5 SD    2006 2007   4.6 SD

 ===================================================================================================================================

 RDD132    1863 to  2023     161 years                                                                                    Series  28

 [A] Segment   High   -10   -9   -8   -7   -6   -5   -4   -3   -2   -1   +0   +1   +2   +3   +4   +5   +6   +7   +8   +9  +10
    ---------  ----   ---  ---  ---  ---  ---  ---  ---  ---  ---  ---  ---  ---  ---  ---  ---  ---  ---  ---  ---  ---  ---
    1863 1912   10    .11 -.03  .19 -.19 -.16 -.13 -.26 -.17  .14  .08 -.01| .20  .31  .01 -.16 -.15 -.10 -.14  .14  .22  .34*
    1875 1924  -10    .31* .07  .14 -.13 -.07 -.14 -.16 -.11  .20  .09 -.04| .04  .25 -.08 -.14 -.15  .03 -.09  .12  .17  .21
    1900 1949   -2    .22  .37  .09 -.07 -.20 -.18 -.29 -.10  .49* .25  .09|-.12  .06 -.17 -.05 -.09  .04  .04  .21  .05 -.11
    1925 1974   -2   -.01  .06 -.14 -.05 -.26 -.27 -.23 -.04  .46* .40  .13|-.19  .06 -.16 -.10 -.01 -.12  .00  .04 -.04 -.03

 [B] Entire series, effect on correlation (  .334) is:
       Lower   1883< -.067   1902< -.011   1930> -.010   1994< -.009   1943< -.009   1964> -.009  Higher   2007  .050   2023  .026
     1863 to 1912 segment:
       Lower   1883< -.147   1890< -.024   1887< -.018   1871> -.018   1900> -.016   1902< -.015  Higher   1869  .057   1868  .040
     1875 to 1924 segment:
       Lower   1883< -.158   1890< -.027   1887< -.018   1900> -.018   1897> -.012   1921< -.012  Higher   1888  .033   1892  .033
     1900 to 1949 segment:
       Lower   1930> -.044   1943< -.038   1941> -.037   1931> -.033   1940> -.033   1902< -.029  Higher   1934  .066   1939  .046
     1925 to 1974 segment:
       Lower   1943< -.045   1964> -.035   1930> -.035   1941> -.031   1940> -.028   1931> -.027  Higher   1934  .052   1939  .047

 [C] Year-to-year changes diverging by over 4.0 std deviations:
       1882 1883  -4.5 SD

 [E] Outliers     1   3.0 SD above or -4.5 SD below mean for year
       1869 -5.0 SD
 ===================================================================================================================================

 RDD141    1926 to  2023      98 years                                                                                    Series  29

 [A] Segment   High   -10   -9   -8   -7   -6   -5   -4   -3   -2   -1   +0   +1   +2   +3   +4   +5   +6   +7   +8   +9  +10
    ---------  ----   ---  ---  ---  ---  ---  ---  ---  ---  ---  ---  ---  ---  ---  ---  ---  ---  ---  ---  ---  ---  ---
    1926 1975    9    .05 -.19 -.13  .16  .02  .07 -.18 -.15 -.01  .06  .05|-.03 -.10 -.07  .16 -.06  .00  .16  .24  .25* .11
    1950 1999    9    .13  .15  .15  .17  .02  .22  .10 -.08 -.04 -.24 -.15|-.23 -.04 -.21  .10 -.01 -.02  .22  .14  .23*-.02
    1974 2023   -2    .01  .11 -.02  .13 -.04  .02 -.06  .04  .15*-.03  .06|   -    -    -    -    -    -    -    -    -    -

 [B] Entire series, effect on correlation (  .048) is:
       Lower   1979< -.044   1963< -.035   1993< -.019   2006< -.014   1981< -.013   1985> -.013  Higher   2009  .023   2003  .018
     1926 to 1975 segment:
       Lower   1963< -.116   1958> -.033   1948< -.027   1947< -.019   1971> -.016   1965> -.015  Higher   1939  .040   1938  .032
     1950 to 1999 segment:
       Lower   1979< -.076   1993< -.032   1981< -.022   1985> -.020   1958> -.019   1978< -.017  Higher   1986  .025   1997  .024
     1974 to 2023 segment:
       Lower   1979< -.092   1993< -.037   1985> -.029   2006< -.028   1981< -.026   1984> -.023  Higher   2009  .049   2003  .034

 [E] Outliers     2   3.0 SD above or -4.5 SD below mean for year
       1979 -6.0 SD;    1985 +3.2 SD
 ===================================================================================================================================

 RDD142    1906 to  2023     118 years                                                                                    Series  30

 [A] Segment   High   -10   -9   -8   -7   -6   -5   -4   -3   -2   -1   +0   +1   +2   +3   +4   +5   +6   +7   +8   +9  +10
    ---------  ----   ---  ---  ---  ---  ---  ---  ---  ---  ---  ---  ---  ---  ---  ---  ---  ---  ---  ---  ---  ---  ---
    1906 1955   -1   -.02 -.17  .01  .08  .15  .09 -.04 -.32 -.16  .38* .17| .04 -.17  .00 -.10  .07 -.03  .00 -.11  .00  .18
    1925 1974   -1   -.08 -.29 -.08 -.01  .16 -.10  .03 -.28 -.09  .41* .32| .09 -.32 -.01 -.10  .06  .19  .03  .05 -.03  .06

 [B] Entire series, effect on correlation (  .338) is:
       Lower   1909< -.028   1940> -.022   1914< -.015   1941< -.015   2023> -.015   1919> -.013  Higher   2007  .025   1925  .020
     1906 to 1955 segment:
       Lower   1940> -.057   1919> -.039   1914< -.034   1909< -.030   1948< -.019   1923> -.018  Higher   1925  .097   1941  .046
     1925 to 1974 segment:
       Lower   1940> -.063   1948< -.029   1965> -.021   1955> -.018   1966< -.010   1967> -.009  Higher   1925  .080   1939  .037

 [C] Year-to-year changes diverging by over 4.0 std deviations:
       1909 1910   4.5 SD

 [E] Outliers     1   3.0 SD above or -4.5 SD below mean for year
       1909 -4.6 SD
 ===================================================================================================================================

 RDD151    1897 to  2023     127 years                                                                                    Series  31

 [A] Segment   High   -10   -9   -8   -7   -6   -5   -4   -3   -2   -1   +0   +1   +2   +3   +4   +5   +6   +7   +8   +9  +10
    ---------  ----   ---  ---  ---  ---  ---  ---  ---  ---  ---  ---  ---  ---  ---  ---  ---  ---  ---  ---  ---  ---  ---
    1897 1946   -2   -.03  .04  .04 -.02 -.06 -.02 -.15 -.07  .56* .32 -.01|-.30 -.02  .03  .10  .01 -.02 -.06 -.03  .04  .02
    1900 1949   -2   -.01  .07  .09  .11  .01 -.11 -.28 -.15  .55* .38 -.01|-.29  .04 -.03  .11  .04 -.06 -.12  .03  .09  .10
    1925 1974   -2   -.18 -.02  .15 -.01  .08  .00 -.27 -.09  .42* .39  .12|-.10 -.22  .00 -.15 -.06 -.03  .01  .03  .08  .13

 [B] Entire series, effect on correlation (  .450) is:
       Lower   1942< -.036   1897< -.025   1915< -.013   1924> -.012   1940> -.011   1941> -.010  Higher   2007  .057   2009  .025
     1897 to 1946 segment:
       Lower   1924> -.034   1940> -.030   1915< -.027   1941> -.026   1933> -.018   1897< -.016  Higher   1934  .032   1939  .025
     1900 to 1949 segment:
       Lower   1924> -.034   1940> -.030   1915< -.029   1941> -.027   1948< -.024   1933> -.018  Higher   1934  .037   1939  .024
     1925 to 1974 segment:
       Lower   1942< -.031   1940> -.028   1948< -.026   1941> -.025   1965> -.019   1953> -.019  Higher   1958  .052   1964  .042

 [E] Outliers     1   3.0 SD above or -4.5 SD below mean for year
       1897 -4.6 SD
 ===================================================================================================================================

 RDD152    1917 to  2023     107 years                                                                                    Series  32

 [A] Segment   High   -10   -9   -8   -7   -6   -5   -4   -3   -2   -1   +0   +1   +2   +3   +4   +5   +6   +7   +8   +9  +10
    ---------  ----   ---  ---  ---  ---  ---  ---  ---  ---  ---  ---  ---  ---  ---  ---  ---  ---  ---  ---  ---  ---  ---
    1917 1966   -1    .07 -.15 -.09 -.08  .13 -.05 -.04 -.14 -.10  .47* .34| .03 -.22  .06 -.12 -.04  .02 -.24  .04 -.07 -.02
    1925 1974   -1    .03 -.13 -.01 -.02  .10 -.07 -.09 -.18 -.18  .51* .43| .06 -.24 -.05 -.18 -.12  .02 -.21  .05 -.03  .10

 [B] Entire series, effect on correlation (  .617) is:
       Lower   1941< -.032   1959< -.018   1922< -.012   1979< -.012   1945< -.011   1940> -.010  Higher   2007  .069   2009  .021
     1917 to 1966 segment:
       Lower   1922< -.037   1945< -.028   1940> -.026   1919> -.025   1959< -.020   1924> -.020  Higher   1925  .072   1939  .029
     1925 to 1974 segment:
       Lower   1945< -.032   1940> -.028   1959< -.027   1961< -.017   1950< -.015   1955> -.015  Higher   1925  .063   1948  .024

 [E] Outliers     1   3.0 SD above or -4.5 SD below mean for year
       1959 -4.7 SD
 ===================================================================================================================================

 RDD161    1903 to  1910       8 years                                                                                    Series  33

 [A] Segment   High   -10   -9   -8   -7   -6   -5   -4   -3   -2   -1   +0   +1   +2   +3   +4   +5   +6   +7   +8   +9  +10
    ---------  ----   ---  ---  ---  ---  ---  ---  ---  ---  ---  ---  ---  ---  ---  ---  ---  ---  ---  ---  ---  ---  ---
    1903 1910   -8    .05 -.33  .60*-.01  .05 -.29  .35 -.48 -.40  .02  .36| .41  .19 -.14 -.27 -.37 -.26 -.02  .51  .11 -.30

 [B] Entire series, effect on correlation (  .360) is:
       Lower   1908< -.519   1909> -.094   1903< -.005   1910<  .001   1905>  .069   1904<  .080  Higher   1906  .151   1907  .106
     1903 to 1910 segment:
       Lower   1908< -.519   1909> -.094   1903< -.005   1910<  .001   1905>  .069   1904<  .080  Higher   1906  .151   1907  .106

 ===================================================================================================================================

 RDD161    1920 to  2023     104 years                                                                                    Series  34
    1920 1969    1   -.07  .03 -.12 -.08 -.02  .00  .17 -.08 -.13 -.14  .30| .34* .27 -.02 -.21  .13 -.08 -.03 -.17  .03 -.04
    1925 1974    2   -.05  .01 -.16 -.10  .02 -.04  .16 -.06 -.10 -.20  .23| .28  .31* .02 -.14  .21  .00  .02 -.08  .04 -.10

 [B] Entire series, effect on correlation (  .500) is:
       Lower   2007> -.051   1962< -.050   1934> -.019   1972> -.012   1969< -.010   1981< -.008  Higher   2009  .033   1997  .017
     1920 to 1969 segment:
       Lower   1962< -.100   1934> -.057   1969< -.027   1964> -.022   1937> -.014   1942> -.013  Higher   1955  .034   1961  .031
     1925 to 1974 segment:
       Lower   1962< -.102   1934> -.053   1972> -.031   1969< -.029   1964> -.019   1937> -.011  Higher   1961  .039   1955  .038

 ===================================================================================================================================

 RDD162    1909 to  2023     115 years                                                                                    Series  35

 [B] Entire series, effect on correlation (  .550) is:
       Lower   2007> -.077   2023> -.026   1924< -.013   1920< -.010   1972> -.009   1934> -.008  Higher   2009  .046   1999  .016

 [C] Year-to-year changes diverging by over 4.0 std deviations:
       2006 2007   4.1 SD

 [E] Outliers     1   3.0 SD above or -4.5 SD below mean for year
       1924 -4.6 SD
 ===================================================================================================================================

 RDD171    1791 to  2023     233 years                                                                                    Series  36

 [A] Segment   High   -10   -9   -8   -7   -6   -5   -4   -3   -2   -1   +0   +1   +2   +3   +4   +5   +6   +7   +8   +9  +10
    ---------  ----   ---  ---  ---  ---  ---  ---  ---  ---  ---  ---  ---  ---  ---  ---  ---  ---  ---  ---  ---  ---  ---
    1800 1849    2   -.31 -.27 -.21 -.24 -.02 -.14  .12 -.05 -.05  .12  .38| .36  .39* .26  .05 -.06 -.23 -.30 -.34 -.09 -.08
    1825 1874    2   -.21 -.14 -.17 -.20  .04 -.33 -.13 -.27 -.19 -.05  .32| .35  .48* .47  .32  .08 -.01 -.11 -.16 -.03 -.06
    1850 1899    3   -.04 -.04 -.05 -.13 -.11 -.34 -.36 -.33 -.27 -.14  .28| .25  .49  .53* .48  .06  .04 -.03 -.01 -.11  .13
    1875 1924    2   -.07 -.03  .10  .03  .01  .03 -.10 -.37 -.35 -.20  .26| .26  .27* .26  .03 -.15 -.05 -.03  .09  .04  .26
    1900 1949    1   -.11  .10 -.01  .22  .07  .05 -.04 -.11 -.25 -.04  .31| .33* .09 -.08  .12 -.13 -.01  .05 -.08 -.05  .07

 [B] Entire series, effect on correlation (  .479) is:
       Lower   1931> -.011   1934> -.009   2015< -.009   2005< -.008   1890< -.007   1916< -.006  Higher   2009  .030   1795  .019
     1800 to 1849 segment:
       Lower   1831> -.040   1827> -.037   1822> -.036   1833< -.029   1823< -.024   1845> -.024  Higher   1808  .049   1806  .045
     1825 to 1874 segment:
       Lower   1827> -.036   1833< -.034   1831> -.034   1845> -.023   1829> -.021   1854> -.021  Higher   1838  .053   1828  .044
     1850 to 1899 segment:
       Lower   1890< -.057   1889< -.037   1881< -.036   1873> -.021   1854> -.020   1895> -.018  Higher   1893  .044   1869  .037
     1875 to 1924 segment:
       Lower   1890< -.053   1916< -.032   1889< -.031   1908< -.029   1895> -.028   1879> -.025  Higher   1924  .071   1919  .054
     1900 to 1949 segment:
       Lower   1934> -.068   1931> -.064   1925> -.026   1916< -.024   1949< -.024   1908< -.022  Higher   1939  .062   1924  .040

 [E] Outliers     1   3.0 SD above or -4.5 SD below mean for year
       1999 -4.7 SD
 ===================================================================================================================================

 RDD172    1770 to  2023     254 years                                                                                    Series  37

 [*] Early part of series cannot be checked from 1770 to 1773 -- not matched by another series

 [A] Segment   High   -10   -9   -8   -7   -6   -5   -4   -3   -2   -1   +0   +1   +2   +3   +4   +5   +6   +7   +8   +9  +10
    ---------  ----   ---  ---  ---  ---  ---  ---  ---  ---  ---  ---  ---  ---  ---  ---  ---  ---  ---  ---  ---  ---  ---
    1800 1849    1   -.24 -.22 -.17 -.15 -.03 -.12  .16 -.11 -.04  .02  .32| .41* .34  .30  .00 -.01 -.22 -.28 -.27 -.12 -.13
    1825 1874    3   -.18 -.09 -.12 -.16  .05 -.23 -.12 -.30 -.16 -.10  .20| .41  .38  .42* .28  .08 -.02 -.12 -.08 -.05 -.10
    1850 1899    4   -.01  .04  .00 -.07  .01 -.18 -.33 -.38 -.18 -.19  .09| .27  .42  .44  .47* .01  .04 -.07 -.07 -.17  .13
    1875 1924    2   -.13 -.12  .11  .08  .10  .22 -.01 -.32 -.36 -.16  .20| .25  .32* .24  .12 -.17 -.04 -.06  .06  .03  .29
    1900 1949    0   -.16 -.13 -.02  .17 -.06  .16 -.01 -.16 -.32  .05  .32* .29  .08  .03  .08 -.16  .00 -.03 -.01  .04  .31

 [B] Entire series, effect on correlation (  .526) is:
       Lower   1822> -.010   1908< -.009   1964> -.008   1875< -.007   1849< -.007   1873> -.007  Higher   2007  .039   1775  .026
     1800 to 1849 segment:
       Lower   1822> -.060   1827> -.039   1849< -.022   1831> -.020   1833< -.020   1818< -.017  Higher   1806  .053   1808  .047
     1825 to 1874 segment:
       Lower   1873> -.037   1827> -.035   1833< -.024   1849< -.024   1860> -.023   1865< -.023  Higher   1838  .058   1828  .051
     1850 to 1899 segment:
       Lower   1873> -.043   1890< -.043   1881< -.033   1875< -.030   1889< -.027   1865< -.027  Higher   1893  .045   1850  .033
     1875 to 1924 segment:
       Lower   1908< -.038   1890< -.036   1895> -.032   1917< -.029   1889< -.020   1881< -.019  Higher   1924  .106   1893  .031
     1900 to 1949 segment:
       Lower   1934> -.053   1925> -.041   1908< -.039   1917< -.028   1931> -.021   1916< -.017  Higher   1924  .051   1939  .051

 ===================================================================================================================================

 RDD181    1900 to  2023     124 years                                                                                    Series  38

 [A] Segment   High   -10   -9   -8   -7   -6   -5   -4   -3   -2   -1   +0   +1   +2   +3   +4   +5   +6   +7   +8   +9  +10
    ---------  ----   ---  ---  ---  ---  ---  ---  ---  ---  ---  ---  ---  ---  ---  ---  ---  ---  ---  ---  ---  ---  ---
    1900 1949    1   -.09  .07  .11  .09  .18 -.18  .08 -.11 -.28 -.18  .38| .52* .19 -.09 -.01 -.20 -.07  .19 -.02 -.01  .09

 [B] Entire series, effect on correlation (  .480) is:
       Lower   2007> -.070   2009> -.015   1981< -.012   1994< -.011   1923< -.011   1947> -.009  Higher   2023  .028   1999  .016
     1900 to 1949 segment:
       Lower   1947> -.027   1948< -.017   1937> -.016   1934> -.016   1919> -.014   1929> -.014  Higher   1939  .034   1938  .029

 ===================================================================================================================================

 RDD182    1885 to  2023     139 years                                                                                    Series  39

 [A] Segment   High   -10   -9   -8   -7   -6   -5   -4   -3   -2   -1   +0   +1   +2   +3   +4   +5   +6   +7   +8   +9  +10
    ---------  ----   ---  ---  ---  ---  ---  ---  ---  ---  ---  ---  ---  ---  ---  ---  ---  ---  ---  ---  ---  ---  ---
    1885 1934    1   -.25 -.10  .10  .11  .10 -.12  .06 -.26 -.24 -.13  .21| .38* .35  .02  .22 -.18 -.15  .05  .16  .08  .24
    1900 1949    1   -.07  .02  .06 -.01  .15 -.16  .18 -.07 -.20 -.26  .26| .43* .25 -.17  .14 -.13 -.04  .10 -.07 -.01  .05
    1925 1974    1    .11  .22  .03 -.09  .06 -.27 -.04 -.06 -.16 -.26  .25| .38* .14 -.22  .00 -.07 -.09  .17 -.21 -.03 -.04

 [B] Entire series, effect on correlation (  .351) is:
       Lower   1923< -.033   2007> -.027   1940< -.019   1890< -.014   1994< -.013   1934> -.012  Higher   1979  .018   2015  .015
     1885 to 1934 segment:
       Lower   1923< -.063   1890< -.057   1934> -.049   1895> -.022   1920< -.016   1931> -.014  Higher   1922  .039   1905  .025
     1900 to 1949 segment:
       Lower   1934> -.049   1923< -.029   1941> -.017   1937> -.016   1947> -.014   1931> -.014  Higher   1939  .048   1940  .033
     1925 to 1974 segment:
       Lower   1934> -.044   1972> -.022   1959> -.018   1940< -.014   1941> -.013   1937> -.013  Higher   1939  .064   1961  .028

 ===================================================================================================================================

 RDD191    1905 to  2023     119 years                                                                                    Series  40

 [A] Segment   High   -10   -9   -8   -7   -6   -5   -4   -3   -2   -1   +0   +1   +2   +3   +4   +5   +6   +7   +8   +9  +10
    ---------  ----   ---  ---  ---  ---  ---  ---  ---  ---  ---  ---  ---  ---  ---  ---  ---  ---  ---  ---  ---  ---  ---
    1905 1954    0    .06 -.11  .02  .02  .17  .12  .03 -.16 -.11  .32  .33* .23 -.13  .16 -.26  .08  .05  .04 -.06  .30  .08
    - - - - - - - - - - - - - - - - - - - - - - - - - - - - - - - - - - - - - - - - - - - - - - - - - - - - - - - - - - - - -
    1950 1999   -1   -.41 -.25 -.31 -.36 -.25 -.17 -.25  .16  .15  .50* .42| .23  .12  .03 -.05 -.09 -.07 -.01 -.08 -.30 -.10

 [B] Entire series, effect on correlation (  .527) is:
       Lower   1999> -.026   1918< -.024   2004< -.015   1987< -.013   1916< -.012   1931< -.011  Higher   2009  .059   2007  .013
     1905 to 1954 segment:
       Lower   1918< -.073   1940> -.035   1916< -.030   1927> -.024   1905< -.023   1930> -.022  Higher   1925  .058   1939  .039
     1950 to 1999 segment:
       Lower   1999> -.074   1987< -.044   1965> -.019   1990> -.019   1986> -.018   1979< -.010  Higher   1984  .051   1980  .029

 ===================================================================================================================================

 RDD192    1879 to  2023     145 years                                                                                    Series  41

 [A] Segment   High   -10   -9   -8   -7   -6   -5   -4   -3   -2   -1   +0   +1   +2   +3   +4   +5   +6   +7   +8   +9  +10
    ---------  ----   ---  ---  ---  ---  ---  ---  ---  ---  ---  ---  ---  ---  ---  ---  ---  ---  ---  ---  ---  ---  ---
    1879 1928   -1   -.10 -.03  .02  .11  .16 -.01 -.27 -.27 -.09  .39* .31| .34 -.10  .06 -.33  .03 -.19 -.01 -.04  .35  .07
    1900 1949   -1    .12 -.19 -.01  .01  .25  .14  .00 -.20 -.13  .42* .39| .12 -.15  .22 -.25  .13  .00 -.05 -.14  .29  .00

 [B] Entire series, effect on correlation (  .503) is:
       Lower   1999> -.024   1899< -.016   2007> -.014   2004< -.013   1940> -.012   1916< -.012  Higher   2009  .051   1984  .012
     1879 to 1928 segment:
       Lower   1899< -.068   1916< -.038   1882< -.036   1905< -.032   1927> -.028   1914< -.028  Higher   1925  .102   1893  .052
     1900 to 1949 segment:
       Lower   1940> -.053   1916< -.040   1905< -.032   1914< -.028   1927> -.025   1923> -.020  Higher   1925  .081   1924  .033

 ===================================================================================================================================

 RDD201    1797 to  2023     227 years                                                                                    Series  42

 [A] Segment   High   -10   -9   -8   -7   -6   -5   -4   -3   -2   -1   +0   +1   +2   +3   +4   +5   +6   +7   +8   +9  +10
    ---------  ----   ---  ---  ---  ---  ---  ---  ---  ---  ---  ---  ---  ---  ---  ---  ---  ---  ---  ---  ---  ---  ---
    1797 1846   -1   -.17 -.26 -.05  .01 -.14  .05 -.11  .09  .10  .58* .09| .18  .24 -.16  .03 -.10 -.29 -.15 -.09 -.19  .08
    1800 1849   -1   -.19 -.27  .00  .02 -.15  .08 -.09  .13 -.01  .55* .05| .27  .29 -.15  .02 -.13 -.26 -.26 -.02 -.06  .05
    1825 1874   -1   -.13 -.18 -.09  .12 -.04  .02 -.18  .14 -.23  .37* .11| .30  .32  .26  .00 -.10 -.11 -.17 -.07 -.07  .07
    1850 1899    3   -.08 -.14 -.12  .02  .02 -.21 -.30  .03 -.17  .16  .35| .19  .26  .43*-.07 -.17 -.08 -.06  .01  .18  .16
    1875 1924   -1    .05  .06  .12  .02 -.04 -.16 -.31 -.16 -.04  .32* .10| .15 -.13  .10 -.27 -.08 -.10  .07  .00  .27  .09
    1900 1949   -1    .16  .04 -.03  .01  .27 -.02  .02 -.16  .04  .53* .30| .03 -.13 -.03 -.20  .22  .33  .14  .01  .13 -.15
    1925 1974   -1    .15 -.09 -.23 -.10  .07 -.14  .14 -.08 -.12  .51* .26|-.04  .10  .10 -.10  .18  .21 -.01  .12  .03 -.01
    1950 1999   -1   -.08 -.09 -.09  .00 -.01 -.14  .16  .21  .07  .53* .09|-.06 -.03 -.08 -.11  .06 -.02  .05 -.12 -.06 -.15
    1974 2023   -1   -.05 -.11  .03 -.07  .04  .07  .08 -.02  .09  .33*-.01|   -    -    -    -    -    -    -    -    -    -

 [B] Entire series, effect on correlation (  .115) is:
       Lower   2007> -.040   1827< -.019   1968< -.015   1999> -.015   2023> -.015   1807> -.009  Higher   1925  .022   1980  .012
     1797 to 1846 segment:
       Lower   1827< -.080   1807> -.040   1839> -.030   1828> -.022   1798< -.014   1819> -.010  Higher   1799  .039   1810  .037
     1800 to 1849 segment:
       Lower   1827< -.089   1807> -.040   1839> -.028   1828> -.021   1800< -.012   1803< -.011  Higher   1810  .042   1808  .039
     1825 to 1874 segment:
       Lower   1827< -.114   1854> -.040   1839> -.031   1828> -.030   1863< -.014   1849> -.009  Higher   1829  .034   1838  .032
     1850 to 1899 segment:
       Lower   1854> -.070   1876< -.024   1863< -.023   1851< -.020   1879> -.018   1882< -.017  Higher   1888  .031   1859  .023
     1875 to 1924 segment:
       Lower   1924> -.049   1918< -.036   1906< -.033   1919> -.029   1920< -.028   1905< -.026  Higher   1888  .049   1894  .048
     1900 to 1949 segment:
       Lower   1940> -.047   1924> -.043   1919> -.031   1918< -.029   1906< -.027   1920< -.026  Higher   1925  .150   1934  .053
     1925 to 1974 segment:
       Lower   1968< -.114   1958> -.061   1940> -.038   1967> -.025   1950< -.024   1935< -.016  Higher   1925  .109   1934  .036
     1950 to 1999 segment:
       Lower   1968< -.079   1999> -.072   1958> -.040   1997> -.039   1967> -.018   1950< -.017  Higher   1980  .067   1996  .037
     1974 to 2023 segment:
       Lower   2007> -.120   1999> -.045   2023> -.042   1997> -.023   2005< -.019   2002< -.013  Higher   1980  .048   2016  .039

 [C] Year-to-year changes diverging by over 4.0 std deviations:
       1826 1827  -5.5 SD    1827 1828   5.2 SD    2006 2007   5.2 SD    2022 2023   4.3 SD

 [E] Outliers     2   3.0 SD above or -4.5 SD below mean for year
       1827 -6.0 SD;    2007 +3.9 SD
 ===================================================================================================================================

 RDD202    1774 to  2023     250 years                                                                                    Series  43

 [A] Segment   High   -10   -9   -8   -7   -6   -5   -4   -3   -2   -1   +0   +1   +2   +3   +4   +5   +6   +7   +8   +9  +10
    ---------  ----   ---  ---  ---  ---  ---  ---  ---  ---  ---  ---  ---  ---  ---  ---  ---  ---  ---  ---  ---  ---  ---
    1800 1849    1   -.16 -.21 -.24 -.05 -.03 -.17  .13 -.23  .17  .08  .39| .42* .21  .33 -.16  .03 -.09 -.33 -.08 -.09 -.09
    1825 1874    3   -.21 -.21 -.29 -.31  .02 -.12 -.12 -.12  .10 -.15  .34| .31  .35  .36* .30  .04 -.07 -.15 -.11 -.13  .01
    1850 1899    4   -.21 -.08 -.24 -.17  .01 -.10 -.19 -.15  .21 -.10  .20| .27  .26  .16  .37*-.20 -.09 -.14 -.11 -.04  .23
    1875 1924    1   -.09 -.09  .02 -.03 -.05  .03 -.08 -.23 -.04  .09  .34| .35* .16 -.06  .09 -.23 -.11 -.12 -.10 -.01  .18
    - - - - - - - - - - - - - - - - - - - - - - - - - - - - - - - - - - - - - - - - - - - - - - - - - - - - - - - - - - - - -
    1925 1974    0   -.14  .17 -.04 -.02 -.05 -.05 -.07  .13 -.11 -.12  .30* .10 -.10 -.09  .16 -.01  .21  .15  .04  .03 -.07

 [B] Entire series, effect on correlation (  .482) is:
       Lower   1875< -.013   1775> -.010   1814< -.009   1908< -.008   1949< -.008   1856< -.008  Higher   2009  .034   1795  .010
     1800 to 1849 segment:
       Lower   1814< -.058   1810> -.033   1849< -.027   1819< -.021   1802< -.020   1822> -.019  Higher   1808  .036   1806  .035
     1825 to 1874 segment:
       Lower   1853> -.060   1856< -.060   1849< -.032   1857> -.019   1862< -.015   1852> -.015  Higher   1838  .041   1871  .031
     1850 to 1899 segment:
       Lower   1875< -.058   1853> -.056   1856< -.048   1888< -.022   1879> -.019   1857> -.018  Higher   1893  .068   1871  .040
     1875 to 1924 segment:
       Lower   1875< -.060   1908< -.050   1879> -.033   1888< -.032   1923> -.024   1897> -.014  Higher   1893  .080   1924  .060
     1925 to 1974 segment:
       Lower   1949< -.067   1931> -.050   1955> -.023   1952< -.022   1942> -.022   1972> -.022  Higher   1939  .059   1934  .046

 [C] Year-to-year changes diverging by over 4.0 std deviations:
       1774 1775   4.7 SD

 ===================================================================================================================================

 RDD211    1809 to  2023     215 years                                                                                    Series  44

 [A] Segment   High   -10   -9   -8   -7   -6   -5   -4   -3   -2   -1   +0   +1   +2   +3   +4   +5   +6   +7   +8   +9  +10
    ---------  ----   ---  ---  ---  ---  ---  ---  ---  ---  ---  ---  ---  ---  ---  ---  ---  ---  ---  ---  ---  ---  ---
    1809 1858   -2   -.04  .04 -.06 -.01 -.12  .01  .08  .25  .27*-.14  .02|-.25 -.10 -.06 -.14 -.21 -.14 -.30 -.07  .17  .16
    1825 1874    9    .22  .24  .07 -.13 -.01 -.02 -.01 -.21 -.04 -.33 -.12|-.13 -.20 -.05 -.07 -.06  .02  .00 -.01  .33* .16
    1850 1899  -10    .40* .15  .03 -.19 -.09 -.10 -.07 -.10  .01 -.28 -.28|-.30 -.22  .06  .04  .18  .25  .08 -.10  .20 -.04
    1875 1924    6    .26  .14 -.05 -.05 -.08 -.07 -.02  .22  .22 -.08 -.02|-.21 -.14 -.19  .04  .22  .29*-.06 -.02 -.01  .01
    1900 1949    0    .16 -.07 -.02  .13  .03 -.01  .05  .17  .01  .16  .20*-.11 -.10  .20  .18  .17  .02 -.06 -.05 -.10 -.05
    1925 1974   -1    .07 -.12 -.03  .07  .01 -.07  .08  .16 -.04  .37* .23|-.10 -.12  .32  .06  .07 -.17 -.05  .03 -.01  .05

 [B] Entire series, effect on correlation (  .257) is:
       Lower   1937< -.026   1893> -.016   1862< -.015   1864< -.014   1853> -.010   1826> -.009  Higher   2007  .057   1984  .015
     1809 to 1858 segment:
       Lower   1853> -.042   1834< -.042   1826> -.036   1852> -.034   1835< -.030   1809> -.029  Higher   1810  .057   1854  .052
     1825 to 1874 segment:
       Lower   1862< -.067   1864< -.065   1853> -.036   1834< -.034   1852> -.029   1826> -.028  Higher   1854  .060   1829  .048
     1850 to 1899 segment:
       Lower   1893> -.060   1864< -.056   1862< -.054   1853> -.035   1852> -.029   1888< -.023  Higher   1854  .078   1861  .056
     1875 to 1924 segment:
       Lower   1893> -.105   1907< -.039   1888< -.031   1892> -.031   1900> -.023   1880< -.021  Higher   1919  .223   1895  .044
     1900 to 1949 segment:
       Lower   1937< -.054   1907< -.032   1934> -.024   1936> -.023   1940> -.020   1900> -.018  Higher   1919  .088   1941  .022
     1925 to 1974 segment:
       Lower   1937< -.129   1934> -.023   1940> -.019   1936> -.019   1970> -.014   1971> -.012  Higher   1949  .025   1956  .019

 [E] Outliers     3   3.0 SD above or -4.5 SD below mean for year
       1864 -4.7 SD;    1893 +3.3 SD;    1936 +3.0 SD
 ===================================================================================================================================

 RDD212    1810 to  2023     214 years                                                                                    Series  45

 [A] Segment   High   -10   -9   -8   -7   -6   -5   -4   -3   -2   -1   +0   +1   +2   +3   +4   +5   +6   +7   +8   +9  +10
    ---------  ----   ---  ---  ---  ---  ---  ---  ---  ---  ---  ---  ---  ---  ---  ---  ---  ---  ---  ---  ---  ---  ---
    1810 1859   -5    .16  .10 -.05 -.16 -.07  .30* .18 -.09  .16 -.07 -.27|-.19 -.05 -.06  .02  .07  .16 -.08  .02 -.11 -.02
    1825 1874   -5    .06  .09 -.01 -.24  .02  .22* .09  .12  .12  .09 -.06|-.14 -.09  .11 -.03 -.04  .09 -.26 -.23 -.14 -.06
    1850 1899   -1    .02  .18 -.12 -.10  .03  .12  .13  .11  .17  .30* .18| .01 -.06  .02 -.24 -.26 -.04 -.08 -.05 -.13 -.17
    1875 1924    0    .13  .15  .01  .07  .00 -.05  .02  .10  .25  .15  .31* .08 -.11 -.18 -.12  .04  .03  .12  .09 -.02 -.22
    1900 1949    3    .13 -.03  .02  .22  .09 -.03  .04  .29  .12  .22  .28| .06 -.09  .30* .21  .20 -.05 -.02  .00 -.11 -.14
    1925 1974   -1   -.06 -.15 -.04  .13  .03 -.04  .05  .22  .10  .39* .30| .11 -.12  .28  .10  .02 -.18  .00  .11 -.09  .00

 [B] Entire series, effect on correlation (  .245) is:
       Lower   1818< -.017   1810> -.016   1829> -.014   1821< -.012   1825< -.008   1853> -.008  Higher   2007  .041   1984  .017
     1810 to 1859 segment:
       Lower   1818< -.039   1829> -.035   1810> -.032   1821< -.029   1853> -.020   1820> -.020  Higher   1854  .175   1838  .029
     1825 to 1874 segment:
       Lower   1829> -.049   1853> -.027   1825< -.027   1858< -.024   1828> -.022   1826> -.018  Higher   1854  .131   1864  .042
     1850 to 1899 segment:
       Lower   1853> -.046   1878< -.032   1858< -.029   1869> -.026   1871> -.024   1892> -.016  Higher   1854  .075   1893  .047
     1875 to 1924 segment:
       Lower   1878< -.049   1900> -.043   1907< -.027   1892> -.025   1899< -.024   1909> -.017  Higher   1919  .110   1893  .073
     1900 to 1949 segment:
       Lower   1925> -.038   1900> -.029   1937< -.029   1907< -.020   1939< -.019   1934> -.019  Higher   1919  .074   1905  .018
     1925 to 1974 segment:
       Lower   1937< -.061   1925> -.042   1934> -.022   1940> -.016   1939< -.014   1953> -.013  Higher   1949  .025   1961  .020

 [E] Outliers     1   3.0 SD above or -4.5 SD below mean for year
       1829 +3.3 SD
 ===================================================================================================================================
PART 7:  DESCRIPTIVE STATISTICS:                                                                   04:00  Fri 26 Jun 2026  Page   6
------------------------------------------------------------------------------------------------------------------------------------

                                                Corr   //-------- Unfiltered --------\\  //---- Filtered -----\\
                           No.    No.    No.    with   Mean   Max     Std   Auto   Mean   Max     Std   Auto  AR
 Seq Series   Interval   Years  Segmt  Flags   Master  msmt   msmt    dev   corr   sens  value    dev   corr  ()
 --- -------- ---------  -----  -----  -----   ------ -----  -----  -----  -----  -----  -----  -----  -----  --
   1 RDD011   1891 2023    133      5      0    .541   1.15   4.55  1.029   .868   .365   2.56   .387  -.050   1
   2 RDD012   1887 2023    137      5      1    .562   1.21   3.73  1.009   .832   .377   2.68   .578  -.037   1
   3 RDD021   1828 2023    196      7      5    .227    .50   1.43   .207   .598   .288   2.80   .478  -.026   1
   4 RDD022   1827 2023    197      7      7    .056    .52   1.56   .276   .750   .279   2.77   .417  -.004   1
   5 RDD031   1902 1961     60      2      2    .025  21.70  45.03 11.343   .745   .323   2.64   .519  -.062   1
   6 RDD031   1970 2023     54      2      0    .821   1.19   3.28   .594   .660   .336   2.55   .446  -.045   1
   7 RDD032   1901 2023    123      4      0    .640   1.59   4.68  1.079   .817   .353   2.67   .515  -.068   1
   8 RDD041   1816 2023    208      8      6    .409   1.29   5.19  1.042   .836   .367   2.74   .450  -.055   2
   9 RDD042   1818 2023    206      8      5    .386   1.25   4.63   .958   .808   .389   2.61   .380  -.058   2
  10 RDD051   1803 2023    221      8      5    .382   1.16   4.51   .771   .726   .414   2.57   .286  -.033   4
  11 RDD052   1855 2023    169      6      3    .449   1.31   3.99   .808   .658   .380   2.66   .330  -.027   2
  12 RDD061   1846 2023    178      7      6    .353    .47   1.61   .267   .550   .376   2.58   .438  -.062   1
  13 RDD062   1840 1887     48      1      1    .306   7.68  19.84  3.559   .419   .372   2.58   .507  -.036   1
  14 RDD062   1890 2023    134      5      3    .515    .39   1.01   .179   .570   .351   2.71   .458  -.040   2
  15 RDD071   1855 2023    169      6      6    .121    .53   1.16   .233   .425   .399   2.56   .399  -.015   5
  16 RDD072   1860 2023    164      6      6    .111    .63   2.65   .383   .679   .391   2.46   .315  -.024   1
  17 RDD081   1832 2023    192      7      6    .106   1.32   5.01  1.126   .814   .373   2.75   .468  -.037   5
  18 RDD082   1829 2023    195      7      5    .273   1.34   4.90  1.054   .785   .356   2.70   .466  -.080   1
  19 RDD091   1916 2023    108      4      2    .448    .94   3.30   .734   .830   .317   2.72   .444   .010   1
  20 RDD092   1900 2023    124      4      2    .371    .95   3.09   .716   .804   .348   2.48   .358  -.045   2
  21 RDD101   1914 2023    110      4      0    .619   1.73   3.96   .888   .573   .374   2.78   .525   .010   1
  22 RDD102   1908 2023    116      4      3    .347   1.75   4.69   .926   .593   .386   2.65   .400   .021   1
  23 RDD111   1890 2023    134      5      1    .477   1.66   4.07   .847   .630   .381   2.74   .504   .024   5
  24 RDD112   1890 2023    134      5      3    .569   1.72   4.93   .904   .610   .373   2.84   .430  -.082   2
  25 RDD121   1854 2023    170      6      3    .445    .68   2.47   .504   .701   .460   2.77   .394  -.071   1
  26 RDD122   1830 2023    194      7      5    .317    .59   2.40   .401   .692   .379   2.67   .472  -.069   1
  27 RDD131   1854 2023    170      6      6    .158    .75   2.65   .446   .717   .338   2.50   .352  -.032   1
  28 RDD132   1863 2023    161      6      4    .334    .82   1.96   .476   .752   .329   2.57   .354   .030   1
  29 RDD141   1926 2023     98      3      3    .048   1.87   4.32  1.048   .776   .327   2.44   .333  -.028   3
  30 RDD142   1906 2023    118      4      2    .338   1.87   5.25  1.083   .720   .322   2.64   .393  -.003   5
  31 RDD151   1897 2023    127      5      3    .450   1.35   5.02  1.022   .849   .359   2.76   .430  -.041   1
  32 RDD152   1917 2023    107      4      2    .617   1.28   4.32   .940   .790   .388   2.71   .452  -.036   1
  33 RDD161   1903 1910      8      1      1    .360  12.67  19.46  4.991   .158   .458   2.52   .836  -.243   1
  34 RDD161   1920 2023    104      4      2    .500   1.10   2.82   .613   .611   .428   2.90   .518  -.065   2
  35 RDD162   1909 2023    115      4      0    .550    .77   2.27   .438   .713   .362   2.69   .498   .002   1
  36 RDD171   1791 2023    233      9      5    .479    .69   2.57   .454   .784   .304   2.56   .324  -.007   1
  37 RDD172   1770 2023    254     10      5    .526    .82   2.65   .527   .771   .303   2.67   .389   .002   1
  38 RDD181   1900 2023    124      4      1    .480    .83   3.72   .632   .563   .491   2.84   .522  -.098   2
  39 RDD182   1885 2023    139      5      3    .351   1.08   3.78   .866   .589   .520   2.66   .356  -.123   2
  40 RDD191   1905 2023    119      4      2    .527   1.22   2.52   .384   .476   .248   2.61   .521  -.053   3
  41 RDD192   1879 2023    145      5      2    .503   1.23   2.99   .465   .561   .273   2.66   .518  -.019   1
  42 RDD201   1797 2023    227      9      9    .115    .76   2.70   .422   .676   .310   2.63   .387  -.036   2
  43 RDD202   1774 2023    250     10      5    .482    .67   2.95   .417   .687   .322   2.48   .333  -.016   1
  44 RDD211   1809 2023    215      8      6    .257    .96   3.22   .753   .820   .384   2.75   .324  -.051   4
  45 RDD212   1810 2023    214      8      6    .245    .86   3.07   .674   .819   .377   2.57   .367  -.042   6
 --- -------- ---------  -----  -----  -----   ------ -----  -----  -----  -----  -----  -----  -----  -----  --
 Total or mean:           6802    249    153    .368   1.26  45.03   .779   .706   .360   2.90   .415  -.036

                                              - = [  COFECHA VERY COF  ] = -
