[]  Dendrochronology Program Library                                        Run VERY   Program COF  04:00  Fri 26 Jun 2026  Page   1
[]
[]  P R O G R A M      C O F E C H A                                                                          Version 6.06P    33416
------------------------------------------------------------------------------------------------------------------------------------

 QUALITY CONTROL AND DATING CHECK OF TREE-RING MEASUREMENTS

 File of DATED series:   RAW.rwl

 CONTENTS:

    Part 1:  Title page, options selected, summary, absent rings by series
    Part 2:  Histogram of time spans
    Part 3:  Master series with sample depth and absent rings by year
    Part 4:  Bar plot of Master Dating Series
    Part 5:  Correlation by segment of each series with Master
    Part 6:  Potential problems: low correlation, divergent year-to-year changes, absent rings, outliers
    Part 7:  Descriptive statistics

 RUN CONTROL OPTIONS SELECTED                             VALUE

         1  Cubic smoothing spline 50% wavelength cutoff for filtering
                                                            32 years
         2  Segments examined are                           50 years lagged successively by  25 years
         3  Autoregressive model applied                     A  Residuals are used in master dating series and testing
         4  Series transformed to logarithms                 Y  Each series log-transformed for master dating series and testing
         5  CORRELATION is Pearson (parametric, quantitative)
            Critical correlation, 99% confidence level   .3281
         6  Master dating series saved                       N
         7  Ring measurements listed                         N
         8  Parts printed                              1234567 
         9  Absent rings are omitted from master series and segment correlations  (Y)

 Time span of Master dating series is  1785 to  2023   239 years
 Continuous time span is               1785 to  2023   239 years
 Portion with two or more series is    1786 to  2023   238 years


                                        ****************************************
                                        *C* Number of dated series        52 *C*
                                        *O* Master series 1785 2023  239 yrs *O*
                                        *F* Total rings in all series   9362 *F*
                                        *E* Total dated rings checked   9361 *E*
                                        *C* Series intercorrelation     .405 *C*
                                        *H* Average mean sensitivity    .355 *H*
                                        *A* Segments, possible problems  201 *A*
                                        *** Mean length of series      180.0 ***
                                        ****************************************

 ABSENT RINGS listed by SERIES:            (See Master Dating Series for absent rings listed by year)

               No ring measurements of zero value
PART 2:  TIME PLOT OF TREE-RING SERIES:                                                            04:00  Fri 26 Jun 2026  Page   2
------------------------------------------------------------------------------------------------------------------------------------
 1050 1100 1150 1200 1250 1300 1350 1400 1450 1500 1550 1600 1650 1700 1750 1800 1850 1900 1950 2000 2050 Ident   Seq Time-span  Yrs
   :    :    :    :    :    :    :    :    :    :    :    :    :    :    :    :    :    :    :    :    : -------- --- ---- ---- ----
   .    .    .    .    .    .    .    .    .    .    .    .    .    .    .    . <===================>  . RDC011     1 1820 2023  204
   .    .    .    .    .    .    .    .    .    .    .    .    .    .    .    .  > .    .    .    .    . RDC012     2 1833 1833    1
   .    .    .    .    .    .    .    .    .    .    .    .    .    .    .    .   <=================>  . RDC012     3 1840 2023  184
   .    .    .    .    .    .    .    .    .    .    .    .    .    .    .    <=====================>  . RDM011     4 1807 2023  217
   .    .    .    .    .    .    .    .    .    .    .    .    .    .    .    .<====================>  . RDM012     5 1818 2023  206
   .    .    .    .    .    .    .    .    .    .    .    .    .    .    .    . <===================>  . RDM021     6 1829 2023  195
   .    .    .    .    .    .    .    .    .    .    .    .    .    .    .    .  <==================>  . RDM022     7 1835 2023  189
   .    .    .    .    .    .    .    .    .    .    .    .    .    .    .    .<====================>  . RDM031     8 1811 2023  213
   .    .    .    .    .    .    .    .    .    .    .    .    .    .    .    <=====================>  . RDM032     9 1809 2023  215
   .    .    .    .    .    .    .    .    .    .    .    .    .    .    .    .  <==================>  . RDM041    10 1833 2023  191
   .    .    .    .    .    .    .    .    .    .    .    .    .    .    .    .  <==================>  . RDM042    11 1830 2023  194
   .    .    .    .    .    .    .    .    .    .    .    .    .    .    .    <=====================>  . RDM051    12 1806 2023  218
   .    .    .    .    .    .    .    .    .    .    .    .    .    .    .    <=====================>  . RDM052    13 1809 2023  215
   .    .    .    .    .    .    .    .    .    .    .    .    .    .    .  <=======================>  . RDM061    14 1785 2023  239
   .    .    .    .    .    .    .    .    .    .    .    .    .    .    .  <=======================>  . RDM062    15 1786 2023  238
   .    .    .    .    .    .    .    .    .    .    .    .    .    .    .    .    .<===============>  . RDM071    16 1866 2023  158
   .    .    .    .    .    .    .    .    .    .    .    .    .    .    .    .    . <==============>  . RDM072    17 1870 2023  154
   .    .    .    .    .    .    .    .    .    .    .    .    .    .    .    . <===================>  . RDM081    18 1821 2023  203
   .    .    .    .    .    .    .    .    .    .    .    .    .    .    .    .  <==================>  . RDM082    19 1834 2023  190
   .    .    .    .    .    .    .    .    .    .    .    .    .    .    .    <===================>    . RDM091    20 1808 2001  194
   .    .    .    .    .    .    .    .    .    .    .    .    .    .    .    .    .    .    .    .<>  . RDM091    21 2010 2023   14
   .    .    .    .    .    .    .    .    .    .    .    .    .    .    .    <==================>.    . RDM092    22 1800 1993  194
   .    .    .    .    .    .    .    .    .    .    .    .    .    .    .    .    .    .    .    <=>  . RDM092    23 2000 2023   24
   .    .    .    .    .    .    .    .    .    .    .    .    .    .    .    .<====================>  . RDM101    24 1817 2023  207
   .    .    .    .    .    .    .    .    .    .    .    .    .    .    .    . <================>.    . RDM102    25 1823 1990  168
   .    .    .    .    .    .    .    .    .    .    .    .    .    .    .    .    .    .    .    <=>  . RDM102    26 2000 2023   24
   .    .    .    .    .    .    .    .    .    .    .    .    .    .    .    .<====================>  . RDM111    27 1819 2023  205
   .    .    .    .    .    .    .    .    .    .    .    .    .    .    .    .<====================>  . RDM112    28 1813 2023  211
   .    .    .    .    .    .    .    .    .    .    .    .    .    .    .    . <===================>  . RDM121    29 1827 2023  197
   .    .    .    .    .    .    .    .    .    .    .    .    .    .    .    . <===================>  . RDM122    30 1826 2023  198
   .    .    .    .    .    .    .    .    .    .    .    .    .    .    .    .<====================>  . RDM131    31 1810 2023  214
   .    .    .    .    .    .    .    .    .    .    .    .    .    .    .    .<====================>  . RDM132    32 1819 2023  205
   .    .    .    .    .    .    .    .    .    .    .    .    .    .    .    .    <================>  . RDM141    33 1853 2023  171
   .    .    .    .    .    .    .    .    .    .    .    .    .    .    .    .    .   <============>  . RDM142    34 1895 2023  129
   .    .    .    .    .    .    .    .    .    .    .    .    .    .    .    .<====================>  . RDM151    35 1812 2023  212
   .    .    .    .    .    .    .    .    .    .    .    .    .    .    .    .<====================>  . RDM152    36 1818 2023  206
   .    .    .    .    .    .    .    .    .    .    .    .    .    .    .    .    .    .<==========>  . RDM161    37 1918 2023  106
   .    .    .    .    .    .    .    .    .    .    .    .    .    .    .    .    .    .  <========>  . RDM162    38 1931 2023   93
   .    .    .    .    .    .    .    .    .    .    .    .    .    .    .    . <===================>  . RDM171    39 1822 2023  202
   .    .    .    .    .    .    .    .    .    .    .    .    .    .    .    . <===================>  . RDM172    40 1821 2023  203
   .    .    .    .    .    .    .    .    .    .    .    .    .    .    .    .  <==================>  . RDM181    41 1838 2023  186
   .    .    .    .    .    .    .    .    .    .    .    .    .    .    .    .  <==================>  . RDM182    42 1830 2023  194
   .    .    .    .    .    .    .    .    .    .    .    .    .    .    .    .    <================>  . RDM191    43 1855 2023  169
   .    .    .    .    .    .    .    .    .    .    .    .    .    .    .    .   <=================>  . RDM192    44 1840 2023  184
   .    .    .    .    .    .    .    .    .    .    .    .    .    .    .    .<====================>  . RDM201    45 1816 2023  208
   .    .    .    .    .    .    .    .    .    .    .    .    .    .    .    .  <==================>  . RDM202    46 1830 2023  194
   .    .    .    .    .    .    .    .    .    .    .    .    .    .    .    . <===================>  . RDM211    47 1822 2023  202
   .    .    .    .    .    .    .    .    .    .    .    .    .    .    .    .<====================>  . RDM212    48 1811 2023  213
   .    .    .    .    .    .    .    .    .    .    .    .    .    .    .    <=====================>  . RDM221    49 1800 2023  224
   .    .    .    .    .    .    .    .    .    .    .    .    .    .    .    <=====================>  . RDM222    50 1800 2023  224
   :    :    :    :    :    :    :    :    :    :    :    :    :    :    :    :    :    :    :    :    :
 1050 1100 1150 1200 1250 1300 1350 1400 1450 1500 1550 1600 1650 1700 1750 1800 1850 1900 1950 2000 2050
PART 2:  TIME PLOT OF TREE-RING SERIES:                                                            04:00  Fri 26 Jun 2026  Page   3
------------------------------------------------------------------------------------------------------------------------------------
 1050 1100 1150 1200 1250 1300 1350 1400 1450 1500 1550 1600 1650 1700 1750 1800 1850 1900 1950 2000 2050 Ident   Seq Time-span  Yrs
   :    :    :    :    :    :    :    :    :    :    :    :    :    :    :    :    :    :    :    :    : -------- --- ---- ---- ----
   .    .    .    .    .    .    .    .    .    .    .    .    .    .    .    .   <=================>  . RDM231    51 1843 2023  181
   .    .    .    .    .    .    .    .    .    .    .    .    .    .    .    .   <=================>  . RDM232    52 1842 2023  182
   :    :    :    :    :    :    :    :    :    :    :    :    :    :    :    :    :    :    :    :    :
 1050 1100 1150 1200 1250 1300 1350 1400 1450 1500 1550 1600 1650 1700 1750 1800 1850 1900 1950 2000 2050
PART 3:  Master Dating Series:                                                                     04:00  Fri 26 Jun 2026  Page   4
------------------------------------------------------------------------------------------------------------------------------------
  Year  Value  No Ab    Year  Value  No Ab    Year  Value  No Ab    Year  Value  No Ab    Year  Value  No Ab    Year  Value  No Ab
  ------------------    ------------------    ------------------    ------------------    ------------------    ------------------
                        1800  -.523   5       1850  -.197  41       1900  -.273  46       1950   .306  48       2000  -.036  48
                        1801 -1.890   5       1851  -.170  41       1901  -.131  46       1951  1.175  48       2001   .570  48
                        1802  -.414   5       1852  -.332  41       1902   .584  46       1952  1.303  48       2002   .345  47
                        1803   .501   5       1853  -.689  42       1903   .630  46       1953  -.848  48       2003  1.646  47
                        1804   .735   5       1854  -.560  42       1904   .639  46       1954  -.157  48       2004  -.481  47
                        1805  1.202   5       1855  -.519  43       1905   .797  46       1955  -.252  48       2005   .323  47
                        1806  1.210   6       1856  -.846  43       1906   .932  46       1956  -.500  48       2006  1.726  47
                        1807  1.376   7       1857  -.495  43       1907  1.380  46       1957   .341  48       2007  -.762  47
                        1808  1.518   8       1858  -.074  43       1908   .884  46       1958  -.620  48       2008   .157  47
                        1809   .299  10       1859   .352  43       1909   .277  46       1959   .998  48       2009 -3.885  47

                        1810 -1.447  11       1860   .275  43       1910   .016  46       1960 -1.670  48       2010 -1.431  48
                        1811  -.976  13       1861   .804  43       1911  -.377  46       1961 -2.138  48       2011  -.151  48
                        1812   .857  14       1862   .814  43       1912  -.384  46       1962  -.358  48       2012  1.741  48
                        1813   .046  15       1863   .096  43       1913  -.534  46       1963   .265  48       2013   .667  48
                        1814 -1.743  15       1864   .596  43       1914  -.920  46       1964   .307  48       2014 -3.701  48
                        1815  -.723  15       1865   .556  43       1915  -.390  46       1965  1.533  48       2015  -.022  48
                        1816   .585  16       1866   .792  44       1916   .149  46       1966   .560  48       2016   .870  48
                        1817   .574  17       1867   .210  44       1917  -.333  46       1967 -1.184  48       2017   .674  48
                        1818  1.003  19       1868  -.426  44       1918  -.254  47       1968   .928  48       2018  2.013  48
                        1819   .396  21       1869  -.601  44       1919  -.319  47       1969   .416  48       2019  -.159  48

                        1820   .621  22       1870  -.426  45       1920   .148  47       1970  -.808  48       2020   .471  48
                        1821  -.085  24       1871  -.494  45       1921   .806  47       1971  -.885  48       2021  -.358  48
                        1822  -.404  26       1872  -.536  45       1922   .501  47       1972   .275  48       2022 -1.112  48
                        1823   .878  27       1873  -.590  45       1923  -.198  47       1973 -1.273  48       2023  1.489  48
                        1824   .426  27       1874  -.756  45       1924 -1.118  47       1974  -.445  48
                        1825  -.320  27       1875 -1.529  45       1925 -1.178  47       1975  -.264  48
                        1826  -.335  28       1876 -1.095  45       1926  -.863  47       1976  1.015  48
                        1827  -.502  29       1877  -.806  45       1927 -1.998  47       1977  1.330  48
                        1828 -1.043  29       1878  -.384  45       1928  -.505  47       1978   .228  48
                        1829  -.618  30       1879  -.351  45       1929 -1.009  47       1979  1.769  48

                        1830   .378  33       1880   .532  45       1930   .810  47       1980   .880  48
                        1831  -.665  33       1881   .839  45       1931   .821  48       1981  -.198  48
                        1832  -.909  33       1882   .752  45       1932  -.096  48       1982  -.428  48
                        1833  -.660  35       1883   .730  45       1933  -.574  48       1983  -.947  48
                        1834  -.313  35       1884   .463  45       1934   .681  48       1984 -2.418  48
  1785 -2.036   1       1835   .395  36       1885   .757  45       1935   .802  48       1985 -1.321  48
  1786 -2.989   2       1836   .641  36       1886   .803  45       1936  -.805  48       1986 -1.374  48
  1787   .191   2       1837   .491  36       1887   .981  45       1937  -.646  48       1987   .447  48
  1788  2.094   2       1838  -.071  37       1888  1.320  45       1938 -1.648  48       1988   .806  48
  1789   .195   2       1839   .677  37       1889   .789  45       1939  -.438  48       1989  1.356  48

  1790 -2.515   2       1840   .419  39       1890   .615  45       1940   .226  48       1990   .734  48
  1791  1.952   2       1841   .643  39       1891   .106  45       1941   .476  48       1991   .044  47
  1792  1.275   2       1842   .605  40       1892  -.962  45       1942  1.761  48       1992   .897  47
  1793  1.075   2       1843   .419  41       1893  -.681  45       1943  1.150  48       1993  1.146  47
  1794  1.965   2       1844   .265  41       1894  -.748  45       1944   .917  48       1994  1.572  46
  1795  1.326   2       1845   .173  41       1895 -1.251  46       1945  1.355  48       1995   .042  46
  1796  1.311   2       1846   .031  41       1896  -.777  46       1946   .840  48       1996   .877  46
  1797  1.241   2       1847   .180  41       1897  -.728  46       1947 -1.499  48       1997 -1.174  46
  1798 -1.177   2       1848  -.257  41       1898  -.705  46       1948  -.653  48       1998  -.886  46
  1799 -2.525   2       1849  -.214  41       1899  -.385  46       1949  -.523  48       1999 -1.794  46
------------------------------------------------------------------------------------------------------------------------------------
PART 4:  Master Bar Plot:                                                                          04:00  Fri 26 Jun 2026  Page   5
------------------------------------------------------------------------------------------------------------------------------------
   Year Rel value  Year Rel value  Year Rel value  Year Rel value  Year Rel value  Year Rel value  Year Rel value  Year Rel value
                   1800---b        1850----a       1900----a       1950------A     2000-----@
                   1801h           1851----a       1901----a       1951---------E  2001-------B
                   1802---b        1852----a       1902-------B    1952----------E 2002------A
                   1803-------B    1853--c         1903-------C    1953-c          2003----------G
                   1804--------C   1854--b         1904-------C    1954----a       2004---b
                   1805---------E  1855---b        1905--------C   1955----a       2005------A
                   1806---------E  1856-c          1906---------D  1956---b        2006----------G
                   1807----------F 1857---b        1907----------F 1957------A     2007--c
                   1808----------F 1858-----@      1908--------D   1958--b         2008-----A
                   1809------A     1859------A     1909------A     1959---------D  2009p
                   1810f           1860------A     1910-----@      1960g           2010f
                   1811-d          1861--------C   1911---b        1961i           2011----a
                   1812--------C   1862--------C   1912---b        1962---a        2012----------G
                   1813-----@      1863-----@      1913---b        1963------A     2013-------C
                   1814g           1864-------B    1914-d          1964------A     2014o
                   1815--c         1865-------B    1915---b        1965----------F 2015-----@
                   1816-------B    1866--------C   1916-----A      1966-------B    2016--------C
                   1817-------B    1867------A     1917----a       1967-e          2017-------C
                   1818---------D  1868---b        1918----a       1968---------D  2018----------H
                   1819------B     1869--b         1919----a       1969------B     2019----a
                   1820-------B    1870---b        1920-----A      1970-c          2020-------B
                   1821-----@      1871---b        1921--------C   1971-d          2021---a
                   1822---b        1872---b        1922-------B    1972------A     2022-d
                   1823--------D   1873--b         1923----a       1973-e          2023----------F
                   1824------B     1874--c         1924-d          1974---b
                   1825----a       1875f           1925-e          1975----a
                   1826----a       1876-d          1926-c          1976---------D
                   1827---b        1877-c          1927h           1977----------E
                   1828-d          1878---b        1928---b        1978------A
                   1829--b         1879---a        1929-d          1979----------G
                   1830------B     1880-------B    1930--------C   1980--------D
                   1831--c         1881--------C   1931--------C   1981----a
                   1832-d          1882--------C   1932-----@      1982---b
                   1833--c         1883--------C   1933--b         1983-d
                   1834----a       1884-------B    1934-------C    1984j
   1785h           1835------B     1885--------C   1935--------C   1985-e
   1786l           1836-------C    1886--------C   1936-c          1986e
   1787-----A      1837-------B    1887---------D  1937--c         1987------B
   1788----------H 1838-----@      1888----------E 1938g           1988--------C
   1789------A     1839-------C    1889--------C   1939---b        1989----------E
   1790j           1840------B     1890-------B    1940------A     1990--------C
   1791----------H 1841-------C    1891-----@      1941-------B    1991-----@
   1792----------E 1842-------B    1892-d          1942----------G 1992--------D
   1793---------D  1843------B     1893--c         1943---------E  1993---------E
   1794----------H 1844------A     1894--c         1944---------D  1994----------F
   1795----------E 1845-----A      1895-e          1945----------E 1995-----@
   1796----------E 1846-----@      1896--c         1946--------C   1996--------D
   1797---------E  1847-----A      1897--c         1947f           1997-e
   1798-e          1848----a       1898--c         1948--c         1998-d
   1799j           1849----a       1899---b        1949---b        1999g
PART 5:  CORRELATION OF SERIES BY SEGMENTS:                                                        04:00  Fri 26 Jun 2026  Page   5
------------------------------------------------------------------------------------------------------------------------------------
 Correlations of  50-year dated segments, lagged  25 years
 Flags:  A = correlation under   .3281 but highest as dated;  B = correlation higher at other than dated position

 Seq Series  Time_span   1775 1800 1825 1850 1875 1900 1925 1950 1975 2000
                         1824 1849 1874 1899 1924 1949 1974 1999 2024 2049
 --- -------- ---------  ---- ---- ---- ---- ---- ---- ---- ---- ---- ---- ---- ---- ---- ---- ---- ---- ---- ---- ---- ----
   1 RDC011   1820 2023       -.04B-.07B .04B-.24B-.31B-.29B-.12B .12B
   2 RDC012   1833 1833             .00A
   3 RDC012   1840 2023             .22B .27B .02B-.25B-.43B-.30B .01B
   4 RDM011   1807 2023       -.01B .04B .24B .32B .47  .75  .80  .83
   5 RDM012   1818 2023        .06B .06B .22B .42  .59  .74  .79  .80
   6 RDM021   1829 2023             .46B .49B .46B .50  .52  .50  .58
   7 RDM022   1835 2023             .35B .39B .48B .55  .64  .58  .74
   8 RDM031   1811 2023        .25B .35  .27B .31B .32B .04B-.11B .05B
   9 RDM032   1809 2023        .15B .32A .24B .30B .28B-.05B-.05B .12B
  10 RDM041   1833 2023             .04B .28B .39  .52  .61  .65  .80
  11 RDM042   1830 2023            -.09B .01B .18B .49  .73  .73  .84
  12 RDM051   1806 2023        .18B .19B .37B .51B .53  .51  .57  .67
  13 RDM052   1809 2023        .10B .06B .34B .46B .61  .45  .51  .65
  14 RDM061   1785 2023   .46  .31B .27B .41B .51B .72  .71  .72  .72
  15 RDM062   1786 2023   .43  .17B .03B .41B .48  .60  .61  .65  .71
  16 RDM071   1866 2023                  .08B .10B .01B-.04B .09B .46
  17 RDM072   1870 2023                  .08B .02B-.12B-.22B-.02B .46
  18 RDM081   1821 2023        .22B .19B .20B .23B .41  .75  .66  .69
  19 RDM082   1834 2023             .39  .25A .15B .43  .63  .47  .52
  20 RDM091   1808 2001        .07B .26B .19B .13B-.01B .05B .35  .38
  21 RDM091   2010 2023                                                .89
  22 RDM092   1800 1993        .09B-.06B .08B .32A .63  .68  .63
  23 RDM092   2000 2023                                                .84
  24 RDM101   1817 2023        .19B .29B .22B .14B .08B .35  .67  .86
  25 RDM102   1823 1990        .06B .07B .15B .13B .54  .74  .77
  26 RDM102   2000 2023                                                .75
  27 RDM111   1819 2023       -.11B-.22B-.20B-.02B .30A .61  .62  .63
  28 RDM112   1813 2023        .11B .03B .07B .21B .39  .55  .69  .76
  29 RDM121   1827 2023             .05B .03B .09B .40  .75  .84  .82
  30 RDM122   1826 2023             .03B .18B .11B .29A .65  .78  .78
  31 RDM131   1810 2023        .16B .28B .44B .35B .59  .79  .68  .73
  32 RDM132   1819 2023        .09B .01B .11B .27B .55  .79  .81  .76
  33 RDM141   1853 2023                  .35  .40 -.06B .00B .05B .12B
  34 RDM142   1895 2023                       .18B .11B .10B-.11B .18B
  35 RDM151   1812 2023        .14B-.03B .15B .32B .53  .64  .69  .69
  36 RDM152   1818 2023       -.24B-.23B-.12B .19B .52  .73  .68  .72
  37 RDM161   1918 2023                            .67  .73  .70  .79
  38 RDM162   1931 2023                                -.06B .14B .77
  39 RDM171   1822 2023        .10B .07B .16B .35B .60  .75  .68  .70
  40 RDM172   1821 2023        .08B .03B .13B .29B .57  .73  .68  .72
  41 RDM181   1838 2023            -.02B-.07B-.06B .38B .68  .66  .64
  42 RDM182   1830 2023            -.21B-.23B-.12B .21B .56  .78  .78
  43 RDM191   1855 2023                  .24B .49  .58  .70  .78  .84
  44 RDM192   1840 2023             .09B .22B .29A .54  .66  .72  .86
  45 RDM201   1816 2023        .22B .08B-.10B-.11B-.03B-.02B-.03B .26A
  46 RDM202   1830 2023             .24A .09B .18B .33  .61  .71  .70
  47 RDM211   1822 2023        .21B .19B .14B .20B .19B-.08B .06B .24B
  48 RDM212   1811 2023       -.15B-.17B-.03B .04B-.04B-.08B-.17B .30B
  49 RDM221   1800 2023        .04B .03B .35B .55  .62  .75  .71  .79
  50 RDM222   1800 2023        .41  .16B .18B .33B .57  .67  .69  .80
  51 RDM231   1843 2023             .50B .44B .34B .41  .69  .60  .69
  52 RDM232   1842 2023             .25B .29B .35B .45  .57  .65  .71
 Av segment correlation   .45  .11  .11  .18  .24  .37  .46  .49  .60  .83
PART 6:  POTENTIAL PROBLEMS:                                                                       04:00  Fri 26 Jun 2026  Page   6
------------------------------------------------------------------------------------------------------------------------------------

 For each series with potential problems the following diagnostics may appear:

 [A] Correlations with master dating series of flagged  50-year segments of series filtered with  32-year spline,
     at every point from ten years earlier (-10) to ten years later (+10) than dated

 [B] Effect of those data values which most lower or raise correlation with master series
     Symbol following year indicates value in series is greater (>) or lesser (<) than master series value

 [C] Year-to-year changes very different from the mean change in other series

 [D] Absent rings (zero values)

 [E] Values which are statistical outliers from mean for the year
 ===================================================================================================================================

 RDC011    1820 to  2023     204 years                                                                                    Series   1

 [A] Segment   High   -10   -9   -8   -7   -6   -5   -4   -3   -2   -1   +0   +1   +2   +3   +4   +5   +6   +7   +8   +9  +10
    ---------  ----   ---  ---  ---  ---  ---  ---  ---  ---  ---  ---  ---  ---  ---  ---  ---  ---  ---  ---  ---  ---  ---
    1820 1869    3   -.05 -.16 -.18 -.16 -.50 -.36 -.12 -.26 -.24 -.09 -.04| .04  .31  .39* .29  .25  .29  .24  .16  .09  .01
    1825 1874    2    .07 -.16 -.34 -.24 -.43 -.26 -.13 -.24 -.29 -.09 -.07| .07  .44* .32  .31  .24  .29  .19  .20  .05 -.09
    1850 1899    3    .09 -.17 -.37 -.43 -.33 -.24 -.06 -.02 -.12 -.15  .04| .07  .30  .38* .34  .34  .34  .18  .22  .06 -.07
    1875 1924    6    .31  .11 -.02 -.01 -.17 -.15 -.05 -.16 -.24 -.35 -.24|-.12  .01  .20  .26  .34  .40* .30  .13  .03 -.02
    1900 1949    4    .22 -.19  .04  .34 -.08  .05 -.20 -.11  .16 -.21 -.31|-.12 -.01 -.09  .49*-.03 -.06  .25 -.09 -.10 -.05
    1925 1974    4   -.02 -.21  .09  .29 -.02  .15 -.29 -.22  .30  .06 -.29| .04 -.03 -.32  .39*-.01 -.09  .18 -.06 -.08 -.08
    1950 1999   -8   -.35 -.12  .24* .11  .09  .18  .02 -.16  .20  .16 -.12|-.09 -.14 -.29 -.11  .19  .03  .11  .05  .19  .08
    1974 2023   -4    .01 -.06  .04 -.02  .04  .14  .29* .13 -.25 -.05  .12|   -    -    -    -    -    -    -    -    -    -

 [B] Entire series, effect on correlation ( -.086) is:
       Lower   1934< -.023   1938> -.012   1960> -.011   2007> -.010   1947> -.010   1997> -.009  Higher   2014  .059   1999  .016
     1820 to 1869 segment:
       Lower   1833> -.064   1866< -.037   1856> -.031   1831> -.029   1842< -.028   1841< -.016  Higher   1820  .055   1868  .044
     1825 to 1874 segment:
       Lower   1833> -.064   1866< -.041   1842< -.033   1856> -.031   1831> -.031   1841< -.017  Higher   1868  .043   1864  .036
     1850 to 1899 segment:
       Lower   1888< -.067   1889< -.043   1866< -.042   1897> -.038   1886< -.026   1856> -.024  Higher   1875  .086   1868  .035
     1875 to 1924 segment:
       Lower   1921< -.036   1888< -.028   1897> -.027   1908< -.025   1924> -.025   1914> -.025  Higher   1875  .091   1882  .025
     1900 to 1949 segment:
       Lower   1934< -.068   1938> -.042   1947> -.028   1927> -.018   1921< -.016   1924> -.015  Higher   1942  .087   1930  .044
     1925 to 1974 segment:
       Lower   1934< -.052   1938> -.028   1947> -.022   1970> -.018   1960> -.017   1958> -.016  Higher   1942  .061   1930  .032
     1950 to 1999 segment:
       Lower   1960> -.039   1997> -.032   1970> -.027   1958> -.024   1983> -.022   1988< -.020  Higher   1999  .059   1994  .036
     1974 to 2023 segment:
       Lower   2007> -.037   1997> -.034   1983> -.025   2009> -.023   1984> -.021   1988< -.020  Higher   2014  .135   1999  .034

 [C] Year-to-year changes diverging by over 4.0 std deviations:
       1933 1934  -4.0 SD    2008 2009   4.0 SD

 [E] Outliers     2   3.0 SD above or -4.5 SD below mean for year
       1938 +3.4 SD;    1984 +3.1 SD
 ===================================================================================================================================

 RDC012    1833 to  1833       1 years                                                                                    Series   2

 [A] Segment   High   -10   -9   -8   -7   -6   -5   -4   -3   -2   -1   +0   +1   +2   +3   +4   +5   +6   +7   +8   +9  +10
    ---------  ----   ---  ---  ---  ---  ---  ---  ---  ---  ---  ---  ---  ---  ---  ---  ---  ---  ---  ---  ---  ---  ---
    1833 1833    0    .00  .00  .00  .00  .00  .00  .00  .00  .00  .00  .00* .00  .00  .00  .00  .00  .00  .00  .00  .00  .00

 ===================================================================================================================================

 RDC012    1840 to  2023     184 years                                                                                    Series   3
    1840 1889    1   -.40 -.53 -.33 -.08  .02  .02 -.04  .27  .13  .31  .22| .45* .30  .37  .18  .10 -.07 -.14 -.17 -.25 -.35
    1850 1899    1   -.45 -.38 -.25  .02  .12 -.06 -.06  .17  .08  .25  .27| .43* .29  .31  .15  .11 -.04 -.16 -.18 -.22 -.37
    1875 1924    3    .02 -.10 -.19  .10 -.04 -.20 -.21 -.12 -.13  .00  .02| .21  .33  .38* .15  .14 -.07  .02 -.03 -.21 -.19
    1900 1949    4    .21 -.15 -.21  .13  .10  .04 -.15 -.19 -.13 -.15 -.25| .11  .02  .12  .30* .30 -.03  .15 -.17 -.31 -.03
    1925 1974   -5    .04  .01  .10 -.12 -.06  .42*-.03 -.08  .07 -.22 -.43| .18 -.01 -.01  .27  .29  .11 -.11  .02 -.07 -.12
    1950 1999   -5   -.10  .23  .27 -.05 -.10  .42*-.03 -.02 -.10 -.14 -.30|-.01  .13 -.07  .16  .04  .34 -.14  .29  .16 -.31
    1974 2023   -5    .04  .13 -.06  .24  .03  .26* .05  .03 -.22  .03  .01|   -    -    -    -    -    -    -    -    -    -

 [B] Entire series, effect on correlation ( -.112) is:
       Lower   2009> -.027   1942< -.024   1967> -.017   1973> -.016   1907< -.015   1997> -.015  Higher   2014  .118   1924  .017
     1840 to 1889 segment:
       Lower   1845< -.070   1873> -.026   1863> -.025   1888< -.024   1879> -.020   1882< -.019  Higher   1861  .031   1886  .029
     1850 to 1899 segment:
       Lower   1895> -.047   1888< -.027   1882< -.025   1897> -.024   1873> -.023   1863> -.022  Higher   1892  .046   1861  .034
     1875 to 1924 segment:
       Lower   1907< -.125   1904< -.029   1895> -.029   1921< -.023   1917> -.020   1900> -.020  Higher   1924  .108   1892  .050
     1900 to 1949 segment:
       Lower   1942< -.095   1907< -.060   1927> -.025   1936> -.022   1929> -.015   1943< -.015  Higher   1924  .092   1945  .055
     1925 to 1974 segment:
       Lower   1942< -.057   1965< -.035   1967> -.034   1973> -.034   1952< -.026   1953> -.024  Higher   1945  .050   1958  .044
     1950 to 1999 segment:
       Lower   1967> -.045   1973> -.043   1965< -.040   1997> -.039   1953> -.031   1952< -.031  Higher   1958  .042   1994  .040
     1974 to 2023 segment:
       Lower   2009> -.096   1997> -.045   2023< -.028   2001< -.021   2003< -.020   1986> -.018  Higher   2014  .307   2012  .023

 [C] Year-to-year changes diverging by over 4.0 std deviations:
       1952 1953   4.0 SD    1966 1967   5.2 SD    2008 2009   5.0 SD

 [E] Outliers     3   3.0 SD above or -4.5 SD below mean for year
       1967 +3.1 SD;    1973 +3.0 SD;    2009 +4.0 SD
 ===================================================================================================================================

 RDM011    1807 to  2023     217 years                                                                                    Series   4

 [A] Segment   High   -10   -9   -8   -7   -6   -5   -4   -3   -2   -1   +0   +1   +2   +3   +4   +5   +6   +7   +8   +9  +10
    ---------  ----   ---  ---  ---  ---  ---  ---  ---  ---  ---  ---  ---  ---  ---  ---  ---  ---  ---  ---  ---  ---  ---
    1807 1856    3    .18  .04 -.35 -.20 -.08 -.16 -.14 -.07  .27  .21 -.01|-.07  .26  .44* .22 -.07 -.16 -.20 -.20  .06  .04
    1825 1874    3   -.03  .04 -.35 -.18 -.18 -.07 -.05 -.01  .23  .12  .04| .03  .30  .48* .23  .08  .03 -.06 -.20 -.05  .19
    1850 1899    3   -.15  .03 -.31 -.28 -.24 -.04 -.24  .10  .32  .33  .24| .13  .32  .44* .06  .15  .06 -.03 -.07 -.23 -.04
    1875 1924   -1   -.25 -.21 -.30 -.17 -.17 -.11 -.06  .25  .47  .51* .32| .23  .27  .33 -.12  .09 -.01 -.04  .13 -.35 -.27

 [B] Entire series, effect on correlation (  .556) is:
       Lower   1865< -.029   1814> -.020   2007> -.014   1812< -.010   1842< -.009   1921< -.009  Higher   2009  .052   2014  .036
     1807 to 1856 segment:
       Lower   1814> -.079   1812< -.039   1842< -.029   1856> -.029   1833> -.027   1825> -.019  Higher   1810  .049   1853  .037
     1825 to 1874 segment:
       Lower   1865< -.108   1842< -.045   1856> -.042   1833> -.040   1825> -.027   1845< -.012  Higher   1831  .040   1853  .040
     1850 to 1899 segment:
       Lower   1865< -.135   1875> -.053   1856> -.044   1884< -.017   1863> -.012   1879> -.008  Higher   1892  .048   1864  .024
     1875 to 1924 segment:
       Lower   1921< -.065   1875> -.061   1923> -.039   1884< -.018   1916< -.018   1891> -.013  Higher   1924  .054   1892  .052

 ===================================================================================================================================

 RDM012    1818 to  2023     206 years                                                                                    Series   5

 [A] Segment   High   -10   -9   -8   -7   -6   -5   -4   -3   -2   -1   +0   +1   +2   +3   +4   +5   +6   +7   +8   +9  +10
    ---------  ----   ---  ---  ---  ---  ---  ---  ---  ---  ---  ---  ---  ---  ---  ---  ---  ---  ---  ---  ---  ---  ---
    1818 1867    5   -.09 -.05 -.08 -.06  .03  .08 -.08 -.22  .00  .17  .06| .06 -.06  .05  .17  .20*-.03  .08 -.03 -.07 -.12
    1825 1874    4   -.22 -.05  .03 -.20 -.17  .02  .03 -.16  .04  .20  .06| .06 -.05  .13  .31* .16  .00  .07 -.03 -.09 -.09
    1850 1899    4   -.20 -.16  .02 -.28 -.27 -.28 -.13 -.27  .08  .20  .22| .32  .11  .35  .44* .07  .22  .04  .03  .00 -.23

 [B] Entire series, effect on correlation (  .577) is:
       Lower   1864< -.029   1833< -.015   2007> -.014   1820< -.010   1883< -.009   1891< -.007  Higher   2009  .048   2014  .016
     1818 to 1867 segment:
       Lower   1864< -.103   1820< -.051   1863> -.027   1855> -.024   1841< -.016   1827> -.015  Higher   1833  .091   1839  .032
     1825 to 1874 segment:
       Lower   1864< -.127   1863> -.023   1855> -.020   1841< -.020   1874> -.016   1845< -.016  Higher   1833  .076   1839  .040
     1850 to 1899 segment:
       Lower   1864< -.144   1883< -.044   1863> -.026   1855> -.022   1891< -.019   1874> -.017  Higher   1875  .060   1892  .041

 ===================================================================================================================================

 RDM021    1829 to  2023     195 years                                                                                    Series   6

 [A] Segment   High   -10   -9   -8   -7   -6   -5   -4   -3   -2   -1   +0   +1   +2   +3   +4   +5   +6   +7   +8   +9  +10
    ---------  ----   ---  ---  ---  ---  ---  ---  ---  ---  ---  ---  ---  ---  ---  ---  ---  ---  ---  ---  ---  ---  ---
    1829 1878    1   -.27 -.14 -.30  .02  .11 -.02  .22  .18  .19  .03  .46| .49* .23  .05  .03 -.14 -.12 -.10 -.07 -.29 -.33
    1850 1899    1   -.28 -.26 -.25 -.16 -.19 -.16  .10  .12  .25  .25  .49| .51* .29  .17  .20  .00  .01 -.09 -.02 -.35 -.42
    1875 1924   -1   -.12 -.05 -.21 -.12  .02 -.11 -.12  .00  .22  .46* .46| .30  .24  .24  .29  .06  .04 -.14 -.05 -.05 -.34

 [B] Entire series, effect on correlation (  .496) is:
       Lower   1953> -.017   2014> -.015   1964< -.012   1906< -.011   1852< -.010   1978< -.008  Higher   1960  .020   1947  .012
     1829 to 1878 segment:
       Lower   1867< -.038   1852< -.036   1839< -.026   1840< -.019   1853> -.016   1876> -.012  Higher   1831  .049   1866  .024
     1850 to 1899 segment:
       Lower   1852< -.047   1867< -.041   1895> -.017   1853> -.015   1885< -.014   1897> -.012  Higher   1892  .035   1866  .021
     1875 to 1924 segment:
       Lower   1906< -.083   1922> -.020   1902< -.018   1913> -.015   1885< -.013   1895> -.012  Higher   1892  .042   1875  .026

 [C] Year-to-year changes diverging by over 4.0 std deviations:
       2009 2010  -4.8 SD

 ===================================================================================================================================

 RDM022    1835 to  2023     189 years                                                                                    Series   7

 [A] Segment   High   -10   -9   -8   -7   -6   -5   -4   -3   -2   -1   +0   +1   +2   +3   +4   +5   +6   +7   +8   +9  +10
    ---------  ----   ---  ---  ---  ---  ---  ---  ---  ---  ---  ---  ---  ---  ---  ---  ---  ---  ---  ---  ---  ---  ---
    1835 1884    2   -.26 -.36 -.26 -.14 -.08 -.05  .03 -.07  .17  .15  .35| .25  .43* .37  .33 -.01  .01 -.04 -.06 -.02 -.06
    1850 1899    2   -.32 -.37 -.17 -.04 -.16 -.15 -.06 -.13  .17  .25  .39| .36  .49* .32  .30  .01 -.02 -.03 -.11 -.07 -.12
    1875 1924    1   -.23 -.17 -.07  .00 -.12 -.15 -.05 -.20 -.14  .16  .48| .53* .40  .17  .31  .18 -.01 -.05 -.20 -.02 -.05

 [B] Entire series, effect on correlation (  .585) is:
       Lower   1953> -.013   1865< -.009   1844< -.009   1863> -.006   1996< -.006   1904< -.005  Higher   2009  .031   1960  .020
     1835 to 1884 segment:
       Lower   1865< -.046   1856> -.041   1844< -.041   1863> -.033   1837< -.021   1845< -.021  Higher   1875  .204   1881  .022
     1850 to 1899 segment:
       Lower   1865< -.047   1856> -.034   1895> -.030   1863> -.028   1890< -.026   1891< -.019  Higher   1875  .135   1888  .039
     1875 to 1924 segment:
       Lower   1895> -.031   1904< -.028   1890< -.021   1914> -.019   1908< -.018   1909< -.017  Higher   1875  .098   1888  .025

 ===================================================================================================================================

 RDM031    1811 to  2023     213 years                                                                                    Series   8

 [A] Segment   High   -10   -9   -8   -7   -6   -5   -4   -3   -2   -1   +0   +1   +2   +3   +4   +5   +6   +7   +8   +9  +10
    ---------  ----   ---  ---  ---  ---  ---  ---  ---  ---  ---  ---  ---  ---  ---  ---  ---  ---  ---  ---  ---  ---  ---
    1811 1860    1   -.13 -.11 -.15 -.08 -.06 -.13  .18  .28 -.04 -.10  .25| .36* .07  .03 -.08 -.22  .04  .04 -.06  .02 -.20
    - - - - - - - - - - - - - - - - - - - - - - - - - - - - - - - - - - - - - - - - - - - - - - - - - - - - - - - - - - - - -
    1850 1899   -2    .02 -.14 -.16 -.14  .06  .04  .22  .34  .41* .37  .27| .18  .07 -.15 -.01 -.17 -.14 -.12 -.18 -.28 -.32
    1875 1924   -1    .05  .01 -.23 -.19  .01 -.19  .06  .23  .30  .45* .31| .24  .17  .02  .20 -.02 -.05 -.18 -.20 -.12 -.28
    1900 1949   -1    .13  .08 -.33 -.35 -.16 -.18 -.09 -.12  .04  .58* .32| .16 -.05 -.05 -.18  .04  .06 -.21  .05  .15  .13
    1925 1974   -1    .36  .10 -.16 -.21 -.25 -.23  .12 -.20 -.03  .54* .04| .01 -.03 -.02 -.23  .07 -.05 -.15 -.02 -.07  .22
    1950 1999   -1    .19  .10 -.07 -.16 -.29 -.30  .02 -.19 -.15  .54*-.11| .18  .14  .22 -.03 -.01 -.06 -.36 -.07 -.24  .05
    1974 2023   -1    .07 -.28  .08 -.21  .04 -.12 -.37  .04 -.12  .57* .05|   -    -    -    -    -    -    -    -    -    -

 [B] Entire series, effect on correlation (  .122) is:
       Lower   1960> -.021   1996< -.015   2004> -.014   2007> -.014   1953> -.012   2014> -.012  Higher   2023  .013   1947  .012
     1811 to 1860 segment:
       Lower   1814> -.067   1853> -.025   1839< -.018   1811> -.017   1838> -.015   1859< -.014  Higher   1831  .062   1820  .025
     1850 to 1899 segment:
       Lower   1885< -.089   1876> -.048   1853> -.030   1859< -.024   1874> -.020   1863> -.015  Higher   1875  .069   1866  .029
     1875 to 1924 segment:
       Lower   1885< -.069   1876> -.049   1907< -.043   1922> -.025   1917> -.016   1901< -.015  Higher   1875  .058   1924  .048
     1900 to 1949 segment:
       Lower   1936> -.062   1907< -.032   1929> -.025   1922> -.021   1932> -.020   1901< -.016  Higher   1947  .054   1938  .047
     1925 to 1974 segment:
       Lower   1960> -.082   1953> -.046   1936> -.032   1967> -.028   1965< -.021   1959< -.020  Higher   1947  .055   1970  .043
     1950 to 1999 segment:
       Lower   1960> -.063   1996< -.046   1953> -.039   1967> -.024   1979< -.023   1965< -.013  Higher   1970  .053   1977  .036
     1974 to 2023 segment:
       Lower   1996< -.046   2004> -.043   2007> -.040   1979< -.025   2014> -.020   2003< -.012  Higher   2023  .044   2018  .039

 [C] Year-to-year changes diverging by over 4.0 std deviations:
       1959 1960   4.3 SD    2009 2010  -4.6 SD    2014 2015  -4.5 SD

 [E] Outliers     1   3.0 SD above or -4.5 SD below mean for year
       2014 +3.2 SD
 ===================================================================================================================================

 RDM032    1809 to  2023     215 years                                                                                    Series   9

 [A] Segment   High   -10   -9   -8   -7   -6   -5   -4   -3   -2   -1   +0   +1   +2   +3   +4   +5   +6   +7   +8   +9  +10
    ---------  ----   ---  ---  ---  ---  ---  ---  ---  ---  ---  ---  ---  ---  ---  ---  ---  ---  ---  ---  ---  ---  ---
    1809 1858    1   -.09 -.14 -.15 -.06 -.04 -.10  .16  .33  .04 -.17  .15| .40* .14 -.01 -.11 -.18  .03  .01 -.09 -.01 -.22
    1825 1874    0   -.10 -.16 -.32 -.06  .17 -.02  .20  .30  .04  .02  .32* .28  .16  .09 -.06 -.17 -.08  .01 -.14 -.15 -.25
    1850 1899   -2   -.07 -.12 -.23 -.21 -.02  .00  .27  .36  .50* .39  .24| .21  .10 -.10  .04 -.10 -.11 -.12 -.24 -.38 -.36
    1875 1924   -1    .00 -.04 -.28 -.30 -.05 -.19  .09  .25  .35  .45* .30| .27  .20  .08  .24  .02  .03 -.25 -.24 -.20 -.26
    1900 1949   -1    .07  .03 -.33 -.42 -.15 -.19 -.08 -.08  .14  .56* .28| .17 -.02  .00 -.14  .03  .12 -.24  .10  .14  .09
    1925 1974   -1    .36  .05 -.06 -.24 -.22 -.25  .13 -.16  .04  .58*-.05| .00 -.05 -.05 -.23  .11 -.12 -.10 -.01 -.05  .23
    1950 1999   -1    .15  .05 -.02 -.19 -.26 -.36  .06 -.14 -.12  .65*-.05| .14  .15  .10 -.06  .04 -.19 -.28 -.15 -.23  .12
    1974 2023   -1   -.03 -.36  .07 -.19  .07 -.09 -.35  .10 -.10  .63* .12|   -    -    -    -    -    -    -    -    -    -

 [B] Entire series, effect on correlation (  .109) is:
       Lower   1960> -.029   2007> -.017   2004> -.015   1936> -.011   1810> -.011   1967> -.010  Higher   2018  .015   2023  .015
     1809 to 1858 segment:
       Lower   1810> -.077   1839< -.033   1814> -.033   1853> -.015   1813< -.013   1846< -.011  Higher   1831  .065   1820  .027
     1825 to 1874 segment:
       Lower   1839< -.064   1853> -.028   1863> -.025   1874> -.019   1859< -.018   1846< -.018  Higher   1831  .050   1866  .030
     1850 to 1899 segment:
       Lower   1885< -.067   1876> -.047   1853> -.026   1863> -.025   1859< -.018   1874> -.017  Higher   1866  .034   1895  .022
     1875 to 1924 segment:
       Lower   1885< -.055   1876> -.048   1907< -.031   1922> -.024   1917> -.017   1921< -.015  Higher   1924  .029   1923  .028
     1900 to 1949 segment:
       Lower   1936> -.083   1932> -.029   1907< -.022   1922> -.021   1929> -.020   1941< -.014  Higher   1938  .053   1947  .049
     1925 to 1974 segment:
       Lower   1960> -.114   1936> -.041   1967> -.039   1953> -.025   1968< -.020   1957< -.020  Higher   1947  .051   1938  .050
     1950 to 1999 segment:
       Lower   1960> -.109   1967> -.038   1996< -.028   1979< -.028   1953> -.024   1968< -.019  Higher   1952  .039   1970  .038
     1974 to 2023 segment:
       Lower   2007> -.055   2004> -.051   2003< -.029   1979< -.025   1996< -.024   1987< -.011  Higher   2018  .045   2023  .044

 [C] Year-to-year changes diverging by over 4.0 std deviations:
       1830 1831  -4.3 SD    1959 1960   4.4 SD    2003 2004   4.1 SD    2009 2010  -5.2 SD    2014 2015  -4.3 SD

 [E] Outliers     1   3.0 SD above or -4.5 SD below mean for year
       1831 -5.3 SD
 ===================================================================================================================================

 RDM041    1833 to  2023     191 years                                                                                    Series  10

 [A] Segment   High   -10   -9   -8   -7   -6   -5   -4   -3   -2   -1   +0   +1   +2   +3   +4   +5   +6   +7   +8   +9  +10
    ---------  ----   ---  ---  ---  ---  ---  ---  ---  ---  ---  ---  ---  ---  ---  ---  ---  ---  ---  ---  ---  ---  ---
    1833 1882    1   -.30 -.20  .11 -.10 -.24  .15  .12  .14  .18  .25  .04| .33* .28  .03 -.06 -.04 -.09 -.05 -.02 -.03 -.15
    1850 1899   -1   -.26 -.08 -.13 -.17 -.21 -.03 -.01  .23  .23  .40* .28| .36  .27  .18 -.11  .01 -.12 -.09  .00 -.16 -.27

 [B] Entire series, effect on correlation (  .539) is:
       Lower   1836< -.034   1876< -.014   1967> -.011   2014> -.010   1875> -.009   1922< -.009  Higher   2009  .057   2007  .013
     1833 to 1882 segment:
       Lower   1836< -.116   1875> -.041   1839< -.040   1852> -.019   1869> -.016   1863> -.015  Higher   1876  .060   1880  .030
     1850 to 1899 segment:
       Lower   1875> -.061   1884< -.023   1852> -.023   1867< -.021   1869> -.019   1863> -.018  Higher   1888  .036   1895  .030

 [C] Year-to-year changes diverging by over 4.0 std deviations:
       1875 1876  -4.0 SD

 ===================================================================================================================================

 RDM042    1830 to  2023     194 years                                                                                    Series  11

 [A] Segment   High   -10   -9   -8   -7   -6   -5   -4   -3   -2   -1   +0   +1   +2   +3   +4   +5   +6   +7   +8   +9  +10
    ---------  ----   ---  ---  ---  ---  ---  ---  ---  ---  ---  ---  ---  ---  ---  ---  ---  ---  ---  ---  ---  ---  ---
    1830 1879   -4   -.08  .08  .07  .04 -.07  .03  .29* .07  .03  .05 -.09| .24 -.09 -.06 -.13 -.13 -.06 -.13  .23 -.07 -.11
    1850 1899   -4   -.05 -.07 -.14 -.03 -.18  .05  .43* .28  .20  .10  .01| .23 -.04  .05 -.08 -.15 -.02 -.19  .07 -.13 -.25
    1875 1924    1   -.01 -.11 -.21 -.09 -.17  .03  .25  .32  .27  .31  .18| .33*-.01  .13  .12 -.03  .19 -.35 -.30 -.13 -.38

 [B] Entire series, effect on correlation (  .491) is:
       Lower   1867< -.060   1886< -.014   1878< -.012   1875> -.010   1840< -.009   1831> -.008  Higher   2009  .026   2014  .024
     1830 to 1879 segment:
       Lower   1867< -.051   1875> -.038   1831> -.032   1840< -.024   1868> -.022   1853> -.014  Higher   1836  .023   1833  .021
     1850 to 1899 segment:
       Lower   1867< -.073   1886< -.049   1875> -.042   1868> -.022   1853> -.014   1892> -.012  Higher   1885  .037   1895  .031
     1875 to 1924 segment:
       Lower   1886< -.064   1875> -.064   1907< -.024   1878< -.022   1892> -.019   1921< -.016  Higher   1895  .035   1923  .032

 [C] Year-to-year changes diverging by over 4.0 std deviations:
       1866 1867  -4.5 SD    1867 1868   5.4 SD

 [E] Outliers     1   3.0 SD above or -4.5 SD below mean for year
       1867 -6.6 SD
 ===================================================================================================================================

 RDM051    1806 to  2023     218 years                                                                                    Series  12

 [A] Segment   High   -10   -9   -8   -7   -6   -5   -4   -3   -2   -1   +0   +1   +2   +3   +4   +5   +6   +7   +8   +9  +10
    ---------  ----   ---  ---  ---  ---  ---  ---  ---  ---  ---  ---  ---  ---  ---  ---  ---  ---  ---  ---  ---  ---  ---
    1806 1855    5    .03 -.05  .10 -.12 -.12 -.03  .01 -.16 -.13 -.17  .18| .28 -.08 -.18  .15  .41* .02  .06 -.13 -.25  .06
    1825 1874    5   -.21 -.20 -.09 -.20 -.10 -.13 -.25 -.19  .06 -.07  .19| .24  .02  .05  .31  .53* .08  .16  .11  .03 -.06
    1850 1899    1   -.29 -.36 -.35  .03 -.26 -.33 -.18 -.07 -.07  .17  .37| .46* .45  .14  .31  .36  .02  .19  .02 -.08 -.11
    1875 1924    1   -.47 -.32 -.35 -.17 -.22 -.20 -.04  .01 -.04  .31  .51| .57* .48  .08  .20  .10 -.05 -.05 -.20 -.03  .10

 [B] Entire series, effect on correlation (  .511) is:
       Lower   2007> -.012   1961> -.010   1882< -.010   1832> -.009   1809< -.009   1831> -.008  Higher   2014  .069   1953  .008
     1806 to 1855 segment:
       Lower   1832> -.045   1831> -.043   1809< -.026   1834> -.019   1808< -.018   1822> -.014  Higher   1833  .034   1828  .033
     1825 to 1874 segment:
       Lower   1831> -.068   1832> -.064   1866< -.025   1844< -.023   1837< -.023   1843< -.020  Higher   1833  .046   1828  .042
     1850 to 1899 segment:
       Lower   1882< -.074   1890< -.034   1866< -.027   1854> -.022   1895> -.015   1851< -.014  Higher   1880  .033   1881  .033
     1875 to 1924 segment:
       Lower   1882< -.083   1890< -.037   1895> -.014   1876> -.012   1915> -.011   1909< -.009  Higher   1906  .022   1921  .020

 [E] Outliers     1   3.0 SD above or -4.5 SD below mean for year
       2014 -5.5 SD
 ===================================================================================================================================

 RDM052    1809 to  2023     215 years                                                                                    Series  13

 [A] Segment   High   -10   -9   -8   -7   -6   -5   -4   -3   -2   -1   +0   +1   +2   +3   +4   +5   +6   +7   +8   +9  +10
    ---------  ----   ---  ---  ---  ---  ---  ---  ---  ---  ---  ---  ---  ---  ---  ---  ---  ---  ---  ---  ---  ---  ---
    1809 1858   -8   -.03 -.05  .31* .14  .00  .12  .00 -.25 -.08 -.16  .10| .18 -.25 -.22  .20  .28 -.17  .17 -.08 -.23 -.02
    1825 1874    5   -.21 -.09  .12 -.09 -.03  .12 -.15 -.25  .20  .03  .06| .17 -.02 -.10  .14  .42*-.08  .05  .00 -.01 -.11
    1850 1899    2   -.28 -.32 -.27  .03 -.22 -.36 -.24 -.08 -.12  .13  .34| .43  .47* .12  .33  .42  .06  .19  .02 -.05 -.09
    1875 1924    1   -.45 -.30 -.30 -.15 -.28 -.30 -.12 -.05 -.11  .24  .46| .54* .49  .04  .14  .15 -.07  .00 -.19 -.10  .09

 [B] Entire series, effect on correlation (  .420) is:
       Lower   1833< -.015   1960> -.012   1831> -.011   1961> -.009   2007> -.009   1832> -.008  Higher   2014  .024   1927  .011
     1809 to 1858 segment:
       Lower   1831> -.048   1832> -.033   1837< -.021   1825> -.016   1809< -.015   1828> -.009  Higher   1833  .040   1816  .039
     1825 to 1874 segment:
       Lower   1831> -.072   1832> -.048   1837< -.027   1825> -.023   1866< -.020   1828> -.014  Higher   1833  .077   1861  .035
     1850 to 1899 segment:
       Lower   1882< -.062   1890< -.052   1866< -.030   1851< -.027   1857> -.018   1895> -.016  Higher   1888  .041   1880  .037
     1875 to 1924 segment:
       Lower   1882< -.074   1890< -.060   1895> -.014   1915> -.012   1876> -.011   1909< -.010  Higher   1888  .026   1906  .025

 ===================================================================================================================================

 RDM061    1785 to  2023     239 years                                                                                    Series  14

 [*] Early part of series cannot be checked from 1785 to 1785 -- not matched by another series

 [A] Segment   High   -10   -9   -8   -7   -6   -5   -4   -3   -2   -1   +0   +1   +2   +3   +4   +5   +6   +7   +8   +9  +10
    ---------  ----   ---  ---  ---  ---  ---  ---  ---  ---  ---  ---  ---  ---  ---  ---  ---  ---  ---  ---  ---  ---  ---
    1800 1849    4   -.17  .20  .03 -.19 -.07  .00 -.15  .01 -.27  .17  .31|-.08 -.34  .19  .40* .03 -.10  .05 -.13  .01  .02
    1825 1874    4   -.13 -.04 -.33 -.28 -.07 -.21 -.02  .07 -.13  .08  .27| .16  .03  .42  .44* .16  .14  .06 -.12 -.16 -.09
    1850 1899    1   -.25 -.34 -.11 -.37 -.37 -.28 -.13 -.25  .10  .33  .41| .52* .30  .39  .51  .10  .27  .10 -.11 -.07 -.30
    1875 1924    1   -.22 -.33 -.09 -.34 -.34 -.15 -.20 -.20  .14  .23  .51| .56* .19  .28  .24  .03  .05 -.10 -.17 -.02 -.09

 [B] Entire series, effect on correlation (  .577) is:
       Lower   1806< -.013   1832> -.009   1800> -.008   1810< -.007   1813> -.006   1864< -.006  Higher   2014  .043   1960  .014
     1800 to 1849 segment:
       Lower   1806< -.060   1800> -.041   1832> -.041   1813> -.028   1818< -.019   1848> -.013  Higher   1801  .082   1810  .048
     1825 to 1874 segment:
       Lower   1832> -.079   1864< -.058   1837< -.028   1833> -.024   1848> -.021   1863> -.014  Higher   1828  .097   1861  .030
     1850 to 1899 segment:
       Lower   1864< -.067   1883< -.060   1898> -.032   1891< -.026   1885< -.025   1863> -.015  Higher   1887  .030   1892  .028
     1875 to 1924 segment:
       Lower   1883< -.052   1898> -.032   1915> -.024   1885< -.022   1891< -.022   1905< -.015  Higher   1907  .030   1892  .024

 [E] Outliers     1   3.0 SD above or -4.5 SD below mean for year
       1810 -4.8 SD
 ===================================================================================================================================

 RDM062    1786 to  2023     238 years                                                                                    Series  15

 [A] Segment   High   -10   -9   -8   -7   -6   -5   -4   -3   -2   -1   +0   +1   +2   +3   +4   +5   +6   +7   +8   +9  +10
    ---------  ----   ---  ---  ---  ---  ---  ---  ---  ---  ---  ---  ---  ---  ---  ---  ---  ---  ---  ---  ---  ---  ---
    1800 1849    4   -.19  .19  .00 -.18 -.06  .09 -.03 -.07 -.07  .08  .17|-.20 -.30  .02  .21*-.06  .04  .04 -.11  .05  .14
    1825 1874    4    .08  .09 -.19 -.16 -.02 -.03 -.11 -.12 -.15 -.07  .03| .07  .04  .19  .29* .06  .16  .11  .02 -.18 -.04
    1850 1899    1   -.23 -.32 -.09 -.34 -.35 -.24 -.15 -.25  .08  .26  .41| .50* .27  .35  .49  .08  .25  .11 -.09 -.06 -.28

 [B] Entire series, effect on correlation (  .521) is:
       Lower   1838< -.018   2009> -.011   1832> -.010   1800> -.010   1814> -.009   1822< -.007  Higher   2014  .051   1786  .011
     1800 to 1849 segment:
       Lower   1800> -.041   1832> -.039   1814> -.038   1833> -.025   1841< -.019   1838< -.019  Higher   1801  .090   1810  .063
     1825 to 1874 segment:
       Lower   1832> -.063   1841< -.042   1833> -.041   1864< -.041   1830< -.032   1831> -.025  Higher   1839  .042   1828  .033
     1850 to 1899 segment:
       Lower   1864< -.062   1883< -.059   1891< -.029   1885< -.027   1898> -.019   1855> -.016  Higher   1875  .034   1887  .026

 [E] Outliers     1   3.0 SD above or -4.5 SD below mean for year
       1838 -5.9 SD
 ===================================================================================================================================

 RDM071    1866 to  2023     158 years                                                                                    Series  16

 [A] Segment   High   -10   -9   -8   -7   -6   -5   -4   -3   -2   -1   +0   +1   +2   +3   +4   +5   +6   +7   +8   +9  +10
    ---------  ----   ---  ---  ---  ---  ---  ---  ---  ---  ---  ---  ---  ---  ---  ---  ---  ---  ---  ---  ---  ---  ---
    1866 1915   -6   -.08 -.04  .11  .24  .46* .41  .20  .36  .35  .13  .08|-.13 -.03  .04 -.19 -.11 -.31 -.26 -.22 -.26 -.30
    1875 1924   -6   -.14  .06  .14  .16  .49* .34  .19  .31  .24  .05  .10|-.28 -.13 -.09 -.18 -.16 -.19  .01 -.06 -.07 -.05
    1900 1949   -9   -.07  .28*-.06  .02  .22  .17  .26  .28 -.06  .19  .01|-.06 -.06 -.07 -.07  .08 -.22  .03  .20 -.01  .01
    1925 1974   -3   -.03 -.04 -.06 -.17  .08  .11  .09  .16*-.13  .09 -.04| .05  .16  .05 -.08  .08 -.20 -.04  .09  .04 -.05
    1950 1999   10   -.11 -.35 -.09 -.29 -.01  .07  .02  .12  .10  .01  .09| .05  .15 -.03 -.23 -.15 -.20  .05 -.04  .10  .17*

 [B] Entire series, effect on correlation (  .176) is:
       Lower   1906< -.022   1960> -.020   1951< -.019   1968< -.018   1928< -.016   1942< -.015  Higher   2007  .029   1936  .015
     1866 to 1915 segment:
       Lower   1906< -.129   1914> -.022   1913> -.019   1869> -.018   1894> -.015   1881< -.013  Higher   1888  .038   1897  .030
     1875 to 1924 segment:
       Lower   1906< -.115   1920< -.030   1914> -.021   1924> -.018   1913> -.018   1894> -.014  Higher   1888  .032   1917  .031
     1900 to 1949 segment:
       Lower   1906< -.060   1942< -.046   1927> -.046   1930< -.023   1920< -.016   1947> -.013  Higher   1936  .080   1921  .023
     1925 to 1974 segment:
       Lower   1960> -.046   1951< -.044   1968< -.042   1927> -.034   1942< -.033   1959< -.017  Higher   1936  .063   1965  .043
     1950 to 1999 segment:
       Lower   1960> -.068   1951< -.065   1968< -.062   1994< -.043   1959< -.028   1981> -.026  Higher   1997  .052   1965  .043

 [C] Year-to-year changes diverging by over 4.0 std deviations:
       1927 1928  -4.2 SD

 ===================================================================================================================================

 RDM072    1870 to  2023     154 years                                                                                    Series  17

 [A] Segment   High   -10   -9   -8   -7   -6   -5   -4   -3   -2   -1   +0   +1   +2   +3   +4   +5   +6   +7   +8   +9  +10
    ---------  ----   ---  ---  ---  ---  ---  ---  ---  ---  ---  ---  ---  ---  ---  ---  ---  ---  ---  ---  ---  ---  ---
    1870 1919   -4   -.09 -.02  .13  .26  .32  .20  .34* .21  .09  .17  .08| .04 -.01 -.17 -.10 -.37 -.12 -.14 -.14  .11 -.10
    1875 1924   -4   -.08 -.03  .08  .34  .30  .20  .35* .19  .11  .16  .02| .05 -.03 -.19 -.16 -.37 -.04 -.14 -.10  .08 -.07
    1900 1949   -2    .05  .00 -.06  .25 -.03  .07  .11  .14  .32* .14 -.12| .03  .03 -.15  .07 -.02 -.02  .03 -.16  .07  .14
    1925 1974    4    .18 -.01 -.05  .11 -.18  .10  .01  .00  .20  .07 -.22| .02  .16 -.02  .26* .10 -.10  .00 -.24 -.05  .10
    1950 1999   10    .04 -.16 -.21 -.17 -.16  .10  .17  .06  .07  .13 -.02| .07  .15 -.15 -.05 -.16 -.28  .06  .06 -.09  .22*

 [B] Entire series, effect on correlation (  .153) is:
       Lower   1960> -.033   1947> -.027   1934< -.021   1961> -.013   2014> -.011   1883< -.011  Higher   2007  .043   2009  .035
     1870 to 1919 segment:
       Lower   1904< -.049   1883< -.047   1880< -.032   1914> -.026   1870> -.022   1894> -.019  Higher   1875  .102   1888  .074
     1875 to 1924 segment:
       Lower   1904< -.043   1883< -.041   1921< -.037   1924> -.033   1880< -.028   1914> -.024  Higher   1875  .108   1888  .074
     1900 to 1949 segment:
       Lower   1947> -.094   1934< -.065   1904< -.027   1921< -.024   1924> -.021   1925> -.020  Higher   1927  .084   1942  .064
     1925 to 1974 segment:
       Lower   1960> -.081   1947> -.071   1934< -.049   1961> -.031   1965< -.024   1951< -.021  Higher   1927  .073   1942  .065
     1950 to 1999 segment:
       Lower   1960> -.124   1961> -.047   1965< -.041   1951< -.035   1968< -.031   1994< -.015  Higher   1997  .078   1992  .045

 [C] Year-to-year changes diverging by over 4.0 std deviations:
       1933 1934  -4.2 SD

 [E] Outliers     3   3.0 SD above or -4.5 SD below mean for year
       1934 -5.2 SD;    1947 +3.1 SD;    1961 +3.2 SD
 ===================================================================================================================================

 RDM081    1821 to  2023     203 years                                                                                    Series  18

 [A] Segment   High   -10   -9   -8   -7   -6   -5   -4   -3   -2   -1   +0   +1   +2   +3   +4   +5   +6   +7   +8   +9  +10
    ---------  ----   ---  ---  ---  ---  ---  ---  ---  ---  ---  ---  ---  ---  ---  ---  ---  ---  ---  ---  ---  ---  ---
    1821 1870   -3   -.18  .02 -.12  .16  .26 -.08 -.02  .30* .29 -.04  .22|-.02 -.23  .09  .06  .07 -.14 -.25 -.43 -.27  .07
    1825 1874   -2   -.18  .13 -.16  .11  .25 -.05  .03  .28  .33* .01  .19| .03 -.12  .14  .07  .11 -.16 -.33 -.44 -.27  .09
    1850 1899   -3   -.22 -.17 -.05  .00  .20  .36  .36  .37* .29  .22  .20| .01  .16  .00 -.20  .01 -.37 -.43 -.41 -.36 -.15
    1875 1924   -1   -.27 -.26 -.14 -.02  .07  .25  .39  .26  .29  .39* .23| .02  .15  .09 -.11  .13 -.28 -.12  .10 -.06 -.15

 [B] Entire series, effect on correlation (  .482) is:
       Lower   1828< -.034   1923> -.014   1887< -.012   1868> -.009   1921< -.008   1858< -.008  Higher   2014  .021   2009  .021
     1821 to 1870 segment:
       Lower   1868> -.048   1842< -.030   1862< -.027   1858< -.024   1848> -.023   1869> -.021  Higher   1828  .090   1823  .048
     1825 to 1874 segment:
       Lower   1868> -.049   1842< -.031   1862< -.028   1858< -.027   1848> -.022   1869> -.022  Higher   1828  .099   1839  .027
     1850 to 1899 segment:
       Lower   1887< -.082   1868> -.060   1892> -.039   1858< -.038   1862< -.032   1869> -.026  Higher   1885  .041   1895  .037
     1875 to 1924 segment:
       Lower   1923> -.088   1887< -.072   1921< -.050   1892> -.036   1904< -.032   1911> -.031  Higher   1924  .077   1907  .041

 [C] Year-to-year changes diverging by over 4.0 std deviations:
       1827 1828  -5.2 SD    1828 1829   4.8 SD

 [E] Outliers     1   3.0 SD above or -4.5 SD below mean for year
       1828 -7.3 SD
 ===================================================================================================================================

 RDM082    1834 to  2023     190 years                                                                                    Series  19

 [A] Segment   High   -10   -9   -8   -7   -6   -5   -4   -3   -2   -1   +0   +1   +2   +3   +4   +5   +6   +7   +8   +9  +10
    ---------  ----   ---  ---  ---  ---  ---  ---  ---  ---  ---  ---  ---  ---  ---  ---  ---  ---  ---  ---  ---  ---  ---
    1850 1899    0   -.11 -.22 -.17 -.19 -.26  .13  .04  .18  .04  .14  .25* .23  .06  .21  .09  .04  .05  .11 -.17 -.11 -.21
    1875 1924   -2    .06 -.18 -.15 -.02 -.24  .07  .07  .13  .23* .11  .15| .06 -.16  .19 -.15  .08 -.14 -.09  .06  .16 -.04

 [B] Entire series, effect on correlation (  .426) is:
       Lower   1989< -.019   1923> -.016   1886< -.015   1992< -.011   1997> -.011   1841< -.009  Higher   1960  .017   2004  .010
     1850 to 1899 segment:
       Lower   1886< -.079   1892> -.028   1875> -.024   1898> -.024   1851< -.023   1877> -.022  Higher   1868  .038   1866  .025
     1875 to 1924 segment:
       Lower   1923> -.080   1886< -.071   1903< -.030   1898> -.024   1892> -.023   1877> -.022  Higher   1924  .114   1907  .051

 ===================================================================================================================================

 RDM091    1808 to  2001     194 years                                                                                    Series  20

 [A] Segment   High   -10   -9   -8   -7   -6   -5   -4   -3   -2   -1   +0   +1   +2   +3   +4   +5   +6   +7   +8   +9  +10
    ---------  ----   ---  ---  ---  ---  ---  ---  ---  ---  ---  ---  ---  ---  ---  ---  ---  ---  ---  ---  ---  ---  ---
    1808 1857   -4   -.23 -.31 -.08  .13 -.21 -.07  .47* .46  .09  .07  .07| .01  .02 -.21 -.11 -.03 -.30 -.13  .20 -.13 -.20
    1825 1874   -1   -.09 -.14 -.03  .06 -.27  .08  .27  .14  .11  .44* .26| .11  .23  .16  .05  .04 -.11 -.07 -.18 -.33 -.29
    1850 1899    2   -.38 -.20 -.04 -.27 -.07  .23  .19  .17  .14  .21  .19| .02  .26* .12  .04  .14 -.18  .03 -.11 -.33 -.19
    1875 1924   -4   -.30 -.17 -.02 -.08  .15  .28  .31* .23  .23  .23  .13|-.09  .02 -.10 -.15  .11 -.19 -.09  .13  .02 -.04
    1900 1949   -1   -.12 -.03 -.09 -.04  .07  .09  .12  .08  .01  .63*-.01|-.07 -.13  .00 -.28  .17 -.11 -.15  .37  .19  .05
    1925 1974   -1    .00  .01 -.08 -.01  .06 -.17  .08  .22 -.27  .55* .05|-.25 -.05  .12 -.22  .09  .08 -.20  .18  .07  .10

 [B] Entire series, effect on correlation (  .176) is:
       Lower   1817< -.033   1960> -.029   1887< -.027   1953> -.015   1930< -.015   1810> -.015  Higher   1814  .025   1984  .024
     1808 to 1857 segment:
       Lower   1817< -.140   1810> -.064   1821> -.018   1825> -.015   1847< -.015   1828> -.015  Higher   1814  .138   1832  .032
     1825 to 1874 segment:
       Lower   1828> -.036   1847< -.034   1831> -.029   1825> -.028   1827> -.020   1863> -.018  Higher   1868  .047   1839  .031
     1850 to 1899 segment:
       Lower   1887< -.192   1892> -.063   1863> -.014   1869> -.013   1894> -.013   1890< -.013  Higher   1868  .042   1885  .034
     1875 to 1924 segment:
       Lower   1887< -.172   1892> -.061   1923> -.030   1903< -.023   1911> -.022   1894> -.014  Higher   1924  .054   1907  .043
     1900 to 1949 segment:
       Lower   1930< -.066   1927> -.040   1944< -.025   1936> -.021   1929> -.020   1923> -.020  Higher   1924  .048   1907  .040
     1925 to 1974 segment:
       Lower   1960> -.073   1930< -.043   1953> -.040   1927> -.027   1944< -.017   1964< -.016  Higher   1961  .071   1973  .037

 [C] Year-to-year changes diverging by over 4.0 std deviations:
       1959 1960   4.3 SD

 [E] Outliers     1   3.0 SD above or -4.5 SD below mean for year
       1817 -5.4 SD
 ===================================================================================================================================

 RDM091    2010 to  2023      14 years                                                                                    Series  21

 [B] Entire series, effect on correlation (  .886) is:
       Lower   2015< -.038   2010> -.029   2013> -.009   2016< -.005   2019> -.004   2011> -.004  Higher   2014  .184   2023  .009

 ===================================================================================================================================

 RDM092    1800 to  1993     194 years                                                                                    Series  22

 [A] Segment   High   -10   -9   -8   -7   -6   -5   -4   -3   -2   -1   +0   +1   +2   +3   +4   +5   +6   +7   +8   +9  +10
    ---------  ----   ---  ---  ---  ---  ---  ---  ---  ---  ---  ---  ---  ---  ---  ---  ---  ---  ---  ---  ---  ---  ---
    1800 1849   -1    .27 -.15 -.16 -.08 -.31 -.16  .03 -.31 -.01  .34* .09| .20  .10  .18  .18  .08 -.22 -.22 -.08 -.09 -.12
    1825 1874    3   -.07 -.24 -.18 -.13 -.30 -.02  .01 -.20  .10  .07 -.06| .01  .32  .36* .27  .27  .07  .03  .04  .06  .11
    1850 1899    3   -.12  .05 -.23 -.41 -.35 -.07 -.33 -.20  .14  .08  .08| .00  .21  .39* .14  .30  .21  .17  .21 -.07  .12
    1875 1924    0   -.23 -.05 -.21 -.41 -.23 -.05 -.24 -.04  .15  .25  .32* .13  .12  .11 -.04  .14 -.09 -.04  .08 -.04  .02

 [B] Entire series, effect on correlation (  .408) is:
       Lower   1801> -.041   1865< -.020   1990< -.013   1856> -.012   1829< -.012   1875> -.012  Higher   1960  .054   1927  .017
     1800 to 1849 segment:
       Lower   1801> -.095   1800< -.024   1844< -.020   1829< -.017   1825> -.016   1833> -.016  Higher   1814  .104   1810  .050
     1825 to 1874 segment:
       Lower   1865< -.073   1856> -.056   1844< -.033   1833> -.025   1825> -.024   1863> -.016  Higher   1868  .042   1864  .031
     1850 to 1899 segment:
       Lower   1865< -.092   1875> -.059   1856> -.057   1884< -.044   1887< -.035   1863> -.016  Higher   1892  .035   1868  .035
     1875 to 1924 segment:
       Lower   1875> -.081   1884< -.075   1887< -.044   1902< -.026   1878> -.014   1877> -.013  Higher   1921  .036   1892  .033

 ===================================================================================================================================

 RDM092    2000 to  2023      24 years                                                                                    Series  23

 [B] Entire series, effect on correlation (  .841) is:
       Lower   2022> -.050   2019> -.026   2007> -.012   2008< -.011   2006< -.006   2005< -.004  Higher   2014  .067   2009  .062

 ===================================================================================================================================

 RDM101    1817 to  2023     207 years                                                                                    Series  24

 [A] Segment   High   -10   -9   -8   -7   -6   -5   -4   -3   -2   -1   +0   +1   +2   +3   +4   +5   +6   +7   +8   +9  +10
    ---------  ----   ---  ---  ---  ---  ---  ---  ---  ---  ---  ---  ---  ---  ---  ---  ---  ---  ---  ---  ---  ---  ---
    1817 1866   -4    .02 -.12 -.16  .01  .07  .22  .30* .06 -.05  .30  .19| .11  .18 -.08 -.27 -.18 -.04 -.05 -.01 -.17 -.31
    1825 1874   -1   -.07 -.26 -.04 -.03 -.16  .13  .09  .10 -.09  .30* .29| .19  .08  .07 -.03 -.01  .02  .25 -.02 -.12 -.19
    1850 1899   -5   -.12 -.19  .01 -.14  .09  .36* .24  .24  .07  .14  .22| .04  .02  .01 -.07 -.01 -.21  .08 -.17 -.26 -.14
    1875 1924   -4   -.26 -.23 -.07 -.07  .17  .23  .54* .51  .27  .08  .14| .00  .15 -.10 -.17 -.09 -.24 -.20 -.25 -.28  .06
    1900 1949   -1    .01  .00 -.03 -.11 -.16 -.19  .15 -.03 -.08  .53* .08| .06  .14  .08 -.29  .06 -.14 -.09  .01 -.11  .35

 [B] Entire series, effect on correlation (  .427) is:
       Lower   1868< -.025   1953> -.012   1932> -.010   1879< -.009   1929> -.009   1887< -.009  Higher   2009  .046   1960  .019
     1817 to 1866 segment:
       Lower   1820< -.053   1852> -.043   1822> -.035   1821> -.035   1854> -.017   1863> -.014  Higher   1832  .056   1856  .046
     1825 to 1874 segment:
       Lower   1852> -.031   1869> -.025   1828> -.024   1867> -.013   1847< -.013   1863> -.012  Higher   1866  .026   1856  .024
     1850 to 1899 segment:
       Lower   1887< -.047   1892> -.040   1852> -.024   1869> -.019   1876> -.018   1879< -.012  Higher   1875  .030   1895  .028
     1875 to 1924 segment:
       Lower   1887< -.052   1892> -.046   1924> -.041   1921< -.027   1911> -.024   1876> -.022  Higher   1875  .057   1895  .047
     1900 to 1949 segment:
       Lower   1932> -.037   1929> -.037   1930< -.031   1944< -.031   1924> -.024   1921< -.019  Higher   1942  .045   1936  .037

 [E] Outliers     1   3.0 SD above or -4.5 SD below mean for year
       1832 -5.6 SD
 ===================================================================================================================================

 RDM102    1823 to  1990     168 years                                                                                    Series  25

 [A] Segment   High   -10   -9   -8   -7   -6   -5   -4   -3   -2   -1   +0   +1   +2   +3   +4   +5   +6   +7   +8   +9  +10
    ---------  ----   ---  ---  ---  ---  ---  ---  ---  ---  ---  ---  ---  ---  ---  ---  ---  ---  ---  ---  ---  ---  ---
    1823 1872   -1   -.35  .01  .04 -.12  .14  .19  .14 -.04  .37  .43* .06| .11  .08 -.08 -.15  .04  .17 -.10 -.22 -.28 -.21
    1825 1874   -1   -.32  .02  .00 -.15  .12  .20  .12 -.03  .39  .42* .07| .12  .09 -.06 -.11  .05  .15 -.08 -.21 -.27 -.22
    1850 1899   -4   -.23 -.14 -.21 -.17  .28  .17  .31* .27  .27  .29  .15|-.04  .16 -.01 -.02  .00  .06 -.26 -.31 -.35 -.21
    1875 1924   -3   -.25 -.22 -.10 -.10  .19  .30  .45  .48* .31  .14  .13|-.07  .08 -.02 -.05 -.04 -.28 -.24 -.24 -.22 -.13

 [B] Entire series, effect on correlation (  .466) is:
       Lower   1868> -.014   1853> -.012   1887< -.011   1828> -.010   1869< -.010   1911> -.009  Higher   1960  .022   1953  .020
     1823 to 1872 segment:
       Lower   1868> -.050   1853> -.042   1828> -.038   1825> -.021   1830< -.019   1838> -.017  Higher   1833  .074   1869  .059
     1825 to 1874 segment:
       Lower   1868> -.052   1853> -.043   1828> -.041   1825> -.022   1830< -.021   1838> -.016  Higher   1833  .070   1869  .053
     1850 to 1899 segment:
       Lower   1868> -.049   1887< -.041   1853> -.041   1892> -.029   1876> -.021   1880< -.015  Higher   1895  .058   1886  .033
     1875 to 1924 segment:
       Lower   1887< -.044   1911> -.034   1892> -.030   1923> -.027   1876> -.024   1920< -.020  Higher   1895  .080   1875  .039

 [E] Outliers     1   3.0 SD above or -4.5 SD below mean for year
       1833 -5.1 SD
 ===================================================================================================================================

 RDM102    2000 to  2023      24 years                                                                                    Series  26

 [B] Entire series, effect on correlation (  .751) is:
       Lower   2015< -.038   2019> -.031   2014> -.019   2001< -.016   2013> -.014   2004> -.012  Higher   2009  .107   2012  .015

 ===================================================================================================================================

 RDM111    1819 to  2023     205 years                                                                                    Series  27

 [A] Segment   High   -10   -9   -8   -7   -6   -5   -4   -3   -2   -1   +0   +1   +2   +3   +4   +5   +6   +7   +8   +9  +10
    ---------  ----   ---  ---  ---  ---  ---  ---  ---  ---  ---  ---  ---  ---  ---  ---  ---  ---  ---  ---  ---  ---  ---
    1819 1868   -7    .26 -.11 -.06  .37* .10 -.13  .00  .01 -.31 -.12 -.11|-.16 -.02 -.04 -.07 -.11  .02  .01  .04  .17  .22
    1825 1874  -10    .45* .03 -.10  .31  .14 -.04  .00 -.05 -.34 -.21 -.22|-.21 -.03 -.13 -.17 -.13 -.05 -.02  .16  .31  .24
    1850 1899   -9    .27  .30* .10  .04  .08 -.07 -.19  .15 -.15 -.04 -.20|-.09 -.06 -.12 -.19 -.08 -.13  .00  .12  .27  .17
    1875 1924   -9    .03  .25* .09  .24  .21  .20  .04  .23  .19  .17 -.02|-.16  .01  .04 -.11  .03 -.10  .19  .15  .07 -.03
    1900 1949    0   -.09 -.01  .01 -.03 -.09  .10  .10  .16  .26 -.01  .30* .11 -.04  .07  .01 -.27  .09  .20  .07  .07  .01

 [B] Entire series, effect on correlation (  .309) is:
       Lower   1838< -.045   1866< -.032   1921< -.010   1989< -.008   1884< -.008   1859< -.007  Higher   2007  .016   1960  .014
     1819 to 1868 segment:
       Lower   1866< -.100   1859< -.023   1856> -.013   1833> -.013   1827> -.011   1849> -.011  Higher   1823  .038   1853  .024
     1825 to 1874 segment:
       Lower   1866< -.104   1859< -.026   1872> -.012   1873> -.010   1840< -.009   1856> -.009  Higher   1830  .031   1853  .025
     1850 to 1899 segment:
       Lower   1866< -.123   1859< -.031   1880< -.030   1875> -.020   1897> -.018   1884< -.014  Higher   1892  .073   1853  .030
     1875 to 1924 segment:
       Lower   1921< -.053   1875> -.043   1880< -.032   1897> -.030   1914> -.024   1923> -.019  Higher   1892  .069   1924  .036
     1900 to 1949 segment:
       Lower   1921< -.052   1927> -.047   1914> -.024   1941< -.022   1933> -.021   1923> -.020  Higher   1942  .076   1947  .048

 [C] Year-to-year changes diverging by over 4.0 std deviations:
       1837 1838  -5.3 SD

 [E] Outliers     1   3.0 SD above or -4.5 SD below mean for year
       1838 -6.1 SD
 ===================================================================================================================================

 RDM112    1813 to  2023     211 years                                                                                    Series  28

 [A] Segment   High   -10   -9   -8   -7   -6   -5   -4   -3   -2   -1   +0   +1   +2   +3   +4   +5   +6   +7   +8   +9  +10
    ---------  ----   ---  ---  ---  ---  ---  ---  ---  ---  ---  ---  ---  ---  ---  ---  ---  ---  ---  ---  ---  ---  ---
    1813 1862   -1    .03 -.09  .01 -.02  .03  .31  .36 -.01 -.13  .38* .11|-.07 -.04 -.06 -.37 -.20 -.01 -.17 -.07 -.11 -.19
    1825 1874   -4    .08 -.14  .12  .20  .02  .30  .39* .14 -.12  .29  .03| .05 -.06 -.07 -.23 -.23 -.13 -.09 -.08 -.15 -.19
    1850 1899   -4   -.13 -.17 -.03 -.04  .05  .38  .40* .17  .04  .09  .07|-.10  .02  .10 -.08 -.05 -.32  .01 -.15 -.19 -.13
    1875 1924   -1   -.18 -.30 -.26 -.07  .12  .14  .30  .22  .29  .42* .21|-.03  .15  .13  .03  .04 -.24 -.15  .00 -.08 -.26

 [B] Entire series, effect on correlation (  .404) is:
       Lower   1832< -.036   1860< -.023   1927> -.016   1887< -.011   1953> -.009   1828> -.009  Higher   2014  .013   1984  .013
     1813 to 1862 segment:
       Lower   1860< -.055   1828> -.046   1831> -.027   1821> -.024   1816< -.014   1847< -.013  Higher   1814  .092   1823  .026
     1825 to 1874 segment:
       Lower   1860< -.065   1828> -.049   1869> -.029   1831> -.027   1847< -.017   1863> -.010  Higher   1868  .054   1832  .039
     1850 to 1899 segment:
       Lower   1860< -.088   1887< -.060   1892> -.051   1869> -.032   1880< -.026   1863> -.011  Higher   1868  .059   1875  .049
     1875 to 1924 segment:
       Lower   1892> -.066   1887< -.065   1880< -.028   1922> -.017   1923> -.016   1902< -.015  Higher   1924  .069   1875  .046

 [C] Year-to-year changes diverging by over 4.0 std deviations:
       1831 1832  -5.5 SD

 [E] Outliers     1   3.0 SD above or -4.5 SD below mean for year
       1832 -6.3 SD
 ===================================================================================================================================

 RDM121    1827 to  2023     197 years                                                                                    Series  29

 [A] Segment   High   -10   -9   -8   -7   -6   -5   -4   -3   -2   -1   +0   +1   +2   +3   +4   +5   +6   +7   +8   +9  +10
    ---------  ----   ---  ---  ---  ---  ---  ---  ---  ---  ---  ---  ---  ---  ---  ---  ---  ---  ---  ---  ---  ---  ---
    1827 1876   -1   -.10  .06 -.07  .00  .25  .00  .06  .06  .23  .48* .05|-.03  .17  .05 -.10 -.24  .23 -.15 -.19 -.09 -.10
    1850 1899   -1   -.18 -.06 -.12 -.03  .36  .23  .15  .02  .23  .41* .03| .17  .14  .03 -.07 -.29  .13 -.21 -.26 -.12 -.16
    1875 1924   -5   -.22 -.16  .06  .20  .29  .55* .53  .39  .34  .34  .09| .27 -.05 -.06 -.13 -.31 -.25 -.31 -.25 -.13 -.14

 [B] Entire series, effect on correlation (  .480) is:
       Lower   1869< -.037   1854< -.021   2014> -.014   1834< -.011   1927> -.010   1880< -.008  Higher   2009  .042   1960  .012
     1827 to 1876 segment:
       Lower   1861< -.034   1868> -.032   1854< -.020   1834< -.017   1855> -.015   1835< -.014  Higher   1869  .038   1876  .025
     1850 to 1899 segment:
       Lower   1868> -.032   1880< -.031   1861< -.029   1888< -.024   1892> -.018   1855> -.016  Higher   1869  .046   1887  .034
     1875 to 1924 segment:
       Lower   1880< -.048   1888< -.040   1921< -.031   1923> -.031   1911> -.029   1892> -.024  Higher   1907  .051   1876  .043

 [C] Year-to-year changes diverging by over 4.0 std deviations:
       1853 1854  -4.5 SD    1854 1855   4.5 SD    1868 1869  -4.1 SD

 [E] Outliers     1   3.0 SD above or -4.5 SD below mean for year
       1854 -5.5 SD
 ===================================================================================================================================

 RDM122    1826 to  2023     198 years                                                                                    Series  30

 [A] Segment   High   -10   -9   -8   -7   -6   -5   -4   -3   -2   -1   +0   +1   +2   +3   +4   +5   +6   +7   +8   +9  +10
    ---------  ----   ---  ---  ---  ---  ---  ---  ---  ---  ---  ---  ---  ---  ---  ---  ---  ---  ---  ---  ---  ---  ---
    1826 1875   -3   -.02 -.01  .18  .00  .11  .18  .21  .36* .16  .07  .03| .06 -.07 -.22  .12 -.29 -.34 -.12 -.24 -.14 -.26
    1850 1899   -3   -.12 -.14  .19  .15  .23  .15  .24  .35* .23  .13  .18| .07  .01 -.13 -.03 -.27 -.30 -.19 -.26 -.25 -.27
    1875 1924   -5   -.16 -.09  .16  .33  .46  .48* .38  .36  .41  .14  .11|-.04  .01 -.09 -.31 -.28 -.23 -.13 -.08 -.18 -.14
    1900 1949    0   -.02  .24  .21  .12 -.02 -.02 -.04  .15  .10  .05  .29* .20  .18 -.01  .02 -.36 -.05  .16  .06 -.08 -.16

 [B] Entire series, effect on correlation (  .477) is:
       Lower   1856< -.038   2014> -.018   1859< -.015   1927> -.011   1828> -.011   1869> -.009  Higher   2009  .041   1960  .011
     1826 to 1875 segment:
       Lower   1859< -.056   1828> -.049   1869> -.032   1836< -.026   1837< -.019   1832> -.017  Higher   1856  .088   1861  .025
     1850 to 1899 segment:
       Lower   1859< -.053   1869> -.036   1895> -.024   1881< -.022   1853> -.018   1875> -.015  Higher   1888  .046   1887  .025
     1875 to 1924 segment:
       Lower   1924> -.055   1881< -.029   1895> -.027   1913> -.027   1923> -.023   1921< -.022  Higher   1888  .064   1897  .034
     1900 to 1949 segment:
       Lower   1927> -.063   1924> -.047   1913> -.025   1923> -.020   1921< -.017   1938> -.015  Higher   1947  .073   1942  .062

 [C] Year-to-year changes diverging by over 4.0 std deviations:
       1855 1856  -4.9 SD    1856 1857   4.9 SD

 [E] Outliers     1   3.0 SD above or -4.5 SD below mean for year
       1856 -5.7 SD
 ===================================================================================================================================

 RDM131    1810 to  2023     214 years                                                                                    Series  31

 [A] Segment   High   -10   -9   -8   -7   -6   -5   -4   -3   -2   -1   +0   +1   +2   +3   +4   +5   +6   +7   +8   +9  +10
    ---------  ----   ---  ---  ---  ---  ---  ---  ---  ---  ---  ---  ---  ---  ---  ---  ---  ---  ---  ---  ---  ---  ---
    1810 1859    1   -.20  .00 -.07 -.09 -.20  .06  .17  .10  .00  .13  .16| .23* .15 -.04 -.27  .13  .16 -.09 -.07 -.17 -.18
    1825 1874   -1   -.27 -.12 -.19  .01 -.06  .15  .20  .12  .04  .40* .28| .32  .16  .07 -.11  .08 -.07 -.08 -.21 -.42 -.30
    1850 1899   -3   -.44 -.39 -.09 -.09  .18  .45  .56  .56* .29  .45  .44| .14  .26  .11 -.09 -.11 -.41 -.37 -.52 -.56 -.46
    1875 1924   -4   -.33 -.24 -.10 -.09  .34  .37  .45* .45  .31  .32  .35| .15  .05 -.01 -.10 -.25 -.26 -.55 -.18 -.15  .01

 [B] Entire series, effect on correlation (  .581) is:
       Lower   1810> -.017   1997> -.010   1922> -.009   1999> -.009   1823< -.008   1847< -.006  Higher   1960  .024   2009  .020
     1810 to 1859 segment:
       Lower   1810> -.090   1823< -.045   1830< -.031   1847< -.028   1841< -.026   1825> -.019  Higher   1814  .055   1832  .026
     1825 to 1874 segment:
       Lower   1830< -.050   1847< -.043   1841< -.042   1825> -.031   1831> -.028   1829> -.025  Higher   1862  .030   1868  .029
     1850 to 1899 segment:
       Lower   1892> -.065   1880< -.047   1887< -.028   1881< -.019   1894> -.013   1867> -.010  Higher   1888  .035   1895  .032
     1875 to 1924 segment:
       Lower   1922> -.050   1892> -.050   1903< -.036   1880< -.032   1918> -.023   1887< -.019  Higher   1895  .033   1888  .027

 ===================================================================================================================================

 RDM132    1819 to  2023     205 years                                                                                    Series  32

 [A] Segment   High   -10   -9   -8   -7   -6   -5   -4   -3   -2   -1   +0   +1   +2   +3   +4   +5   +6   +7   +8   +9  +10
    ---------  ----   ---  ---  ---  ---  ---  ---  ---  ---  ---  ---  ---  ---  ---  ---  ---  ---  ---  ---  ---  ---  ---
    1819 1868   -3   -.12  .04  .00  .12  .09 -.02  .00  .46* .25  .17  .09|-.23 -.23  .10  .00 -.17 -.07 -.21 -.33 -.15 -.03
    1825 1874   -3   -.04  .06 -.12  .16  .27  .03  .00  .42* .32  .23  .01|-.12 -.15  .04 -.03 -.06 -.12 -.32 -.28 -.21 -.08
    1850 1899   -6    .00 -.17  .00  .34  .41* .38  .14  .28  .33 -.02  .11| .01  .02  .01 -.34 -.11 -.22 -.44 -.35 -.17 -.13
    1875 1924   -5   -.02 -.10  .01  .21  .35  .41* .25  .09  .18  .17  .27| .10 -.14 -.02 -.06 -.26 -.13 -.36 -.15  .22 -.07

 [B] Entire series, effect on correlation (  .518) is:
       Lower   1834< -.045   1889< -.016   1868> -.010   1831> -.008   1905< -.007   1858< -.006  Higher   1960  .027   1947  .011
     1819 to 1868 segment:
       Lower   1834< -.084   1868> -.051   1831> -.043   1856> -.019   1842< -.017   1858< -.015  Higher   1828  .073   1823  .055
     1825 to 1874 segment:
       Lower   1834< -.080   1868> -.047   1831> -.039   1869> -.021   1842< -.019   1858< -.019  Higher   1828  .076   1839  .032
     1850 to 1899 segment:
       Lower   1889< -.077   1868> -.059   1881< -.028   1858< -.027   1869> -.026   1894> -.022  Higher   1888  .083   1887  .048
     1875 to 1924 segment:
       Lower   1889< -.076   1905< -.040   1894> -.027   1881< -.026   1922> -.021   1911> -.021  Higher   1888  .054   1924  .036

 [C] Year-to-year changes diverging by over 4.0 std deviations:
       1833 1834  -5.4 SD

 [E] Outliers     1   3.0 SD above or -4.5 SD below mean for year
       1834 -6.0 SD
 ===================================================================================================================================

 RDM141    1853 to  2023     171 years                                                                                    Series  33

 [A] Segment   High   -10   -9   -8   -7   -6   -5   -4   -3   -2   -1   +0   +1   +2   +3   +4   +5   +6   +7   +8   +9  +10
    ---------  ----   ---  ---  ---  ---  ---  ---  ---  ---  ---  ---  ---  ---  ---  ---  ---  ---  ---  ---  ---  ---  ---
    1900 1949   -3   -.17 -.21 -.19 -.12  .19  .00 -.07  .20*-.04  .06 -.06|-.12 -.03 -.05 -.19 -.02  .20  .00  .12  .11 -.13
    1925 1974   -6    .04  .06 -.14 -.09  .15* .08 -.08  .07 -.13 -.07  .00| .04 -.02 -.09 -.12 -.20  .00 -.07  .10 -.01 -.24
    1950 1999  -10    .31* .19 -.17 -.14  .07  .15 -.08  .11 -.10  .04  .05| .28  .01  .01  .11 -.19 -.25 -.11 -.03 -.13 -.19
    1974 2023   -3    .22 -.07  .14 -.12 -.11 -.03 -.20  .44*-.27  .13  .12|   -    -    -    -    -    -    -    -    -    -

 [B] Entire series, effect on correlation (  .122) is:
       Lower   2009> -.023   1930< -.018   1997> -.015   1942< -.015   1994< -.012   2019> -.012  Higher   2007  .041   1875  .023
     1900 to 1949 segment:
       Lower   1930< -.069   1942< -.059   1929> -.033   1927> -.030   1903< -.028   1936> -.027  Higher   1947  .044   1938  .040
     1925 to 1974 segment:
       Lower   1930< -.069   1942< -.057   1959< -.036   1929> -.028   1927> -.028   1936> -.023  Higher   1951  .046   1947  .031
     1950 to 1999 segment:
       Lower   1997> -.053   1994< -.047   1959< -.038   1999> -.036   1996< -.029   1976< -.028  Higher   1989  .049   1951  .036
     1974 to 2023 segment:
       Lower   2009> -.050   1997> -.035   1994< -.027   2019> -.027   1999> -.024   1996< -.017  Higher   2007  .107   2006  .042

 [C] Year-to-year changes diverging by over 4.0 std deviations:
       2008 2009   6.4 SD

 ===================================================================================================================================

 RDM142    1895 to  2023     129 years                                                                                    Series  34

 [A] Segment   High   -10   -9   -8   -7   -6   -5   -4   -3   -2   -1   +0   +1   +2   +3   +4   +5   +6   +7   +8   +9  +10
    ---------  ----   ---  ---  ---  ---  ---  ---  ---  ---  ---  ---  ---  ---  ---  ---  ---  ---  ---  ---  ---  ---  ---
    1895 1944    3   -.11  .01 -.25 -.23 -.08  .07  .04  .06  .09 -.17  .18|-.08  .01  .20* .06  .10  .02 -.02 -.10  .01 -.06
    1900 1949   -5   -.05 -.02 -.33 -.10 -.10  .24* .15 -.03  .14 -.02  .11|-.16 -.12  .11  .03  .22  .00  .01 -.10 -.03  .01
    1925 1974   -5    .08  .09 -.24 -.01 -.01  .21* .15 -.02  .16 -.01  .10|-.22 -.17  .00  .13  .15 -.09  .10 -.07 -.03 -.05
    1950 1999   -7    .17  .16 -.04  .21*-.05  .09  .17  .02  .00 -.17 -.11|-.16 -.03 -.23  .16  .08  .11  .16 -.06  .12 -.08
    1974 2023   -5    .17 -.06  .01 -.04  .06  .31* .02 -.08 -.04 -.23  .18|   -    -    -    -    -    -    -    -    -    -

 [B] Entire series, effect on correlation (  .143) is:
       Lower   1927> -.021   1947> -.018   1997> -.018   1976< -.017   1993< -.012   2003< -.011  Higher   1960  .018   2019  .016
     1895 to 1944 segment:
       Lower   1927> -.085   1921< -.030   1942< -.020   1925> -.018   1908< -.017   1926> -.014  Higher   1929  .061   1895  .060
     1900 to 1949 segment:
       Lower   1927> -.081   1947> -.074   1921< -.032   1908< -.019   1925> -.017   1942< -.017  Higher   1929  .080   1938  .050
     1925 to 1974 segment:
       Lower   1927> -.058   1947> -.050   1973> -.022   1959< -.019   1957< -.019   1953> -.019  Higher   1960  .071   1929  .056
     1950 to 1999 segment:
       Lower   1997> -.056   1976< -.051   1993< -.035   1973> -.025   1977< -.023   1953> -.022  Higher   1960  .104   1968  .039
     1974 to 2023 segment:
       Lower   1997> -.048   1976< -.041   1993< -.028   2014> -.024   2003< -.024   1977< -.018  Higher   2019  .037   2006  .033

 [C] Year-to-year changes diverging by over 4.0 std deviations:
       1895 1896   4.9 SD    2013 2014   4.2 SD

 [E] Outliers     2   3.0 SD above or -4.5 SD below mean for year
       1895 -5.5 SD;    1927 +3.4 SD
 ===================================================================================================================================

 RDM151    1812 to  2023     212 years                                                                                    Series  35

 [A] Segment   High   -10   -9   -8   -7   -6   -5   -4   -3   -2   -1   +0   +1   +2   +3   +4   +5   +6   +7   +8   +9  +10
    ---------  ----   ---  ---  ---  ---  ---  ---  ---  ---  ---  ---  ---  ---  ---  ---  ---  ---  ---  ---  ---  ---  ---
    1812 1861    4    .04 -.27  .02  .02 -.10 -.08  .00  .00 -.15 -.13  .14| .19 -.34 -.16  .37* .16  .09  .24  .04 -.28  .09
    1825 1874    5    .14 -.08  .00 -.06 -.08 -.11 -.28 -.04 -.10 -.07 -.03| .00 -.11 -.13  .24  .36* .26  .08  .10  .02  .13
    1850 1899    5   -.04 -.08 -.09  .18 -.11 -.25 -.24 -.15 -.18 -.02  .15| .08  .07 -.11  .16  .28* .09  .16  .11  .06  .20
    1875 1924    2   -.38 -.31 -.37 -.13 -.24 -.34 -.27 -.24 -.07  .16  .32| .33  .33* .11  .22  .12 -.15  .21  .04  .11  .17

 [B] Entire series, effect on correlation (  .464) is:
       Lower   1863< -.042   1936> -.016   2014> -.016   1827< -.015   1882< -.012   1831> -.007  Higher   2009  .031   1960  .016
     1812 to 1861 segment:
       Lower   1831> -.043   1827< -.038   1832> -.031   1853> -.026   1842< -.019   1844< -.016  Higher   1814  .101   1812  .056
     1825 to 1874 segment:
       Lower   1831> -.039   1832> -.028   1853> -.023   1827< -.016   1842< -.015   1833> -.015  Higher   1861  .035   1862  .030
     1850 to 1899 segment:
       Lower   1863< -.062   1882< -.049   1853> -.025   1885< -.019   1876> -.017   1873> -.012  Higher   1880  .036   1875  .027
     1875 to 1924 segment:
       Lower   1882< -.092   1885< -.030   1876> -.026   1923> -.023   1878> -.022   1891< -.017  Higher   1875  .038   1880  .032

 [C] Year-to-year changes diverging by over 4.0 std deviations:
       1826 1827  -4.1 SD    2013 2014   4.1 SD

 ===================================================================================================================================

 RDM152    1818 to  2023     206 years                                                                                    Series  36

 [A] Segment   High   -10   -9   -8   -7   -6   -5   -4   -3   -2   -1   +0   +1   +2   +3   +4   +5   +6   +7   +8   +9  +10
    ---------  ----   ---  ---  ---  ---  ---  ---  ---  ---  ---  ---  ---  ---  ---  ---  ---  ---  ---  ---  ---  ---  ---
    1818 1867    6    .15  .08 -.17 -.01  .07 -.02 -.17 -.22 -.05 -.09 -.24| .08  .07 -.10 -.16  .37  .40* .13  .01  .05 -.09
    1825 1874    6    .11  .05 -.12 -.04  .03  .00 -.09 -.19 -.08 -.10 -.23| .15  .07 -.07 -.09  .29  .36* .11  .00  .06  .00
    1850 1899    6    .00 -.03 -.14 -.11  .19 -.13 -.30 -.22 -.08 -.21 -.12| .29  .15  .08 -.03  .24  .31* .08  .11  .13  .05
    1875 1924    2   -.29 -.17 -.26 -.31 -.13 -.32 -.40 -.25 -.24 -.15  .19| .28  .31* .21  .12  .26  .13  .12  .07  .16  .13

 [B] Entire series, effect on correlation (  .397) is:
       Lower   1862< -.086   1826< -.013   1881< -.011   1879> -.009   1831> -.009   1936> -.008  Higher   2009  .036   1960  .012
     1818 to 1867 segment:
       Lower   1862< -.147   1831> -.029   1833> -.027   1853> -.026   1843< -.013   1848> -.011  Higher   1861  .051   1818  .034
     1825 to 1874 segment:
       Lower   1862< -.191   1831> -.031   1833> -.027   1853> -.025   1843< -.017   1872> -.010  Higher   1861  .064   1839  .040
     1850 to 1899 segment:
       Lower   1862< -.221   1881< -.038   1853> -.025   1890< -.017   1879> -.017   1876> -.012  Higher   1861  .051   1880  .042
     1875 to 1924 segment:
       Lower   1881< -.066   1879> -.050   1890< -.029   1908< -.028   1876> -.021   1914> -.020  Higher   1902  .044   1921  .037

 [C] Year-to-year changes diverging by over 4.0 std deviations:
       1825 1826  -4.5 SD    1861 1862  -4.1 SD

 [E] Outliers     1   3.0 SD above or -4.5 SD below mean for year
       1826 -4.8 SD
 ===================================================================================================================================

 RDM161    1918 to  2023     106 years                                                                                    Series  37

 [B] Entire series, effect on correlation (  .738) is:
       Lower   2007> -.016   1923> -.012   1958> -.007   1945< -.006   1963< -.006   1966> -.006  Higher   2014  .044   2009  .022

 ===================================================================================================================================

 RDM162    1931 to  2023      93 years                                                                                    Series  38

 [A] Segment   High   -10   -9   -8   -7   -6   -5   -4   -3   -2   -1   +0   +1   +2   +3   +4   +5   +6   +7   +8   +9  +10
    ---------  ----   ---  ---  ---  ---  ---  ---  ---  ---  ---  ---  ---  ---  ---  ---  ---  ---  ---  ---  ---  ---  ---
    1931 1980   -1    .05 -.13  .12 -.02 -.16 -.19  .08  .02 -.04  .34*-.06|-.02 -.03 -.02 -.08 -.06  .26  .01  .00 -.17  .09
    1950 1999   -1    .04 -.06  .07 -.09 -.26 -.25 -.02 -.10 -.21  .40* .14| .03  .18  .18  .06 -.08  .10 -.18 -.18 -.21  .04

 [B] Entire series, effect on correlation (  .387) is:
       Lower   1960> -.060   1953> -.037   1931< -.029   1967> -.021   1954< -.020   1936> -.018  Higher   2014  .098   2009  .059
     1931 to 1980 segment:
       Lower   1960> -.090   1953> -.058   1967> -.032   1936> -.028   1973> -.026   1931< -.026  Higher   1961  .049   1942  .034
     1950 to 1999 segment:
       Lower   1960> -.114   1953> -.069   1967> -.038   1973> -.033   1958> -.027   1954< -.023  Higher   1961  .037   1997  .034

 ===================================================================================================================================

 RDM171    1822 to  2023     202 years                                                                                    Series  39

 [A] Segment   High   -10   -9   -8   -7   -6   -5   -4   -3   -2   -1   +0   +1   +2   +3   +4   +5   +6   +7   +8   +9  +10
    ---------  ----   ---  ---  ---  ---  ---  ---  ---  ---  ---  ---  ---  ---  ---  ---  ---  ---  ---  ---  ---  ---  ---
    1822 1871    5    .05 -.21 -.04 -.05 -.14 -.04 -.20 -.08 -.06 -.11  .10| .06  .02 -.12  .31  .45* .19  .10  .07 -.08 -.05
    1825 1874    5    .03 -.14  .01 -.05 -.17 -.08 -.23 -.09 -.07 -.08  .07| .05  .00 -.08  .31  .51* .18  .10  .10 -.03  .01
    1850 1899    5   -.09 -.15 -.14  .11 -.17 -.32 -.27 -.04 -.21  .00  .16| .16  .12  .06  .24  .35* .18  .13  .09  .03  .07
    1875 1924    1   -.34 -.25 -.25 -.19 -.31 -.41 -.29 -.10 -.19  .08  .35| .47* .37  .21  .15  .21  .17  .10 -.11 -.02  .03

 [B] Entire series, effect on correlation (  .495) is:
       Lower   1863< -.050   1996< -.010   1827< -.010   1882< -.006   1831> -.006   1873> -.006  Higher   1947  .012   1953  .010
     1822 to 1871 segment:
       Lower   1831> -.037   1832> -.024   1863< -.022   1842< -.019   1822> -.017   1853> -.016  Higher   1823  .039   1862  .028
     1825 to 1874 segment:
       Lower   1831> -.038   1873> -.025   1832> -.024   1842< -.020   1863< -.019   1853> -.016  Higher   1862  .034   1839  .030
     1850 to 1899 segment:
       Lower   1863< -.070   1882< -.026   1873> -.025   1877> -.021   1853> -.016   1885< -.015  Higher   1880  .036   1881  .030
     1875 to 1924 segment:
       Lower   1882< -.044   1908< -.038   1877> -.034   1885< -.025   1897> -.020   1879> -.018  Higher   1892  .029   1880  .029

 [C] Year-to-year changes diverging by over 4.0 std deviations:
       1862 1863  -4.6 SD

 [E] Outliers     2   3.0 SD above or -4.5 SD below mean for year
       1827 -4.7 SD;    1863 -5.5 SD
 ===================================================================================================================================

 RDM172    1821 to  2023     203 years                                                                                    Series  40

 [A] Segment   High   -10   -9   -8   -7   -6   -5   -4   -3   -2   -1   +0   +1   +2   +3   +4   +5   +6   +7   +8   +9  +10
    ---------  ----   ---  ---  ---  ---  ---  ---  ---  ---  ---  ---  ---  ---  ---  ---  ---  ---  ---  ---  ---  ---  ---
    1821 1870    5    .06 -.27 -.01 -.03 -.09  .02 -.30 -.07 -.07 -.11  .08| .09 -.03 -.19  .35  .40* .21  .15  .03 -.04 -.04
    1825 1874    5    .04 -.20  .01 -.08 -.11 -.03 -.31 -.08 -.05 -.06  .03| .13 -.01 -.13  .33  .49* .18  .12  .08 -.01  .00
    1850 1899    5   -.10 -.17 -.18  .10 -.14 -.29 -.30 -.03 -.25 -.02  .13| .18  .13  .08  .24  .36* .17  .16  .11  .05  .07
    1875 1924    1   -.30 -.24 -.32 -.23 -.35 -.44 -.35 -.13 -.28  .04  .29| .51* .49  .35  .29  .26  .19  .06 -.20  .00 -.04

 [B] Entire series, effect on correlation (  .475) is:
       Lower   1863< -.037   1827< -.033   1996< -.009   1943< -.006   1908< -.006   1877> -.006  Higher   2014  .016   1947  .013
     1821 to 1870 segment:
       Lower   1827< -.048   1831> -.030   1853> -.024   1832> -.023   1842< -.017   1854> -.014  Higher   1823  .063   1833  .026
     1825 to 1874 segment:
       Lower   1827< -.047   1831> -.030   1853> -.024   1832> -.023   1873> -.021   1842< -.017  Higher   1862  .030   1833  .025
     1850 to 1899 segment:
       Lower   1863< -.043   1877> -.026   1853> -.025   1882< -.024   1873> -.023   1879> -.015  Higher   1881  .031   1862  .026
     1875 to 1924 segment:
       Lower   1877> -.042   1908< -.039   1882< -.038   1919> -.033   1879> -.030   1897> -.021  Higher   1892  .028   1902  .028

 [C] Year-to-year changes diverging by over 4.0 std deviations:
       1826 1827  -4.6 SD    1827 1828   4.8 SD

 [E] Outliers     1   3.0 SD above or -4.5 SD below mean for year
       1827 -6.4 SD
 ===================================================================================================================================

 RDM181    1838 to  2023     186 years                                                                                    Series  41

 [A] Segment   High   -10   -9   -8   -7   -6   -5   -4   -3   -2   -1   +0   +1   +2   +3   +4   +5   +6   +7   +8   +9  +10
    ---------  ----   ---  ---  ---  ---  ---  ---  ---  ---  ---  ---  ---  ---  ---  ---  ---  ---  ---  ---  ---  ---  ---
    1838 1887   -7    .11  .09  .12  .42* .19  .18  .09  .00  .07 -.17 -.02|-.24 -.37 -.26 -.23 -.19 -.21 -.14  .12  .09  .00
    1850 1899   -7    .24  .14  .14  .25* .01  .18  .11  .04  .19 -.07 -.07|-.09 -.31 -.22 -.15 -.17 -.17 -.06  .05  .05 -.01
    1875 1924  -10    .33* .19  .06  .22  .07  .25  .17  .05  .20  .00 -.06| .03 -.13 -.08  .10  .01 -.11  .00 -.15 -.01 -.11
    1900 1949   -9    .28  .47* .11  .12 -.04 -.03  .02 -.06 -.18 -.03  .38| .11  .01 -.10  .03 -.02  .06 -.01 -.12  .05 -.11

 [B] Entire series, effect on correlation (  .446) is:
       Lower   2014> -.017   1902< -.012   1892> -.010   1886< -.010   1972< -.008   1895> -.007  Higher   1960  .020   2007  .016
     1838 to 1887 segment:
       Lower   1886< -.051   1869> -.027   1873> -.025   1874> -.025   1872> -.022   1864< -.022  Higher   1875  .179   1866  .032
     1850 to 1899 segment:
       Lower   1886< -.047   1892> -.043   1895> -.028   1864< -.021   1860< -.020   1869> -.017  Higher   1875  .145   1894  .031
     1875 to 1924 segment:
       Lower   1892> -.047   1902< -.046   1886< -.035   1895> -.032   1914> -.028   1917> -.020  Higher   1875  .134   1894  .037
     1900 to 1949 segment:
       Lower   1902< -.062   1914> -.033   1907< -.026   1917> -.024   1929> -.021   1911> -.018  Higher   1947  .096   1942  .031

 ===================================================================================================================================

 RDM182    1830 to  2023     194 years                                                                                    Series  42

 [A] Segment   High   -10   -9   -8   -7   -6   -5   -4   -3   -2   -1   +0   +1   +2   +3   +4   +5   +6   +7   +8   +9  +10
    ---------  ----   ---  ---  ---  ---  ---  ---  ---  ---  ---  ---  ---  ---  ---  ---  ---  ---  ---  ---  ---  ---  ---
    1830 1879   10    .22 -.23 -.30  .07 -.23 -.27 -.06 -.32 -.30 -.23 -.21|-.19  .11  .27  .10  .28  .25  .22  .23  .33  .41*
    1850 1899   10   -.02  .08 -.03  .05  .07 -.06 -.33 -.32 -.43 -.35 -.23|-.14  .08  .17  .05  .12  .20  .22  .20  .29  .42*
    1875 1924   10    .02  .11  .04  .00  .11 -.04 -.37 -.32 -.44 -.25 -.12|-.11  .00  .14  .07  .11 -.02 -.07  .08  .11  .18*
    1900 1949   -9    .20  .30*-.04 -.02 -.06 -.19 -.22  .00 -.14  .03  .21| .12  .02  .26  .01 -.06 -.15 -.11  .05 -.05 -.03

 [B] Entire series, effect on correlation (  .452) is:
       Lower   1835< -.027   1927> -.016   1906< -.015   1930< -.011   1890< -.010   1856> -.010  Higher   2009  .060   1960  .026
     1830 to 1879 segment:
       Lower   1835< -.090   1856> -.037   1865< -.024   1877> -.021   1845< -.019   1846< -.019  Higher   1830  .034   1832  .029
     1850 to 1899 segment:
       Lower   1856> -.037   1890< -.037   1882< -.025   1895> -.025   1865< -.021   1877> -.021  Higher   1898  .063   1869  .031
     1875 to 1924 segment:
       Lower   1906< -.064   1890< -.033   1895> -.028   1877> -.026   1896> -.023   1882< -.022  Higher   1898  .056   1924  .042
     1900 to 1949 segment:
       Lower   1927> -.076   1906< -.071   1930< -.051   1925> -.028   1917> -.024   1946< -.024  Higher   1936  .067   1947  .065

 ===================================================================================================================================

 RDM191    1855 to  2023     169 years                                                                                    Series  43

 [A] Segment   High   -10   -9   -8   -7   -6   -5   -4   -3   -2   -1   +0   +1   +2   +3   +4   +5   +6   +7   +8   +9  +10
    ---------  ----   ---  ---  ---  ---  ---  ---  ---  ---  ---  ---  ---  ---  ---  ---  ---  ---  ---  ---  ---  ---  ---
    1855 1904    4   -.20 -.15  .10 -.13 -.18 -.28 -.15 -.26 -.05  .24  .24| .24  .08  .18  .32* .04  .10  .10  .03  .09 -.14

 [B] Entire series, effect on correlation (  .627) is:
       Lower   1864< -.073   1883< -.019   1944< -.009   1891< -.006   1874> -.005   1919> -.005  Higher   2014  .024   1960  .022
     1855 to 1904 segment:
       Lower   1864< -.233   1883< -.059   1874> -.021   1873> -.018   1855> -.015   1863> -.008  Higher   1875  .120   1895  .024

 [C] Year-to-year changes diverging by over 4.0 std deviations:
       1863 1864  -4.5 SD

 [E] Outliers     1   3.0 SD above or -4.5 SD below mean for year
       1864 -4.6 SD
 ===================================================================================================================================

 RDM192    1840 to  2023     184 years                                                                                    Series  44

 [A] Segment   High   -10   -9   -8   -7   -6   -5   -4   -3   -2   -1   +0   +1   +2   +3   +4   +5   +6   +7   +8   +9  +10
    ---------  ----   ---  ---  ---  ---  ---  ---  ---  ---  ---  ---  ---  ---  ---  ---  ---  ---  ---  ---  ---  ---  ---
    1840 1889   -1   -.23  .03 -.14  .02 -.12  .09 -.20  .06  .09  .27* .09| .15  .10  .14 -.15  .06 -.09  .01  .05  .00 -.03
    1850 1899   -1   -.17  .04 -.14 -.14 -.14  .01 -.23  .09  .13  .30* .22| .17  .13  .17 -.12  .06 -.06  .00  .03 -.03 -.18
    1875 1924    0   -.18 -.03 -.03 -.23 -.24  .00 -.29 -.04  .10  .28  .29* .27  .10  .14 -.09 -.03  .00 -.11  .01 -.06 -.12

 [B] Entire series, effect on correlation (  .585) is:
       Lower   1884< -.040   1845< -.020   1967> -.010   1875> -.010   1916< -.008   1857> -.007  Higher   2014  .019   1960  .013
     1840 to 1889 segment:
       Lower   1884< -.071   1875> -.048   1845< -.047   1857> -.021   1873> -.020   1866< -.015  Higher   1876  .050   1888  .031
     1850 to 1899 segment:
       Lower   1884< -.125   1875> -.056   1857> -.020   1866< -.019   1873> -.019   1859< -.016  Higher   1892  .034   1888  .028
     1875 to 1924 segment:
       Lower   1884< -.118   1875> -.057   1924> -.028   1916< -.027   1905< -.019   1898> -.014  Higher   1907  .033   1892  .032

 ===================================================================================================================================

 RDM201    1816 to  2023     208 years                                                                                    Series  45

 [A] Segment   High   -10   -9   -8   -7   -6   -5   -4   -3   -2   -1   +0   +1   +2   +3   +4   +5   +6   +7   +8   +9  +10
    ---------  ----   ---  ---  ---  ---  ---  ---  ---  ---  ---  ---  ---  ---  ---  ---  ---  ---  ---  ---  ---  ---  ---
    1816 1865  -10    .26* .08 -.26 -.17  .15  .25  .18  .17 -.16 -.27  .22| .22  .20  .22 -.14 -.30 -.06  .09 -.16  .03 -.10
    1825 1874  -10    .32* .05 -.23 -.07  .30  .18  .15  .28 -.14 -.21  .08| .11  .18  .09 -.19 -.30 -.10 -.16 -.26  .04  .00
    1850 1899  -10    .35* .27  .20  .07  .13  .13 -.15  .09 -.13 -.07 -.10|-.22 -.04 -.04 -.20 -.14 -.04 -.13 -.08  .15  .09
    1875 1924   -9    .22  .41* .32  .15  .22  .16 -.04  .15 -.16 -.04 -.11|-.24 -.26 -.14 -.05 -.06  .09 -.04  .14  .10  .10
    1900 1949   -7   -.04  .25  .11  .44* .21  .21  .21  .09 -.14 -.16 -.03| .04  .15 -.16  .15  .04 -.22 -.06  .17 -.07  .09
    1925 1974   -7   -.21 -.16  .03  .33* .19 -.14  .16 -.08 -.10  .04 -.02| .14  .04 -.07  .01  .12 -.16  .18  .09 -.03  .08
    1950 1999   -7   -.30 -.34 -.02  .24* .15 -.18  .20  .00  .01  .23 -.03| .10 -.18 -.21 -.02 -.10  .21  .16 -.05  .09 -.02
    1974 2023    0   -.09 -.42 -.10  .24 -.19  .17 -.08  .18  .06  .00  .26*   -    -    -    -    -    -    -    -    -    -

 [B] Entire series, effect on correlation (  .076) is:
       Lower   1959< -.013   1977< -.011   1924> -.010   1989< -.009   1958> -.009   1945< -.009  Higher   2007  .022   2018  .016
     1816 to 1865 segment:
       Lower   1822> -.031   1848> -.030   1849> -.024   1861< -.021   1855> -.020   1819< -.018  Higher   1831  .116   1823  .043
     1825 to 1874 segment:
       Lower   1866< -.033   1868> -.031   1871> -.023   1861< -.022   1848> -.020   1839< -.018  Higher   1831  .137   1841  .026
     1850 to 1899 segment:
       Lower   1886< -.035   1880< -.028   1866< -.028   1885< -.026   1868> -.025   1882< -.020  Higher   1892  .126   1873  .033
     1875 to 1924 segment:
       Lower   1924> -.063   1886< -.028   1921< -.026   1880< -.023   1897> -.021   1885< -.021  Higher   1892  .135   1907  .034
     1900 to 1949 segment:
       Lower   1924> -.049   1945< -.041   1947> -.038   1949> -.026   1931< -.023   1921< -.021  Higher   1936  .066   1930  .045
     1925 to 1974 segment:
       Lower   1959< -.050   1945< -.033   1958> -.027   1947> -.024   1931< -.020   1970> -.018  Higher   1936  .044   1965  .037
     1950 to 1999 segment:
       Lower   1959< -.049   1977< -.041   1989< -.033   1958> -.031   1970> -.020   1995> -.018  Higher   1994  .039   1965  .038
     1974 to 2023 segment:
       Lower   1977< -.043   1989< -.031   2012< -.027   1995> -.025   2004> -.018   1999> -.018  Higher   2007  .056   2018  .045

 [C] Year-to-year changes diverging by over 4.0 std deviations:
       2008 2009   4.0 SD

 [E] Outliers     2   3.0 SD above or -4.5 SD below mean for year
       1831 -5.7 SD;    1949 +3.0 SD
 ===================================================================================================================================

 RDM202    1830 to  2023     194 years                                                                                    Series  46

 [A] Segment   High   -10   -9   -8   -7   -6   -5   -4   -3   -2   -1   +0   +1   +2   +3   +4   +5   +6   +7   +8   +9  +10
    ---------  ----   ---  ---  ---  ---  ---  ---  ---  ---  ---  ---  ---  ---  ---  ---  ---  ---  ---  ---  ---  ---  ---
    1830 1879    0   -.13 -.25 -.09  .11  .07 -.01  .17  .18  .08  .10  .24* .19 -.08 -.06 -.10 -.24 -.02 -.09  .09 -.08 -.15
    1850 1899   -2   -.09 -.15 -.12  .10 -.05  .19  .34  .32  .35* .10  .09| .06 -.24 -.06 -.17 -.28 -.04 -.31 -.09 -.12 -.26
    1875 1924   -2   -.21 -.26 -.17 -.11 -.13  .14  .28  .34  .41* .21  .18| .18 -.07  .14 -.05 -.02  .04 -.32 -.05 -.20 -.04

 [B] Entire series, effect on correlation (  .523) is:
       Lower   1886< -.030   1921< -.009   1934< -.009   1892> -.009   1903< -.007   2004> -.006  Higher   2009  .028   2014  .026
     1830 to 1879 segment:
       Lower   1859< -.043   1839< -.043   1846< -.040   1877> -.030   1853> -.027   1867< -.020  Higher   1875  .052   1831  .049
     1850 to 1899 segment:
       Lower   1886< -.154   1892> -.047   1880< -.034   1859< -.029   1877> -.022   1853> -.020  Higher   1875  .053   1866  .038
     1875 to 1924 segment:
       Lower   1886< -.135   1892> -.055   1921< -.046   1903< -.030   1877> -.028   1880< -.027  Higher   1875  .040   1907  .037

 ===================================================================================================================================

 RDM211    1822 to  2023     202 years                                                                                    Series  47

 [A] Segment   High   -10   -9   -8   -7   -6   -5   -4   -3   -2   -1   +0   +1   +2   +3   +4   +5   +6   +7   +8   +9  +10
    ---------  ----   ---  ---  ---  ---  ---  ---  ---  ---  ---  ---  ---  ---  ---  ---  ---  ---  ---  ---  ---  ---  ---
    1822 1871   -3   -.01 -.03 -.23  .21  .28  .15 -.06  .52* .38  .08  .21| .11 -.18 -.07 -.04 -.10 -.19 -.15 -.37 -.29 -.27
    1825 1874   -3   -.07  .04 -.24  .13  .35  .18  .04  .49* .44  .22  .19| .16 -.03 -.02 -.07 -.03 -.18 -.34 -.42 -.36 -.27
    1850 1899   -5   -.07 -.20 -.02  .24  .37  .39* .27  .26  .38  .08  .14| .13  .05  .02 -.30 -.02 -.22 -.50 -.35 -.37 -.25
    1875 1924   -6   -.03 -.15  .07  .26  .49* .49  .36  .16  .33  .16  .20| .01 -.14  .03 -.33 -.23 -.30 -.40  .06  .01 -.06
    1900 1949   -2    .07 -.20 -.12 -.11  .11  .21  .04  .06  .57* .14  .19|-.01 -.19 -.22  .05 -.07 -.09 -.01  .15  .30 -.03
    1925 1974   -2   -.08  .13  .09 -.20 -.05 -.08  .03 -.11  .75*-.02 -.08|-.08 -.11 -.26  .07  .28 -.17  .02  .03  .26 -.10
    1950 1999   -2   -.21  .05  .10 -.32 -.11 -.06  .15 -.17  .82* .01  .06|-.09 -.10 -.19 -.25  .29 -.36 -.03  .07  .14  .11
    1974 2023   -2   -.18 -.34 -.01 -.26  .01  .08 -.23  .07  .34* .24  .24|   -    -    -    -    -    -    -    -    -    -

 [B] Entire series, effect on correlation (  .128) is:
       Lower   1962< -.020   2014> -.016   2007> -.013   1967> -.013   1936> -.013   1960> -.012  Higher   1997  .016   2018  .014
     1822 to 1871 segment:
       Lower   1834< -.064   1868> -.038   1869> -.036   1856> -.036   1824< -.018   1835< -.018  Higher   1831  .071   1823  .070
     1825 to 1874 segment:
       Lower   1834< -.071   1868> -.039   1856> -.037   1869> -.037   1835< -.019   1832> -.013  Higher   1831  .073   1861  .047
     1850 to 1899 segment:
       Lower   1881< -.093   1895> -.039   1868> -.036   1869> -.035   1889< -.034   1856> -.034  Higher   1888  .061   1861  .048
     1875 to 1924 segment:
       Lower   1881< -.088   1895> -.043   1889< -.030   1902< -.030   1911> -.029   1905< -.029  Higher   1924  .075   1888  .050
     1900 to 1949 segment:
       Lower   1936> -.089   1926> -.028   1931< -.026   1934< -.026   1947> -.025   1902< -.022  Higher   1927  .069   1924  .052
     1925 to 1974 segment:
       Lower   1967> -.036   1936> -.035   1961> -.028   1962< -.027   1960> -.024   1953> -.020  Higher   1927  .045   1959  .043
     1950 to 1999 segment:
       Lower   1962< -.055   1967> -.039   1960> -.035   1961> -.030   1953> -.023   1981> -.022  Higher   1997  .054   1999  .043
     1974 to 2023 segment:
       Lower   2014> -.054   2007> -.037   2010< -.032   1981> -.024   2009> -.016   2012< -.014  Higher   1997  .037   2018  .031

 [C] Year-to-year changes diverging by over 4.0 std deviations:
       1961 1962  -5.5 SD    2009 2010  -6.8 SD    2013 2014   4.0 SD

 [E] Outliers     4   3.0 SD above or -4.5 SD below mean for year
       1834 -5.2 SD;    1961 +3.0 SD;    2010 -4.9 SD;    2014 +3.1 SD
 ===================================================================================================================================

 RDM212    1811 to  2023     213 years                                                                                    Series  48

 [A] Segment   High   -10   -9   -8   -7   -6   -5   -4   -3   -2   -1   +0   +1   +2   +3   +4   +5   +6   +7   +8   +9  +10
    ---------  ----   ---  ---  ---  ---  ---  ---  ---  ---  ---  ---  ---  ---  ---  ---  ---  ---  ---  ---  ---  ---  ---
    1811 1860    7    .08 -.01  .22  .11 -.18 -.02 -.10 -.27 -.26 -.10 -.15|-.12 -.32  .23  .21  .11  .01  .52* .34  .08  .44
    1825 1874    8   -.06 -.05  .12  .12  .01  .05 -.13 -.28 -.13 -.07 -.17|-.10 -.21  .10  .01  .19  .06  .12  .20* .04  .07
    1850 1899   -6   -.05 -.09  .12  .32  .33* .29  .21  .05  .10 -.15 -.03|-.09 -.05  .08 -.20 -.04 -.10 -.23 -.11 -.15 -.10
    1875 1924   -6   -.11 -.09  .07  .27  .47* .44  .33  .18  .24 -.01  .04|-.15 -.19 -.15 -.33 -.20 -.17 -.22  .09  .06  .08
    1900 1949   -3   -.19 -.11  .10  .21  .24  .20  .37  .62* .07  .15 -.04|-.07 -.29 -.15 -.24 -.04  .10  .07  .30  .14 -.01
    1925 1974   -3    .14  .14 -.04 -.10 -.08  .01 -.11  .82*-.11 -.08 -.08| .01 -.19  .18  .13 -.12  .12 -.13  .23 -.14  .04
    1950 1999   -3    .08  .21 -.22 -.09  .02  .14 -.16  .83*-.11 -.04 -.17|-.13 -.14 -.06  .27 -.26  .13 -.16  .17 -.04  .11
    1974 2023   -5    .04 -.22 -.33  .17  .13  .43*-.02  .16 -.06 -.06  .30|   -    -    -    -    -    -    -    -    -    -

 [B] Entire series, effect on correlation (  .083) is:
       Lower   1976< -.019   1960> -.015   1987< -.015   1930< -.014   1963< -.013   1813> -.010  Higher   2014  .107   2018  .018
     1811 to 1860 segment:
       Lower   1813> -.059   1818< -.049   1831> -.035   1839< -.030   1841< -.019   1855> -.015  Higher   1814  .090   1833  .029
     1825 to 1874 segment:
       Lower   1839< -.048   1831> -.047   1868> -.040   1841< -.031   1860< -.027   1869> -.022  Higher   1866  .050   1836  .046
     1850 to 1899 segment:
       Lower   1881< -.073   1889< -.044   1868> -.035   1875> -.027   1860< -.027   1869> -.019  Higher   1888  .075   1887  .037
     1875 to 1924 segment:
       Lower   1881< -.070   1889< -.041   1875> -.035   1911> -.028   1923> -.019   1895> -.019  Higher   1888  .063   1907  .040
     1900 to 1949 segment:
       Lower   1930< -.086   1938> -.056   1937> -.021   1911> -.019   1933> -.016   1925> -.015  Higher   1945  .083   1947  .048
     1925 to 1974 segment:
       Lower   1960> -.045   1930< -.045   1963< -.036   1938> -.030   1952< -.025   1973> -.021  Higher   1945  .053   1970  .044
     1950 to 1999 segment:
       Lower   1976< -.047   1987< -.036   1960> -.030   1999> -.026   1989< -.026   1997> -.021  Higher   1970  .048   1968  .033
     1974 to 2023 segment:
       Lower   1976< -.058   1987< -.048   1999> -.032   2001< -.032   1997> -.030   2007> -.029  Higher   2014  .248   2018  .035

 [C] Year-to-year changes diverging by over 4.0 std deviations:
       1986 1987  -4.1 SD

 ===================================================================================================================================

 RDM221    1800 to  2023     224 years                                                                                    Series  49

 [A] Segment   High   -10   -9   -8   -7   -6   -5   -4   -3   -2   -1   +0   +1   +2   +3   +4   +5   +6   +7   +8   +9  +10
    ---------  ----   ---  ---  ---  ---  ---  ---  ---  ---  ---  ---  ---  ---  ---  ---  ---  ---  ---  ---  ---  ---  ---
    1800 1849    3    .08  .14 -.09 -.29 -.15 -.25 -.07 -.07  .16  .34  .04|-.05  .22  .36* .09 -.01 -.29 -.27  .04  .00  .15
    1825 1874   -2   -.22 -.07 -.23 -.06  .04  .12  .13  .05  .42* .41  .03| .05  .18  .31 -.06 -.03 -.06 -.24 -.31 -.31  .06
    1850 1899   -1   -.30  .08 -.08 -.10  .07  .25  .09  .28  .55  .60* .35| .16  .12  .18 -.27 -.17 -.12 -.25 -.27 -.47 -.24

 [B] Entire series, effect on correlation (  .569) is:
       Lower   1823< -.031   1807< -.013   1811< -.010   1969< -.009   1863> -.007   1833> -.007  Higher   2014  .042   1960  .016
     1800 to 1849 segment:
       Lower   1823< -.125   1807< -.047   1833> -.026   1825> -.023   1813> -.017   1830< -.016  Higher   1801  .114   1814  .050
     1825 to 1874 segment:
       Lower   1833> -.045   1825> -.037   1830< -.036   1863> -.035   1839< -.030   1865< -.025  Higher   1828  .042   1841  .040
     1850 to 1899 segment:
       Lower   1863> -.045   1857< -.025   1865< -.025   1875> -.024   1884< -.024   1868> -.022  Higher   1888  .027   1892  .020

 [C] Year-to-year changes diverging by over 4.0 std deviations:
       1822 1823  -4.1 SD

 ===================================================================================================================================

 RDM222    1800 to  2023     224 years                                                                                    Series  50

 [A] Segment   High   -10   -9   -8   -7   -6   -5   -4   -3   -2   -1   +0   +1   +2   +3   +4   +5   +6   +7   +8   +9  +10
    ---------  ----   ---  ---  ---  ---  ---  ---  ---  ---  ---  ---  ---  ---  ---  ---  ---  ---  ---  ---  ---  ---  ---
    1825 1874   -1   -.21 -.17  .04  .12 -.03  .14  .25  .04  .01  .28* .16|-.05 -.01 -.05 -.05 -.06 -.03  .02 -.11 -.28 -.24
    1850 1899   -3   -.12 -.10  .03  .07  .18  .42  .60  .62* .38  .27  .18|-.07 -.15 -.07 -.18 -.24 -.33 -.36 -.43 -.44 -.37
    1875 1924   -3   -.12 -.13 -.24 -.20 -.05  .21  .32  .44* .33  .33  .33| .17  .12  .07 -.03  .04 -.31 -.32 -.47 -.21 -.26

 [B] Entire series, effect on correlation (  .609) is:
       Lower   1817< -.016   1980< -.010   1831> -.009   2019> -.008   2004> -.008   1821> -.007  Higher   2014  .043   2009  .032
     1825 to 1874 segment:
       Lower   1831> -.073   1868> -.050   1861< -.034   1860< -.032   1841< -.029   1828> -.028  Higher   1856  .055   1866  .041
     1850 to 1899 segment:
       Lower   1868> -.043   1875> -.035   1892> -.033   1860< -.029   1861< -.028   1886< -.026  Higher   1895  .055   1856  .044
     1875 to 1924 segment:
       Lower   1875> -.047   1892> -.041   1886< -.024   1906< -.023   1917> -.019   1880< -.017  Higher   1895  .046   1921  .037

 [C] Year-to-year changes diverging by over 4.0 std deviations:
       2014 2015   4.5 SD

 ===================================================================================================================================

 RDM231    1843 to  2023     181 years                                                                                    Series  51

 [A] Segment   High   -10   -9   -8   -7   -6   -5   -4   -3   -2   -1   +0   +1   +2   +3   +4   +5   +6   +7   +8   +9  +10
    ---------  ----   ---  ---  ---  ---  ---  ---  ---  ---  ---  ---  ---  ---  ---  ---  ---  ---  ---  ---  ---  ---  ---
    1843 1892    1   -.41 -.31 -.10 -.19 -.10  .00 -.06  .01  .21  .27  .50| .51* .32  .23  .12 -.09  .04  .08 -.07 -.13 -.32
    1850 1899    1   -.33 -.35 -.12 -.13 -.19 -.07 -.04 -.08  .22  .29  .44| .50* .31  .18  .16 -.10 -.01  .06 -.13 -.13 -.28
    1875 1924    1   -.14 -.18 -.02 -.04 -.28 -.07 -.12 -.17  .01  .10  .34| .55* .38  .27  .22  .28  .00  .14 -.26 -.02 -.12

 [B] Entire series, effect on correlation (  .564) is:
       Lower   1922< -.034   1984> -.017   1863> -.010   1981> -.009   2014> -.008   2007> -.008  Higher   2009  .045   1960  .011
     1843 to 1892 segment:
       Lower   1863> -.071   1862< -.044   1847< -.040   1891< -.023   1861< -.017   1883< -.017  Higher   1875  .086   1892  .030
     1850 to 1899 segment:
       Lower   1863> -.061   1862< -.043   1898> -.033   1895> -.032   1891< -.026   1883< -.017  Higher   1875  .085   1892  .029
     1875 to 1924 segment:
       Lower   1922< -.091   1908< -.029   1917> -.026   1898> -.026   1895> -.024   1914> -.017  Higher   1875  .076   1921  .031

 ===================================================================================================================================

 RDM232    1842 to  2023     182 years                                                                                    Series  52

 [A] Segment   High   -10   -9   -8   -7   -6   -5   -4   -3   -2   -1   +0   +1   +2   +3   +4   +5   +6   +7   +8   +9  +10
    ---------  ----   ---  ---  ---  ---  ---  ---  ---  ---  ---  ---  ---  ---  ---  ---  ---  ---  ---  ---  ---  ---  ---
    1842 1891   -1   -.16  .10 -.05 -.01  .02  .09  .24  .28  .29  .45* .25| .26  .12  .05 -.24 -.09 -.07 -.04 -.09 -.29 -.30
    1850 1899   -1   -.22  .00 -.13 -.18 -.16 -.12 -.03  .20  .20  .41* .29| .27  .20  .19 -.12  .02  .03  .01 -.03 -.23 -.31
    1875 1924    1   -.11  .00  .04 -.24 -.28 -.03 -.16  .00  .09  .28  .35| .36* .21  .23  .11  .26  .08 -.07 -.17 -.13 -.19

 [B] Entire series, effect on correlation (  .540) is:
       Lower   2007> -.013   1951< -.012   1966< -.012   1922< -.010   1917> -.009   1908< -.009  Higher   1960  .031   2009  .017
     1842 to 1891 segment:
       Lower   1875> -.066   1866< -.032   1871> -.028   1873> -.024   1888< -.022   1842< -.018  Higher   1876  .039   1880  .024
     1850 to 1899 segment:
       Lower   1875> -.062   1866< -.030   1871> -.023   1873> -.020   1888< -.020   1859< -.014  Higher   1892  .051   1880  .025
     1875 to 1924 segment:
       Lower   1875> -.059   1917> -.047   1908< -.037   1922< -.025   1905< -.019   1888< -.018  Higher   1892  .042   1907  .041

 ===================================================================================================================================
PART 7:  DESCRIPTIVE STATISTICS:                                                                   04:00  Fri 26 Jun 2026  Page   7
------------------------------------------------------------------------------------------------------------------------------------

                                                Corr   //-------- Unfiltered --------\\  //---- Filtered -----\\
                           No.    No.    No.    with   Mean   Max     Std   Auto   Mean   Max     Std   Auto  AR
 Seq Series   Interval   Years  Segmt  Flags   Master  msmt   msmt    dev   corr   sens  value    dev   corr  ()
 --- -------- ---------  -----  -----  -----   ------ -----  -----  -----  -----  -----  -----  -----  -----  --
   1 RDC011   1820 2023    204      8      8   -.086    .74   2.29   .372   .760   .274   2.77   .445  -.033   2
   2 RDC012   1833 1833      1      1      1    .000   9.38   9.38   .000   .000   .000   1.95   .000   .000   0
   3 RDC012   1840 2023    184      7      7   -.112    .83   2.11   .407   .781   .258   2.86   .460   .036   1
   4 RDM011   1807 2023    217      8      4    .556   1.05   2.98   .630   .760   .340   2.55   .355  -.003   1
   5 RDM012   1818 2023    206      8      3    .577   1.02   3.41   .645   .772   .346   2.73   .402  -.003   1
   6 RDM021   1829 2023    195      7      3    .496    .69   2.59   .438   .815   .327   2.82   .550  -.034   1
   7 RDM022   1835 2023    189      7      3    .585    .68   2.97   .504   .842   .336   2.66   .414   .035   1
   8 RDM031   1811 2023    213      8      7    .122    .88   3.15   .561   .834   .312   2.58   .375   .028   1
   9 RDM032   1809 2023    215      8      8    .109    .91   3.62   .669   .859   .326   2.50   .323   .018   1
  10 RDM041   1833 2023    191      7      2    .539    .86   2.87   .545   .776   .388   2.72   .388  -.064   1
  11 RDM042   1830 2023    194      7      3    .491    .63   2.05   .417   .748   .453   2.48   .324  -.024   1
  12 RDM051   1806 2023    218      8      4    .511   1.06   2.63   .527   .752   .281   2.48   .302  -.010   4
  13 RDM052   1809 2023    215      8      4    .420   1.10   2.88   .592   .782   .287   2.60   .386  -.045   3
  14 RDM061   1785 2023    239      9      4    .577    .88   2.83   .668   .874   .274   2.54   .329  -.035   2
  15 RDM062   1786 2023    238      9      3    .521    .92   3.64   .774   .865   .306   2.47   .319  -.038   2
  16 RDM071   1866 2023    158      6      5    .176    .95   5.22   .879   .707   .421   2.59   .417  -.071   1
  17 RDM072   1870 2023    154      6      5    .153   1.08   6.12  1.023   .738   .401   2.68   .406  -.065   1
  18 RDM081   1821 2023    203      8      4    .482    .79   2.41   .506   .838   .315   2.53   .304  -.007   2
  19 RDM082   1834 2023    190      7      2    .426    .72   2.12   .484   .796   .360   2.91   .464  -.041   1
  20 RDM091   1808 2001    194      8      6    .176   8.19  32.61  7.279   .881   .358   2.82   .477  -.041   1
  21 RDM091   2010 2023     14      1      0    .886    .67   1.12   .202   .379   .268   2.37   .592   .018   1
  22 RDM092   1800 1993    194      7      4    .408  10.63  33.69  7.173   .833   .324   2.61   .393  -.053   1
  23 RDM092   2000 2023     24      1      0    .841    .92   1.27   .253   .492   .249   2.54   .595   .041   1
  24 RDM101   1817 2023    207      8      5    .427    .67   3.18   .627   .872   .406   2.54   .328  -.061   2
  25 RDM102   1823 1990    168      7      4    .466   5.89  25.92  5.717   .854   .436   2.73   .455  -.047   2
  26 RDM102   2000 2023     24      1      0    .751    .80   1.22   .270   .120   .383   2.60   .543   .016   1
  27 RDM111   1819 2023    205      8      5    .309    .98   3.17   .641   .805   .327   2.48   .295  -.009   5
  28 RDM112   1813 2023    211      8      4    .404    .86   2.59   .589   .839   .367   2.46   .305  -.023   5
  29 RDM121   1827 2023    197      7      3    .480    .63   1.95   .382   .762   .370   2.51   .330  -.050   2
  30 RDM122   1826 2023    198      7      4    .477    .65   1.98   .376   .761   .334   2.50   .314  -.037   1
  31 RDM131   1810 2023    214      8      4    .581   1.10   4.87  1.006   .910   .333   2.64   .321  -.042   2
  32 RDM132   1819 2023    205      8      4    .518    .82   3.13   .616   .813   .389   2.48   .367  -.028   1
  33 RDM141   1853 2023    171      6      4    .122    .94   3.37   .743   .825   .375   2.70   .428  -.044   2
  34 RDM142   1895 2023    129      5      5    .143    .86   2.63   .587   .815   .373   2.48   .359  -.046   1
  35 RDM151   1812 2023    212      8      4    .464   1.07   4.04   .840   .881   .304   2.61   .321  -.001   1
  36 RDM152   1818 2023    206      8      4    .397   1.06   3.88   .759   .836   .315   2.55   .290  -.013   1
  37 RDM161   1918 2023    106      4      0    .738    .52   1.80   .419   .847   .436   2.56   .423   .000   1
  38 RDM162   1931 2023     93      3      2    .387    .55   1.81   .432   .877   .354   2.69   .510   .013   1
  39 RDM171   1822 2023    202      8      4    .495    .93   3.33   .674   .790   .377   2.49   .315  -.037   1
  40 RDM172   1821 2023    203      8      4    .475    .95   3.45   .729   .795   .380   2.50   .346  -.041   1
  41 RDM181   1838 2023    186      7      4    .446    .57   2.64   .468   .870   .365   2.49   .401  -.055   1
  42 RDM182   1830 2023    194      7      4    .452    .50   1.92   .348   .775   .426   2.61   .426  -.053   1
  43 RDM191   1855 2023    169      6      1    .627    .99   2.99   .549   .654   .386   2.63   .395  -.029   1
  44 RDM192   1840 2023    184      7      3    .585    .93   2.73   .546   .721   .389   2.64   .439  -.025   1
  45 RDM201   1816 2023    208      8      8    .076    .58   2.18   .495   .789   .421   2.71   .366  -.043   1
  46 RDM202   1830 2023    194      7      3    .523    .62   3.12   .594   .867   .378   2.65   .426  -.073   1
  47 RDM211   1822 2023    202      8      8    .128    .58   2.69   .463   .822   .385   2.58   .370  -.046   1
  48 RDM212   1811 2023    213      8      8    .083    .56   2.63   .458   .795   .391   2.72   .382  -.022   1
PART 7:  DESCRIPTIVE STATISTICS:                                                                   04:00  Fri 26 Jun 2026  Page   8
------------------------------------------------------------------------------------------------------------------------------------

                                                Corr   //-------- Unfiltered --------\\  //---- Filtered -----\\
                           No.    No.    No.    with   Mean   Max     Std   Auto   Mean   Max     Std   Auto  AR
 Seq Series   Interval   Years  Segmt  Flags   Master  msmt   msmt    dev   corr   sens  value    dev   corr  ()
 --- -------- ---------  -----  -----  -----   ------ -----  -----  -----  -----  -----  -----  -----  -----  --
  49 RDM221   1800 2023    224      8      3    .569    .69   2.44   .492   .864   .337   2.68   .408  -.044   4
  50 RDM222   1800 2023    224      8      3    .609    .66   2.45   .500   .874   .340   2.62   .386  -.047   1
  51 RDM231   1843 2023    181      7      3    .564    .69   2.62   .483   .791   .414   2.77   .440  -.054   1
  52 RDM232   1842 2023    182      7      3    .540    .97   3.07   .682   .788   .401   2.61   .417  -.026   1
 --- -------- ---------  -----  -----  -----   ------ -----  -----  -----  -----  -----  -----  -----  -----  --
 Total or mean:           9362    354    201    .405   1.27  33.69   .949   .808   .355   2.91   .380  -.030

                                              - = [  COFECHA VERY COF  ] = -
