[]  Dendrochronology Program Library                                        Run VERY   Program COF  10:51  Tue 16 Jun 2026  Page   1
[]
[]  P R O G R A M      C O F E C H A                                                                          Version 6.06P    33406
------------------------------------------------------------------------------------------------------------------------------------

 QUALITY CONTROL AND DATING CHECK OF TREE-RING MEASUREMENTS

 File of DATED series:   RAW.rwl

 CONTENTS:

    Part 1:  Title page, options selected, summary, absent rings by series
    Part 2:  Histogram of time spans
    Part 3:  Master series with sample depth and absent rings by year
    Part 4:  Bar plot of Master Dating Series
    Part 5:  Correlation by segment of each series with Master
    Part 6:  Potential problems: low correlation, divergent year-to-year changes, absent rings, outliers
    Part 7:  Descriptive statistics

 RUN CONTROL OPTIONS SELECTED                             VALUE

         1  Cubic smoothing spline 50% wavelength cutoff for filtering
                                                            32 years
         2  Segments examined are                           50 years lagged successively by  25 years
         3  Autoregressive model applied                     A  Residuals are used in master dating series and testing
         4  Series transformed to logarithms                 Y  Each series log-transformed for master dating series and testing
         5  CORRELATION is Pearson (parametric, quantitative)
            Critical correlation, 99% confidence level   .3281
         6  Master dating series saved                       N
         7  Ring measurements listed                         N
         8  Parts printed                              1234567 
         9  Absent rings are omitted from master series and segment correlations  (Y)

 Time span of Master dating series is  1749 to  2024   276 years
 Continuous time span is               1749 to  2024   276 years
 Portion with two or more series is    1758 to  2024   267 years


                                        ****************************************
                                        *C* Number of dated series        44 *C*
                                        *O* Master series 1749 2024  276 yrs *O*
                                        *F* Total rings in all series   8938 *F*
                                        *E* Total dated rings checked   8929 *E*
                                        *C* Series intercorrelation     .324 *C*
                                        *H* Average mean sensitivity    .255 *H*
                                        *A* Segments, possible problems  177 *A*
                                        *** Mean length of series      203.1 ***
                                        ****************************************

 ABSENT RINGS listed by SERIES:            (See Master Dating Series for absent rings listed by year)

               No ring measurements of zero value
PART 2:  TIME PLOT OF TREE-RING SERIES:                                                            10:51  Tue 16 Jun 2026  Page   2
------------------------------------------------------------------------------------------------------------------------------------
 1050 1100 1150 1200 1250 1300 1350 1400 1450 1500 1550 1600 1650 1700 1750 1800 1850 1900 1950 2000 2050 Ident   Seq Time-span  Yrs
   :    :    :    :    :    :    :    :    :    :    :    :    :    :    :    :    :    :    :    :    : -------- --- ---- ---- ----
   .    .    .    .    .    .    .    .    .    .    .    .    .    .    .    .    <================>  . EBD011     1 1850 2024  175
   .    .    .    .    .    .    .    .    .    .    .    .    .    .    .    .    .<===============>  . EBD012     2 1861 2024  164
   .    .    .    .    .    .    .    .    .    .    .    .    .    .    .    . <===================>  . EBD021     3 1826 2024  199
   .    .    .    .    .    .    .    .    .    .    .    .    .    .    .    .    .  <=============>  . EBD022     4 1888 2024  137
   .    .    .    .    .    .    .    .    .    .    .    .    .    .    .    .  <==================>  . EBD031     5 1839 2024  186
   .    .    .    .    .    .    .    .    .    .    .    .    .    .    .    .  <==================>  . EBD032     6 1835 2024  190
   .    .    .    .    .    .    .    .    .    .    .    .    .    .    .<=========================>  . EBD041     7 1768 2024  257
   .    .    .    .    .    .    .    .    .    .    .    .    .    .    .    <=====================>  . EBD042     8 1809 2024  216
   .    .    .    .    .    .    .    .    .    .    .    .    .    .    .   <======================>  . EBD051     9 1793 2024  232
   .    .    .    .    .    .    .    .    .    .    .    .    .    .    .    <=====================>  . EBD052    10 1801 2024  224
   .    .    .    .    .    .    .    .    .    .    .    .    .    .    <==========================>  . EBD061    11 1758 2024  267
   .    .    .    .    .    .    .    .    .    .    .    .    .    .    <==========================>  . EBD062    12 1759 2024  266
   .    .    .    .    .    .    .    .    .    .    .    .    .    .    .    .<====================>  . EBD071    13 1816 2024  209
   .    .    .    .    .    .    .    .    .    .    .    .    .    .    .   <======================>  . EBD072    14 1791 2024  234
   .    .    .    .    .    .    .    .    .    .    .    .    .    .    .  <=======================>  . EBD081    15 1787 2024  238
   .    .    .    .    .    .    .    .    .    .    .    .    .    .    .   <======================>  . EBD082    16 1790 2024  235
   .    .    .    .    .    .    .    .    .    .    .    .    .    .    .  <=======================>  . EBD091    17 1788 2024  237
   .    .    .    .    .    .    .    .    .    .    .    .    .    .    . <========================>  . EBD092    18 1779 2024  246
   .    .    .    .    .    .    .    .    .    .    .    .    .    .    .    .    .    . <=========>  . EBD101    19 1926 2024   99
   .    .    .    .    .    .    .    .    .    .    .    .    .    .    .    .    .  <=============>  . EBD102    20 1884 2024  141
   .    .    .    .    .    .    .    .    .    .    .    .    .    .    .    .    .    . <=========>  . EBD111    21 1929 2024   96
   .    .    .    .    .    .    .    .    .    .    .    .    .    .    .    .    .    .<==========>  . EBD112    22 1913 2024  112
   .    .    .    .    .    .    .    .    .    .    .    .    .    .    . <========================>  . EBD121    23 1770 2024  255
   .    .    .    .    .    .    .    .    .    .    .    .    .    .    .   <======================>  . EBD122    24 1795 2024  230
   .    .    .    .    .    .    .    .    .    .    .    .    .    .    .  <=======================>  . EBD131    25 1785 2024  240
   .    .    .    .    .    .    .    .    .    .    .    .    .    .    .  <=======================>  . EBD132    26 1785 2024  240
   .    .    .    .    .    .    .    .    .    .    .    .    .    .    .<=========================>  . EBD141    27 1762 2024  263
   .    .    .    .    .    .    .    .    .    .    .    .    .    .    .<=========================>  . EBD142    28 1765 2024  260
   .    .    .    .    .    .    .    .    .    .    .    .    .    .    . <========================>  . EBD151    29 1771 2024  254
   .    .    .    .    .    .    .    .    .    .    .    .    .    .    .<=========================>  . EBD152    30 1760 2024  265
   .    .    .    .    .    .    .    .    .    .    .    .    .    .    .    .    .    . <=========>  . EBD161    31 1924 2024  101
   .    .    .    .    .    .    .    .    .    .    .    .    .    .    .    .    .    . <=========>  . EBD162    32 1920 2024  105
   .    .    .    .    .    .    .    .    .    .    .    .    .    .    .<=========================>  . EBD171    33 1763 2024  262
   .    .    .    .    .    .    .    .    .    .    .    .    .    .   <===========================>  . EBD172    34 1749 2024  276
   .    .    .    .    .    .    .    .    .    .    .    .    .    .    .    .    <================>  . EBD181    35 1853 2024  172
   .    .    .    .    .    .    .    .    .    .    .    .    .    .    .    .    <================>  . EBD182    36 1850 2024  175
   .    .    .    .    .    .    .    .    .    .    .    .    .    .    .    . <===================>  . EBD191    37 1826 2024  199
   .    .    .    .    .    .    .    .    .    .    .    .    .    .    .  <=======================>  . EBD192    38 1784 2024  241
   .    .    .    .    .    .    .    .    .    .    .    .    .    .    .    .    .    .<==========>  . EBD201    39 1915 2024  110
   .    .    .    .    .    .    .    .    .    .    .    .    .    .    .    .    .    <===========>  . EBD202    40 1907 2024  118
   .    .    .    .    .    .    .    .    .    .    .    .    .    .    . <========================>  . EBD211    41 1775 2024  250
   .    .    .    .    .    .    .    .    .    .    .    .    .    .    .  <=======================>  . EBD212    42 1788 2024  237
   .    .    .    .    .    .    .    .    .    .    .    .    .    .    .    .    .<===============>  . EBD221    43 1860 2024  165
   .    .    .    .    .    .    .    .    .    .    .    .    .    .    .    .    .<===============>  . EBD222    44 1865 2024  160
   :    :    :    :    :    :    :    :    :    :    :    :    :    :    :    :    :    :    :    :    :
 1050 1100 1150 1200 1250 1300 1350 1400 1450 1500 1550 1600 1650 1700 1750 1800 1850 1900 1950 2000 2050
PART 3:  Master Dating Series:                                                                     10:51  Tue 16 Jun 2026  Page   3
------------------------------------------------------------------------------------------------------------------------------------
  Year  Value  No Ab    Year  Value  No Ab    Year  Value  No Ab    Year  Value  No Ab    Year  Value  No Ab    Year  Value  No Ab
  ------------------    ------------------    ------------------    ------------------    ------------------    ------------------
                        1750   .799   1       1800  -.204  22       1850   .495  31       1900   .249  37       1950  -.093  44
                        1751  1.092   1       1801   .262  23       1851  -.086  31       1901   .674  37       1951   .938  44
                        1752  -.464   1       1802   .964  23       1852  -.015  31       1902  -.452  37       1952   .953  44
                        1753  2.190   1       1803  1.250  23       1853  -.080  32       1903 -1.854  37       1953  -.125  44
                        1754  -.388   1       1804  1.218  23       1854  -.229  32       1904  -.239  37       1954  -.465  44
                        1755  2.376   1       1805   .888  23       1855 -1.124  32       1905  -.099  37       1955  -.314  44
                        1756   .060   1       1806   .840  23       1856  -.784  32       1906  -.712  37       1956   .119  44
                        1757 -2.186   1       1807   .748  23       1857  -.897  32       1907   .200  38       1957   .734  44
                        1758  1.020   2       1808   .770  23       1858  -.752  32       1908   .235  38       1958  1.606  44
                        1759  1.316   3       1809  -.035  24       1859  -.675  32       1909   .484  38       1959  1.867  44

                        1760   .609   4       1810  -.234  24       1860  -.155  33       1910   .513  38       1960  -.058  44
                        1761   .684   4       1811   .056  24       1861  1.202  34       1911   .754  38       1961   .146  44
                        1762  -.831   5       1812  -.740  24       1862  1.692  34       1912   .698  38       1962   .961  44
                        1763  -.572   6       1813 -1.089  24       1863  1.251  34       1913   .219  39       1963 -1.972  44
                        1764  -.426   6       1814  -.474  24       1864   .934  34       1914  -.958  39       1964  -.689  44
                        1765   .201   7       1815   .744  24       1865   .223  35       1915  -.543  40       1965 -1.523  44
                        1766 -1.047   7       1816   .517  25       1866   .078  35       1916  -.548  40       1966  -.643  44
                        1767  -.001   7       1817   .563  25       1867 -1.202  35       1917 -1.586  40       1967 -1.085  44
                        1768  -.699   8       1818   .666  25       1868 -1.180  35       1918 -1.821  40       1968  1.215  44
                        1769   .213   8       1819   .666  25       1869 -1.867  35       1919  -.512  40       1969  -.110  44

                        1770  -.031   9       1820   .635  25       1870   .399  35       1920   .393  41       1970 -1.037  44
                        1771  -.538  10       1821  -.065  25       1871  -.004  35       1921   .255  41       1971  -.845  44
                        1772  -.673  10       1822  -.116  25       1872   .147  35       1922   .322  41       1972   .123  44
                        1773  -.022  10       1823   .786  25       1873   .838  35       1923   .556  41       1973  -.593  44
                        1774  1.053  10       1824  -.474  25       1874  1.667  35       1924   .182  42       1974   .218  44
                        1775   .343  11       1825 -1.114  25       1875  -.607  35       1925   .806  42       1975 -1.420  44
                        1776   .322  11       1826  -.618  27       1876   .246  35       1926   .978  43       1976   .847  44
                        1777   .990  11       1827   .403  27       1877   .994  35       1927   .073  43       1977   .268  44
                        1778   .363  11       1828   .304  27       1878   .350  35       1928  1.309  43       1978   .401  44
                        1779  -.841  12       1829  -.693  27       1879  -.799  35       1929  1.276  44       1979  1.036  44

                        1780 -1.333  12       1830  -.629  27       1880   .390  35       1930  -.500  44       1980  1.526  44
                        1781  -.783  12       1831  -.706  27       1881 -1.548  35       1931  -.479  44       1981  2.439  44
                        1782  -.924  12       1832  -.298  27       1882   .196  35       1932 -1.845  44       1982  -.287  44
                        1783  -.122  12       1833  -.260  27       1883  -.539  35       1933 -1.720  44       1983  -.050  44
                        1784   .609  13       1834   .215  27       1884  -.186  36       1934  -.990  44       1984   .698  44
                        1785   .586  15       1835   .202  28       1885  -.028  36       1935  -.045  44       1985  -.437  44
                        1786   .798  15       1836  -.570  28       1886  1.028  36       1936 -1.574  44       1986  -.522  44
                        1787  1.448  16       1837  -.876  28       1887  -.381  36       1937   .005  44       1987   .002  44
                        1788  1.437  18       1838  -.396  28       1888  -.210  37       1938   .873  44       1988 -2.405  44
                        1789  1.655  18       1839   .298  29       1889   .299  37       1939  1.295  44       1989   .602  44

                        1790  1.746  19       1840   .136  29       1890 -1.585  37       1940  -.415  44       1990 -1.343  44
                        1791  1.274  20       1841   .568  29       1891  -.492  37       1941   .265  44       1991  -.068  44
                        1792   .666  20       1842   .617  29       1892  1.050  37       1942  1.159  44       1992   .106  44
                        1793  -.556  21       1843   .325  29       1893  -.402  37       1943  1.864  44       1993   .169  44
                        1794 -1.678  21       1844   .274  29       1894  -.885  37       1944   .338  44       1994   .722  44
                        1795 -1.522  22       1845  -.591  29       1895  -.400  37       1945  -.539  44       1995   .125  44
                        1796 -2.203  22       1846   .690  29       1896   .496  37       1946  -.011  44       1996   .832  44
                        1797 -2.918  22       1847   .302  29       1897  1.249  37       1947  -.918  44       1997   .189  44
                        1798 -1.655  22       1848   .362  29       1898  1.332  37       1948  -.384  44       1998  -.699  44
  1749 -4.842   1       1799  -.974  22       1849   .491  29       1899  1.586  37       1949 -2.011  44       1999 -2.612  44
PART 3:  Master Dating Series:                                                                     10:51  Tue 16 Jun 2026  Page   4
------------------------------------------------------------------------------------------------------------------------------------
  Year  Value  No Ab    Year  Value  No Ab    Year  Value  No Ab    Year  Value  No Ab    Year  Value  No Ab    Year  Value  No Ab
  ------------------    ------------------    ------------------    ------------------    ------------------    ------------------
  2000   .015  44
  2001   .540  44
  2002   .955  44
  2003  1.512  44
  2004   .853  44
  2005   .291  44
  2006  -.448  44
  2007  -.280  44
  2008 -1.396  44
  2009 -1.891  44

  2010  1.045  44
  2011  1.961  44
  2012  1.863  44
  2013  -.357  44
  2014 -2.824  44
  2015  -.577  44
  2016  -.791  44
  2017  -.839  44
  2018  -.414  44
  2019   .004  44

  2020   .731  44
  2021  1.545  44
  2022  -.790  44
  2023   .046  44
  2024  1.340  44



























------------------------------------------------------------------------------------------------------------------------------------
PART 4:  Master Bar Plot:                                                                          10:51  Tue 16 Jun 2026  Page   5
------------------------------------------------------------------------------------------------------------------------------------
   Year Rel value  Year Rel value  Year Rel value  Year Rel value  Year Rel value  Year Rel value  Year Rel value  Year Rel value
                   1750--------C   1800----a       1850-------B    1900------A     1950----@       2000-----@
                   1751---------D  1801------A     1851----@       1901--------C   1951---------D  2001-------B
                   1752---b        1802---------D  1852-----@      1902---b        1952---------D  2002---------D
                   1753----------I 1803---------E  1853----@       1903g           1953----a       2003----------F
                   1754---b        1804---------E  1854----a       1904----a       1954---b        2004--------C
                   1755----------J 1805---------D  1855-d          1905----@       1955---a        2005------A
                   1756-----@      1806--------C   1856-c          1906--c         1956-----@      2006---b
                   1757i           1807--------C   1857-d          1907------A     1957--------C   2007---a
                   1758---------D  1808--------C   1858--c         1908------A     1958----------F 2008f
                   1759----------E 1809----@       1859--c         1909-------B    1959----------G 2009h
                   1760-------B    1810----a       1860----a       1910-------B    1960----@       2010---------D
                   1761--------C   1811-----@      1861---------E  1911--------C   1961-----A      2011----------H
                   1762-c          1812--c         1862----------G 1912--------C   1962---------D  2012----------G
                   1763--b         1813-d          1863---------E  1913------A     1963h           2013---a
                   1764---b        1814---b        1864---------D  1914-d          1964--c         2014k
                   1765------A     1815--------C   1865------A     1915--b         1965f           2015--b
                   1766-d          1816-------B    1866-----@      1916--b         1966--c         2016-c
                   1767-----@      1817-------B    1867-e          1917f           1967-d          2017-c
                   1768--c         1818--------C   1868-e          1918g           1968---------E  2018---b
                   1769------A     1819--------C   1869g           1919---b        1969----@       2019-----@
                   1770----@       1820--------C   1870-------B    1920-------B    1970-d          2020--------C
                   1771--b         1821----@       1871-----@      1921------A     1971-c          2021----------F
                   1772--c         1822----@       1872-----A      1922------A     1972-----@      2022-c
                   1773-----@      1823--------C   1873--------C   1923-------B    1973--b         2023-----@
                   1774---------D  1824---b        1874----------G 1924------A     1974------A     2024----------E
                   1775------A     1825-d          1875--b         1925--------C   1975f
                   1776------A     1826--b         1876------A     1926---------D  1976--------C
                   1777---------D  1827-------B    1877---------D  1927-----@      1977------A
                   1778------A     1828------A     1878------A     1928----------E 1978-------B
                   1779-c          1829--c         1879-c          1929---------E  1979---------D
                   1780-e          1830--c         1880-------B    1930---b        1980----------F
                   1781-c          1831--c         1881f           1931---b        1981----------J
                   1782-d          1832---a        1882------A     1932g           1982---a
                   1783----@       1833----a       1883--b         1933g           1983----@
                   1784-------B    1834------A     1884----a       1934-d          1984--------C
                   1785-------B    1835------A     1885-----@      1935----@       1985---b
                   1786--------C   1836--b         1886---------D  1936f           1986---b
                   1787----------F 1837-d          1887---b        1937-----@      1987-----@
                   1788----------F 1838---b        1888----a       1938--------C   1988j
                   1789----------G 1839------A     1889------A     1939---------E  1989-------B
                   1790----------G 1840-----A      1890f           1940---b        1990-e
                   1791---------E  1841-------B    1891---b        1941------A     1991----@
                   1792--------C   1842-------B    1892---------D  1942---------E  1992-----@
                   1793--b         1843------A     1893---b        1943----------G 1993------A
                   1794g           1844------A     1894-d          1944------A     1994--------C
                   1795f           1845--b         1895---b        1945--b         1995-----A
                   1796i           1846--------C   1896-------B    1946-----@      1996--------C
                   1797l           1847------A     1897---------E  1947-d          1997------A
                   1798g           1848------A     1898----------E 1948---b        1998--c
   1749s           1799-d          1849-------B    1899----------F 1949h           1999j
PART 5:  CORRELATION OF SERIES BY SEGMENTS:                                                        10:51  Tue 16 Jun 2026  Page   5
------------------------------------------------------------------------------------------------------------------------------------
 Correlations of  50-year dated segments, lagged  25 years
 Flags:  A = correlation under   .3281 but highest as dated;  B = correlation higher at other than dated position

 Seq Series  Time_span   1750 1775 1800 1825 1850 1875 1900 1925 1950 1975
                         1799 1824 1849 1874 1899 1924 1949 1974 1999 2024
 --- -------- ---------  ---- ---- ---- ---- ---- ---- ---- ---- ---- ---- ---- ---- ---- ---- ---- ---- ---- ---- ---- ----
   1 EBD011   1850 2024                       .68  .64  .66  .39  .18B .37
   2 EBD012   1861 2024                       .68  .68  .71  .62  .55  .58
   3 EBD021   1826 2024                  .20B .51  .59  .44  .50  .54  .69
   4 EBD022   1888 2024                            .50  .43  .49  .54  .63
   5 EBD031   1839 2024                  .47  .55  .44  .03B-.18B-.07B-.01B
   6 EBD032   1835 2024                  .13B .29A .28B-.03B-.03B-.22B-.16B
   7 EBD041   1768 2024   .35B .34B .19B .12B-.09B-.06B .07B-.03B .12B .22B
   8 EBD042   1809 2024            -.03B .01B .00B-.12B .01B .12B .03B .03B
   9 EBD051   1793 2024        .30B .30A-.01B-.02B .06B .13B .16B-.07B-.10B
  10 EBD052   1801 2024            -.24B-.19B-.04B-.19B-.02B .14B .06B-.08B
  11 EBD061   1758 2024   .35B .43B .11B .23B .00B-.09B .18B .35B .63  .41
  12 EBD062   1759 2024   .01B .28B-.04B .15B .07B .10B .42  .46  .71  .51
  13 EBD071   1816 2024             .48  .63  .60  .43  .52  .70  .64  .58
  14 EBD072   1791 2024        .61  .48  .55  .65  .40  .46  .69  .65  .61
  15 EBD081   1787 2024        .37B .05B .01B .28B .24B .07B-.01B .02B .29B
  16 EBD082   1790 2024        .15B .05B .04B-.02B-.09B .09B .13B .09B .21B
  17 EBD091   1788 2024        .27B-.03B-.09B .19B .35B .14B-.10B .05B .41
  18 EBD092   1779 2024        .19B-.04B-.03B .02B-.01B .06B .24B .14B .09B
  19 EBD101   1926 2024                                      .53  .71  .70
  20 EBD102   1884 2024                            .25B .27B .60  .69  .78
  21 EBD111   1929 2024                                      .36  .51  .48
  22 EBD112   1913 2024                                 .27A .40  .66  .68
  23 EBD121   1770 2024   .03B .07B-.26B-.03B .06B-.03B-.05B-.06B-.22B-.18B
  24 EBD122   1795 2024       -.15B .14B-.01B-.04B .04B .01B-.03B .06B .15B
  25 EBD131   1785 2024        .54  .33  .36  .67  .72  .64  .56  .60  .71
  26 EBD132   1785 2024        .67  .40  .38  .62  .67  .62  .65  .67  .68
  27 EBD141   1762 2024   .40B .55B .33  .50  .71  .57  .49  .55  .73  .75
  28 EBD142   1765 2024   .56B .58B .17B .13B-.01B-.14B .14B .44  .64  .69
  29 EBD151   1771 2024   .27B .41B .30B .34  .01B .04B .24B .01B-.35B-.15B
  30 EBD152   1760 2024   .31B .47B .17B .20B-.04B .00B .18B .09B-.20B-.10B
  31 EBD161   1924 2024                                 .58  .57  .65  .68
  32 EBD162   1920 2024                                 .51  .53  .65  .68
  33 EBD171   1763 2024   .38  .41  .19B .19B .59  .47  .43  .76  .59  .61
  34 EBD172   1749 2024   .06B .19B .01B .20B .66  .46  .43  .74  .58  .56
  35 EBD181   1853 2024                       .05B .11B .19B-.02B .05B .07B
  36 EBD182   1850 2024                       .11B .14B .19B-.05B .01B .13B
  37 EBD191   1826 2024                  .10B .43  .64  .64  .67  .77  .78
  38 EBD192   1784 2024        .05B-.20B .24B .71  .73  .66  .64  .69  .77
  39 EBD201   1915 2024                                 .09B .11B .61  .68
  40 EBD202   1907 2024                                 .39  .53  .72  .72
  41 EBD211   1775 2024        .01B-.09B .15B .50  .54  .60  .72  .76  .61
  42 EBD212   1788 2024        .09B-.04B .18B .43  .47  .60  .68  .69  .51
  43 EBD221   1860 2024                       .61  .38  .53  .70  .64  .70
  44 EBD222   1865 2024                       .61  .41  .46  .68  .67  .72
 Av segment correlation   .27  .31  .11  .18  .31  .29  .32  .36  .39  .42
PART 6:  POTENTIAL PROBLEMS:                                                                       10:51  Tue 16 Jun 2026  Page   6
------------------------------------------------------------------------------------------------------------------------------------

 For each series with potential problems the following diagnostics may appear:

 [A] Correlations with master dating series of flagged  50-year segments of series filtered with  32-year spline,
     at every point from ten years earlier (-10) to ten years later (+10) than dated

 [B] Effect of those data values which most lower or raise correlation with master series
     Symbol following year indicates value in series is greater (>) or lesser (<) than master series value

 [C] Year-to-year changes very different from the mean change in other series

 [D] Absent rings (zero values)

 [E] Values which are statistical outliers from mean for the year
 ===================================================================================================================================

 EBD011    1850 to  2024     175 years                                                                                    Series   1

 [A] Segment   High   -10   -9   -8   -7   -6   -5   -4   -3   -2   -1   +0   +1   +2   +3   +4   +5   +6   +7   +8   +9  +10
    ---------  ----   ---  ---  ---  ---  ---  ---  ---  ---  ---  ---  ---  ---  ---  ---  ---  ---  ---  ---  ---  ---  ---
    1950 1999    8   -.03 -.05 -.10  .08 -.23  .21  .06 -.01  .06  .05  .18| .19 -.03 -.10 -.14 -.16 -.19 -.18  .26*-.09  .04

 [B] Entire series, effect on correlation (  .454) is:
       Lower   1974< -.093   1980< -.019   1982> -.018   1938< -.009   1981< -.008   1973> -.007  Higher   1932  .014   1936  .012
     1950 to 1999 segment:
       Lower   1974< -.192   1980< -.041   1982> -.038   1973> -.014   1981< -.011   1989< -.008  Higher   1958  .023   1996  .023

 [C] Year-to-year changes diverging by over 4.0 std deviations:
       1973 1974  -5.3 SD    1981 1982   4.0 SD

 ===================================================================================================================================

 EBD012    1861 to  2024     164 years                                                                                    Series   2

 [B] Entire series, effect on correlation (  .625) is:
       Lower   1980< -.028   1947> -.008   1962< -.007   1951< -.007   1890> -.007   2022> -.006  Higher   1988  .020   1963  .013

 ===================================================================================================================================

 EBD021    1826 to  2024     199 years                                                                                    Series   3

 [A] Segment   High   -10   -9   -8   -7   -6   -5   -4   -3   -2   -1   +0   +1   +2   +3   +4   +5   +6   +7   +8   +9  +10
    ---------  ----   ---  ---  ---  ---  ---  ---  ---  ---  ---  ---  ---  ---  ---  ---  ---  ---  ---  ---  ---  ---  ---
    1826 1875    1    .05  .11 -.06  .06  .03 -.28 -.07 -.04 -.11 -.19  .20| .21* .14  .19  .17 -.17  .17 -.43 -.08 -.02 -.02

 [B] Entire series, effect on correlation (  .467) is:
       Lower   1854< -.028   1839< -.020   1828< -.014   1990> -.013   1845> -.010   1918> -.010  Higher   2014  .018   1981  .010
     1826 to 1875 segment:
       Lower   1839< -.053   1845> -.039   1828< -.033   1854< -.023   1868> -.019   1831> -.018  Higher   1875  .121   1861  .042

 ===================================================================================================================================

 EBD022    1888 to  2024     137 years                                                                                    Series   4

 [B] Entire series, effect on correlation (  .564) is:
       Lower   1944< -.018   1990> -.016   1998< -.016   1918> -.012   1933> -.010   1958< -.010  Higher   2014  .026   1903  .012

 ===================================================================================================================================

 EBD031    1839 to  2024     186 years                                                                                    Series   5

 [A] Segment   High   -10   -9   -8   -7   -6   -5   -4   -3   -2   -1   +0   +1   +2   +3   +4   +5   +6   +7   +8   +9  +10
    ---------  ----   ---  ---  ---  ---  ---  ---  ---  ---  ---  ---  ---  ---  ---  ---  ---  ---  ---  ---  ---  ---  ---
    1900 1949   -5   -.20  .11 -.08 -.04 -.01  .26* .13  .11  .04  .13  .03| .04 -.05 -.11  .02 -.19 -.26 -.34 -.04  .08  .08
    1925 1974   -5   -.18  .14 -.22 -.05 -.18  .52* .04  .15 -.14  .23 -.18| .09 -.04  .02 -.20  .04 -.07 -.15  .04  .23  .06
    1950 1999   -5   -.10  .21 -.10 -.09 -.16  .51*-.03  .20 -.02  .24 -.07|-.05 -.16 -.01 -.33  .16  .07 -.07  .07 -.03 -.13
    1975 2024   -5   -.13  .11  .20 -.19 -.03  .24* .11  .21 -.06  .01 -.01|   -    -    -    -    -    -    -    -    -    -

 [B] Entire series, effect on correlation (  .122) is:
       Lower   2014> -.027   1963> -.021   1988> -.020   1958< -.014   1917> -.014   1939< -.013  Higher   1890  .025   1918  .022
     1900 to 1949 segment:
       Lower   1939< -.065   1917> -.054   1949> -.037   1933> -.035   1912< -.024   1937< -.018  Higher   1918  .122   1943  .038
     1925 to 1974 segment:
       Lower   1963> -.050   1958< -.045   1939< -.043   1933> -.024   1968< -.020   1949> -.020  Higher   1965  .045   1943  .037
     1950 to 1999 segment:
       Lower   1963> -.062   1988> -.057   1958< -.042   1968< -.018   1973> -.016   1967> -.014  Higher   1975  .066   1981  .065
     1975 to 2024 segment:
       Lower   2014> -.073   1988> -.052   2012< -.026   2008> -.018   2003< -.015   1976< -.013  Higher   1975  .055   1981  .050

 [C] Year-to-year changes diverging by over 4.0 std deviations:
       2013 2014   4.8 SD

 ===================================================================================================================================

 EBD032    1835 to  2024     190 years                                                                                    Series   6

 [A] Segment   High   -10   -9   -8   -7   -6   -5   -4   -3   -2   -1   +0   +1   +2   +3   +4   +5   +6   +7   +8   +9  +10
    ---------  ----   ---  ---  ---  ---  ---  ---  ---  ---  ---  ---  ---  ---  ---  ---  ---  ---  ---  ---  ---  ---  ---
    1835 1884   -8    .21 -.05  .23*-.33 -.04 -.13  .12 -.01  .13  .19  .13| .03  .03 -.17  .00 -.22 -.05  .01 -.05 -.14  .04
    1850 1899    0    .13  .18  .11 -.29  .00 -.17 -.05  .08  .04  .05  .29* .10 -.02 -.04  .16 -.26 -.12  .02 -.23 -.20  .07
    1875 1924   -9    .01  .29* .05 -.18  .09 -.10  .03  .01 -.02 -.06  .28| .03  .02  .04  .29 -.24 -.07 -.26 -.29 -.17 -.03
    1900 1949   -7   -.11  .16 -.03  .28* .01  .05 -.03  .11  .06  .12 -.03|-.01 -.06 -.17 -.21 -.14  .05 -.08  .03  .00 -.04
    1925 1974   -7   -.19 -.08 -.14  .54*-.02  .12 -.20  .27 -.07  .07 -.03| .06 -.09 -.02 -.08 -.02 -.14  .25  .06  .03 -.10
    1950 1999   -7   -.07  .00 -.13  .59*-.11  .26 -.10  .20 -.04  .00 -.22| .04 -.29  .04  .19 -.13  .05  .03 -.09  .01 -.09
    1975 2024   -7   -.12 -.06 -.12  .37*-.03  .32  .12  .03 -.05 -.27 -.16|   -    -    -    -    -    -    -    -    -    -

 [B] Entire series, effect on correlation (  .030) is:
       Lower   1988> -.034   1976< -.017   1939< -.013   1975> -.012   1990> -.011   1917> -.011  Higher   1890  .030   1918  .018
     1835 to 1884 segment:
       Lower   1842< -.031   1877< -.026   1867> -.024   1881> -.024   1854> -.022   1836> -.016  Higher   1879  .043   1868  .032
     1850 to 1899 segment:
       Lower   1899< -.044   1881> -.032   1867> -.027   1854> -.024   1877< -.023   1853< -.020  Higher   1890  .083   1898  .024
     1875 to 1924 segment:
       Lower   1917> -.064   1899< -.051   1881> -.035   1877< -.027   1903> -.026   1912< -.023  Higher   1890  .091   1918  .055
     1900 to 1949 segment:
       Lower   1939< -.066   1917> -.044   1936> -.043   1941< -.033   1930> -.024   1912< -.023  Higher   1918  .094   1947  .067
     1925 to 1974 segment:
       Lower   1939< -.058   1936> -.036   1968< -.033   1941< -.028   1930> -.021   1956< -.019  Higher   1947  .064   1958  .040
     1950 to 1999 segment:
       Lower   1988> -.097   1976< -.046   1975> -.032   1990> -.028   1968< -.019   1996< -.012  Higher   1958  .044   1981  .030
     1975 to 2024 segment:
       Lower   1988> -.096   1976< -.044   1975> -.032   1990> -.029   2011< -.023   2021< -.017  Higher   2013  .074   2014  .042

 [C] Year-to-year changes diverging by over 4.0 std deviations:
       1975 1976  -4.1 SD

 [E] Outliers     1   3.0 SD above or -4.5 SD below mean for year
       1988 +3.5 SD
 ===================================================================================================================================

 EBD041    1768 to  2024     257 years                                                                                    Series   7

 [A] Segment   High   -10   -9   -8   -7   -6   -5   -4   -3   -2   -1   +0   +1   +2   +3   +4   +5   +6   +7   +8   +9  +10
    ---------  ----   ---  ---  ---  ---  ---  ---  ---  ---  ---  ---  ---  ---  ---  ---  ---  ---  ---  ---  ---  ---  ---
    1768 1817   -2   -.34 -.32 -.45 -.35 -.14 -.04  .25  .37  .52* .50  .35| .31  .15  .09 -.02 -.22 -.33 -.37 -.47 -.38 -.08
    1775 1824   -2   -.20 -.26 -.44 -.34 -.25 -.11  .16  .38  .52* .50  .34| .27  .19  .16 -.13 -.14 -.22 -.29 -.36 -.27 -.05
    1800 1849   -2    .00 -.08 -.27 -.23 -.12 -.07 -.22  .01  .33* .28  .19| .09  .14  .20 -.04  .05  .15  .02 -.13  .04  .18
    1825 1874   -2    .01 -.22 -.14 -.05  .14 -.01 -.11 -.14  .41* .15  .12|-.03  .16 -.20 -.12 -.20  .04 -.03  .09 -.18  .41
    1850 1899   -2   -.07 -.38  .13 -.08 -.04 -.02  .03 -.03  .67*-.09 -.09| .08  .14 -.29  .03 -.21 -.11  .14  .13 -.26  .44
    1875 1924   -2   -.24 -.22  .18 -.16 -.23 -.05 -.04 -.07  .63*-.09 -.06| .29  .02 -.26  .10 -.13 -.10  .24  .08 -.21  .14
    1900 1949   -2   -.27 -.20 -.06 -.21 -.16 -.04 -.19 -.07  .53*-.03  .07| .30  .15  .04 -.03 -.24  .01  .13 -.06 -.18 -.17
    1925 1974   -2   -.06 -.20 -.14 -.16  .03 -.15 -.03 -.07  .75*-.08 -.03| .10  .19  .03  .02 -.13 -.02 -.05 -.08 -.15  .06
    1950 1999   -2    .15 -.12 -.15 -.16 -.05 -.08  .10 -.13  .76*-.08  .12| .06  .11 -.10 -.01 -.15 -.07 -.04 -.07 -.03  .09
    1975 2024   -2    .02  .02  .07 -.04  .01 -.14 -.16 -.01  .47* .04  .22|   -    -    -    -    -    -    -    -    -    -

 [B] Entire series, effect on correlation (  .108) is:
       Lower   1951< -.021   2001< -.016   1929< -.013   1892< -.013   1982> -.011   1963> -.009  Higher   1965  .015   1975  .010
     1768 to 1817 segment:
       Lower   1773> -.048   1777< -.039   1778> -.033   1813> -.024   1786< -.021   1780> -.016  Higher   1794  .037   1796  .026
     1775 to 1824 segment:
       Lower   1823< -.049   1778> -.034   1777< -.034   1813> -.026   1780> -.019   1786< -.017  Higher   1794  .035   1796  .021
     1800 to 1849 segment:
       Lower   1823< -.085   1813> -.035   1836> -.025   1807< -.021   1833> -.019   1815< -.017  Higher   1845  .042   1824  .031
     1825 to 1874 segment:
       Lower   1873< -.041   1861< -.041   1874< -.040   1856> -.030   1854> -.026   1868> -.019  Higher   1855  .057   1857  .045
     1850 to 1899 segment:
       Lower   1892< -.048   1875> -.030   1877< -.023   1879> -.020   1894> -.018   1890> -.017  Higher   1883  .067   1899  .043
     1875 to 1924 segment:
       Lower   1892< -.061   1877< -.030   1875> -.030   1879> -.020   1894> -.017   1890> -.017  Higher   1883  .063   1899  .047
     1900 to 1949 segment:
       Lower   1929< -.093   1938< -.056   1949> -.042   1940> -.020   1903> -.020   1945> -.016  Higher   1932  .054   1917  .038
     1925 to 1974 segment:
       Lower   1951< -.081   1929< -.050   1963> -.032   1938< -.031   1949> -.031   1962< -.025  Higher   1965  .080   1932  .040
     1950 to 1999 segment:
       Lower   1951< -.099   1982> -.046   1963> -.038   1962< -.029   1999> -.025   1984< -.025  Higher   1965  .060   1975  .040
     1975 to 2024 segment:
       Lower   2001< -.105   1982> -.046   1999> -.029   1984< -.024   2015< -.022   2013> -.021  Higher   1975  .034   1990  .033

 [C] Year-to-year changes diverging by over 4.0 std deviations:
       1962 1963   4.1 SD    2000 2001  -4.0 SD

 [E] Outliers     2   3.0 SD above or -4.5 SD below mean for year
       1883 -5.3 SD;    2001 -4.6 SD
 ===================================================================================================================================

 EBD042    1809 to  2024     216 years                                                                                    Series   8

 [A] Segment   High   -10   -9   -8   -7   -6   -5   -4   -3   -2   -1   +0   +1   +2   +3   +4   +5   +6   +7   +8   +9  +10
    ---------  ----   ---  ---  ---  ---  ---  ---  ---  ---  ---  ---  ---  ---  ---  ---  ---  ---  ---  ---  ---  ---  ---
    1809 1858    3    .02  .01 -.15 -.26 -.40 -.24  .18  .14  .11 -.02 -.03| .11  .05  .24* .18  .11 -.01 -.13 -.09 -.32 -.07
    1825 1874   -4   -.12  .02  .08 -.15 -.20 -.12  .41* .15  .17  .05  .01|-.17 -.06 -.12  .15  .08  .06 -.14  .23 -.27  .04
    1850 1899   -4    .24 -.13  .03  .09  .02 -.10  .64*-.13 -.05  .03  .00|-.28  .16 -.18 -.08  .22  .09 -.24  .36 -.02 -.03
    1875 1924   -4    .12 -.27 -.14  .09 -.01 -.06  .67*-.09 -.02  .16 -.12|-.31  .08 -.15 -.10  .23  .12 -.14  .28  .16 -.08
    1900 1949   -4   -.25 -.29 -.16 -.07 -.09  .18  .64* .03  .25  .28  .01|-.04 -.18 -.27 -.08  .01 -.14 -.21 -.07  .18 -.06
    1925 1974   -4   -.26 -.27 -.12 -.13 -.09  .04  .71*-.04  .15  .14  .12|-.05  .08 -.10  .07  .00 -.03 -.22  .02 -.01 -.11
    1950 1999   -4   -.15 -.12 -.15 -.14  .08 -.24  .77*-.15  .24  .05  .03|-.07  .12 -.02  .02 -.08  .00  .07  .07 -.04 -.18
    1975 2024   -4   -.04  .02  .11 -.14 -.11 -.31  .51* .01  .34  .04  .03|   -    -    -    -    -    -    -    -    -    -

 [B] Entire series, effect on correlation (  .012) is:
       Lower   1885< -.016   1903> -.014   1988> -.013   2003< -.013   2013> -.011   1881> -.010  Higher   1949  .016   1975  .016
     1809 to 1858 segment:
       Lower   1823< -.058   1845> -.041   1836> -.026   1858> -.024   1841< -.023   1840< -.023  Higher   1825  .058   1815  .044
     1825 to 1874 segment:
       Lower   1873< -.042   1845> -.036   1861< -.025   1836> -.024   1863< -.024   1858> -.022  Higher   1874  .053   1825  .047
     1850 to 1899 segment:
       Lower   1885< -.069   1881> -.044   1890> -.038   1898< -.021   1873< -.020   1858> -.013  Higher   1875  .032   1874  .029
     1875 to 1924 segment:
       Lower   1903> -.053   1885< -.039   1881> -.038   1890> -.033   1917> -.026   1898< -.018  Higher   1918  .047   1875  .033
     1900 to 1949 segment:
       Lower   1903> -.068   1947> -.036   1917> -.034   1933> -.033   1930> -.029   1907< -.025  Higher   1949  .078   1936  .059
     1925 to 1974 segment:
       Lower   1947> -.035   1933> -.033   1930> -.029   1963> -.027   1958< -.022   1959< -.017  Higher   1949  .057   1967  .044
     1950 to 1999 segment:
       Lower   1988> -.050   1994< -.032   1958< -.018   1985> -.016   1963> -.014   1959< -.013  Higher   1967  .055   1975  .054
     1975 to 2024 segment:
       Lower   1988> -.049   2003< -.048   2013> -.041   1994< -.032   2010< -.021   1985> -.017  Higher   1975  .059   2009  .039

 [C] Year-to-year changes diverging by over 4.0 std deviations:
       1903 1904  -4.1 SD

 [E] Outliers     1   3.0 SD above or -4.5 SD below mean for year
       1885 -5.6 SD
 ===================================================================================================================================

 EBD051    1793 to  2024     232 years                                                                                    Series   9

 [A] Segment   High   -10   -9   -8   -7   -6   -5   -4   -3   -2   -1   +0   +1   +2   +3   +4   +5   +6   +7   +8   +9  +10
    ---------  ----   ---  ---  ---  ---  ---  ---  ---  ---  ---  ---  ---  ---  ---  ---  ---  ---  ---  ---  ---  ---  ---
    1793 1842   -1   -.24 -.33 -.30 -.38 -.32 -.17  .00  .06 -.03  .31* .30| .25  .09  .06 -.06 -.15 -.32 -.28 -.10 -.17 -.15
    1800 1849    0   -.20 -.17 -.10 -.23 -.26 -.13 -.09  .01 -.17  .17  .30* .01  .01 -.03 -.07 -.13 -.15 -.17 -.02  .06  .16
    1825 1874   -8   -.23  .06  .19* .00  .00  .00 -.01 -.17 -.19 -.10 -.01|-.10 -.03 -.01  .04 -.09 -.01  .07  .07  .09  .13
    1850 1899    6   -.21 -.17  .06  .09  .21 -.01  .21 -.17  .06 -.06 -.02|-.25 -.08  .06  .02 -.04  .23* .15  .11  .10 -.14
    1875 1924   -4   -.21 -.30 -.14 -.02  .23  .05  .33* .19  .15  .10  .06|-.39 -.24 -.16 -.25 -.06  .25  .07  .31  .16 -.16
    1900 1949   -3   -.23 -.36 -.22 -.18  .06 -.15  .22  .46* .18  .23  .13| .19 -.24 -.07 -.23 -.24 -.06 -.03  .01 -.02 -.18
    1925 1974    1   -.24 -.32 -.16 -.02 -.01 -.10 -.03  .22  .13  .11  .16| .27*-.09  .14 -.04 -.10 -.12 -.01 -.27 -.07 -.18
    1950 1999   -3   -.31 -.04 -.01 -.11  .10  .07 -.08  .27*-.11  .13 -.07| .03 -.07  .06 -.04  .15 -.09  .13  .12  .10 -.16
    1975 2024   -1   -.18  .08  .14 -.15  .15 -.05  .00  .14 -.11  .28*-.10|   -    -    -    -    -    -    -    -    -    -

 [B] Entire series, effect on correlation (  .055) is:
       Lower   1991< -.015   1897< -.011   1975> -.011   2003< -.011   1963> -.011   1988> -.011  Higher   1933  .013   1925  .010
     1793 to 1842 segment:
       Lower   1793> -.042   1835< -.039   1797> -.037   1838> -.028   1799> -.025   1815< -.024  Higher   1803  .029   1795  .027
     1800 to 1849 segment:
       Lower   1846< -.059   1838> -.041   1831> -.035   1835< -.018   1815< -.017   1832> -.015  Higher   1837  .030   1813  .026
     1825 to 1874 segment:
       Lower   1846< -.038   1855> -.031   1858> -.023   1854> -.023   1857> -.020   1874< -.019  Higher   1845  .088   1870  .030
     1850 to 1899 segment:
       Lower   1897< -.063   1893> -.047   1890> -.043   1855> -.027   1858> -.022   1874< -.022  Higher   1881  .058   1875  .040
     1875 to 1924 segment:
       Lower   1897< -.071   1893> -.053   1890> -.051   1917> -.031   1909< -.028   1914> -.022  Higher   1881  .048   1918  .046
     1900 to 1949 segment:
       Lower   1948< -.039   1943< -.036   1917> -.030   1949> -.026   1909< -.023   1945> -.021  Higher   1933  .052   1925  .046
     1925 to 1974 segment:
       Lower   1963> -.061   1948< -.041   1943< -.036   1952< -.028   1949> -.021   1945> -.021  Higher   1933  .047   1925  .034
     1950 to 1999 segment:
       Lower   1991< -.044   1975> -.040   1963> -.035   1988> -.034   1979< -.030   1981< -.023  Higher   1965  .040   1959  .036
     1975 to 2024 segment:
       Lower   1975> -.038   2003< -.034   1988> -.030   1991< -.025   1979< -.024   1982> -.020  Higher   2012  .039   2024  .034

 [C] Year-to-year changes diverging by over 4.0 std deviations:
       1844 1845  -4.0 SD    1948 1949   4.8 SD    1981 1982   4.1 SD    1990 1991  -5.3 SD    1991 1992   4.4 SD

 [E] Outliers     2   3.0 SD above or -4.5 SD below mean for year
       1845 -5.7 SD;    1991 -5.8 SD
 ===================================================================================================================================

 EBD052    1801 to  2024     224 years                                                                                    Series  10

 [A] Segment   High   -10   -9   -8   -7   -6   -5   -4   -3   -2   -1   +0   +1   +2   +3   +4   +5   +6   +7   +8   +9  +10
    ---------  ----   ---  ---  ---  ---  ---  ---  ---  ---  ---  ---  ---  ---  ---  ---  ---  ---  ---  ---  ---  ---  ---
    1801 1850   -3   -.31 -.24 -.13  .02  .04 -.10  .17  .35* .11  .11 -.24|-.12 -.20 -.26 -.18  .01  .04  .17  .02  .31 -.07
    1825 1874    9   -.05  .05 -.07  .10 -.16 -.19 -.10  .13 -.03 -.02 -.19|-.04 -.09 -.10  .04  .19  .10  .18 -.13  .21*-.10
    1850 1899   -9    .01  .23* .02  .23 -.14 -.02  .05  .03 -.21 -.10 -.04|-.02 -.07  .13  .14  .17  .19 -.06 -.21  .04 -.23
    1875 1924   -7   -.09  .17  .04  .34* .23  .11  .13  .07 -.33 -.19 -.19|-.29 -.12  .22  .09  .24  .18 -.09  .24  .14 -.16
    1900 1949   -6   -.08  .09 -.08  .20  .44* .20  .18  .18 -.03 -.25 -.02|-.27 -.28  .02 -.02  .03 -.03 -.09  .22  .25  .06
    1925 1974   -3    .03 -.01 -.02 -.02  .23  .09  .12  .29* .20 -.11  .14|-.10 -.12 -.10 -.08 -.28 -.05 -.15 -.11 -.03  .15
    1950 1999   -6   -.07 -.07  .00 -.05  .21*-.08  .14  .05  .12 -.04  .06|-.09  .13  .04  .08  .01  .13 -.22 -.15 -.20 -.06
    1975 2024   -2    .16 -.03  .13  .02  .05 -.30  .04 -.12  .22* .04 -.08|   -    -    -    -    -    -    -    -    -    -

 [B] Entire series, effect on correlation ( -.063) is:
       Lower   2024< -.016   1881> -.015   1909< -.014   1862< -.014   1968< -.013   1994< -.013  Higher   1963  .038   1936  .024
     1801 to 1850 segment:
       Lower   1848< -.037   1815< -.035   1849< -.024   1821> -.023   1831> -.022   1829> -.022  Higher   1813  .044   1838  .033
     1825 to 1874 segment:
       Lower   1862< -.077   1848< -.050   1874< -.037   1857> -.031   1849< -.029   1829> -.017  Higher   1861  .078   1869  .067
     1850 to 1899 segment:
       Lower   1862< -.087   1881> -.084   1874< -.046   1898< -.039   1893> -.038   1857> -.035  Higher   1861  .062   1869  .058
     1875 to 1924 segment:
       Lower   1881> -.065   1909< -.053   1893> -.030   1898< -.027   1917> -.026   1918> -.024  Higher   1875  .043   1896  .032
     1900 to 1949 segment:
       Lower   1909< -.092   1943< -.042   1917> -.030   1918> -.028   1903> -.017   1922< -.015  Higher   1936  .095   1928  .073
     1925 to 1974 segment:
       Lower   1968< -.073   1951< -.061   1943< -.049   1965> -.025   1960> -.020   1933> -.018  Higher   1963  .141   1936  .083
     1950 to 1999 segment:
       Lower   1994< -.068   1968< -.063   1951< -.052   1999> -.034   1965> -.021   1998> -.020  Higher   1963  .141   1982  .042
     1975 to 2024 segment:
       Lower   2024< -.060   1994< -.046   2014> -.045   2013> -.025   2021< -.024   1999> -.023  Higher   1982  .048   1988  .041

 [C] Year-to-year changes diverging by over 4.0 std deviations:
       1967 1968  -4.1 SD

 [E] Outliers     1   3.0 SD above or -4.5 SD below mean for year
       1909 -4.6 SD
 ===================================================================================================================================

 EBD061    1758 to  2024     267 years                                                                                    Series  11

 [A] Segment   High   -10   -9   -8   -7   -6   -5   -4   -3   -2   -1   +0   +1   +2   +3   +4   +5   +6   +7   +8   +9  +10
    ---------  ----   ---  ---  ---  ---  ---  ---  ---  ---  ---  ---  ---  ---  ---  ---  ---  ---  ---  ---  ---  ---  ---
    1758 1807    2      - -.35 -.16 -.27 -.17 -.09 -.03  .21  .32  .36  .35| .35  .37* .00 -.18 -.20 -.14 -.28 -.20 -.11 -.24
    1775 1824   -1   -.12 -.28 -.26 -.33 -.38 -.23 -.02  .10  .27  .46* .43| .32  .21  .11  .03 -.17 -.33 -.32 -.30 -.26 -.16
    1800 1849    4   -.04  .08  .01 -.07 -.16 -.20 -.07 -.18  .11  .25  .11| .15 -.15  .11  .30* .14 -.03  .04 -.17 -.24 -.03
    1825 1874   -1   -.10  .21 -.11 -.13 -.17 -.26 -.09 -.07  .24  .53* .23| .32 -.18  .03 -.30 -.20 -.21 -.09 -.20  .06 -.02
    1850 1899   -1   -.06  .01 -.40  .22 -.47 -.14  .11  .02 -.06  .79* .00| .23  .06 -.05 -.49 -.05 -.29 -.15  .08  .20 -.04
    1875 1924   -1   -.18 -.13 -.39  .13 -.39  .01  .32  .05  .03  .77*-.09| .05  .00 -.30 -.46 -.01 -.18 -.15  .12  .12  .04
    1900 1949   -1   -.23 -.11 -.40 -.36 -.13 -.05  .05  .24  .15  .67* .18| .06 -.08  .01 -.15 -.28 -.27 -.11 -.06 -.14 -.09
    1925 1974   -1   -.06 -.05 -.21 -.14 -.07 -.17 -.06  .03 -.07  .36* .35|-.04  .01  .20 -.09 -.25 -.17 -.05  .02 -.15  .06

 [B] Entire series, effect on correlation (  .254) is:
       Lower   1881> -.019   1829> -.017   1875> -.014   2012< -.013   1882< -.012   2014> -.012  Higher   1990  .015   1988  .013
     1758 to 1807 segment:
       Lower   1758> -.061   1806< -.044   1760< -.031   1774< -.022   1785< -.021   1764< -.021  Higher   1797  .039   1789  .031
     1775 to 1824 segment:
       Lower   1820< -.078   1806< -.051   1785< -.025   1812> -.025   1779> -.021   1813> -.016  Higher   1797  .038   1794  .027
     1800 to 1849 segment:
       Lower   1829> -.173   1820< -.064   1806< -.050   1812> -.031   1813> -.021   1841< -.020  Higher   1803  .047   1823  .032
     1825 to 1874 segment:
       Lower   1829> -.149   1870< -.027   1841< -.025   1844< -.021   1866< -.020   1855> -.020  Higher   1861  .040   1862  .033
     1850 to 1899 segment:
       Lower   1881> -.083   1875> -.059   1882< -.051   1880< -.023   1876< -.018   1887> -.017  Higher   1894  .048   1899  .045
     1875 to 1924 segment:
       Lower   1881> -.076   1875> -.054   1882< -.047   1914> -.029   1880< -.022   1907< -.018  Higher   1918  .106   1899  .054
     1900 to 1949 segment:
       Lower   1928< -.046   1940> -.038   1914> -.033   1907< -.021   1904< -.017   1937< -.016  Higher   1918  .065   1933  .054
     1925 to 1974 segment:
       Lower   1928< -.049   1940> -.039   1969> -.029   1933< -.022   1937< -.016   1944> -.015  Higher   1963  .035   1968  .025

 [C] Year-to-year changes diverging by over 4.0 std deviations:
       1880 1881   4.2 SD    1881 1882  -4.5 SD    1932 1933  -5.1 SD    1933 1934   4.0 SD    2012 2013   4.1 SD

 [E] Outliers     2   3.0 SD above or -4.5 SD below mean for year
       1829 +3.4 SD;    1933 -5.8 SD
 ===================================================================================================================================

 EBD062    1759 to  2024     266 years                                                                                    Series  12

 [A] Segment   High   -10   -9   -8   -7   -6   -5   -4   -3   -2   -1   +0   +1   +2   +3   +4   +5   +6   +7   +8   +9  +10
    ---------  ----   ---  ---  ---  ---  ---  ---  ---  ---  ---  ---  ---  ---  ---  ---  ---  ---  ---  ---  ---  ---  ---
    1759 1808   -1   -.21 -.13 -.29 -.10 -.26  .09  .12  .15  .33  .55* .01| .45  .04 -.16 -.14  .05 -.29 -.25 -.14 -.19 -.19
    1775 1824   -2   -.15 -.15 -.32 -.41 -.29 -.16  .06  .25  .45* .42  .28| .30  .20  .14  .00 -.22 -.31 -.31 -.31 -.27 -.08
    1800 1849    3    .04 -.01 -.10 -.21 -.21 -.16 -.16  .04  .18  .12 -.04|-.06  .19  .40* .20  .11  .04 -.03 -.08  .16  .01
    1825 1874   -2    .05 -.18 -.21 -.21 -.25 -.13 -.03  .19  .44* .28  .15|-.13 -.02 -.26 -.24 -.09 -.03 -.09  .19  .15  .25
    1850 1899   -2    .09 -.38  .03 -.39 -.11  .04 -.01  .00  .77* .02  .07| .12 -.08 -.51 -.09 -.21 -.04  .08  .21  .03  .42
    1875 1924   -2   -.12 -.29 -.05 -.45 -.16  .07  .08  .05  .69* .13  .10| .19 -.17 -.40 -.08 -.19 -.12 -.02 -.07  .03  .16

 [B] Entire series, effect on correlation (  .279) is:
       Lower   1774< -.022   2014> -.016   2012< -.014   1890> -.013   1761< -.012   1766> -.010  Higher   1949  .021   1988  .019
     1759 to 1808 segment:
       Lower   1774< -.107   1766> -.054   1761< -.053   1760> -.026   1762> -.022   1767< -.020  Higher   1796  .055   1790  .033
     1775 to 1824 segment:
       Lower   1813> -.069   1780> -.027   1807< -.024   1786< -.023   1823< -.022   1824> -.016  Higher   1796  .055   1790  .028
     1800 to 1849 segment:
       Lower   1813> -.074   1830> -.048   1842< -.026   1807< -.023   1823< -.022   1827< -.018  Higher   1803  .038   1804  .038
     1825 to 1874 segment:
       Lower   1842< -.050   1830> -.043   1870< -.030   1861< -.026   1827< -.024   1851> -.018  Higher   1869  .057   1867  .045
     1850 to 1899 segment:
       Lower   1890> -.082   1879> -.039   1877< -.038   1897< -.023   1870< -.023   1861< -.018  Higher   1881  .062   1869  .051
     1875 to 1924 segment:
       Lower   1890> -.075   1877< -.036   1879> -.035   1914> -.022   1897< -.021   1889< -.017  Higher   1918  .120   1881  .048

 [C] Year-to-year changes diverging by over 4.0 std deviations:
       1948 1949  -4.2 SD

 [E] Outliers     2   3.0 SD above or -4.5 SD below mean for year
       1933 -4.5 SD;    1949 -6.6 SD
 ===================================================================================================================================

 EBD071    1816 to  2024     209 years                                                                                    Series  13

 [B] Entire series, effect on correlation (  .563) is:
       Lower   2024< -.020   1898< -.014   1918> -.014   1988> -.009   1990> -.009   1899< -.009  Higher   2014  .023   1999  .020

 ===================================================================================================================================

 EBD072    1791 to  2024     234 years                                                                                    Series  14

 [B] Entire series, effect on correlation (  .583) is:
       Lower   2024< -.022   1918> -.013   1990> -.008   1975> -.007   1845> -.006   1898< -.006  Higher   2014  .020   1999  .018

 ===================================================================================================================================

 EBD081    1787 to  2024     238 years                                                                                    Series  15

 [A] Segment   High   -10   -9   -8   -7   -6   -5   -4   -3   -2   -1   +0   +1   +2   +3   +4   +5   +6   +7   +8   +9  +10
    ---------  ----   ---  ---  ---  ---  ---  ---  ---  ---  ---  ---  ---  ---  ---  ---  ---  ---  ---  ---  ---  ---  ---
    1787 1836   -3   -.41 -.56 -.41 -.27 -.17 -.08  .19  .50* .42  .43  .37| .30  .13 -.13 -.17 -.22 -.40 -.41 -.29  .03 -.12
    1800 1849   -3   -.09 -.29 -.20 -.10 -.10 -.18 -.02  .44* .26  .23  .05| .13  .10 -.17 -.01  .12 -.22 -.29 -.11  .22 -.22
    1825 1874   -3    .03 -.17 -.05 -.05 -.15 -.16 -.03  .48* .31  .32  .01| .14 -.03 -.24 -.22 -.16 -.26 -.14 -.07  .21  .00
    1850 1899   -3   -.07  .00 -.35 -.09  .04 -.24 -.15  .64*-.01  .08  .28| .20 -.13  .01 -.44 -.20 -.06  .06 -.09  .35  .16
    1875 1924   -3    .12  .09 -.13 -.08 -.03 -.26 -.28  .35*-.26  .06  .24| .13 -.02  .15 -.12  .12  .03  .01 -.22  .09 -.14
    1900 1949   -3    .03 -.03 -.04 -.02 -.15 -.20 -.18  .31*-.05  .21  .07| .11  .15 -.05 -.05  .10  .12 -.11 -.31 -.26 -.07
    1925 1974   -3   -.13 -.16 -.18  .08 -.07 -.09 -.14  .78* .16  .08 -.01| .12  .01 -.05 -.18 -.16  .07  .11 -.31 -.04  .08
    1950 1999   -3   -.02 -.14 -.29  .06 -.07 -.16 -.16  .42*-.02  .23  .02| .23 -.02  .21 -.06  .04 -.22  .12 -.22  .06  .16
    1975 2024   -1   -.13  .10 -.13  .06  .07 -.22 -.21 -.08 -.13  .35* .29|   -    -    -    -    -    -    -    -    -    -

 [B] Entire series, effect on correlation (  .205) is:
       Lower   1989< -.028   1990> -.012   1968< -.011   1913< -.010   1901< -.010   1932> -.010  Higher   2014  .030   1903  .022
     1787 to 1836 segment:
       Lower   1787< -.052   1829> -.045   1831> -.042   1827< -.030   1830> -.027   1794> -.023  Higher   1797  .120   1789  .025
     1800 to 1849 segment:
       Lower   1829> -.054   1831> -.050   1845> -.037   1827< -.033   1830> -.032   1821> -.026  Higher   1813  .061   1836  .050
     1825 to 1874 segment:
       Lower   1829> -.039   1831> -.035   1869> -.033   1827< -.030   1845> -.027   1839< -.024  Higher   1864  .036   1836  .030
     1850 to 1899 segment:
       Lower   1878< -.063   1890> -.047   1882< -.040   1869> -.033   1896< -.021   1861< -.011  Higher   1893  .041   1881  .027
     1875 to 1924 segment:
       Lower   1890> -.041   1913< -.040   1901< -.039   1878< -.035   1882< -.029   1917> -.027  Higher   1903  .093   1918  .053
     1900 to 1949 segment:
       Lower   1901< -.039   1932> -.038   1913< -.034   1939< -.034   1943< -.033   1911< -.023  Higher   1903  .129   1918  .071
     1925 to 1974 segment:
       Lower   1968< -.045   1932> -.038   1939< -.035   1943< -.034   1940> -.023   1952< -.022  Higher   1963  .077   1959  .031
     1950 to 1999 segment:
       Lower   1989< -.097   1990> -.041   1968< -.035   1982> -.031   1975> -.028   1952< -.018  Higher   1988  .079   1963  .055
     1975 to 2024 segment:
       Lower   1989< -.133   1990> -.048   1982> -.036   1975> -.033   2009> -.026   1981< -.026  Higher   2014  .113   1988  .054

 [C] Year-to-year changes diverging by over 4.0 std deviations:
       1988 1989  -5.3 SD    1989 1990   6.2 SD

 [E] Outliers     1   3.0 SD above or -4.5 SD below mean for year
       1989 -5.3 SD
 ===================================================================================================================================

 EBD082    1790 to  2024     235 years                                                                                    Series  16

 [A] Segment   High   -10   -9   -8   -7   -6   -5   -4   -3   -2   -1   +0   +1   +2   +3   +4   +5   +6   +7   +8   +9  +10
    ---------  ----   ---  ---  ---  ---  ---  ---  ---  ---  ---  ---  ---  ---  ---  ---  ---  ---  ---  ---  ---  ---  ---
    1790 1839   -5   -.40 -.27 -.17  .00  .25  .54* .43  .37  .42  .26  .15|-.03 -.18 -.21 -.37 -.47 -.32 -.06 -.06  .00  .15
    1800 1849   -5   -.24 -.11 -.07 -.01  .18  .51* .32  .18  .17  .04  .05|-.13 -.06  .02 -.12 -.35 -.10  .06 -.04 -.01  .09
    1825 1874   -5    .02 -.05 -.22 -.14  .06  .42* .35  .23  .17  .03  .04|-.37 -.08 -.16 -.13 -.20  .08  .06  .08  .08  .06
    1850 1899   -4   -.04 -.35  .05  .04 -.17  .06  .57*-.07  .18  .19 -.02|-.20 -.12 -.36 -.08 -.01  .03  .13  .25  .06  .05
    1875 1924   -4   -.07 -.18  .12  .04 -.21 -.12  .38*-.28  .14  .24 -.09|-.03  .00 -.14  .12  .04 -.03  .05  .12 -.08 -.05
    1900 1949   -4   -.19 -.03  .00 -.11 -.09 -.03  .39*-.01  .21  .13  .09| .03 -.11  .01  .08  .04 -.15 -.32 -.29  .04 -.05
    1925 1974   -4   -.09 -.18 -.01 -.17  .05 -.04  .70* .19  .00  .14  .13| .10 -.14 -.14 -.13 -.06 -.06 -.31 -.19  .18 -.05
    1950 1999   -4   -.08 -.31 -.02 -.04 -.06 -.13  .46* .04  .07  .17  .09| .14  .03 -.07 -.04 -.19  .07 -.18  .01  .27 -.08
    1975 2024   -2   -.03 -.17  .01  .11 -.26 -.21  .01  .15  .30* .20  .21|   -    -    -    -    -    -    -    -    -    -

 [B] Entire series, effect on correlation (  .094) is:
       Lower   1963> -.017   1989< -.015   1890> -.014   1903> -.014   1881> -.012   1999> -.010  Higher   1990  .022   1936  .011
     1790 to 1839 segment:
       Lower   1802< -.049   1833> -.038   1825> -.037   1818< -.033   1812> -.025   1796> -.025  Higher   1797  .053   1829  .032
     1800 to 1849 segment:
       Lower   1833> -.057   1825> -.057   1802< -.054   1812> -.040   1841< -.034   1818< -.033  Higher   1829  .068   1845  .046
     1825 to 1874 segment:
       Lower   1867> -.042   1825> -.038   1833> -.034   1841< -.033   1860< -.023   1851> -.014  Higher   1874  .056   1869  .047
     1850 to 1899 segment:
       Lower   1890> -.058   1881> -.049   1893> -.029   1867> -.024   1875> -.014   1897< -.010  Higher   1894  .053   1883  .050
     1875 to 1924 segment:
       Lower   1890> -.052   1903> -.051   1881> -.043   1917> -.029   1893> -.026   1904< -.013  Higher   1883  .053   1894  .050
     1900 to 1949 segment:
       Lower   1903> -.068   1917> -.038   1904< -.030   1947> -.029   1933> -.029   1930> -.025  Higher   1936  .058   1949  .040
     1925 to 1974 segment:
       Lower   1963> -.096   1947> -.032   1933> -.031   1930> -.027   1932> -.023   1965> -.020  Higher   1936  .055   1949  .038
     1950 to 1999 segment:
       Lower   1963> -.075   1989< -.068   1999> -.041   1975> -.021   1965> -.016   1960> -.014  Higher   1990  .096   1968  .024
     1975 to 2024 segment:
       Lower   1989< -.070   1999> -.044   2002< -.041   2014> -.028   1975> -.022   2015< -.018  Higher   1990  .077   2009  .031

 [C] Year-to-year changes diverging by over 4.0 std deviations:
       1883 1884   4.0 SD    1903 1904  -4.1 SD    1988 1989  -5.0 SD

 [E] Outliers     1   3.0 SD above or -4.5 SD below mean for year
       1883 -5.9 SD
 ===================================================================================================================================

 EBD091    1788 to  2024     237 years                                                                                    Series  17

 [A] Segment   High   -10   -9   -8   -7   -6   -5   -4   -3   -2   -1   +0   +1   +2   +3   +4   +5   +6   +7   +8   +9  +10
    ---------  ----   ---  ---  ---  ---  ---  ---  ---  ---  ---  ---  ---  ---  ---  ---  ---  ---  ---  ---  ---  ---  ---
    1788 1837   -3   -.27 -.36 -.11 -.08 -.04 -.08  .06  .39* .34  .30  .27| .29 -.01 -.16 -.01 -.14 -.19 -.28 -.16 -.09 -.16
    1800 1849   -3   -.13 -.18  .12  .10  .05 -.14 -.07  .25* .09  .24 -.03| .22 -.23 -.19  .17  .04 -.02 -.03  .01  .09 -.11
    1825 1874   -3   -.19 -.27  .11  .10  .02 -.08  .03  .40* .13  .38 -.09| .19 -.31 -.28 -.14 -.09 -.15  .02  .00  .21  .01
    1850 1899   -3   -.34 -.01 -.29 -.11  .16  .04 -.03  .73*-.01  .08  .19| .09 -.34 -.12 -.32 -.26 -.10  .07 -.09  .40  .19
    1875 1924   -3   -.14  .09 -.20 -.21  .10 -.08 -.13  .67*-.06  .01  .35| .03 -.22 -.03 -.20 -.05  .05 -.13 -.18  .04 -.09
    1900 1949   -2    .01 -.05 -.15 -.28 -.15 -.07  .00  .22  .37* .31  .14| .00  .03  .04 -.17 -.04  .02 -.09 -.23 -.42 -.20
    1925 1974   -2    .03  .04 -.06 -.04 -.04 -.07 -.24 -.09  .54* .17 -.10| .13  .11  .14 -.14 -.01 -.21 -.04 -.19 -.23  .00
    1950 1999   -2   -.01  .06  .05 -.14 -.05  .08 -.27 -.09  .51*-.05  .05| .12  .09  .11 -.07 -.01 -.26 -.18  .03 -.06 -.07

 [B] Entire series, effect on correlation (  .174) is:
       Lower   1962< -.023   1832< -.014   1951< -.013   1846< -.012   1942< -.009   1794> -.008  Higher   1796  .019   1797  .016
     1788 to 1837 segment:
       Lower   1832< -.093   1794> -.046   1826> -.034   1818< -.023   1815< -.018   1793> -.012  Higher   1796  .089   1797  .066
     1800 to 1849 segment:
       Lower   1846< -.061   1826> -.041   1818< -.024   1845> -.024   1815< -.019   1844< -.014  Higher   1802  .039   1823  .032
     1825 to 1874 segment:
       Lower   1846< -.051   1869> -.025   1826> -.024   1857> -.022   1870< -.021   1867> -.019  Higher   1863  .030   1864  .020
     1850 to 1899 segment:
       Lower   1869> -.034   1870< -.027   1857> -.026   1867> -.025   1883> -.024   1879> -.020  Higher   1893  .055   1890  .032
     1875 to 1924 segment:
       Lower   1919< -.028   1902> -.025   1883> -.024   1884< -.021   1879> -.021   1896< -.020  Higher   1918  .035   1903  .033
     1900 to 1949 segment:
       Lower   1942< -.054   1936> -.034   1940> -.021   1941< -.020   1902> -.020   1919< -.020  Higher   1918  .049   1903  .047
     1925 to 1974 segment:
       Lower   1962< -.070   1951< -.041   1942< -.029   1936> -.021   1969> -.017   1972< -.017  Higher   1934  .037   1965  .033
     1950 to 1999 segment:
       Lower   1962< -.095   1951< -.050   1972< -.023   1982> -.023   1969> -.020   1970> -.014  Higher   1988  .041   1981  .036

 [C] Year-to-year changes diverging by over 4.0 std deviations:
       1831 1832  -4.1 SD    1962 1963   4.4 SD

 [E] Outliers     2   3.0 SD above or -4.5 SD below mean for year
       1826 +3.0 SD;    1832 -4.7 SD
 ===================================================================================================================================

 EBD092    1779 to  2024     246 years                                                                                    Series  18

 [A] Segment   High   -10   -9   -8   -7   -6   -5   -4   -3   -2   -1   +0   +1   +2   +3   +4   +5   +6   +7   +8   +9  +10
    ---------  ----   ---  ---  ---  ---  ---  ---  ---  ---  ---  ---  ---  ---  ---  ---  ---  ---  ---  ---  ---  ---  ---
    1779 1828   -1   -.21 -.12 -.20 -.27 -.14  .15  .37  .38  .38  .41* .19|-.05 -.15 -.14 -.25 -.46 -.39 -.30 -.27 -.26 -.07
    1800 1849   -2   -.15  .12  .09 -.05 -.20 -.10  .19  .08  .20* .14 -.04|-.20 -.28  .17  .18 -.03 -.08  .01 -.04 -.16 -.01
    1825 1874   -4   -.31  .07  .10 -.01 -.13 -.08  .40* .19  .33  .06 -.03|-.17 -.33 -.17 -.02 -.05  .03  .00  .14  .04  .26
    1850 1899   -4    .03 -.30 -.17  .27  .05 -.13  .71*-.05  .00  .24  .02|-.27 -.08 -.28 -.24 -.06  .17 -.13  .34  .18  .04
    1875 1924   -4    .11 -.23 -.06  .23 -.09 -.21  .60*-.12 -.15  .37 -.01|-.21  .01 -.14 -.04  .10  .04 -.16  .07 -.06 -.23
    1900 1949   -2   -.15 -.14 -.10 -.21 -.10  .03  .19  .29  .29* .15  .06| .00  .07 -.18  .04  .03 -.15 -.18 -.41 -.21  .03
    1925 1974   -3   -.03 -.02 -.07 -.15 -.08 -.14 -.19  .44* .21 -.14  .24|-.02  .19 -.17  .09 -.20  .00 -.11 -.11  .03  .02
    1950 1999   -3   -.06  .14 -.12 -.06  .03 -.14 -.19  .51*-.05  .12  .14|-.03  .09 -.20  .04 -.25 -.07  .10  .05 -.03  .11
    1975 2024   -3   -.08  .28 -.05 -.01  .02 -.25 -.12  .45* .09  .36  .09|   -    -    -    -    -    -    -    -    -    -

 [B] Entire series, effect on correlation (  .100) is:
       Lower   2014> -.014   1833< -.013   1881> -.013   1990> -.010   1982> -.010   1976< -.009  Higher   1963  .057   1797  .023
     1779 to 1828 segment:
       Lower   1784< -.052   1824> -.044   1794> -.043   1796> -.024   1795> -.024   1807< -.018  Higher   1797  .156   1803  .026
     1800 to 1849 segment:
       Lower   1824> -.048   1829> -.035   1836> -.017   1807< -.015   1826> -.014   1813> -.013  Higher   1803  .043   1845  .028
     1825 to 1874 segment:
       Lower   1833< -.044   1873< -.029   1829> -.025   1867> -.019   1858> -.018   1868> -.014  Higher   1869  .031   1864  .024
     1850 to 1899 segment:
       Lower   1881> -.066   1893> -.037   1890> -.036   1897< -.034   1873< -.027   1858> -.016  Higher   1894  .058   1875  .037
     1875 to 1924 segment:
       Lower   1881> -.066   1890> -.036   1893> -.036   1897< -.036   1920< -.020   1903> -.016  Higher   1894  .060   1875  .038
     1900 to 1949 segment:
       Lower   1935< -.061   1942< -.034   1920< -.027   1943< -.024   1907< -.020   1903> -.017  Higher   1936  .066   1918  .040
     1925 to 1974 segment:
       Lower   1935< -.048   1952< -.035   1970> -.029   1942< -.023   1949> -.021   1967> -.019  Higher   1963  .255   1936  .033
     1950 to 1999 segment:
       Lower   1990> -.043   1982> -.040   1976< -.037   1991< -.033   1952< -.027   1970> -.025  Higher   1963  .249   1988  .037
     1975 to 2024 segment:
       Lower   2014> -.063   1990> -.046   1976< -.046   1982> -.045   1991< -.041   2011< -.027  Higher   1988  .061   2024  .035

 [C] Year-to-year changes diverging by over 4.0 std deviations:
       1832 1833  -4.3 SD    1833 1834   4.1 SD

 [E] Outliers     1   3.0 SD above or -4.5 SD below mean for year
       1833 -6.0 SD
 ===================================================================================================================================

 EBD101    1926 to  2024      99 years                                                                                    Series  19

 [B] Entire series, effect on correlation (  .614) is:
       Lower   1929< -.024   1998> -.022   1942< -.015   1934> -.013   1977< -.009   1933> -.009  Higher   1963  .027   1990  .015

 ===================================================================================================================================

 EBD102    1884 to  2024     141 years                                                                                    Series  20

 [A] Segment   High   -10   -9   -8   -7   -6   -5   -4   -3   -2   -1   +0   +1   +2   +3   +4   +5   +6   +7   +8   +9  +10
    ---------  ----   ---  ---  ---  ---  ---  ---  ---  ---  ---  ---  ---  ---  ---  ---  ---  ---  ---  ---  ---  ---  ---
    1884 1933    3   -.04 -.11 -.11 -.04  .20 -.12 -.11 -.09 -.17 -.28  .25| .14  .25  .43* .26  .05 -.07 -.07 -.09 -.15 -.05
    1900 1949    4   -.10 -.06 -.10  .02  .02 -.05 -.07 -.13 -.24 -.18  .27| .06  .23  .11  .37* .03  .01 -.01 -.04 -.05 -.21

 [B] Entire series, effect on correlation (  .577) is:
       Lower   1969< -.019   1894> -.012   1909< -.011   1999> -.010   1918> -.010   1908< -.009  Higher   1988  .027   2014  .018
     1884 to 1933 segment:
       Lower   1894> -.036   1909< -.028   1918> -.026   1920< -.022   1908< -.020   1910< -.013  Higher   1890  .051   1930  .026
     1900 to 1949 segment:
       Lower   1909< -.031   1918> -.027   1920< -.025   1908< -.024   1941< -.015   1910< -.015  Higher   1949  .028   1939  .024

 ===================================================================================================================================

 EBD111    1929 to  2024      96 years                                                                                    Series  21

 [B] Entire series, effect on correlation (  .428) is:
       Lower   2014> -.021   1940> -.017   1952< -.016   2002< -.016   1938< -.013   1943< -.011  Higher   1932  .021   1990  .018

 ===================================================================================================================================

 EBD112    1913 to  2024     112 years                                                                                    Series  22

 [A] Segment   High   -10   -9   -8   -7   -6   -5   -4   -3   -2   -1   +0   +1   +2   +3   +4   +5   +6   +7   +8   +9  +10
    ---------  ----   ---  ---  ---  ---  ---  ---  ---  ---  ---  ---  ---  ---  ---  ---  ---  ---  ---  ---  ---  ---  ---
    1913 1962    0   -.06 -.03  .10 -.04 -.09 -.01 -.02 -.17  .03  .21  .27*-.17 -.02  .01 -.06 -.22  .02  .05 -.03  .20 -.18

 [B] Entire series, effect on correlation (  .462) is:
       Lower   1917> -.035   1918< -.033   1949> -.023   1938< -.016   1925< -.015   1936> -.011  Higher   1999  .025   2014  .017
     1913 to 1962 segment:
       Lower   1917> -.073   1949> -.051   1938< -.028   1925< -.027   1936> -.024   1926< -.014  Higher   1918  .101   1932  .041

 [C] Year-to-year changes diverging by over 4.0 std deviations:
       1917 1918  -5.5 SD

 [E] Outliers     1   3.0 SD above or -4.5 SD below mean for year
       1918 -5.2 SD
 ===================================================================================================================================

 EBD121    1770 to  2024     255 years                                                                                    Series  23

 [A] Segment   High   -10   -9   -8   -7   -6   -5   -4   -3   -2   -1   +0   +1   +2   +3   +4   +5   +6   +7   +8   +9  +10
    ---------  ----   ---  ---  ---  ---  ---  ---  ---  ---  ---  ---  ---  ---  ---  ---  ---  ---  ---  ---  ---  ---  ---
    1770 1819   -4    .03  .10  .03  .14  .02  .15  .18* .18  .03  .11  .03|-.03 -.03  .08  .13 -.01 -.09 -.01 -.25 -.29 -.21
    1775 1824   -4    .10  .16  .14  .11  .04  .09  .19* .17  .02  .08  .07| .05  .00  .07  .17  .00 -.08  .01 -.13 -.17 -.13
    1800 1849    4    .21  .23  .30  .06  .04  .15  .11  .00 -.20  .00 -.26|-.08 -.18 -.13  .35*-.14  .07  .16  .13  .11 -.05
    1825 1874   -9    .08  .22* .14 -.14  .02 -.01  .03 -.05 -.11  .15 -.03|-.04 -.10 -.03  .17 -.27  .01  .08 -.05  .03 -.18
    1850 1899   -9   -.01  .48* .12 -.25  .37 -.18 -.16 -.03  .02 -.22  .06|-.02 -.17  .15  .27 -.24  .20  .05 -.27  .03 -.08
    1875 1924   -6   -.12  .48  .07 -.20  .52* .05 -.13 -.02  .07 -.32 -.03|-.02 -.23  .11  .26 -.22  .25  .00 -.19  .07  .05
    1900 1949   -5   -.13  .29  .27  .07  .29  .35* .15 -.14 -.09  .06 -.05|-.15 -.36 -.13 -.06 -.05 -.09  .06  .32  .15 -.15
    1925 1974   -9   -.07  .37* .21 -.11  .20  .00  .12 -.21  .03 -.02 -.06| .11 -.18 -.04  .00  .15  .06  .09  .10  .00 -.17
    1950 1999   -9   -.12  .30* .10 -.14  .11 -.02  .01 -.09  .07 -.05 -.22| .20 -.08  .17  .19  .15  .29 -.01  .05 -.18 -.15
    1975 2024   -9   -.01  .29* .16  .01 -.08 -.04  .01  .14 -.17  .04 -.18|   -    -    -    -    -    -    -    -    -    -

 [B] Entire series, effect on correlation ( -.057) is:
       Lower   1899< -.019   2014> -.019   1841< -.017   1988> -.014   1999> -.013   1941< -.011  Higher   1797  .014   1890  .010
     1770 to 1819 segment:
       Lower   1780> -.036   1776< -.031   1772> -.030   1771> -.027   1796> -.023   1802< -.020  Higher   1797  .101   1788  .052
     1775 to 1824 segment:
       Lower   1780> -.047   1796> -.036   1776< -.029   1810> -.025   1813> -.018   1802< -.017  Higher   1797  .091   1788  .052
     1800 to 1849 segment:
       Lower   1841< -.067   1845> -.024   1810> -.014   1806< -.012   1802< -.011   1820< -.011  Higher   1825  .038   1836  .034
     1825 to 1874 segment:
       Lower   1841< -.142   1845> -.022   1860< -.021   1855> -.021   1857> -.018   1864< -.016  Higher   1874  .036   1870  .028
     1850 to 1899 segment:
       Lower   1899< -.114   1860< -.025   1877< -.025   1897< -.022   1855> -.022   1857> -.019  Higher   1890  .044   1874  .028
     1875 to 1924 segment:
       Lower   1899< -.137   1877< -.031   1897< -.027   1923< -.025   1903> -.022   1906> -.021  Higher   1890  .057   1881  .037
     1900 to 1949 segment:
       Lower   1941< -.089   1930> -.031   1923< -.026   1947> -.022   1909< -.020   1942< -.019  Higher   1928  .042   1936  .035
     1925 to 1974 segment:
       Lower   1941< -.062   1962< -.033   1958< -.028   1930> -.024   1947> -.017   1967> -.016  Higher   1969  .042   1928  .031
     1950 to 1999 segment:
       Lower   1988> -.050   1999> -.046   1962< -.028   1958< -.026   1996< -.020   1984< -.015  Higher   1969  .079   1981  .044
     1975 to 2024 segment:
       Lower   2014> -.082   1988> -.060   1999> -.055   2022> -.020   1996< -.020   1975> -.017  Higher   1981  .043   2021  .035

 [C] Year-to-year changes diverging by over 4.0 std deviations:
       1840 1841  -4.3 SD    1940 1941  -4.6 SD    2013 2014   4.1 SD

 [E] Outliers     2   3.0 SD above or -4.5 SD below mean for year
       1941 -6.8 SD;    2014 +3.1 SD
 ===================================================================================================================================

 EBD122    1795 to  2024     230 years                                                                                    Series  24

 [A] Segment   High   -10   -9   -8   -7   -6   -5   -4   -3   -2   -1   +0   +1   +2   +3   +4   +5   +6   +7   +8   +9  +10
    ---------  ----   ---  ---  ---  ---  ---  ---  ---  ---  ---  ---  ---  ---  ---  ---  ---  ---  ---  ---  ---  ---  ---
    1795 1844   -9    .21  .29* .18  .04  .05  .07  .02 -.21 -.36 -.32 -.15|-.26 -.10  .18  .23  .22  .08  .20  .18  .09 -.01
    1800 1849   -9    .03  .19* .15  .00 -.07 -.01 -.07 -.16 -.23 -.14  .14|-.13  .09  .17  .11  .02 -.02 -.06 -.04 -.01  .01
    1825 1874    3   -.04  .04  .00 -.09 -.09  .02  .06 -.12 -.15  .03 -.01|-.21 -.02  .24* .00  .16 -.09  .06 -.02 -.04 -.07
    1850 1899  -10    .25*-.19 -.19  .01 -.02 -.17  .22 -.06  .00  .15 -.04|-.12  .20  .08 -.22  .08 -.09 -.17  .01  .06 -.20
    1875 1924  -10    .39*-.10 -.15  .03 -.03 -.19  .14 -.01 -.02  .16  .04|-.07  .37 -.08 -.25 -.05 -.11 -.43 -.06  .05 -.03
    1900 1949  -10    .35* .33 -.01 -.12 -.05  .09  .02 -.12 -.38 -.05  .01|-.22 -.05  .14  .29  .07 -.19 -.16 -.01  .08  .12
    1925 1974    9    .17  .07  .10 -.28  .02  .02  .02  .03 -.29 -.07 -.03|-.02  .02  .15  .23 -.01 -.13 -.05  .03  .23* .07
    1950 1999    2    .07 -.10  .04 -.08  .07 -.04 -.07  .08 -.10 -.04  .06| .07  .26*-.01  .02 -.18 -.07 -.13 -.14  .13 -.02
    1975 2024   -9    .13  .17* .08  .06 -.21 -.06 -.05  .09 -.09  .07  .15|   -    -    -    -    -    -    -    -    -    -

 [B] Entire series, effect on correlation (  .019) is:
       Lower   2014> -.019   1864< -.015   1976< -.015   1892< -.014   1917> -.012   1890> -.011  Higher   1903  .021   1988  .015
     1795 to 1844 segment:
       Lower   1796> -.075   1795> -.059   1803< -.023   1827< -.018   1832> -.016   1798> -.014  Higher   1797  .066   1815  .049
     1800 to 1849 segment:
       Lower   1814> -.040   1832> -.035   1803< -.026   1836> -.025   1813> -.017   1827< -.015  Higher   1845  .101   1815  .029
     1825 to 1874 segment:
       Lower   1864< -.085   1867> -.038   1862< -.026   1870< -.022   1854> -.021   1832> -.017  Higher   1845  .080   1855  .059
     1850 to 1899 segment:
       Lower   1864< -.073   1892< -.064   1890> -.056   1875> -.040   1867> -.028   1862< -.024  Higher   1881  .071   1855  .059
     1875 to 1924 segment:
       Lower   1892< -.081   1917> -.064   1890> -.064   1875> -.045   1918> -.031   1913< -.021  Higher   1903  .119   1881  .068
     1900 to 1949 segment:
       Lower   1917> -.055   1932> -.053   1918> -.027   1947> -.018   1913< -.016   1934> -.014  Higher   1903  .099   1925  .022
     1925 to 1974 segment:
       Lower   1932> -.043   1968< -.041   1970> -.023   1962< -.022   1952< -.017   1965> -.017  Higher   1958  .029   1945  .025
     1950 to 1999 segment:
       Lower   1976< -.079   1968< -.049   1962< -.027   1970> -.026   1952< -.021   1990> -.020  Higher   1988  .069   1958  .028
     1975 to 2024 segment:
       Lower   2014> -.096   1976< -.075   2000< -.048   2008> -.037   1990> -.024   1985> -.016  Higher   1988  .053   2013  .023

 [C] Year-to-year changes diverging by over 4.0 std deviations:
       1975 1976  -4.4 SD    1999 2000  -4.6 SD    2013 2014   4.4 SD

 [E] Outliers     1   3.0 SD above or -4.5 SD below mean for year
       1945 -6.1 SD
 ===================================================================================================================================

 EBD131    1785 to  2024     240 years                                                                                    Series  25

 [B] Entire series, effect on correlation (  .599) is:
       Lower   1970< -.016   1965> -.009   1918> -.008   2020< -.008   1940> -.008   1819< -.007  Higher   1988  .014   2014  .008

 ===================================================================================================================================

 EBD132    1785 to  2024     240 years                                                                                    Series  26

 [B] Entire series, effect on correlation (  .621) is:
       Lower   1918> -.010   1863< -.009   2012< -.009   1970< -.008   1850< -.007   1940> -.007  Higher   1881  .008   1890  .006

 ===================================================================================================================================

 EBD141    1762 to  2024     263 years                                                                                    Series  27

 [A] Segment   High   -10   -9   -8   -7   -6   -5   -4   -3   -2   -1   +0   +1   +2   +3   +4   +5   +6   +7   +8   +9  +10
    ---------  ----   ---  ---  ---  ---  ---  ---  ---  ---  ---  ---  ---  ---  ---  ---  ---  ---  ---  ---  ---  ---  ---
    1762 1811    1   -.19 -.13 -.26 -.60 -.34 -.33 -.19 -.12  .11  .29  .40| .65* .44  .50  .23 -.08 -.13 -.40 -.49 -.54 -.35
    1775 1824    1   -.18 -.13 -.40 -.46 -.52 -.48 -.31 -.13  .17  .39  .55| .64* .45  .46  .20 -.04 -.29 -.38 -.42 -.52 -.42

 [B] Entire series, effect on correlation (  .552) is:
       Lower   1843< -.014   1771> -.008   1764> -.007   1918> -.007   1777< -.007   1914> -.006  Higher   1963  .014   1988  .013
     1762 to 1811 segment:
       Lower   1771> -.055   1764> -.048   1777< -.041   1765< -.030   1784< -.026   1763> -.022  Higher   1797  .070   1794  .042
     1775 to 1824 segment:
       Lower   1777< -.045   1784< -.027   1806< -.021   1816> -.018   1822> -.015   1783> -.012  Higher   1797  .054   1794  .036

 [E] Outliers     2   3.0 SD above or -4.5 SD below mean for year
       1903 -5.1 SD;    1932 -5.2 SD
 ===================================================================================================================================

 EBD142    1765 to  2024     260 years                                                                                    Series  28

 [A] Segment   High   -10   -9   -8   -7   -6   -5   -4   -3   -2   -1   +0   +1   +2   +3   +4   +5   +6   +7   +8   +9  +10
    ---------  ----   ---  ---  ---  ---  ---  ---  ---  ---  ---  ---  ---  ---  ---  ---  ---  ---  ---  ---  ---  ---  ---
    1765 1814   -1   -.22 -.26 -.47 -.39 -.34 -.22 -.11  .08  .35  .61* .56| .47  .53  .17 -.04 -.27 -.30 -.41 -.47 -.40 -.23
    1775 1824   -1   -.23 -.39 -.44 -.50 -.38 -.30 -.11  .14  .44  .64* .58| .49  .43  .17 -.06 -.25 -.34 -.42 -.45 -.41 -.27
    1800 1849   -1   -.23 -.16 -.16 -.16 -.10 -.13 -.06 -.09  .27  .35* .17| .15 -.05  .00 -.01 -.11 -.09 -.03 -.18 -.08  .15
    1825 1874   -1   -.16  .09 -.04 -.07 -.08 -.12 -.11 -.12  .13  .49* .13| .18 -.17 -.07 -.36 -.33 -.22 -.01 -.07  .12  .08
    1850 1899   -1   -.08  .16 -.35  .07 -.28  .06 -.12 -.05 -.10  .76*-.01| .15  .11  .07 -.41 -.10 -.25  .01 -.05  .10 -.10
    1875 1924   -1   -.09  .15 -.16 -.02 -.26  .01  .01 -.21 -.15  .64*-.14| .01  .22 -.04 -.19  .07 -.12 -.07 -.16 -.02 -.01
    1900 1949   -4   -.01  .09  .18 -.16 -.12 -.18  .28*-.16 -.09  .18  .14|-.10 -.06 -.30  .08  .00 -.07  .01 -.04  .11 -.01

 [B] Entire series, effect on correlation (  .360) is:
       Lower   1904< -.025   1875> -.014   1928< -.013   1855> -.010   1844< -.010   1829> -.009  Higher   1963  .026   1988  .014
     1765 to 1814 segment:
       Lower   1772> -.060   1769< -.020   1814< -.019   1779> -.018   1806< -.011   1778< -.010  Higher   1797  .036   1794  .024
     1775 to 1824 segment:
       Lower   1815< -.033   1779> -.020   1821> -.017   1814< -.016   1806< -.011   1796> -.010  Higher   1797  .036   1794  .026
     1800 to 1849 segment:
       Lower   1829> -.093   1844< -.062   1815< -.037   1821> -.019   1832> -.015   1841< -.014  Higher   1837  .052   1804  .029
     1825 to 1874 segment:
       Lower   1855> -.072   1829> -.066   1844< -.057   1870< -.028   1841< -.013   1832> -.010  Higher   1862  .046   1868  .037
     1850 to 1899 segment:
       Lower   1875> -.063   1855> -.043   1893> -.038   1880< -.028   1882< -.021   1870< -.021  Higher   1898  .039   1868  .038
     1875 to 1924 segment:
       Lower   1875> -.046   1904< -.033   1893> -.028   1901< -.024   1880< -.020   1882< -.016  Higher   1918  .057   1898  .041
     1900 to 1949 segment:
       Lower   1904< -.082   1928< -.049   1901< -.026   1925< -.023   1926< -.020   1916> -.017  Higher   1949  .048   1940  .037

 [C] Year-to-year changes diverging by over 4.0 std deviations:
       1903 1904  -4.3 SD

 ===================================================================================================================================

 EBD151    1771 to  2024     254 years                                                                                    Series  29

 [A] Segment   High   -10   -9   -8   -7   -6   -5   -4   -3   -2   -1   +0   +1   +2   +3   +4   +5   +6   +7   +8   +9  +10
    ---------  ----   ---  ---  ---  ---  ---  ---  ---  ---  ---  ---  ---  ---  ---  ---  ---  ---  ---  ---  ---  ---  ---
    1771 1820    1   -.05 -.14 -.28 -.32 -.19 -.25 -.07 -.15  .09  .28  .27| .46* .23  .31  .17 -.07 -.16 -.04 -.09 -.23 -.09
    1775 1824    1   -.28 -.30 -.38 -.38 -.36 -.31 -.18 -.08  .08  .26  .41| .55* .37  .35  .24  .13 -.17 -.15 -.32 -.42 -.35
    1800 1849    1   -.28 -.32 -.13 -.12 -.22  .07  .04 -.03 -.14  .19  .30| .33* .29  .06  .07  .04 -.17  .06  .05 -.12 -.12
    - - - - - - - - - - - - - - - - - - - - - - - - - - - - - - - - - - - - - - - - - - - - - - - - - - - - - - - - - - - - -
    1850 1899   -1    .18 -.02 -.08  .08 -.31 -.09 -.10 -.22 -.10  .60* .01|-.01  .23  .14 -.22  .04 -.41 -.08 -.07  .01 -.11
    1875 1924   -1    .01  .09 -.09  .02 -.32 -.07  .03 -.06  .01  .71* .04|-.09  .13 -.08 -.32  .02 -.30 -.18 -.16 -.06 -.22
    1900 1949   -1   -.12 -.07 -.23 -.31 -.21 -.10  .07  .12  .17  .73* .24| .09  .11 -.01 -.22 -.34 -.23 -.21 -.15 -.18 -.11
    1925 1974   -1    .03 -.20 -.07 -.17 -.19 -.04 -.13  .00 -.04  .74* .01| .11  .01  .05 -.18 -.19 -.16  .07  .11  .03  .02
    1950 1999   -1    .15 -.01  .23 -.04 -.03 -.10 -.08 -.03 -.26  .58*-.35| .12 -.18  .07 -.09  .00  .01  .01 -.07  .15  .13
    1975 2024   -1    .17  .10  .22 -.08  .04 -.04 -.01 -.05 -.24  .56*-.15|   -    -    -    -    -    -    -    -    -    -

 [B] Entire series, effect on correlation (  .079) is:
       Lower   1988> -.027   1990> -.014   1772< -.013   1875> -.012   1876< -.012   2000< -.011  Higher   1918  .021   1903  .012
     1771 to 1820 segment:
       Lower   1772< -.136   1780> -.032   1819< -.030   1782> -.020   1777< -.012   1783> -.010  Higher   1797  .040   1794  .029
     1775 to 1824 segment:
       Lower   1819< -.059   1780> -.042   1775< -.026   1782> -.025   1777< -.022   1811< -.018  Higher   1797  .055   1794  .037
     1800 to 1849 segment:
       Lower   1819< -.061   1838> -.030   1845> -.027   1843< -.018   1831> -.016   1817< -.015  Higher   1829  .045   1802  .023
     1850 to 1899 segment:
       Lower   1875> -.067   1876< -.058   1881> -.026   1883> -.020   1887> -.020   1893> -.016  Higher   1855  .067   1861  .039
     1875 to 1924 segment:
       Lower   1876< -.068   1875> -.062   1914> -.027   1881> -.023   1883> -.017   1887> -.017  Higher   1918  .127   1903  .065
     1900 to 1949 segment:
       Lower   1949> -.063   1928< -.056   1914> -.033   1936> -.024   1944> -.015   1937< -.014  Higher   1918  .095   1903  .054
     1925 to 1974 segment:
       Lower   1949> -.049   1928< -.043   1968< -.032   1969> -.026   1967> -.021   1950< -.017  Higher   1933  .065   1943  .050
     1950 to 1999 segment:
       Lower   1988> -.087   1990> -.045   1996< -.028   1982> -.027   1989< -.024   1979< -.018  Higher   1981  .072   1959  .046
     1975 to 2024 segment:
       Lower   1988> -.096   1990> -.050   1996< -.034   1982> -.031   2000< -.026   1989< -.026  Higher   2011  .054   1981  .049

 [C] Year-to-year changes diverging by over 4.0 std deviations:
       1771 1772  -4.7 SD    1875 1876  -4.3 SD    1988 1989  -5.3 SD    1999 2000  -5.1 SD

 [E] Outliers     2   3.0 SD above or -4.5 SD below mean for year
       1772 -4.9 SD;    1988 +3.6 SD
 ===================================================================================================================================

 EBD152    1760 to  2024     265 years                                                                                    Series  30

 [A] Segment   High   -10   -9   -8   -7   -6   -5   -4   -3   -2   -1   +0   +1   +2   +3   +4   +5   +6   +7   +8   +9  +10
    ---------  ----   ---  ---  ---  ---  ---  ---  ---  ---  ---  ---  ---  ---  ---  ---  ---  ---  ---  ---  ---  ---  ---
    1760 1809   -1   -.20 -.48 -.26 -.33 -.09  .01  .09  .24  .15  .43* .31| .33  .42  .17 -.02 -.26 -.20 -.39 -.32 -.22 -.06
    1775 1824   -1   -.23 -.36 -.30 -.32 -.22 -.11  .02  .12  .32  .61* .47| .35  .29  .21 -.04 -.36 -.27 -.23 -.35 -.27 -.09
    1800 1849   -1   -.29 -.01 -.09 -.20  .11  .17 -.02 -.16  .16  .45* .17| .23  .07  .15 -.01 -.19  .09  .27 -.04 -.08  .10
    1825 1874   -1   -.23  .15 -.14 -.27  .03 -.13 -.19 -.28  .01  .44* .20| .37  .10  .22 -.14 -.16 -.02  .10 -.13 -.06 -.13
    1850 1899   -1    .06  .19 -.09  .06 -.24 -.17 -.14 -.16 -.21  .60*-.04| .00  .16  .20 -.18  .00 -.25  .00 -.13  .05 -.14
    1875 1924   -1    .03  .10 -.02  .03 -.28 -.12  .02 -.04 -.14  .66* .00|-.10  .13 -.01 -.21  .06 -.22 -.14 -.24 -.02 -.22
    1900 1949   -1   -.10 -.10 -.18 -.19 -.18 -.15  .09  .13  .11  .70* .18| .05  .10 -.02 -.20 -.27 -.21 -.19 -.17 -.20 -.20
    1925 1974   -1    .08 -.08 -.09 -.15 -.14 -.15 -.07 -.01  .04  .74* .09| .05 -.03  .04 -.16 -.25 -.11 -.03  .14 -.08  .02
    1950 1999   -1    .21  .04  .11 -.04 -.13 -.23 -.14 -.11 -.21  .64*-.20| .12 -.12  .11  .03 -.12  .12 -.13 -.04  .11  .14
    1975 2024   -1    .11  .09  .09 -.06 -.05 -.01 -.07 -.17 -.23  .60*-.10|   -    -    -    -    -    -    -    -    -    -

 [B] Entire series, effect on correlation (  .073) is:
       Lower   1876< -.016   1760< -.016   1988> -.014   1990> -.013   1989< -.011   2000< -.009  Higher   1918  .024   1933  .012
     1760 to 1809 segment:
       Lower   1760< -.129   1772> -.066   1775> -.019   1763> -.018   1776< -.016   1764> -.015  Higher   1797  .053   1794  .050
     1775 to 1824 segment:
       Lower   1818< -.045   1813> -.026   1775> -.025   1824> -.025   1822< -.022   1776< -.019  Higher   1794  .045   1797  .041
     1800 to 1849 segment:
       Lower   1818< -.042   1813> -.030   1824> -.029   1829> -.024   1844< -.016   1820< -.015  Higher   1837  .028   1812  .026
     1825 to 1874 segment:
       Lower   1855> -.047   1830< -.043   1867> -.021   1829> -.021   1844< -.017   1873< -.014  Higher   1868  .028   1863  .028
     1850 to 1899 segment:
       Lower   1876< -.066   1875> -.035   1855> -.024   1881> -.022   1887> -.022   1883> -.018  Higher   1868  .029   1863  .024
     1875 to 1924 segment:
       Lower   1876< -.074   1875> -.033   1901< -.029   1881> -.022   1887> -.019   1914> -.018  Higher   1918  .139   1903  .053
     1900 to 1949 segment:
       Lower   1928< -.044   1949> -.043   1901< -.039   1914> -.022   1937< -.016   1944> -.015  Higher   1918  .112   1933  .050
     1925 to 1974 segment:
       Lower   1928< -.043   1949> -.039   1969> -.025   1950< -.023   1962< -.019   1957< -.018  Higher   1933  .070   1943  .038
     1950 to 1999 segment:
       Lower   1988> -.050   1990> -.049   1989< -.047   1982> -.027   1979< -.025   1996< -.023  Higher   1981  .062   1968  .036
     1975 to 2024 segment:
       Lower   1988> -.052   1990> -.050   1989< -.046   2010< -.035   2000< -.029   1982> -.028  Higher   2014  .075   2011  .071

 [C] Year-to-year changes diverging by over 4.0 std deviations:
       1875 1876  -4.2 SD    1988 1989  -5.5 SD    1989 1990   4.2 SD    1999 2000  -4.7 SD

 ===================================================================================================================================

 EBD161    1924 to  2024     101 years                                                                                    Series  31

 [B] Entire series, effect on correlation (  .635) is:
       Lower   2009> -.033   1959< -.027   1955< -.021   1982> -.016   2007> -.008   1949> -.008  Higher   2014  .026   1999  .023

 ===================================================================================================================================

 EBD162    1920 to  2024     105 years                                                                                    Series  32

 [B] Entire series, effect on correlation (  .615) is:
       Lower   1959< -.022   1982> -.016   2009> -.013   1949> -.013   2008> -.012   1932> -.012  Higher   2014  .033   1999  .028

 ===================================================================================================================================

 EBD171    1763 to  2024     262 years                                                                                    Series  33

 [A] Segment   High   -10   -9   -8   -7   -6   -5   -4   -3   -2   -1   +0   +1   +2   +3   +4   +5   +6   +7   +8   +9  +10
    ---------  ----   ---  ---  ---  ---  ---  ---  ---  ---  ---  ---  ---  ---  ---  ---  ---  ---  ---  ---  ---  ---  ---
    1800 1849   -2   -.15 -.05 -.23 -.08 -.04  .09 -.10 -.07  .25* .13  .19| .07 -.02  .07 -.06 -.04  .03 -.06 -.06 -.07 -.14
    1825 1874   -2    .12  .18 -.15 -.08  .01 -.18 -.30 -.13  .24* .13  .19| .08  .06  .13 -.12 -.03  .17  .09 -.22  .04 -.13

 [B] Entire series, effect on correlation (  .468) is:
       Lower   1918> -.016   1831< -.013   1851< -.012   1825> -.008   1866< -.006   1763< -.006  Higher   1999  .018   2014  .012
     1800 to 1849 segment:
       Lower   1825> -.061   1836> -.042   1837> -.042   1801< -.019   1833> -.015   1822> -.013  Higher   1813  .042   1829  .031
     1825 to 1874 segment:
       Lower   1825> -.040   1837> -.027   1836> -.027   1851< -.025   1866< -.022   1856> -.021  Higher   1869  .058   1873  .032

 ===================================================================================================================================

 EBD172    1749 to  2024     276 years                                                                                    Series  34

 [*] Early part of series cannot be checked from 1749 to 1757 -- not matched by another series

 [A] Segment   High   -10   -9   -8   -7   -6   -5   -4   -3   -2   -1   +0   +1   +2   +3   +4   +5   +6   +7   +8   +9  +10
    ---------  ----   ---  ---  ---  ---  ---  ---  ---  ---  ---  ---  ---  ---  ---  ---  ---  ---  ---  ---  ---  ---  ---
    1758 1807   -2      - -.13 -.03 -.20 -.15  .18  .11  .20  .46* .31  .06| .09 -.06 -.22 -.18 -.21 -.16 -.17 -.20 -.12 -.09
    1775 1824   -1   -.14 -.20 -.09 -.07 -.12  .03  .18  .29  .28  .34* .19| .24  .00 -.22 -.23 -.23 -.21 -.25 -.10  .05 -.07
    1800 1849    6    .13  .05 -.16  .07  .03 -.10 -.18 -.14  .19  .07  .01| .08  .12 -.07  .05  .27  .27* .08  .00  .15 -.09
    1825 1874   -2    .16  .08 -.33 -.05 -.06 -.27 -.27 -.11  .30* .16  .20| .11  .01  .05 -.09  .04  .17  .07 -.19  .07 -.03

 [B] Entire series, effect on correlation (  .369) is:
       Lower   1831< -.024   1758< -.018   1918> -.013   1765< -.011   1794> -.009   1760> -.009  Higher   1999  .014   2014  .013
     1758 to 1807 segment:
       Lower   1758< -.041   1794> -.036   1765< -.036   1760> -.035   1781> -.033   1793> -.025  Higher   1796  .070   1780  .033
     1775 to 1824 segment:
       Lower   1794> -.053   1781> -.046   1793> -.035   1779> -.026   1785< -.021   1823< -.020  Higher   1796  .079   1780  .029
     1800 to 1849 segment:
       Lower   1830> -.032   1836> -.031   1823< -.024   1837> -.023   1820< -.022   1833> -.021  Higher   1831  .049   1845  .036
     1825 to 1874 segment:
       Lower   1831< -.062   1856> -.033   1830> -.026   1836> -.025   1867> -.023   1837> -.020  Higher   1869  .046   1861  .036

 [C] Year-to-year changes diverging by over 4.0 std deviations:
       1830 1831  -5.1 SD

 [E] Outliers     1   3.0 SD above or -4.5 SD below mean for year
       1831 -5.1 SD
 ===================================================================================================================================

 EBD181    1853 to  2024     172 years                                                                                    Series  35

 [A] Segment   High   -10   -9   -8   -7   -6   -5   -4   -3   -2   -1   +0   +1   +2   +3   +4   +5   +6   +7   +8   +9  +10
    ---------  ----   ---  ---  ---  ---  ---  ---  ---  ---  ---  ---  ---  ---  ---  ---  ---  ---  ---  ---  ---  ---  ---
    1853 1902   -2   -.07  .00 -.02 -.14  .00 -.02 -.16 -.04  .49*-.16  .05| .22  .07 -.10  .00 -.20 -.21 -.09 -.04 -.03  .27
    1875 1924   -2   -.03  .04 -.07 -.21 -.03  .00 -.33 -.15  .48*-.07  .11| .31  .13 -.01  .05 -.10 -.23 -.26 -.03 -.12 -.07
    1900 1949   -2   -.38 -.21 -.27 -.15 -.10 -.03 -.11  .14  .60* .20  .19| .32  .05 -.16 -.23 -.21 -.17 -.13 -.08 -.22 -.28
    1925 1974   -2   -.25 -.04 -.16 -.03  .00  .06  .13  .15  .73* .19 -.02|-.05 -.01 -.12 -.27 -.21 -.04 -.15 -.19 -.36 -.02
    1950 1999   -2    .03  .01 -.14  .03 -.17  .18  .15 -.17  .67*-.10  .05| .06 -.08  .11 -.20 -.09 -.08 -.22 -.02 -.21  .00
    1975 2024   -2    .12 -.03 -.04 -.15 -.25 -.06 -.05 -.04  .64*-.19  .07|   -    -    -    -    -    -    -    -    -    -

 [B] Entire series, effect on correlation (  .058) is:
       Lower   2001< -.024   1963> -.022   1892< -.017   2014> -.015   1874< -.015   1877< -.012  Higher   1881  .024   1990  .017
     1853 to 1902 segment:
       Lower   1892< -.062   1874< -.055   1877< -.044   1894> -.038   1875> -.035   1879> -.019  Higher   1881  .096   1890  .040
     1875 to 1924 segment:
       Lower   1892< -.085   1877< -.062   1894> -.045   1875> -.042   1903> -.030   1879> -.023  Higher   1881  .110   1890  .045
     1900 to 1949 segment:
       Lower   1940> -.049   1930> -.048   1903> -.033   1929< -.024   1909< -.021   1935< -.017  Higher   1949  .045   1918  .033
     1925 to 1974 segment:
       Lower   1963> -.090   1940> -.037   1930> -.037   1972< -.028   1951< -.021   1950< -.020  Higher   1949  .050   1967  .046
     1950 to 1999 segment:
       Lower   1963> -.077   1987< -.037   1988> -.026   1972< -.025   1982> -.023   1950< -.017  Higher   1990  .059   1967  .031
     1975 to 2024 segment:
       Lower   2001< -.074   2014> -.043   1987< -.025   1988> -.022   2011< -.022   2010< -.021  Higher   1990  .045   1981  .022

 [C] Year-to-year changes diverging by over 4.0 std deviations:
       1987 1988   4.6 SD    2000 2001  -4.2 SD

 ===================================================================================================================================

 EBD182    1850 to  2024     175 years                                                                                    Series  36

 [A] Segment   High   -10   -9   -8   -7   -6   -5   -4   -3   -2   -1   +0   +1   +2   +3   +4   +5   +6   +7   +8   +9  +10
    ---------  ----   ---  ---  ---  ---  ---  ---  ---  ---  ---  ---  ---  ---  ---  ---  ---  ---  ---  ---  ---  ---  ---
    1850 1899   -2    .07 -.05 -.02 -.09 -.09 -.06 -.13 -.07  .51*-.02  .11| .12  .18 -.12  .01 -.20 -.13 -.20 -.09 -.10  .22
    1875 1924   -2    .04 -.08 -.06 -.16 -.21 -.06 -.32 -.15  .48*-.04  .14| .33  .17 -.08  .09 -.08 -.28 -.22  .01 -.16  .02
    1900 1949   -2   -.26 -.20 -.23 -.17 -.17 -.07 -.14  .02  .63* .13  .19| .30  .10 -.19 -.16 -.15 -.17 -.04 -.09 -.20 -.25
    1925 1974   -2   -.07  .02 -.06 -.06 -.06 -.04  .13  .05  .65* .14 -.05|-.17  .08 -.10 -.26 -.18  .02 -.10 -.26 -.18 -.02
    1950 1999   -2    .08  .09  .10 -.09 -.13  .11  .05 -.01  .36*-.08  .01|-.08 -.06  .11 -.17 -.11  .15 -.30  .05 -.22 -.06
    1975 2024  -10    .25* .07  .14 -.18 -.27  .04 -.26 -.03  .23  .19  .13|   -    -    -    -    -    -    -    -    -    -

 [B] Entire series, effect on correlation (  .085) is:
       Lower   2000< -.032   1963> -.030   2014> -.014   1877< -.012   1930> -.012   1892< -.011  Higher   1949  .021   1881  .020
     1850 to 1899 segment:
       Lower   1877< -.060   1892< -.052   1875> -.045   1874< -.045   1894> -.039   1887> -.032  Higher   1881  .096   1890  .064
     1875 to 1924 segment:
       Lower   1877< -.064   1892< -.054   1875> -.048   1894> -.039   1887> -.032   1903> -.019  Higher   1881  .088   1890  .058
     1900 to 1949 segment:
       Lower   1930> -.057   1940> -.033   1929< -.027   1945> -.022   1903> -.020   1938< -.017  Higher   1949  .085   1917  .029
     1925 to 1974 segment:
       Lower   1963> -.098   1930> -.038   1970> -.031   1972< -.024   1957< -.024   1940> -.023  Higher   1949  .086   1967  .041
     1950 to 1999 segment:
       Lower   1963> -.090   1970> -.028   1972< -.024   1957< -.022   1987< -.019   1950< -.018  Higher   1981  .045   1989  .044
     1975 to 2024 segment:
       Lower   2000< -.109   2014> -.043   2010< -.028   1987< -.023   2013> -.020   1988> -.019  Higher   1981  .033   2011  .031

 [C] Year-to-year changes diverging by over 4.0 std deviations:
       1987 1988   4.1 SD    1999 2000  -5.5 SD

 ===================================================================================================================================

 EBD191    1826 to  2024     199 years                                                                                    Series  37

 [A] Segment   High   -10   -9   -8   -7   -6   -5   -4   -3   -2   -1   +0   +1   +2   +3   +4   +5   +6   +7   +8   +9  +10
    ---------  ----   ---  ---  ---  ---  ---  ---  ---  ---  ---  ---  ---  ---  ---  ---  ---  ---  ---  ---  ---  ---  ---
    1826 1875    6    .10  .06  .17 -.04 -.02 -.09  .06 -.27 -.22 -.25  .10|-.21  .01  .01  .28  .10  .38*-.05  .25 -.01  .06

 [B] Entire series, effect on correlation (  .587) is:
       Lower   1849< -.026   1863< -.017   1890> -.014   1847< -.012   2005< -.009   1926< -.008  Higher   2014  .024   1988  .020
     1826 to 1875 segment:
       Lower   1849< -.092   1863< -.069   1847< -.033   1857> -.027   1850< -.024   1855> -.017  Higher   1875  .060   1874  .059

 ===================================================================================================================================

 EBD192    1784 to  2024     241 years                                                                                    Series  38

 [A] Segment   High   -10   -9   -8   -7   -6   -5   -4   -3   -2   -1   +0   +1   +2   +3   +4   +5   +6   +7   +8   +9  +10
    ---------  ----   ---  ---  ---  ---  ---  ---  ---  ---  ---  ---  ---  ---  ---  ---  ---  ---  ---  ---  ---  ---  ---
    1784 1833    1   -.04 -.14 -.10 -.03 -.14 -.31 -.11  .06 -.03 -.10  .05| .38* .27  .12  .18  .13  .03 -.18  .01  .10 -.17
    1800 1849    9   -.05 -.16 -.15  .04  .12 -.07  .17  .18 -.05 -.35 -.20| .23  .13  .00 -.07  .09  .06 -.20  .15  .44*-.04
    1825 1874    2    .18 -.09 -.25 -.04 -.13 -.24  .04 -.02 -.09 -.10  .24| .31  .36* .31  .13 -.13 -.15 -.41 -.16 -.08 -.04

 [B] Entire series, effect on correlation (  .538) is:
       Lower   1816< -.027   1798> -.009   1926< -.009   1998> -.007   1797> -.007   1828< -.007  Higher   1988  .024   2014  .024
     1784 to 1833 segment:
       Lower   1816< -.057   1798> -.033   1815< -.021   1826> -.019   1814> -.019   1820< -.018  Higher   1796  .066   1795  .055
     1800 to 1849 segment:
       Lower   1816< -.035   1815< -.027   1826> -.023   1820< -.022   1814> -.021   1849< -.017  Higher   1829  .044   1802  .026
     1825 to 1874 segment:
       Lower   1828< -.040   1849< -.038   1842< -.032   1826> -.028   1845> -.021   1859> -.020  Higher   1874  .062   1855  .055

 ===================================================================================================================================

 EBD201    1915 to  2024     110 years                                                                                    Series  39

 [A] Segment   High   -10   -9   -8   -7   -6   -5   -4   -3   -2   -1   +0   +1   +2   +3   +4   +5   +6   +7   +8   +9  +10
    ---------  ----   ---  ---  ---  ---  ---  ---  ---  ---  ---  ---  ---  ---  ---  ---  ---  ---  ---  ---  ---  ---  ---
    1915 1964   -3   -.11 -.17 -.10  .03 -.33 -.20 -.15  .39* .20  .17  .09| .29  .04 -.11 -.01 -.15  .07 -.19 -.11 -.31 -.14
    1925 1974   -3    .01 -.17 -.07  .05 -.29 -.26 -.13  .34* .16  .08  .11| .19  .08 -.14 -.01 -.13  .08 -.19 -.09 -.19 -.01

 [B] Entire series, effect on correlation (  .405) is:
       Lower   1943< -.105   2022> -.020   1952< -.020   1962< -.017   1940> -.011   1948< -.010  Higher   2014  .035   1990  .027
     1915 to 1964 segment:
       Lower   1943< -.182   1952< -.031   1962< -.028   1940> -.021   1930> -.011   1931> -.010  Higher   1963  .059   1959  .035
     1925 to 1974 segment:
       Lower   1943< -.200   1952< -.034   1962< -.031   1940> -.021   1969> -.014   1930> -.011  Higher   1963  .060   1959  .036

 ===================================================================================================================================

 EBD202    1907 to  2024     118 years                                                                                    Series  40

 [B] Entire series, effect on correlation (  .583) is:
       Lower   1918> -.020   1998> -.015   1936> -.013   1917> -.012   1940< -.011   2011< -.011  Higher   1988  .028   1999  .027

 ===================================================================================================================================

 EBD211    1775 to  2024     250 years                                                                                    Series  41

 [A] Segment   High   -10   -9   -8   -7   -6   -5   -4   -3   -2   -1   +0   +1   +2   +3   +4   +5   +6   +7   +8   +9  +10
    ---------  ----   ---  ---  ---  ---  ---  ---  ---  ---  ---  ---  ---  ---  ---  ---  ---  ---  ---  ---  ---  ---  ---
    1775 1824    2    .13 -.10  .01 -.15 -.14 -.23 -.25 -.20 -.22 -.12  .01| .31  .37* .34  .27  .18  .10 -.01 -.04 -.20 -.36
    1800 1849    2   -.04 -.16 -.08 -.03 -.08  .02  .09 -.04 -.11 -.31 -.09| .16  .22* .15  .00  .00 -.03  .09  .19  .14 -.19
    1825 1874    3    .11  .17 -.04 -.03 -.24 -.22 -.05 -.18 -.24 -.22  .15| .19  .30  .33* .27  .00  .01 -.32  .00 -.09 -.12

 [B] Entire series, effect on correlation (  .438) is:
       Lower   1818< -.019   2024< -.017   1804< -.014   1890> -.011   1782> -.010   1821> -.008  Higher   1999  .020   1963  .015
     1775 to 1824 segment:
       Lower   1818< -.058   1804< -.049   1782> -.040   1821> -.031   1798> -.027   1799> -.020  Higher   1796  .044   1787  .041
     1800 to 1849 segment:
       Lower   1818< -.083   1804< -.073   1821> -.044   1845> -.023   1849< -.022   1837> -.019  Higher   1812  .057   1824  .052
     1825 to 1874 segment:
       Lower   1849< -.035   1863< -.034   1856> -.029   1842< -.029   1845> -.024   1850< -.022  Higher   1874  .066   1867  .060

 ===================================================================================================================================

 EBD212    1788 to  2024     237 years                                                                                    Series  42

 [A] Segment   High   -10   -9   -8   -7   -6   -5   -4   -3   -2   -1   +0   +1   +2   +3   +4   +5   +6   +7   +8   +9  +10
    ---------  ----   ---  ---  ---  ---  ---  ---  ---  ---  ---  ---  ---  ---  ---  ---  ---  ---  ---  ---  ---  ---  ---
    1788 1837    1    .10 -.08 -.03 -.05 -.23 -.17 -.11 -.05 -.12 -.13  .09| .32* .28  .16  .15  .14  .01 -.06 -.05 -.02 -.26
    1800 1849    9    .07 -.12 -.11 -.03 -.13 -.04  .04 -.02 -.03 -.24 -.04| .20  .17  .02 -.05  .14  .03  .03  .24  .25*-.11
    1825 1874   -9    .26  .28*-.20 -.11 -.33 -.23 -.07 -.17 -.09 -.11  .18| .12  .21  .26  .16  .05  .07 -.29 -.04 -.12 -.12

 [B] Entire series, effect on correlation (  .419) is:
       Lower   2024< -.037   1804< -.022   1924< -.019   1890> -.012   1798> -.010   1854< -.010  Higher   1963  .018   1999  .015
     1788 to 1837 segment:
       Lower   1804< -.100   1798> -.046   1821> -.026   1837> -.020   1818< -.016   1799> -.014  Higher   1789  .036   1824  .027
     1800 to 1849 segment:
       Lower   1804< -.116   1821> -.037   1837> -.029   1845> -.027   1818< -.018   1849< -.016  Higher   1824  .069   1812  .057
     1825 to 1874 segment:
       Lower   1856> -.031   1845> -.024   1837> -.024   1849< -.023   1842< -.022   1864< -.020  Higher   1867  .063   1869  .052

 ===================================================================================================================================

 EBD221    1860 to  2024     165 years                                                                                    Series  43

 [B] Entire series, effect on correlation (  .638) is:
       Lower   1918> -.021   1998< -.017   1999> -.015   1959< -.011   1875> -.009   1990> -.009  Higher   1988  .022   2014  .018

 ===================================================================================================================================

 EBD222    1865 to  2024     160 years                                                                                    Series  44

 [B] Entire series, effect on correlation (  .644) is:
       Lower   1918> -.024   1999> -.014   1903> -.009   1932> -.009   1879> -.009   1967> -.006  Higher   1988  .021   1963  .017

 ===================================================================================================================================
PART 7:  DESCRIPTIVE STATISTICS:                                                                   10:51  Tue 16 Jun 2026  Page   7
------------------------------------------------------------------------------------------------------------------------------------

                                                Corr   //-------- Unfiltered --------\\  //---- Filtered -----\\
                           No.    No.    No.    with   Mean   Max     Std   Auto   Mean   Max     Std   Auto  AR
 Seq Series   Interval   Years  Segmt  Flags   Master  msmt   msmt    dev   corr   sens  value    dev   corr  ()
 --- -------- ---------  -----  -----  -----   ------ -----  -----  -----  -----  -----  -----  -----  -----  --
   1 EBD011   1850 2024    175      6      1    .454    .86   2.75   .393   .738   .253   2.49   .299  -.031   5
   2 EBD012   1861 2024    164      6      0    .625    .87   2.75   .392   .721   .262   2.82   .494  -.009   1
   3 EBD021   1826 2024    199      7      1    .467    .69   2.14   .339   .748   .266   2.54   .386  -.043   2
   4 EBD022   1888 2024    137      5      0    .564    .56   1.29   .210   .713   .226   2.67   .458  -.050   2
   5 EBD031   1839 2024    186      7      4    .122    .48   1.13   .273   .733   .372   2.68   .448  -.020   1
   6 EBD032   1835 2024    190      7      7    .030    .44   1.27   .266   .743   .367   2.78   .495  -.052   2
   7 EBD041   1768 2024    257     10     10    .108    .62   4.13   .764   .913   .260   2.57   .390  -.021   1
   8 EBD042   1809 2024    216      8      8    .012    .37   1.95   .262   .840   .248   2.52   .346  -.002   1
   9 EBD051   1793 2024    232      9      9    .055    .51   1.83   .389   .891   .293   2.82   .339   .017   1
  10 EBD052   1801 2024    224      8      8   -.063    .51   1.78   .368   .864   .300   2.84   .419   .013   1
  11 EBD061   1758 2024    267     10      8    .254    .57   2.63   .453   .875   .265   2.78   .331  -.022   1
  12 EBD062   1759 2024    266     10      6    .279    .57   2.75   .470   .871   .260   2.44   .278  -.016   1
  13 EBD071   1816 2024    209      8      0    .563    .58   1.34   .192   .617   .230   2.65   .409  -.021   2
  14 EBD072   1791 2024    234      9      0    .583    .54   1.47   .208   .682   .249   2.61   .437  -.033   2
  15 EBD081   1787 2024    238      9      9    .205    .30    .74   .140   .792   .260   2.68   .448  -.019   1
  16 EBD082   1790 2024    235      9      9    .094    .28    .77   .146   .823   .270   2.62   .357   .009   1
  17 EBD091   1788 2024    237      9      8    .174    .54   1.19   .222   .751   .225   2.64   .357   .040   1
  18 EBD092   1779 2024    246      9      9    .100    .45    .96   .172   .717   .227   2.45   .343  -.015   2
  19 EBD101   1926 2024     99      3      0    .614    .99   1.89   .277   .450   .217   2.59   .376  -.061   2
  20 EBD102   1884 2024    141      5      2    .577    .82   2.09   .390   .748   .298   2.97   .484  -.035   2
  21 EBD111   1929 2024     96      3      0    .428    .77   1.51   .284   .678   .237   2.56   .447  -.084   1
  22 EBD112   1913 2024    112      4      1    .462   1.09   3.47   .471   .593   .263   2.62   .300  -.039   1
  23 EBD121   1770 2024    255     10     10   -.057    .35   1.88   .264   .842   .298   2.62   .346  -.049   2
  24 EBD122   1795 2024    230      9      9    .019    .30   1.81   .203   .781   .293   2.54   .366  -.024   1
  25 EBD131   1785 2024    240      9      0    .599    .88   2.87   .492   .880   .214   2.56   .384  -.026   1
  26 EBD132   1785 2024    240      9      0    .621    .86   3.07   .514   .894   .209   2.62   .399  -.009   1
  27 EBD141   1762 2024    263     10      2    .552    .66   2.14   .470   .903   .268   2.54   .356  -.010   2
  28 EBD142   1765 2024    260     10      7    .360    .67   2.25   .482   .903   .257   2.54   .402  -.038   2
  29 EBD151   1771 2024    254     10      9    .079    .79   3.22   .708   .928   .233   2.55   .361  -.002   1
  30 EBD152   1760 2024    265     10     10    .073    .84   3.11   .724   .933   .228   2.74   .408   .003   2
  31 EBD161   1924 2024    101      4      0    .635   1.37   3.73   .807   .842   .207   2.47   .422  -.057   2
  32 EBD162   1920 2024    105      4      0    .615   1.43   3.70   .825   .850   .206   2.46   .400  -.027   1
  33 EBD171   1763 2024    262     10      2    .468    .51   1.52   .281   .753   .313   2.64   .439  -.050   1
  34 EBD172   1749 2024    276     10      4    .369    .50   1.55   .275   .723   .316   2.53   .327  -.040   1
  35 EBD181   1853 2024    172      6      6    .058    .98   2.34   .524   .826   .252   2.53   .371  -.038   1
  36 EBD182   1850 2024    175      6      6    .085    .97   2.24   .498   .809   .243   2.78   .392   .018   1
  37 EBD191   1826 2024    199      7      1    .587    .74   2.02   .344   .811   .210   2.56   .437  -.042   1
  38 EBD192   1784 2024    241      9      3    .538    .81   2.05   .382   .805   .218   2.57   .419  -.004   1
  39 EBD201   1915 2024    110      4      2    .405   1.20   2.54   .508   .795   .205   2.66   .458  -.031   1
  40 EBD202   1907 2024    118      4      0    .583   1.17   2.52   .494   .792   .200   2.70   .523  -.067   1
  41 EBD211   1775 2024    250      9      3    .438    .82   2.45   .439   .798   .243   2.71   .416  -.022   1
  42 EBD212   1788 2024    237      9      3    .419    .75   2.16   .400   .798   .237   2.74   .478  -.021   1
  43 EBD221   1860 2024    165      6      0    .638   1.50   3.59   .470   .712   .192   2.61   .380  -.033   1
  44 EBD222   1865 2024    160      6      0    .644   1.37   2.98   .413   .709   .183   2.70   .374  -.024   2
 --- -------- ---------  -----  -----  -----   ------ -----  -----  -----  -----  -----  -----  -----  -----  --
 Total or mean:           8938    332    177    .324    .69   4.13   .393   .799   .255   2.97   .393  -.021

                                              - = [  COFECHA VERY COF  ] = -
