tree
version=v4
num_class=1
num_tree_per_iteration=1
label_index=0
max_feature_idx=67
objective=lambdarank
feature_names=shift_years candidate_count max_context_cofecha_flagged max_context_reference_anchor_count max_bundle_has_alternative max_runtime_score max_runtime_score_margin max_evidence_operation_probability max_evidence_operation_rank_reciprocal max_evidence_package_identity max_evidence_baseline_lag max_evidence_shift_baseline_distance source_count_enrichedProposal source_count_noEvent source_count_productAlternative source_count_productPrimary source_count_wholeProjection shift_abs support_samplePairs_attempt_ratio support_samplePairs_attempt_percentile support_differencePairs_attempt_ratio support_differencePairs_attempt_percentile support_olderSamplePairs_attempt_ratio support_olderSamplePairs_attempt_percentile support_newerSamplePairs_attempt_ratio support_newerSamplePairs_attempt_percentile support_olderDifferencePairs_attempt_ratio support_olderDifferencePairs_attempt_percentile support_newerDifferencePairs_attempt_ratio support_newerDifferencePairs_attempt_percentile support_rawTransition_samplePairs_attempt_ratio support_rawTransition_samplePairs_attempt_percentile support_cofechaTransition_samplePairs_attempt_ratio support_cofechaTransition_samplePairs_attempt_percentile support_piecewise_olderPairs_attempt_ratio support_piecewise_olderPairs_attempt_percentile support_piecewise_newerPairs_attempt_ratio support_piecewise_newerPairs_attempt_percentile support_referenceChange_referenceCount_attempt_ratio support_referenceChange_referenceCount_attempt_percentile support_referenceTransition_referenceCount_attempt_ratio support_referenceTransition_referenceCount_attempt_percentile support_perReference_referenceCount_attempt_ratio support_perReference_referenceCount_attempt_percentile support_raw_pairs_side_balance support_raw_pairs_minimum support_difference_pairs_side_balance support_difference_pairs_minimum support_piecewise_pairs_side_balance support_piecewise_pairs_minimum support_weighted_rawGain support_weighted_differenceGain support_weighted_combinedGain operation_rank_score operation_classifier_probability operation_rank_percentile operation_classifier_percentile shift_rank_score shift_classifier_probability shift_rank_percentile shift_classifier_percentile typed_operation_rank_percentile typed_operation_classifier_percentile event_type_falseRing event_type_missingRing event_type_noEvent event_type_partialMove event_type_wholeSeriesMove
feature_infos=[-100:1] [1:16] [0:1] [15:149] [0:1] [-38.506122589111328:330.27517700195312] [-30.255989074707031:220.68804931640625] [-8.2549037933349609:6.4604883193969727] [0:1] [0:1] [-50:5] [0:100] [0:15] [0:1] [0:1] [0:1] [0:1] [0:100] [0:1] [0:1] [0:1] [0:1] [0:1] [0:1] [0:1] [0:1] [0:1] [0:1] [0:1] [0:1] [0:1] [0:1] [0:1] [0:1] [0:1] [0:1] [0:1] [0:1] [0:1] [0:1] [0:1] [0:1] [0:1] [0:1] [0:1] [0:659] [0:1] [0:646] [0:1] [0:654] [-0.87079411745071411:0.72624033689498901] [-0.97730940580368042:1.0918055772781372] [-0.91445666551589966:0.9173206090927124] [-9.7950963973999023:8.5038223266601562] [7.3070739745162427e-05:0.99963366985321045] [0.045454546809196472:1] [0.045454546809196472:1] [-3.7106802463531494:3.6174671649932861] [3.8667923945467919e-05:1] [0.10000000149011612:1] [0.10000000149011612:1] [0.18125000596046448:1] [0.18125000596046448:1] [0:1] [0:1] [0:1] [0:1] [0:1]
tree_sizes=1728 1760 1759 1754 1732 1748 1748 1748 1756 1727 1760 1761 1752 1722 1761 1750 1756 1737 1740 1759 1762 1726 1723 1753 1749 1756 1752 1760 1742 1754 1753 1741 1728 1742 1755 1761 1771 1765 1751 1756 1727 1773 1768 1759 1764 1728 1741 1768 1747 1768 1752 1737 1748 1770 1719 1722 1732 1719 1724 1757 1721 1703 1700 1684 1701 1685 1743 1737 1731 1659 1723 1683 1726 1676 1718 1727 1758 1736 1742 1691 1756 1635 1663 1723 1678 1706 1665 1762 1678 1717 1694 1712 1703 1657 1651 1645 1666 1707 1732 1686 1657 1723 1674 1690 1691 1701 1691 1707 1672 1667 1674 1696 1665 1689 1707 1663 1697 1696 1724 1697 1665 1718 1723 1693 1716 1680 1699 1719 1647 1671 1687 1638 1737 1718 1705 1718 1651 1725 1633 1678 1682 1686 1664 1659 1601 1619 1644 1672 1685 1672 1583 1597 1666 1611 1628 1635 1650 1691 1704 1683 1654 1615 1650 1654 1637 1590 1649 1615 1613 1629 1636 1631 1586 1632 1629 1636 1661 1650 1629 1643 1599 1611 1619 1655 1621 1660 1603 1632 1616 1628 1623 1584 1612 1606 1659 1672 1607 1653 1665 1635 1622 1682 1591 1604 1607 1641 1652 1726 1600 1652 1656 1643 1644 1608 1629 1645 1583 1636 1591 1642 1624 1660 1590 1644 1576 1574 1620 1583 1671 1659 1600 1617 1597 1567 1582 1602 1640 1624 1638 1629 1647 1643 1574 1636 1635 1618 1616 1586 1599 1597 1632 1603 1609 1625 1592 1625 1616 1620 1606 1591 1593 1603 1591 1615 1673 1605 1600 1673 1638 1589 1626 1591 1602 1631 1619 1621 1632 1575 1655 1625 1615 1609 1613 1598 1621 1618 1617 1621 1615 1595 1601 1596 1574 1660 1596 1620 1595 1631 1596 1635 1645 1615 1585 1655 1586 1648 1581 1640 1635 1619 1590 1615 1615 1646 1570 1585 1586 1604 1592 1596 1565 1569 1593 1587 1583 1609 1616 1635 1599 1610 1629 1612 1600 1589 1594 1555 1553 1614 1590 1585 1593 1590 1619 1620 1607 1607 1599 1599 1629 1603 1614 1567 1566 1597 1602 1570 1596 1596 1565 1618 1593 1637 1575 1579 1594 1614 1618 1603 1596 1595 1621 1641 1637 1599 1601 1575 1580 1626 1649 1589 1616 1630 1638 1621 1662 1616 1616 1630 1628 1598 1626 1585 1584 1609 1591 1588 1572 1595 1595 1587

Tree=0
num_leaves=15
num_cat=0
split_feature=54 54 54 57 58 62 56 55 61 56 58 5 47 1
split_gain=14757.4 237.963 227.381 53.682 33.6215 20.0525 19.9087 11.1085 10.0668 13.8113 11.0262 8.06078 6.12493 4.98382
threshold=0.32210768759250646 0.78545728325843822 0.060437984764575965 -1.7479034066200254 0.20384636521339419 0.78348213434219371 0.65833333134651195 0.95119047164917003 0.79543650150299083 0.82843136787414562 0.99393367767333995 19.641905784606937 383.50000000000006 5.5000000000000009
decision_type=2 2 2 2 2 2 2 2 2 2 2 2 2 2
left_child=2 4 7 6 -2 13 -4 -1 9 10 -6 -7 -8 -5
right_child=1 -3 3 5 8 11 12 -9 -10 -11 -12 -13 -14 -15
leaf_value=-0.039174945703436895 -0.006466487673020091 0.039015107009841635 -0.004485751158810539 0.0026538625692442887 0.016423423605072866 0.014228616850165139 -0.026712488222612515 0 0.02187009944545704 -0.005705602685099149 -0.0057913742197796981 -0.0052083190119346706 -0.00076311352731698809 -0.016138748262728583
leaf_weight=1953.0179484303808 24.278289359412156 1974.3851754026837 30.504314967431128 1.9450227372581164 44.75281978957355 30.202284669096116 93.338872339692898 1.3989204387180496 76.344697526539676 14.021280947257763 4.9237162248464292 4.5455181286088182 6.7028117825975633 14.3850392565364
leaf_count=53918 714 13478 996 32 915 467 3486 27 1310 427 150 204 197 478
internal_value=0 0.0370766 -0.0371227 -0.0146916 0.0129667 0.00202858 -0.0212219 -0.039132 0.0166872 0.00850047 0.0132489 0.0105204 -0.0254177 -0.0124898
internal_weight=4274.75 2138.71 2136.04 181.624 164.321 51.0779 130.546 1954.42 140.043 63.6978 49.6765 34.7478 100.042 16.3301
internal_count=76799 16994 59805 5860 3516 1181 4679 53945 2802 1492 1065 671 3683 510
is_linear=0
shrinkage=0.02


Tree=1
num_leaves=15
num_cat=0
split_feature=61 58 0 58 62 56 19 44 57 60 61 18 11 56
split_gain=32459.2 5970.16 4658.01 1054.85 495.229 340.434 179.891 157.813 140.824 99.4973 85.1564 84.7652 68.9932 98.2838
threshold=0.97361111640930187 0.81333801150321972 -1.4999999999999998 0.95601218938827526 0.84548610448837291 0.57518798112869274 0.55902779102325451 0.85436749458312999 1.6713425517082217 0.47222222387790685 0.84861111640930187 0.98302683234214794 13.500000000000002 0.7947368621826173
decision_type=2 2 2 2 2 2 2 2 2 2 2 2 2 2
left_child=1 5 3 6 -4 -1 -3 -5 11 -8 -6 -7 -9 -14
right_child=-2 2 4 7 10 8 9 12 -10 -11 -12 -13 13 -15
leaf_value=-0.038349158573287606 0.038215341407788456 0.016872544952857598 -0.037136219831716812 0.031964426210666794 -0.029328087528304084 -0.012781147077740296 0.0013387902210600558 0.026667852914276813 0.015082944662272946 -0.019064833476242479 -0.002194526268270301 -0.029640345631608157 0.021913436707506086 0.0027615239602098497
leaf_weight=4009.8613799097948 5554.2604659572244 95.34865334816277 1032.6770480982959 811.9626926407218 51.294437330216169 151.17030267976224 135.59758452046663 263.94670590525493 25.358695842325687 290.86513461358845 246.35375877004117 1731.3831058316864 229.78456422220916 207.32823024503887
leaf_count=33832 4383 518 8518 4582 425 1141 969 1536 60 2192 1275 14996 1412 960
internal_value=0 -0.022877 -0.0015902 0.0174074 -0.0306099 -0.0349605 -0.00699864 0.0258377 -0.0277087 -0.0125913 -0.00753543 -0.0283548 0.0184535 0.0130837
internal_weight=14837.2 9282.93 3365.16 2034.83 1330.33 5917.77 521.811 1513.02 1907.91 426.463 297.648 1882.55 701.06 437.113
internal_count=76799 72416 22387 12169 10218 50029 3679 8490 16197 3161 1700 16137 3908 2372
is_linear=0
shrinkage=0.02


Tree=2
num_leaves=15
num_cat=0
split_feature=61 53 53 53 62 55 57 55 53 45 46 57 55 36
split_gain=30614.5 7515.64 463.574 441.952 138.872 124.007 108.972 86.6938 57.882 44.9252 42.2982 40.8457 33.303 30.6214
threshold=0.97361111640930187 0.77824947237968456 -0.55054646730422963 2.0016131401062016 0.98750001192092907 0.77525252103805553 -1.2379987835884092 0.65394735336303722 -1.9848622083663938 193.50000000000003 0.99527183175086986 0.49902789294719702 0.88562092185020458 0.093956906348466887
decision_type=2 2 2 2 2 2 2 2 2 2 2 2 2 2
left_child=1 2 4 5 8 9 7 -4 -1 -3 -5 12 -7 -10
right_child=-2 3 6 10 -6 11 -8 -9 13 -11 -12 -13 -14 -15
leaf_value=-0.036720155006582593 0.037009330327768868 0.022230993279946942 -0.0061264951116265969 0.02900498864799184 0.019486425150957994 -0.00041981304148643381 0.0012377699957606513 -0.025172132060829813 0.0045283982900975609 0.0067485094752012531 0.0099629017757034942 0.014445250808905647 -0.014141816595684338 -0.029977125207681487
leaf_weight=5077.4733722759411 5344.5642744675279 135.0515748411417 131.3310160683468 683.08789029158652 13.437513425946234 174.14001042954624 96.545538790524006 478.88609565328807 7.1635505072772494 195.42832074314356 65.50895319506526 36.206401869654655 118.44285013154149 760.04991764761508
leaf_count=46843 4383 1099 1194 5473 18 1380 644 4626 36 1704 499 124 1015 7761
internal_value=0 -0.02482 -0.0338083 0.017031 -0.0356692 0.00495015 -0.0181434 -0.0212377 -0.0358243 0.0134942 0.0274861 -0.00365082 -0.00627551 -0.0295782
internal_weight=13317.3 7972.75 6564.89 1407.87 5858.12 659.269 706.763 610.217 5844.69 330.48 748.597 328.789 292.583 767.213
internal_count=76799 72416 61122 11294 54658 5322 6464 5820 54640 2803 5972 2519 2395 7797
is_linear=0
shrinkage=0.02


Tree=3
num_leaves=15
num_cat=0
split_feature=54 54 54 57 55 55 18 57 54 62 49 62 50 56
split_gain=33439.3 1007.33 528.586 358.34 167.436 129.191 62.1362 58.0192 55.4816 36.6734 34.1061 29.8103 26.4362 24.431
threshold=0.67521402239799511 0.073939416557550444 0.92317524552345287 -0.83809319138526905 0.89181286096572887 0.94868421554565441 0.9521184265613557 1.1973950862884524 0.32210768759250646 0.82008931040763866 381.50000000000006 0.92678570747375499 -0.013650177512317894 0.83771929144859325
decision_type=2 2 2 2 2 2 2 2 2 2 2 2 2 2
left_child=1 7 5 6 11 12 -3 -1 10 -6 -8 -5 -2 -10
right_child=2 3 -4 4 9 -7 8 -9 13 -11 -12 -13 -14 -15
leaf_value=-0.035355403648931902 -0.0037547032547863637 0.0080322711198555427 0.035441769827811276 -0.020436910293970389 -0.0054940665411712724 0.030836926478101066 -0.027177689204944316 0.0045732901069948737 -0.0071327660123224421 0.023116688985208699 -0.0017129678490783674 0.012562481793321832 0.0092045592202840247 -0.020868044712402445
leaf_weight=5435.4172583753243 73.077734421938658 26.237759061157703 5563.443997208029 61.59832813590765 15.757459092885254 112.72522001713514 368.61066758353263 11.746831540018318 159.68454389926046 145.1892098672688 26.003487512469292 6.9834875911474219 275.22798637859523 90.395065888762474
leaf_count=54761 557 215 11427 615 112 113 3880 63 1379 339 218 10 2260 850
internal_value=0 -0.0320153 0.0337306 -0.0122455 0.00903405 0.0127963 -0.0195878 -0.035258 -0.0208321 0.0200247 -0.0256335 -0.0158275 0.00638075 -0.0126473
internal_weight=12372.1 6347.62 6024.47 900.46 229.528 461.031 670.932 5447.16 644.694 160.947 394.614 68.5818 348.306 250.08
internal_count=76799 62442 14357 7618 1076 2930 6542 54824 6327 451 4098 625 2817 2229
is_linear=0
shrinkage=0.02


Tree=4
num_leaves=15
num_cat=0
split_feature=54 54 54 61 55 57 61 12 54 18 53 57 50 61
split_gain=29676.4 879.588 469.286 298.119 120.401 109.761 56.6953 53.5439 50.2212 55.8511 31.0331 25.3712 23.1899 23.1565
threshold=0.67521402239799511 0.073939416557550444 0.92317524552345287 0.97048610448837291 0.94868421554565441 1.0002314448356631 0.97361111640930187 4.5000000000000009 0.32210768759250646 0.99738562107086193 0.38721239566802984 1.1973950862884524 -0.027440963312983509 0.98750001192092907
decision_type=2 2 2 2 2 2 2 2 2 2 2 2 2 2
left_child=1 6 4 5 12 7 11 -3 9 -9 -10 -1 -2 -4
right_child=2 3 13 -5 -6 -7 -8 8 10 -11 -12 -13 -14 -15
leaf_value=-0.034302464516860982 -0.009403248234007084 0.015091688744487282 0.02956944173859859 0.025487102975838009 0.029509685113538211 0.016414986250691665 0.010041918268683532 -0.0040542253615166212 -0.0014875917114852797 -0.025136282024849094 -0.015783555400361849 0 0.0071358073580286121 0.035014005936817194
leaf_weight=5134.5412177117541 30.862208914011717 13.986429516226051 764.03183313645422 70.884012512862682 108.12138709798455 34.528550200164318 7.7183038517832747 65.079290516674519 102.96554691903293 386.31895020324737 168.10802271589637 7.6359737031161776 281.01797795575112 4516.0451396591961
leaf_count=54744 269 58 7245 75 113 95 19 555 947 4299 1589 61 2548 4182
internal_value=0 -0.0310606 0.0326481 -0.011925 0.0119353 -0.0156016 -0.0341625 -0.0172834 -0.0180901 -0.0222706 -0.0106354 -0.0342483 0.00523461 0.034272
internal_weight=11691.8 5991.77 5700.08 841.871 420.002 770.987 5149.9 736.458 722.472 451.398 271.074 5142.18 311.88 5280.08
internal_count=76799 62442 14357 7618 2930 7543 54824 7448 7390 4854 2536 54805 2817 11427
is_linear=0
shrinkage=0.02


Tree=5
num_leaves=15
num_cat=0
split_feature=54 54 54 55 1 55 54 18 55 62 54 31 59 53
split_gain=26754.7 793.408 416.814 294.92 120.506 107.449 54.8756 58.8999 34.114 27.0493 58.0849 23.7977 21.389 25.7097
threshold=0.67521402239799511 0.060437984764575965 0.92317524552345287 0.94868421554565441 4.5000000000000009 0.94868421554565441 0.32210768759250646 0.99738562107086193 0.95346319675445568 0.98750001192092907 0.97186678647995006 0.70714285969734203 0.96428570151329052 0.38721239566802984
decision_type=2 2 2 2 2 2 2 2 2 2 2 2 2 2
left_child=1 8 5 4 -3 -2 7 11 -1 10 -4 -6 13 -8
right_child=2 3 9 -5 6 -7 12 -9 -10 -11 -12 -13 -14 -15
leaf_value=-0.033405926390750067 0.0051476042133007374 0.021036470181386095 0.017936371699526551 0.025743056034560681 -0.013673655717519948 0.02855434873928903 -0.0023674505460861773 -0.024020248517258001 0.0079725859170487502 0.034067411223559552 0.031987814221591318 0.0070713551835608511 0.0006204787479139538 -0.017643172694792649
leaf_weight=4843.4433523723856 296.74794805422425 27.606614265590906 205.13737914152443 67.475979404523969 38.982651099562645 104.2369167432189 75.871753943152726 441.69958979962394 4.3700494877994052 4278.3417217563838 564.9427644982934 34.539111018180847 59.498900808393955 129.88375370576978
leaf_count=53933 2817 81 1773 117 385 113 767 5108 12 4184 5470 252 397 1390
internal_value=0 -0.0301814 0.0316968 -0.0124724 -0.015894 0.0116913 -0.0174137 -0.02128 -0.033351 0.0332615 0.0284786 -0.00378796 -0.00943969 -0.0124145
internal_weight=11172.8 5723.37 5449.41 875.558 808.082 400.985 780.476 515.221 4847.81 5048.42 770.08 73.5218 265.254 205.756
internal_count=76799 62442 14357 8497 8380 2930 8299 5745 53945 11427 7243 637 2554 2157
is_linear=0
shrinkage=0.02


Tree=6
num_leaves=15
num_cat=0
split_feature=54 54 54 57 7 57 18 54 58 61 54 57 61 49
split_gain=24358.6 727.769 393.68 292.894 116.874 87.237 43.9543 39.2652 31.6924 27.5478 53.0242 25.7606 23.58 23.0637
threshold=0.67521402239799511 0.060437984764575965 0.92317524552345287 -0.83809319138526905 -1.6278583407402036 0.80716255307197582 0.9521184265613557 0.32210768759250646 0.99183151125907909 0.98750001192092907 0.97186678647995006 1.1973950862884524 0.97048610448837291 381.50000000000006
decision_type=2 2 2 2 2 2 2 2 2 2 2 2 2 2
left_child=1 11 5 6 12 8 -3 13 -2 10 -4 -1 -5 -8
right_child=2 3 9 4 -6 -7 7 -9 -10 -11 -12 -13 -14 -15
leaf_value=-0.032515381296061699 0.007335451518358395 0.0050003741016825358 0.016704653196923526 -0.017149940485960326 0.017115625495777713 0.024369323049211859 -0.025247538616978683 -0.012029281397754662 -0.010203823022819265 0.033183180247166696 0.030879053204310718 0.00095030848854139849 0.012642965387064772 -0.0033962175073120882
leaf_weight=4655.3666626233608 220.63807853218168 24.620188558474183 184.04718640446663 62.017483880743384 151.82207012735307 126.55748162232339 368.22992730373517 204.56422156980261 42.696497363969684 4157.7363280896097 509.84481746330857 7.081044413149356 6.1512660682201377 26.248186722397804
leaf_count=53890 2220 238 1778 701 506 272 4559 2229 438 4182 5467 55 6 258
internal_value=0 -0.0293587 0.0308387 -0.0120759 0.00749354 0.0111301 -0.019033 -0.0201166 0.00419012 0.0323981 0.0273666 -0.0324568 -0.0131354 -0.0239529
internal_weight=10747.6 5506.1 5241.52 843.653 219.991 389.892 623.663 599.042 263.335 4851.63 693.892 4662.45 68.1687 394.478
internal_count=76799 62442 14357 8497 1213 2930 7284 7046 2658 11427 7245 53945 707 4817
is_linear=0
shrinkage=0.02


Tree=7
num_leaves=15
num_cat=0
split_feature=54 54 54 61 57 55 61 1 54 61 54 18 54 0
split_gain=22354.8 671.582 364.898 241.731 90.7172 84.2622 46.279 40.2913 33.8683 27.4759 51.8124 27.2484 25.4341 23.6742
threshold=0.67521402239799511 0.073939416557550444 0.92317524552345287 0.97048610448837291 1.0002314448356631 0.97727271914482128 0.97361111640930187 4.5000000000000009 0.32210768759250646 0.98750001192092907 0.97186678647995006 0.99738562107086193 0.017059506848454479 1.0000000180025095e-35
decision_type=2 2 2 2 2 2 2 2 2 2 2 2 2 2
left_child=1 6 5 4 7 -2 12 -3 11 10 -4 -9 -1 -12
right_child=2 3 9 -5 -6 -7 -8 8 -10 -11 13 -13 -14 -15
leaf_value=-0.032288630782566531 0.0047442972306197826 0.012702258647793183 0.015465089234988448 0.0240758383869311 0.015378510335600327 0.025995977635344062 0.0097065807791361907 -0.0060605988728297455 -0.01010677246793487 0.032387608622795952 0.030444798212088588 -0.022679989001663139 -0.026107557187744879 -0.0018181292267248777
leaf_weight=4001.9471628814936 278.55857400875539 12.97679106146097 168.11107354611158 65.14186199195683 32.402816776186228 99.953708438202739 6.864507943391799 57.270654756575823 235.11876401957124 4018.546380572021 488.67111566662788 344.67452232399955 561.87625604402274 6.7042890489101401
leaf_count=47468 2820 58 1778 75 95 110 19 555 2536 4182 5458 4299 7337 9
internal_value=0 -0.0286139 0.0300691 -0.0108483 -0.014436 0.0108042 -0.0314921 -0.0161159 -0.0168811 0.0316017 0.0265088 -0.0205296 -0.0315754 0.0299292
internal_weight=10378.8 5318.27 5060.55 747.585 682.444 378.512 4570.69 650.041 637.064 4682.03 663.486 401.945 4563.82 495.375
internal_count=76799 62442 14357 7618 7543 2930 54824 7448 7390 11427 7245 4854 54805 5467
is_linear=0
shrinkage=0.02


Tree=8
num_leaves=15
num_cat=0
split_feature=54 54 54 55 57 57 1 61 54 18 58 61 54 54
split_gain=20651.4 695.742 277.243 238.677 81.661 66.0453 45.6754 42.7237 32.3569 31.2388 25.2212 24.7594 46.075 22.0142
threshold=0.71301564574241649 0.073939416557550444 0.92317524552345287 0.94868421554565441 1.0002314448356631 0.80716255307197582 6.5000000000000009 0.97361111640930187 0.32210768759250646 0.99738562107086193 0.99096482992172252 0.98750001192092907 0.97186678647995006 0.017059506848454479
decision_type=2 2 2 2 2 2 2 2 2 2 2 2 2 2
left_child=1 7 5 4 6 10 -3 13 9 -8 -2 12 -4 -1
right_child=2 3 11 -5 -6 -7 8 -9 -10 -11 -12 -13 -14 -15
leaf_value=-0.031561677591398461 0.0079166517494190253 0.011147175637455804 0.015065988977308183 0.023959678399003419 0.014256214508524285 0.023729338773615091 -0.0047271615357893162 0.0091325005662179163 -0.0098354290356741491 -0.022152348143377538 -0.0084746223745200341 0.031659369968698642 0.029169098580363491 -0.025538586560036547
leaf_weight=3875.8131430982612 182.47462061047554 19.607816120609641 159.38538939133286 68.216409591026604 33.697937421500683 110.2396350055933 57.001710094511509 6.7062429748475543 253.61005502892658 334.07074399990961 39.095048926770687 3894.5338396336883 474.93651173263788 537.30072328355163
leaf_count=47468 1946 115 1778 120 83 245 536 19 2778 4279 446 4182 5467 7337
internal_value=0 -0.0277422 0.0295965 -0.00997448 -0.0135385 0.0114855 -0.0151271 -0.0307949 -0.0160834 -0.0198156 0.00472226 0.030897 0.0258753 -0.0308768
internal_weight=10046.7 5186.02 4860.67 766.205 697.988 331.809 664.29 4419.82 644.683 391.072 221.57 4528.86 634.322 4413.11
internal_count=76799 62735 14064 7911 7791 2637 7708 54824 7593 4815 2392 11427 7245 54805
is_linear=0
shrinkage=0.02


Tree=9
num_leaves=15
num_cat=0
split_feature=54 54 54 61 57 57 61 1 54 61 54 58 6 18
split_gain=19169.4 656.628 257.198 225.019 74.3443 60.6644 39.4797 31.5043 34.3435 24.0607 41.355 23.238 20.9393 20.8603
threshold=0.71301564574241649 0.073939416557550444 0.92317524552345287 0.97048610448837291 1.0002314448356631 0.80716255307197582 0.97361111640930187 4.5000000000000009 0.32210768759250646 0.98750001192092907 0.97186678647995006 0.99096482992172252 0.027158599346876148 0.97114393115043651
decision_type=2 2 2 2 2 2 2 2 2 2 2 2 2 2
left_child=1 6 5 4 7 11 12 -3 13 10 -4 -2 -1 -9
right_child=2 3 9 -5 -6 -7 -8 8 -10 -11 -12 -13 -14 -15
leaf_value=-0.030303532500897401 0.0077144628881847047 0.010969181173686121 0.014699131951995108 0.022932313683446417 0.01376249860537746 0.023085335431198308 0.0083214243908146888 -0.0014898515678449238 -0.0090599472399216299 0.030989917483198154 0.028400952859214436 -0.0083340658790985924 0 -0.020635916362758685
leaf_weight=4266.4381354483776 177.69365758355707 12.539889436215161 154.07874117605388 69.460250351577997 32.250394968315959 108.03508746623993 6.7248388007283202 29.142910823225975 250.4815888106823 3781.2208865992725 455.36582457646728 37.091340847313404 9.5369289517402631 354.42006593802944
leaf_count=54706 1946 62 1778 86 98 245 19 309 2811 4182 5467 446 99 4545
internal_value=0 -0.0271336 0.0289587 -0.00967426 -0.0132544 0.0112576 -0.0301564 -0.0147808 -0.0154511 0.0302333 0.0251918 0.0046322 -0.0302375 -0.0193108
internal_weight=9744.48 5031 4713.49 748.295 678.835 322.82 4282.7 646.584 634.045 4390.67 609.445 214.785 4275.98 383.563
internal_count=76799 62735 14064 7911 7825 2637 54824 7727 7665 11427 7245 2392 54805 4854
is_linear=0
shrinkage=0.02


Tree=10
num_leaves=15
num_cat=0
split_feature=54 54 54 55 1 55 61 61 54 18 61 54 54 19
split_gain=17850.3 613.39 242.573 212.461 66.2377 56.9481 37.9343 36.7443 26.7883 25.2069 23.5399 36.8004 20.5347 22.0003
threshold=0.71301564574241649 0.073939416557550444 0.92317524552345287 0.94868421554565441 1.5000000000000002 0.97727271914482128 0.98750001192092907 0.97361111640930187 0.32210768759250646 0.97114393115043651 0.98750001192092907 0.97186678647995006 0.017059506848454479 0.52951389551162731
decision_type=2 2 2 2 2 2 2 2 2 2 2 2 2 2
left_child=1 7 5 4 -3 -2 8 12 9 -6 11 -4 -1 -14
right_child=2 3 10 -5 6 -7 -8 -9 -10 -11 -12 -13 13 -15
leaf_value=-0.030295339670014968 0.0052614638841286237 0.019405463937779175 0.014411534335825487 0.023109840991540391 -7.2337517409073196e-05 0.024358439004984404 0.0087472543101512461 0.0078170783349847291 -0.0092185762334815111 -0.019991560229530407 0.030373701961604143 0.02767067264669263 -0.010263550702490578 -0.025942794352730784
leaf_weight=3641.9574652728625 229.53948775213212 17.878806054592133 149.47772077843547 65.433877008035779 30.684024909511209 85.450153078883886 22.072630416601896 6.6229273192584506 246.79706148291007 348.92225390346721 3675.1980154123157 437.41461423225701 59.811649356037378 448.16977820731699
leaf_count=47468 2537 33 1778 120 327 100 27 19 2845 4559 4182 5467 700 6637
internal_value=0 -0.026558 0.0283614 -0.00949769 -0.0129512 0.0109522 -0.0140867 -0.0295334 -0.0150265 -0.0184895 0.0296209 0.0245538 -0.0296133 -0.0243195
internal_weight=9465.43 4888.35 4577.08 731.789 666.355 314.99 648.476 4156.56 626.403 379.606 4262.09 586.892 4149.94 507.981
internal_count=76799 62735 14064 7911 7791 2637 7758 54824 7731 4886 11427 7245 54805 7337
is_linear=0
shrinkage=0.02


Tree=11
num_leaves=15
num_cat=0
split_feature=54 54 54 57 55 57 57 56 62 0 54 62 54 19
split_gain=16660.1 587.485 237.061 196.515 96.4808 52.771 35.1576 24.7297 22.8303 52.0391 28.468 19.4477 17.8746 20.0096
threshold=0.71301564574241649 0.073939416557550444 0.92317524552345287 -0.83809319138526905 0.89181286096572887 0.80716255307197582 1.1973950862884524 0.65833333134651195 0.98750001192092907 -1.0000000180025095e-35 0.96869817376136791 0.82008931040763866 0.017059506848454479 0.059027777984738357
decision_type=2 2 2 2 2 2 2 2 2 2 2 2 2 2
left_child=1 6 5 7 -5 -2 12 -3 9 10 -4 -6 -1 -14
right_child=2 3 8 4 11 -7 -8 -9 -10 -11 -12 -13 13 -15
leaf_value=-0.029745682139712702 0.0040997669064519199 -0.0063897703199219062 0.014646037477741011 -0.01377411786030067 -0.003931755103712558 0.021660865255790928 0.004992967646410643 -0.017858462292700931 0.029820801025122298 -0.0086342938255383229 0.027607264723148405 0.018599812515463006 -0.00047185522273037952 -0.024692008559658595
leaf_weight=3530.9480003165081 205.56081237643957 115.82526404038072 124.97807346470654 52.838696707971394 12.412638921290634 103.82008141465485 8.7354214452207071 408.22090360708535 3550.3318985998631 14.371967248618601 451.30434410274029 128.15820736251771 16.927215611562133 477.66213295748457
leaf_count=47448 2392 1492 1562 637 113 245 63 5308 4184 43 5638 361 167 7146
internal_value=0 -0.0260249 0.0277844 -0.0091747 0.00775096 0.0104365 -0.028993 -0.0154978 0.0290535 0.0240958 0.0250573 0.0163148 -0.0290827 -0.023941
internal_weight=9202.1 4751.73 4450.37 717.456 193.41 309.381 4034.27 524.046 4140.99 590.654 576.282 140.571 4025.54 494.589
internal_count=76799 62735 14064 7911 1111 2637 54824 6800 11427 7243 7200 474 54761 7313
is_linear=0
shrinkage=0.02


Tree=12
num_leaves=15
num_cat=0
split_feature=54 54 54 61 57 55 54 1 61 54 55 53 50 0
split_gain=15609.4 550.201 226.074 204.565 68.5648 51.0228 30.3764 35.2739 22.8639 30.577 22.253 17.2085 14.6897 13.713
threshold=0.71301564574241649 0.060437984764575965 0.92317524552345287 0.97048610448837291 1.0002314448356631 0.97727271914482128 0.32210768759250646 5.5000000000000009 0.98750001192092907 0.97186678647995006 0.95346319675445568 0.45305377244949346 -0.027440963312983509 1.0000000180025095e-35
decision_type=2 2 2 2 2 2 2 2 2 2 2 2 2 2
left_child=1 10 5 4 6 12 7 -3 9 -4 -1 -8 -2 -11
right_child=2 3 8 -5 -6 -7 11 -9 -10 13 -12 -13 -14 -15
leaf_value=-0.028675527146034701 -0.0088289204207495104 0.010867948796622531 0.013741190909299207 0.021453990425195513 0.0128697514717765 0.023072956929578448 -0.0013469720439504035 -0.018877110825205812 0.02928128900336785 0.026817320027400813 0.0060022015719868281 -0.012642799924081695 0.0064693995787292458 -6.8362155073210898e-05
leaf_weight=3851.2786813704297 20.863943958655 10.972346808761356 140.87013588473201 68.551220921799541 32.011307660490274 82.121606169268489 98.450568505562842 416.93950208742172 3479.7981191910803 398.87009154073894 3.7665948309004298 139.65788173303008 200.22239367570728 5.4316669255495063
leaf_count=53933 247 58 1778 90 108 100 1114 5697 4182 5458 12 1723 2290 9
internal_value=0 -0.025542 0.0272709 -0.00988995 -0.0131931 0.0101574 -0.0146112 -0.0178828 0.0285328 0.0233902 -0.0286231 -0.00826657 0.00466751 0.0263882
internal_weight=8949.81 4621.63 4328.18 766.583 698.032 303.208 666.02 427.912 4024.97 545.172 3855.05 238.108 221.086 404.302
internal_count=76799 62735 14064 8790 8700 2637 8592 5755 11427 7245 53945 2837 2537 5467
is_linear=0
shrinkage=0.02


Tree=13
num_leaves=15
num_cat=0
split_feature=54 54 54 57 7 57 61 56 61 54 58 6 58 57
split_gain=14643.9 524.592 217.876 168.057 66.0154 46.6853 33.5251 26.3712 22.4367 28.5192 17.4927 17.2224 15.8294 14.8467
threshold=0.71301564574241649 0.073939416557550444 0.92317524552345287 -0.83809319138526905 -1.6278583407402036 0.80716255307197582 0.97361111640930187 0.65833333134651195 0.98750001192092907 0.97186678647995006 0.99096482992172252 0.027158599346876148 0.73332104086875927 1.1973950862884524
decision_type=2 2 2 2 2 2 2 2 2 2 2 2 2 2
left_child=1 6 5 7 -5 10 11 -3 9 -4 12 13 -2 -1
right_child=2 3 8 4 -6 -7 -8 -9 -10 -11 -12 -13 -14 -15
leaf_value=-0.028169009546027409 -0.0030870735204588072 -0.0054871587617881783 0.013405924603540953 -0.010925031485522232 0.014170459249689831 0.020552016756534553 0.008021491612752318 -0.01734605606591948 0.028793001138945291 0.025845610375236607 -0.0078661447733760353 0 0.010143621883412968 0
leaf_weight=3788.4403650718741 42.453873708844185 112.83625081833452 137.39163837209344 51.986261046491563 136.47679106704891 99.905698796734214 6.2619229778647414 390.73632358014584 3387.0532841347158 389.21554782055318 34.156840128824115 8.2317305728793126 120.47185512632132 5.8239670135080805
leaf_count=54647 487 1492 1778 621 490 245 19 5308 4182 5467 446 99 1459 59
internal_value=0 -0.0250621 0.0267862 -0.00886652 0.00695121 0.00981532 -0.0279753 -0.0148592 0.0280466 0.0228748 0.00370739 -0.0280571 0.00653438 -0.0281197
internal_weight=8711.44 4500.79 4210.65 692.036 188.463 296.988 3808.76 503.573 3913.66 526.607 197.083 3802.5 162.926 3794.26
internal_count=76799 62735 14064 7911 1111 2637 54824 6800 11427 7245 2392 54805 1946 54706
is_linear=0
shrinkage=0.02


Tree=14
num_leaves=15
num_cat=0
split_feature=55 53 58 53 62 53 66 58 57 55 53 46 19 55
split_gain=11499.2 2387.06 197.081 190.842 86.915 59.4041 47.0198 25.7851 27.8964 25.2545 23.5907 21.6498 20.6911 19.3414
threshold=0.95346319675445568 0.77824947237968456 0.92005226016044628 -0.69684883952140797 0.97048610448837291 2.0016131401062016 1.0000000180025095e-35 0.41822293400764471 0.4011844545602799 0.65394735336303722 -1.9848622083663938 0.99595957994461071 0.079166669398546233 0.82085561752319347
decision_type=2 2 2 2 2 2 2 2 2 2 2 2 2 2
left_child=1 3 7 4 10 -4 13 8 -3 -8 -1 12 -7 -5
right_child=-2 2 5 6 -6 11 9 -9 -10 -11 -12 -13 -14 -15
leaf_value=-0.027996376201734483 0.028189179343017616 -0.016556036477043391 0.0078372228912392886 -0.0080279650483635629 0.01040845236859702 -0.0073476652850339545 -0.0056257719718625565 0.0008230581268402745 0.012143675230838742 -0.018082113251798541 -0.02160375504743399 0.0023128215555029835 0.023026015562493365 0.01347395600256681
leaf_weight=3203.4238042095676 3435.441703710705 84.034462789073586 221.7108979569748 23.628318872302771 20.15241277590394 4.6317152529954901 97.512018095701933 117.88051142822951 9.4806851819157583 374.07054841471836 447.24949001520872 27.890354666858912 383.97955967858434 28.607327304780483
leaf_count=46775 4383 1166 3185 337 106 11 1404 1423 23 5451 6919 407 5073 136
internal_value=0 -0.019211 0.0112609 -0.0253986 -0.0270299 0.0167703 -0.0137046 -0.00523934 -0.0127049 -0.0156891 -0.0272643 0.0212465 0.0224646 0.00344199
internal_weight=8479.69 5044.25 849.608 4194.64 3670.83 638.213 523.818 211.396 93.5151 471.583 3650.67 416.502 388.611 52.2356
internal_count=76799 72416 11288 61128 53800 8676 7328 2612 1189 6855 53694 5491 5084 473
is_linear=0
shrinkage=0.02


Tree=15
num_leaves=15
num_cat=0
split_feature=54 54 54 61 12 55 54 61 54 18 55 55 53 53
split_gain=13006 476.327 199.152 175.112 50.7031 43.4287 41.3154 19.9187 25.6902 18.9799 17.3851 15.2007 13.791 13.4425
threshold=0.71301564574241649 0.060437984764575965 0.92317524552345287 0.97048610448837291 4.5000000000000009 0.97727271914482128 0.32210768759250646 0.98750001192092907 0.97186678647995006 0.99738562107086193 0.95346319675445568 0.94868421554565441 3.5122375488281254 0.5228419601917268
decision_type=2 2 2 2 2 2 2 2 2 2 2 2 2 2
left_child=1 10 5 4 -3 -2 9 8 -4 -6 -1 13 -11 -8
right_child=2 3 7 -5 6 -7 11 -9 -10 12 -12 -13 -14 -15
leaf_value=-0.027310613871482158 0.0041328575514435906 0.014993381297305732 0.012830431473155528 0.020526012679445066 -0.004911447479887629 0.021646113498659109 -0.0013734285189825246 0.027917823220500168 0.025032067771099658 -0.019548953105659874 0.00425076210678398 0.010535678105790026 0.0064132451269890943 -0.011752406578542046
leaf_weight=3541.4883060441352 207.91595984343439 19.498687950894237 130.89420297089964 64.445609041489661 55.452573113143444 76.964000625535846 93.696316543966532 3210.9284381009638 362.04427284747362 347.75124069862068 3.585984654724597 12.557520821690558 3.5275787860155097 128.40866563655436
leaf_count=53933 2537 81 1778 90 639 100 1158 4182 5467 5131 12 24 7 1660
internal_value=0 -0.0242367 0.0259452 -0.00929087 -0.012428 0.00937273 -0.0134607 0.0271917 0.0220771 -0.0173403 -0.0272619 -0.00630476 -0.0190843 -0.00768066
internal_weight=8259.16 4270.41 3988.75 725.338 660.893 284.88 641.394 3703.87 492.938 406.731 3545.07 234.663 351.279 222.105
internal_count=76799 62735 14064 8790 8700 2637 8619 11427 7245 5777 53945 2842 5138 2818
is_linear=0
shrinkage=0.02


Tree=16
num_leaves=15
num_cat=0
split_feature=54 54 54 55 57 57 18 54 61 54 1 53 58 58
split_gain=12261.4 457.888 194.323 177.293 59.687 41.8469 30.1494 36.0241 19.9609 23.9109 19.5032 17.4309 14.8491 13.6952
threshold=0.71301564574241649 0.046350747346878059 0.92317524552345287 0.94868421554565441 1.0002314448356631 0.80716255307197582 0.98302683234214794 0.32210768759250646 0.98750001192092907 0.97186678647995006 7.5000000000000009 0.96825629472732555 0.99096482992172252 0.73332104086875927
decision_type=2 2 2 2 2 2 2 2 2 2 2 2 2 2
left_child=1 -1 5 4 6 12 -3 10 9 -4 -8 -9 13 -2
right_child=2 3 8 -5 -6 -7 7 11 -10 -11 -12 -13 -14 -15
leaf_value=-0.027056682721720345 -0.0033236604648914608 -0.0012582597008731636 0.01255825756678952 0.020129724904227004 0.011889527246539884 0.019537704800779269 0.0038663814179903046 -0.0025349133933005321 0.027524027275311412 0.024547793957092556 -0.019543643592859865 -0.015018784960924908 -0.0077152336053154438 0.0092747475513188255
leaf_weight=3369.8573404671624 39.891522344201803 72.146965857595205 127.95465330220759 64.704722960945219 30.859012451022863 93.263329984620214 10.353491817601023 122.38162233866751 3125.1128606209531 349.01087065599859 413.93755761208013 75.12665800191462 32.561959125101566 114.1163488086313
leaf_count=52773 487 842 1778 137 96 245 77 1538 4182 5467 6289 983 446 1459
internal_value=0 -0.0238394 0.0255402 -0.00995221 -0.0128455 0.00903368 -0.014096 -0.0155073 0.0267942 0.0216215 -0.0188494 -0.00778166 0.00311124 0.00582252
internal_weight=8041.28 4159.37 3881.91 789.51 724.805 279.833 693.946 621.799 3602.08 476.966 424.291 197.508 186.57 154.008
internal_count=76799 62735 14064 9962 9825 2637 9729 8887 11427 7245 6366 2521 2392 1946
is_linear=0
shrinkage=0.02


Tree=17
num_leaves=15
num_cat=0
split_feature=54 54 54 61 57 55 54 1 61 54 53 49 6 62
split_gain=11575.2 438.44 187.421 171.545 58.2022 40.8625 28.2525 27.4565 21.4681 24.7536 14.8389 12.1352 12.9916 11.9181
threshold=0.71301564574241649 0.046350747346878059 0.92317524552345287 0.97048610448837291 1.0002314448356631 0.97727271914482128 0.32210768759250646 7.5000000000000009 0.98750001192092907 0.97186678647995006 0.45305377244949346 381.50000000000006 0.019855145364999775 0.97048610448837291
decision_type=2 2 2 2 2 2 2 2 2 2 2 2 2 2
left_child=1 13 5 4 6 -2 7 -3 9 -4 -8 12 -9 -1
right_child=2 3 8 -5 -6 -7 10 11 -10 -11 -12 -13 -14 -15
leaf_value=-0.026739538088448582 0.0036343519684925198 0.0062316142731946769 0.011902429547640829 0.020182656531187306 0.011886024878975878 0.020917358855773668 -0.00072344455306550838 -0.019100236151267571 0.027156400364944967 0.024093437570327704 -0.011604657166245933 -0.0028523734214038064 0.0010318696728094409 0
leaf_weight=3267.8385774772614 200.80238602217287 14.867184296250342 125.47142293583602 63.064303638413548 30.544307278469205 73.842277543619275 91.330499397590756 407.27061248570681 3041.4099528715014 336.47727911453694 127.62111769616604 28.374964747577906 9.6043623816221935 6.7919978480786076
leaf_count=52685 2537 123 1778 91 116 100 1114 6348 4182 5467 1723 361 86 88
internal_value=0 -0.0234818 0.0251525 -0.00975173 -0.0126251 0.00879205 -0.0138813 -0.0167628 0.0264065 0.0210733 -0.00736161 -0.0176815 -0.0185563 -0.0266846
internal_weight=7825.31 4047.31 3778 772.677 709.613 274.645 679.069 460.117 3503.36 461.949 218.952 445.25 416.875 3274.63
internal_count=76799 62735 14064 9962 9871 2637 9755 6918 11427 7245 2837 6795 6434 52773
is_linear=0
shrinkage=0.02


Tree=18
num_leaves=15
num_cat=0
split_feature=54 54 54 61 57 62 54 18 61 54 1 53 50 62
split_gain=10944.1 422.304 182.684 159.62 54.8842 39.1026 26.0757 27.0314 21.4067 23.0743 14.7184 13.1633 10.2739 10.0949
threshold=0.71301564574241649 0.046350747346878059 0.92317524552345287 0.97048610448837291 1.0002314448356631 0.98750001192092907 0.32210768759250646 0.99738562107086193 0.98750001192092907 0.97186678647995006 7.5000000000000009 0.45305377244949346 -0.0024294828763231631 0.97048610448837291
decision_type=2 2 2 2 2 2 2 2 2 2 2 2 2 2
left_child=1 13 5 4 6 -2 7 12 9 -4 -9 -8 -3 -1
right_child=2 3 8 -5 -6 -7 11 10 -10 -11 -12 -13 -14 -15
leaf_value=-0.026390347941217765 0.0035688524213739049 0.0034897312769438028 0.011671198081562268 0.019318171669002456 0.011530557980175387 0.020854079918927557 -0.00095471717458398778 0.0027392977204993819 0.026812461598830582 0.023660166320159503 -0.019043700780107732 -0.011333949737712594 -0.010694675868504873 0
leaf_weight=3175.0048442585394 200.89094728510827 32.892478726804256 122.63570513483137 62.973966415971518 30.196362359449267 69.015359693206847 90.566680635325611 8.6535116434097272 2958.97031168174 324.38682828936726 376.12904852069914 125.01105957664549 32.339523512870073 6.4213380794972172
leaf_count=52685 2529 325 1778 91 116 108 1114 73 4182 5467 6062 1723 458 88
internal_value=0 -0.0231369 0.0247973 -0.00955063 -0.0123725 0.00851249 -0.0136103 -0.0164214 0.0260588 0.0206679 -0.0184371 -0.00727546 -0.00348197 -0.0263397
internal_weight=7616.09 3940.19 3675.9 758.763 695.789 269.906 665.592 450.015 3405.99 447.023 384.783 215.578 65.232 3181.43
internal_count=76799 62735 14064 9962 9871 2637 9755 6918 11427 7245 6135 2837 783 52773
is_linear=0
shrinkage=0.02


Tree=19
num_leaves=15
num_cat=0
split_feature=54 54 54 55 1 55 55 58 62 0 54 57 40 54
split_gain=10356.6 406.623 179.162 126.129 42.8139 37.2752 25.5029 23.4173 21.4842 33.9528 18.4929 16.712 15.7011 12.3555
threshold=0.71301564574241649 0.073939416557550444 0.92317524552345287 0.94868421554565441 1.5000000000000002 0.94868421554565441 0.94281044602394115 0.055675799027085311 0.98750001192092907 -1.0000000180025095e-35 0.96869817376136791 1.0002314448356631 0.36038962006568914 0.012768768705427648
decision_type=2 2 2 2 2 2 2 2 2 2 2 2 2 2
left_child=1 6 5 4 -3 -2 13 -6 9 10 -4 12 -9 -1
right_child=2 3 8 -5 7 -7 -8 11 -10 -11 -12 -13 -14 -15
leaf_value=-0.026621080746038524 0.0031882671164628418 0.016665284581762536 0.011865045388546965 0.019145169149801137 -0.022083004023884092 0.019932778760989197 -0.0068262097981954305 0.00092409998285898577 0.02650927382941189 -0.0073593541224481578 0.02382056371755676 0.0053448263497260428 -0.01166278017226381 -0.021451645226203735
leaf_weight=2686.1777424621396 193.91362751368433 15.266442488878964 101.66208822932094 55.631739682517946 77.421010884456336 71.646802947856486 38.643342169001698 37.850080411881208 2860.8094750540331 12.305473878979681 335.94775090925395 21.419693175703287 414.42101544048637 487.86213607247919
leaf_count=45434 2535 33 1562 120 1321 102 622 439 4184 43 5638 71 5927 8768
internal_value=0 -0.0228124 0.0244575 -0.00783087 -0.0107343 0.00821181 -0.0256803 -0.0117465 0.0257315 0.0203898 0.0213412 -0.0096977 -0.010546 -0.0258849
internal_weight=7410.98 3834.69 3576.29 622.01 566.378 265.56 3212.68 551.112 3310.72 449.915 437.61 473.691 452.271 3174.04
internal_count=76799 62735 14064 7911 7791 2637 54824 7758 11427 7243 7200 6437 6366 54202
is_linear=0
shrinkage=0.02


Tree=20
num_leaves=15
num_cat=0
split_feature=55 55 58 58 61 62 58 46 58 62 55 20 44 7
split_gain=8342.97 929.32 552.592 202.572 63.0389 54.4521 46.4707 44.0943 32.7516 33.5721 26.1331 20.8571 16.5151 10.9211
threshold=0.95346319675445568 0.58359134197235119 0.92005226016044628 0.99992075562477123 0.97048610448837291 0.84548610448837291 0.97546309232711803 0.99482533335685741 0.055675799027085311 0.77991071343421947 0.91608393192291271 0.99518069624900829 0.85436749458312999 -0.73704251646995533
decision_type=2 2 2 2 2 2 2 2 2 2 2 2 2 2
left_child=1 -1 4 6 8 -5 -4 12 -3 11 -7 -10 -8 -11
right_child=-2 2 3 5 -6 10 7 -9 9 13 -12 -13 -14 -15
leaf_value=-0.025863014691918474 0.026017783640809134 -0.023344686520625348 0.0013876223433178486 -0.021295207274721326 0.012873794663220561 -0.011805398765346862 0.020566595685771301 -0.0018356579588560415 -0.0068112043914420111 -0.010907392956889897 0.0084758816276130911 -0.019693812099179076 0.010584498506794045 -0.0014842584360357416
leaf_weight=2436.0960430852138 2923.1164222350344 276.90010382700711 143.64863507635891 101.28277609311044 22.999752853065729 37.383937618695199 239.94159412011504 51.859489548020065 76.979585969820619 210.75057626049966 52.403339977376163 408.03276124317199 151.12943947128952 76.795242823660374
leaf_count=41994 4383 5082 2139 1781 58 680 4121 867 1177 3368 374 7345 2517 913
internal_value=0 -0.0177572 -0.00701053 0.00576957 -0.0162826 -0.0117452 0.0115965 0.0147677 -0.0170311 -0.0145403 0 -0.0178361 0.0170383 -0.00858768
internal_weight=7209.32 4286.2 1850.11 777.649 1072.46 191.07 586.579 442.931 1049.46 772.558 89.7873 485.012 391.071 287.546
internal_count=76799 72416 30422 12479 17943 2835 9644 7505 17885 12803 1054 8522 6638 4281
is_linear=0
shrinkage=0.02


Tree=21
num_leaves=15
num_cat=0
split_feature=54 54 54 57 57 55 62 11 29 49 55 58 58 56
split_gain=9324.19 300.904 269.133 105.718 61.6755 55.9467 20.6443 26.6541 16.8398 15.0298 13.396 13.1169 15.7763 13.1062
threshold=0.5499061942100526 0.92317524552345287 0.046350747346878059 -0.83809319138526905 0.80716255307197582 0.89181286096572887 0.98750001192092907 1.0000000180025095e-35 0.73611110448837291 381.50000000000006 0.94281044602394115 0.99096482992172252 0.73332104086875927 0.65833333134651195
decision_type=2 2 2 2 2 2 2 2 2 2 2 2 2 2
left_child=2 4 -1 9 11 -5 7 -3 -7 13 -6 12 -2 -4
right_child=1 6 3 5 10 8 -8 -9 -10 -11 -12 -13 -14 -15
leaf_value=-0.025460415852506659 -0.0050108111746543114 -0.012060420500653658 -0.0085489769816307036 -0.01123055563489243 0.0021780300550300119 0.01861634057081793 0.025926693451735192 0.02037345670755767 0.00059940212488014655 0 0.02076262668842524 -0.010053449816412423 0.0059520828955852622 -0.018326803458148591
leaf_weight=2912.6628607083112 73.744756454601884 4.9009655788540831 104.41138661559671 55.758884226903319 25.058414803817868 59.993059796281159 2707.1567893149331 416.35904043819755 35.903663632459939 27.209749184548855 89.792267902754247 36.78284814208746 137.09049166366458 331.24805934121832
leaf_count=52773 1002 30 1570 816 204 204 4184 7213 270 366 147 533 1923 5564
internal_value=0 0.0231492 -0.0229114 -0.0106309 0.00566316 0.00358049 0.0251484 0.0197351 0.012662 -0.015335 0.0173121 0 0.00194203 -0.0162234
internal_weight=7018.07 3490.89 3527.19 614.525 362.469 151.656 3128.42 421.26 95.8967 462.869 114.851 247.618 210.835 435.659
internal_count=76799 15236 61563 8790 3809 1290 11427 7243 474 7500 351 3458 2925 7134
is_linear=0
shrinkage=0.02


Tree=22
num_leaves=15
num_cat=0
split_feature=61 53 53 58 53 62 57 55 46 58 57 53 55 47
split_gain=7555.98 1460.39 147.11 127.482 40.716 39.0817 34.3805 26.6767 20.9531 16.0985 13.6721 12.5795 12.5769 10.8429
threshold=0.97361111640930187 0.77824947237968456 -1.7400878667831419 0.91178390383720409 2.0016131401062016 0.97048610448837291 -1.5732565522193906 0.82085561752319347 0.99595957994461071 0.22795174270868304 0.4011844545602799 0.064977832138538374 0.65394735336303722 383.50000000000006
decision_type=2 2 2 2 2 2 2 2 2 2 2 2 2 2
left_child=1 2 5 9 -5 -1 11 -8 -6 10 -3 13 -13 -4
right_child=-2 3 6 4 8 -7 7 -9 -10 -11 -12 12 -14 -15
leaf_value=-0.025265694586362533 0.025448027478780111 -0.015909980489418912 -0.019517221014168182 0.0060997291871614295 0.01971533138645289 0.0070831525508637276 -0.013696989027137309 0.0028592929702436023 0 -0.00040472339686257027 0.0078028493548745704 0 -0.013496626097025611 -0.0028801993690519899
leaf_weight=2594.4587421282195 2766.7379514425993 57.74462329223752 423.53655003383756 189.36461763270199 301.23639816977084 10.827884845435618 67.046301864087582 73.098373240791261 22.996395278722048 114.06377600319684 5.302888259291648 34.893733437173069 138.55640991590917 23.453832626342773
leaf_count=47927 4383 933 7947 3255 5106 87 1132 738 413 1572 15 612 2309 370
internal_value=0 -0.0173704 -0.0228014 0.00901514 0.0140282 -0.0251011 -0.0147276 -0.00513227 0.0183414 -0.00533963 -0.0129068 -0.0167658 -0.0109113 -0.0187682
internal_weight=6823.32 4056.58 3365.87 690.709 513.597 2605.29 760.585 140.145 324.233 177.111 63.0475 620.441 173.45 446.99
internal_count=76799 72416 61122 11294 8774 48014 13108 1870 5519 2520 948 11238 2921 8317
is_linear=0
shrinkage=0.02


Tree=23
num_leaves=15
num_cat=0
split_feature=54 54 54 57 55 55 62 0 54 29 49 0 34 54
split_gain=8427.41 278.695 246.053 94.5846 57.4679 48.5662 19.8792 24.4466 18.4749 13.7775 13.084 12.0745 11.3107 11.9144
threshold=0.5499061942100526 0.92317524552345287 0.046350747346878059 -0.83809319138526905 0.94868421554565441 0.89181286096572887 0.98750001192092907 -1.0000000180025095e-35 0.96869817376136791 0.73611110448837291 381.50000000000006 -5.4999999999999991 0.3121540248394013 0.29327173531055456
decision_type=2 2 2 2 2 2 2 2 2 2 2 2 2 2
left_child=2 4 -1 10 -2 11 7 8 -3 -7 12 -5 -4 -14
right_child=1 6 3 5 -6 9 -8 -9 -10 -11 -12 -13 13 -15
leaf_value=-0.024931728290274631 0.00060667461743502626 0.010293627904265681 0.005420390898715567 0.0038206329170109091 0.019006008379602885 0.017388421720346613 0.02540851051084355 -0.0057504910611966761 0.022630041150373866 0.0006799424699714887 -6.1992520597629389e-05 -0.01534402623284783 -0.018518729760421848 -0.0092044637565248683
leaf_weight=2744.4574897084385 263.74961364921182 91.923678742721677 4.6583197154104701 11.631621645763515 86.447571258060634 57.503186848014593 2557.1302478397265 10.611004106700419 292.25940728280693 34.8884462043643 26.253263309597969 42.191935573238879 299.98716864921153 114.06240109354258
leaf_count=52773 3666 1562 40 99 143 204 4184 43 5638 270 366 717 5402 1692
internal_value=0 0.0226254 -0.0223986 -0.0104346 0.00551606 0.00324036 0.0246272 0.0191373 0.019992 0.0118731 -0.0149752 -0.0107461 -0.0158234 -0.0162198
internal_weight=6637.76 3302.12 3335.63 591.176 350.197 146.215 2951.92 394.794 384.183 92.3916 444.961 53.8236 418.708 414.05
internal_count=76799 15236 61563 8790 3809 1290 11427 7243 7200 474 7500 816 7134 7094
is_linear=0
shrinkage=0.02


Tree=24
num_leaves=15
num_cat=0
split_feature=54 54 54 57 55 62 55 61 54 7 34 47 54 58
split_gain=8009.37 269.611 235.346 89.7819 53.6287 47.0626 25.1435 20.5505 18.2665 12.8061 10.2607 10.5571 10.2496 9.93272
threshold=0.5499061942100526 0.92317524552345287 0.046350747346878059 -0.83809319138526905 0.94868421554565441 0.91145834326744091 0.91608393192291271 0.98750001192092907 0.97186678647995006 3.1276513338088994 0.3121540248394013 383.50000000000006 0.29327173531055456 0.37533217668533331
decision_type=2 2 2 2 2 2 2 2 2 2 2 2 2 2
left_child=2 4 -1 10 13 6 -5 8 -3 -10 -4 12 -12 -2
right_child=1 7 3 5 -6 -7 -8 -9 9 -11 11 -13 -14 -15
leaf_value=-0.024681980492902975 -0.0090461174569750717 0.010023965848195178 0.005300316332823911 -0.013324783707394356 0.018586807656944364 0.01908564728781437 0.0052916941522427319 0.025160108615242125 0.022387488482392828 -0.00079522465704642386 -0.01826247193684314 -0.0021621893869931664 -0.0092354576944227804 0.0022064506578028434
leaf_weight=2661.6746174725704 28.733776468783617 105.90346641279757 4.5975237376987925 52.053517690859735 84.690352969802916 43.162892150692642 48.642169624567032 2496.1619780911133 255.9114163517952 6.818484683521091 289.96464657969773 30.943185832351446 109.55261113494635 231.40578843373805
leaf_count=52773 436 1778 40 863 143 96 331 4182 5426 41 5354 445 1661 3230
internal_value=0 0.0223693 -0.022156 -0.0103348 0.00542026 0.00308207 -0.0042939 0.0243807 0.018653 0.0216696 -0.0148177 -0.0151826 -0.0160626 0.000646773
internal_weight=6450.22 3209.63 3240.59 578.917 344.83 143.859 100.696 2864.8 368.633 262.73 435.058 430.46 399.517 260.14
internal_count=76799 15236 61563 8790 3809 1290 1194 11427 7245 5467 7500 7460 7015 3666
is_linear=0
shrinkage=0.02


Tree=25
num_leaves=15
num_cat=0
split_feature=55 53 53 55 62 19 53 57 46 53 15 47 0 55
split_gain=6543.84 1199.11 137.425 79.5588 52.2652 19.5472 19.2845 15.8513 14.6919 13.1767 12.7228 11.4537 10.8656 9.31757
threshold=0.95346319675445568 0.32394973933696752 2.0016131401062016 0.57518798112869274 0.97048610448837291 0.82738095521926891 -0.69684883952140797 -1.5732565522193906 0.99527183175086986 0.84067204594612133 1.0000000180025095e-35 192.50000000000003 -6.4999999999999991 0.71825397014617931
decision_type=2 2 2 2 2 2 2 2 2 2 2 2 2 2
left_child=1 3 9 -1 5 6 -5 -8 10 12 -4 -11 13 -3
right_child=-2 2 8 4 -6 -7 7 -9 -10 11 -12 -13 -14 -15
leaf_value=-0.024899171153730599 0.024757870316401705 -0.0004845856175989223 0.017093169515585288 -0.020651818730490976 0.013241546035706262 0.00042194253370387506 -0.015092003154920364 -0.0009554897192614526 0 0.0051292747415483397 -0.00079338994244510994 -0.0026892870989427609 0.0025077711035221468 -0.013434253567614161
leaf_weight=2036.0514759933576 2535.1203521694988 38.201126555912197 290.32732475269586 612.17638908978552 16.058849178254604 19.051138008013368 239.85426700115204 42.824011475779116 26.175062046386302 120.135253184475 12.799132586456833 172.82683437038213 31.653446681797504 74.112307983450592
leaf_count=40651 4383 704 5358 12982 52 230 4583 546 494 2112 108 2918 384 1294
internal_value=0 -0.0168316 0.00540166 -0.0225845 -0.0173368 -0.0180032 -0.018429 -0.0131288 0.0150248 -0.00190604 0.0162403 0.000461744 -0.00672103 -0.00956797
internal_weight=6267.37 3732.25 766.23 2966.02 929.965 913.906 894.855 282.678 329.302 436.929 303.126 292.962 143.967 112.313
internal_count=76799 72416 13372 59044 18393 18341 18111 5129 5960 7412 5466 5030 2382 1998
is_linear=0
shrinkage=0.02


Tree=26
num_leaves=15
num_cat=0
split_feature=54 54 54 57 55 55 62 0 18 54 29 0 47 54
split_gain=7253.57 255.882 221.16 82.2521 48.7263 42.6576 19.4158 19.5414 17.6588 16.9662 12.7246 10.9367 10.2813 8.43651
threshold=0.5499061942100526 0.92317524552345287 0.046350747346878059 -0.83809319138526905 0.94868421554565441 0.89181286096572887 0.98750001192092907 -1.0000000180025095e-35 0.9521184265613557 0.96869817376136791 0.73611110448837291 -5.4999999999999991 383.50000000000006 0.29327173531055456
decision_type=2 2 2 2 2 2 2 2 2 2 2 2 2 2
left_child=2 4 -1 8 -2 11 7 9 -4 -3 -7 -5 13 -10
right_child=1 6 3 5 -6 10 -8 -9 12 -11 -12 -13 -14 -15
leaf_value=-0.024239703054663206 0.00054063127769940348 0.0094892633217639674 0.003154283849881207 0.0035699067667748449 0.017974259956816986 0.016624745797468081 0.024742655030566604 -0.0047272597731720049 -0.018326880705806826 0.021779963040608467 0.00032457153421790495 -0.014977782123853112 -0.002155211588798969 -0.0095123358911616811
leaf_weight=2503.0688773137517 252.71137819625437 85.707148695364594 16.820152146741748 11.07809475250542 80.96768110897392 54.866015825420618 2341.7566916337237 9.6940564289689046 269.56242680409923 260.798932781443 33.747103837318718 39.765649824403226 29.880753725767136 103.29023906216025
leaf_count=52773 3666 1562 244 99 143 204 4184 43 5196 5638 270 717 445 1615
internal_value=0 0.0219044 -0.0216871 -0.0100461 0.00514138 0.00297578 0.0239479 0.0182639 -0.0144226 0.0190729 0.011209 -0.0104749 -0.0152712 -0.0161843
internal_weight=6093.72 3031.64 3062.08 559.01 333.679 139.457 2697.96 356.2 419.554 346.506 88.6131 50.8437 402.733 372.853
internal_count=76799 15236 61563 8790 3809 1290 11427 7243 7500 7200 474 816 7256 6811
is_linear=0
shrinkage=0.02


Tree=27
num_leaves=15
num_cat=0
split_feature=54 54 54 57 55 55 55 54 18 29 49 18 58 58
split_gain=6893.43 251.108 214.465 79.3161 45.5664 40.5912 19.2556 19.8707 15.8856 11.4287 11.3215 10.2604 8.28188 10.3998
threshold=0.5499061942100526 0.92317524552345287 0.046350747346878059 -0.83809319138526905 0.94868421554565441 0.89181286096572887 0.97727271914482128 0.96869817376136791 0.9521184265613557 0.73611110448837291 381.50000000000006 0.99140709638595592 0.37533217668533331 0.98565670847892772
decision_type=2 2 2 2 2 2 2 2 2 2 2 2 2 2
left_child=2 4 -1 8 12 11 7 -3 -4 -7 -10 -5 -2 -14
right_child=1 6 3 5 -6 9 -8 -9 10 -11 -12 -13 13 -15
leaf_value=-0.024024794911631106 -0.0085358517678891018 0.0079776356478586594 0.002549076455124043 0.0060196802676820852 0.017464997515879498 0.016229779140465254 0.024515216860056671 0.02084118532295216 -0.015921147245159036 0.0005301402532727499 -0.00041585880114648803 -0.013777758640704834 0.0049247643318062213 -0.0039094828180632627
leaf_weight=2424.9333716724068 27.382218901067972 85.071544969454408 16.594119764864445 6.5859833769500247 79.580304801464081 54.128566974774003 2283.6535126669332 247.39735336322337 369.60582621209323 33.202614367939532 24.431656967848539 43.491114342119545 151.19963009329513 70.754932029172778
leaf_count=52773 436 1585 244 42 143 204 4187 5655 6891 270 365 774 2278 952
internal_value=0 0.0216617 -0.0214586 -0.00989006 0.00495288 0.00297452 0.0237321 0.0178704 -0.0142444 0.0110612 -0.0150586 -0.0102295 0.000474504 0.00194412
internal_weight=5918.01 2945.04 2972.97 548.04 328.917 137.408 2616.12 332.469 410.632 87.3312 394.037 50.0771 249.337 221.955
internal_count=76799 15236 61563 8790 3809 1290 11427 7240 7500 474 7256 816 3666 3230
is_linear=0
shrinkage=0.02


Tree=28
num_leaves=15
num_cat=0
split_feature=61 53 58 53 53 62 1 58 46 19 57 62 17 62
split_gain=5672.21 1047.77 130.104 76.9489 43.705 31.7106 21.6753 20.2241 17.1238 14.8037 12.4402 11.5434 9.88325 8.66326
threshold=0.97361111640930187 0.32394973933696752 0.91178390383720409 -1.7400878667831419 2.0016131401062016 0.97048610448837291 3.5000000000000004 0.20384636521339419 0.99595957994461071 0.52951389551162731 0.4011844545602799 0.85357144474983226 6.5000000000000009 0.84548610448837291
decision_type=2 2 2 2 2 2 2 2 2 2 2 2 2 2
left_child=1 3 7 5 -4 -1 -5 10 -6 13 -3 -2 -9 -8
right_child=11 2 4 6 8 -7 9 12 -10 -11 -12 -13 -14 -15
leaf_value=-0.023944752032810906 0.0056178958506006849 -0.015961947780115216 0.0038659112113108417 0.0063367007389818755 0.017791665382794915 0.0064977723342329284 -0.0087325748984190873 0.0062271352997543862 0 -0.016526384804053926 0.0067728672634051424 0.024257062393466873 -0.0047995421794624462 0.0067783569053495776
leaf_weight=2155.2600158853456 22.486696571111679 83.833450108766556 209.84845628403127 13.348042486235498 247.39578882232308 9.5337364878505451 34.75581319257617 35.796812292188406 20.089625733904541 480.9451862629503 4.9544295016676179 2297.4837710624561 116.47413083072752 13.803711190819739
leaf_count=47927 99 1563 3909 119 5106 87 637 439 413 10144 17 4284 1930 125
internal_value=0 -0.0163399 0.00505979 -0.0220272 0.0110778 -0.0237764 -0.0147833 -0.00671224 0.0163836 -0.0154474 -0.0139779 0.0241067 -0.00185921 -0.00348493
internal_weight=5746.01 3426.04 718.393 2707.65 477.334 2164.79 542.853 241.059 267.485 529.505 88.7879 2319.97 152.271 48.5595
internal_count=76799 72416 13377 59039 9428 48014 11025 3949 5519 10906 1580 4383 2369 762
is_linear=0
shrinkage=0.02


Tree=29
num_leaves=15
num_cat=0
split_feature=54 54 54 57 55 55 61 54 18 29 49 0 7 49
split_gain=6251.92 238.829 203.845 73.5731 42.0607 37.0915 19.5071 15.5614 14.6665 10.8525 10.477 9.5674 9.40321 7.43454
threshold=0.5499061942100526 0.92317524552345287 0.046350747346878059 -0.83809319138526905 0.94868421554565441 0.89181286096572887 0.98750001192092907 0.97186678647995006 0.9521184265613557 0.73611110448837291 381.50000000000006 -5.4999999999999991 3.1276513338088994 154.50000000000003
decision_type=2 2 2 2 2 2 2 2 2 2 2 2 2 2
left_child=2 4 -1 8 13 11 7 -3 -4 -7 -10 -5 -9 -2
right_child=1 6 3 5 -6 9 -8 12 10 -11 -12 -13 -14 -15
leaf_value=-0.023646813132208098 0.0065216880456063497 0.0089292378471413133 0.0023846950994180411 0.0033171619664836734 0.017006953710834164 0.01591686887767858 0.024158892505233235 0.021106440062942818 -0.015512202936445143 0.00041180012445161306 -0.00031145670069587978 -0.014221517469649817 -0.00012781359240747372 -0.0014388769139764921
leaf_weight=2277.0451313550584 54.151546877808869 94.616171169094741 16.240311230532825 10.685223093256353 75.865115226246417 52.532592048868537 2144.5847465852275 214.34540696814656 354.06561424396932 32.353377300314605 23.661304470151663 37.424377340823412 5.6730166831985107 188.12884050700814
leaf_count=52773 805 1778 244 99 143 204 4182 5426 6891 270 365 717 41 2861
internal_value=0 0.0212417 -0.0210404 -0.00955945 0.00469737 0.00300482 0.0233505 0.0173413 -0.0138541 0.0108153 -0.014661 -0.00985522 0.0204397 0.000353196
internal_weight=5581.37 2777.36 2804.01 526.963 318.146 132.996 2459.22 314.635 393.967 84.886 377.727 48.1096 220.018 242.28
internal_count=76799 15236 61563 8790 3809 1290 11427 7245 7500 474 7256 816 5467 3666
is_linear=0
shrinkage=0.02


Tree=30
num_leaves=15
num_cat=0
split_feature=54 54 54 57 55 62 62 55 54 18 56 47 55 24
split_gain=5953.35 232.549 196.717 69.6755 38.4846 37.6518 20.0415 19.2534 16.744 14.0319 8.74142 8.06656 7.67554 7.1959
threshold=0.5499061942100526 0.92317524552345287 0.046350747346878059 -0.83809319138526905 0.94868421554565441 0.91145834326744091 0.98750001192092907 0.91608393192291271 0.98631858825683605 0.9521184265613557 0.91608393192291271 383.50000000000006 0.94281044602394115 0.98347866535186779
decision_type=2 2 2 2 2 2 2 2 2 2 2 2 2 2
left_child=2 4 12 9 -2 7 8 -5 10 -4 -3 -11 -1 -9
right_child=1 6 3 5 -6 -7 -8 13 -10 11 -12 -13 -14 -15
leaf_value=-0.023584150398088224 0.00039950612777309874 0.014173942332484955 0.0023602849588899365 -0.012434979981321832 0.016466467185606109 0.017676249041569482 0.024006998060287849 0.011689597923270517 0.021828555043180736 -0.015346341157714884 0.002502257871941227 -0.0021718347620420177 -0.0057153897907772332 -0.001997110948493181
leaf_weight=2185.0156005793251 238.5206065280363 100.06607800442725 15.763900442048906 46.462853268254548 74.568902803584933 39.582928832620382 2070.0813159169629 20.933628585189581 164.57548823952675 341.50095247407444 47.374904181808233 27.995941020548344 19.349281387403607 23.944542495533824
leaf_count=52259 3666 2538 244 863 143 96 4184 95 4261 6811 444 445 514 236
internal_value=0 0.0210402 -0.0208446 -0.00945585 0.00459634 0.00285183 0.0231691 -0.00406825 0.0171115 -0.0136911 0.0109013 -0.0144868 -0.0234595 0.0045247
internal_weight=5415.74 2695.19 2720.55 516.185 313.09 130.924 2382.1 91.341 312.016 385.261 147.441 369.497 2204.36 44.8782
internal_count=76799 15236 61563 8790 3809 1290 11427 1194 7243 7500 2982 7256 52773 331
is_linear=0
shrinkage=0.02


Tree=31
num_leaves=15
num_cat=0
split_feature=54 54 54 57 57 62 62 55 54 18 53 58 49 58
split_gain=5670.81 225.703 190.534 65.7132 37.495 35.7404 19.8709 18.6806 17.7094 13.2141 9.97574 9.91382 9.08469 8.69158
threshold=0.5499061942100526 0.92317524552345287 0.046350747346878059 -0.83809319138526905 0.80716255307197582 0.91145834326744091 0.98750001192092907 0.91608393192291271 0.98631858825683605 0.9521184265613557 0.77824947237968456 0.99096482992172252 381.50000000000006 0.73332104086875927
decision_type=2 2 2 2 2 2 2 2 2 2 2 2 2 2
left_child=2 4 -1 9 11 7 8 -5 -3 -4 -6 13 -11 -2
right_child=1 6 3 5 10 -7 -8 -9 -10 12 -12 -13 -14 -15
leaf_value=-0.023284679151320833 -0.0037408160185867291 0.010337901431673584 0.002184384974014139 -0.012394299310592176 0 0.017241130398777817 0.023839353727922358 0.0043987690772094249 0.021637521494606533 -0.015110129999193851 0.017032627087928586 -0.0093860026558289511 -0.00049560912896723917 0.0049147435726467478
leaf_weight=2133.1030805110931 64.006882080808282 139.36657771095634 15.438322328031061 45.731681612320244 13.283956733532248 38.911807368509471 2005.1014032866806 44.450797630473971 162.07372699677944 338.55023576598614 80.69224564358592 31.909237092360854 22.893479285761714 118.10502386419103
leaf_count=52773 1002 2982 244 863 135 96 4184 331 4261 6891 216 533 365 1923
internal_value=0 0.0208482 -0.0206549 -0.0093431 0.00452623 0.00267696 0.0229945 -0.00408769 0.0168637 -0.0135123 0.0145749 -7.22409e-05 -0.0142929 0.00168808
internal_weight=5253.62 2614.54 2639.08 505.976 307.997 129.094 2306.54 90.1825 301.44 376.882 93.9762 214.021 361.444 182.112
internal_count=76799 15236 61563 8790 3809 1290 11427 1194 7243 7500 351 3458 7256 2925
is_linear=0
shrinkage=0.02


Tree=32
num_leaves=15
num_cat=0
split_feature=54 54 54 61 55 1 53 55 54 62 0 54 41 61
split_gain=5397.45 267.23 130.798 75.6152 32.5978 27.0824 19.3296 16.7145 15.1478 9.72045 20.1854 9.33841 17.0152 8.3221
threshold=0.71301564574241649 0.060437984764575965 0.944402575492859 0.97048610448837291 0.97727271914482128 4.5000000000000009 3.319252729415894 0.94281044602394115 0.32210768759250646 0.98750001192092907 -1.0000000180025095e-35 0.012768768705427648 0.97048610448837291 0.97048610448837291
decision_type=2 2 2 2 2 2 2 2 2 2 2 2 2 2
left_child=1 7 4 5 -2 -3 8 11 -7 10 -4 -1 13 -13
right_child=2 3 9 -5 -6 6 -8 -9 -10 -11 -12 12 -14 -15
leaf_value=-0.023901528703420272 0.0027723290497791114 0.012610234237461051 0.01853941335072291 0.015522308258642066 0.018226335996819554 -0.013788635767233319 0.012093619417407145 -0.0032000425657172978 -0.0056458802264702955 0.023691937653937969 -0.0073230740321332463 -0.019637868133044051 0 0.0028913292630220288
leaf_weight=1784.212783025112 188.18978032935411 14.725450767204164 253.69780638162047 47.057950465008616 75.819247207604349 290.37952288426459 8.3236938081681711 22.940169513225555 176.4182243780233 1919.02653916087 7.4216139093041411 286.92861944716424 17.227676623500884 2.6354256588965645
leaf_count=45434 3078 81 6660 90 145 5769 19 578 2831 4141 40 7602 310 21
internal_value=0 -0.0197413 0.021406 -0.00694539 0.00767732 -0.00935245 -0.0102686 -0.0229435 -0.0109034 0.0230249 0.0175205 -0.0231344 -0.0181437 -0.0192683
internal_weight=5095 2650.85 2444.15 536.905 264.009 489.847 475.121 2113.94 466.798 2180.15 261.119 2091 306.792 289.564
internal_count=76799 62735 14064 8790 3223 8700 8619 53945 8600 10841 6700 53367 7933 7623
is_linear=0
shrinkage=0.02


Tree=33
num_leaves=15
num_cat=0
split_feature=54 54 54 57 55 55 18 57 62 0 55 54 62 29
split_gain=5138.5 214.391 183.133 60.7986 49.6075 31.4542 12.8901 11.3126 10.3316 19.7182 7.85396 7.0237 6.67767 6.06318
threshold=0.5499061942100526 0.944402575492859 0.046350747346878059 -1.0447788834571836 0.97727271914482128 0.91608393192291271 0.97114393115043651 0.20396859943866733 0.98750001192092907 -1.0000000180025095e-35 0.94281044602394115 0.84020122885704052 0.97048610448837291 0.73611110448837291
decision_type=2 2 2 2 2 2 2 2 2 2 2 2 2 2
left_child=2 4 10 6 11 7 -4 -5 9 -3 12 -2 -1 -7
right_child=1 8 3 5 -6 13 -8 -9 -10 -11 -12 -13 -14 -15
leaf_value=-0.023160350871639063 -0.0016970935043210853 0.018260155588860211 -0.00013296737660627427 0.0039838476095702055 0.017874200135580446 0.014695809928596995 -0.014356729120737955 -0.013605808474788449 0.023544783450937166 -0.0071926674700033798 -0.0046414371783606093 0.0047526490077412775 0 0.0015595435491001152
leaf_weight=1972.346803761553 150.55607481952757 245.53252544626594 32.37282476760447 14.422079095616935 90.05136554222554 46.543414020910859 325.62452703062445 38.375495991669595 1857.6848331922665 7.5249848812818518 17.343042591586709 107.44492477178574 4.7140013780444852 29.090326450765133
leaf_count=52172 2266 6660 534 144 181 194 6902 771 4141 40 514 1948 87 245
internal_value=0 0.0204606 -0.0202794 -0.00899728 0.00566464 0.00251877 -0.0131799 -0.00839546 0.0228594 0.0172147 -0.0229749 0.000930295 -0.0231037 0.0105665
internal_weight=4939.63 2458.79 2480.83 486.429 348.052 128.431 357.997 52.7976 2110.74 253.058 1994.4 258.001 1977.06 75.6337
internal_count=76799 15236 61563 8790 4395 1354 7436 915 10841 6700 52773 4214 52259 439
is_linear=0
shrinkage=0.02


Tree=34
num_leaves=15
num_cat=0
split_feature=54 54 54 61 55 1 55 53 54 54 41 61 53 61
split_gain=4893.88 276.027 105.543 63.7636 26.5501 22.9563 22.0517 16.0513 13.2802 12.9199 19.5207 10.8137 7.51004 7.06129
threshold=0.75108262896537792 0.073939416557550444 0.944402575492859 0.97048610448837291 0.97727271914482128 4.5000000000000009 0.94281044602394115 3.319252729415894 0.32210768759250646 0.01397989457473159 0.97048610448837291 0.98750001192092907 0.6513635814189912 0.97361111640930187
decision_type=2 2 2 2 2 2 2 2 2 2 2 2 2 2
left_child=1 6 4 5 -2 -3 9 8 -7 -1 13 -4 -10 -11
right_child=2 3 11 -5 -6 7 -8 -9 12 10 -12 -13 -14 -15
leaf_value=-0.023589828301622495 0.0028903102172532259 0.01221183621276439 0.016852618949846538 0.014896261602073253 0.017758118950314306 -0.01281730653980925 -0.0019618471036745716 0.011377969967517051 -0.00036929188443043638 -0.018914224245969464 0.0013856019397844458 0.023396815361981318 -0.0086281729457414642 0.0028035166639774267
leaf_weight=1685.9735690117814 160.46322664711624 14.307760734111069 239.12721240334213 46.604180070571601 68.410152262076735 241.7279633032158 25.285028109326959 8.1088611707091314 87.83091952605173 285.52991905249655 16.968417293392122 1803.3276615263894 103.05425024218857 1.9527582488954056
leaf_count=46010 2793 77 6704 94 137 4901 622 20 1418 7879 309 4137 1694 4
internal_value=0 -0.01918 0.0212511 -0.00572513 0.0078566 -0.00809579 -0.0224822 -0.00900269 -0.00962803 -0.0227201 -0.0173853 0.0227054 -0.00512715 -0.0186017
internal_weight=4788.67 2517.34 2271.33 501.634 228.873 455.03 2015.71 440.722 432.613 1990.42 304.451 2042.45 190.885 287.483
internal_count=76799 63028 13771 8204 2930 8110 54824 8033 8013 54202 8192 10841 3112 7883
is_linear=0
shrinkage=0.02


Tree=35
num_leaves=15
num_cat=0
split_feature=54 54 61 57 54 55 55 54 18 57 29 17 56 6
split_gain=4661.65 289.059 88.4496 73.4981 42.7785 29.8772 15.4779 12.4136 15.1169 11.8694 9.91259 9.6915 16.7727 9.13357
threshold=0.78545728325843822 0.060437984764575965 0.98750001192092907 -0.83809319138526905 0.97186678647995006 0.91608393192291271 0.94281044602394115 0.32210768759250646 0.97114393115043651 0.20396859943866733 0.61805555224418651 14.500000000000002 0.7947368621826173 0.31697881221771246
decision_type=2 2 2 2 2 2 2 2 2 2 2 2 2 2
left_child=1 6 4 7 11 9 -1 8 -3 -5 -7 -2 -13 -6
right_child=2 3 -4 5 13 10 -8 -9 -10 -11 -12 12 -14 -15
leaf_value=-0.022700962439101358 0.0097097181765024871 0.00081298172925567392 0.023146455458044023 0.0063983707176803071 0.019762186871429367 0.017339786865298676 -0.0027295038644559954 -0.0057437121753636756 -0.015255796299655816 -0.011955649158266798 0.0036558234760367759 0.0088870262885024816 -0.005891170307105606 -0.00084338436386813406
leaf_weight=1888.9725193274207 86.615086503326893 21.630459232255816 1806.5512613225728 13.3149799965322 169.82253875210881 52.561674732714891 21.163670795038342 175.46195132285357 203.81476427987218 35.888588277623057 50.691975031048059 48.737082798965275 60.590400036424398 5.5416033118963233
leaf_count=53367 1410 349 4266 120 5401 166 578 3080 4632 705 324 1475 860 66
internal_value=0 -0.018821 0.0212816 -0.00592464 0.0118685 0.00558721 -0.0225061 -0.0103967 -0.013607 -0.00627679 0.0115524 0.00495769 0.000577253 0.0189392
internal_weight=4641.36 2463.5 2177.86 553.364 371.307 152.457 1910.14 400.907 225.445 49.2036 103.254 195.943 109.327 175.364
internal_count=76799 63321 13478 9376 9212 1315 53945 8061 4981 825 490 3745 2335 5467
is_linear=0
shrinkage=0.02


Tree=36
num_leaves=15
num_cat=0
split_feature=54 54 62 57 54 62 55 55 54 18 56 0 54 41
split_gain=4441.96 281.158 88.9917 69.9186 43.5436 27.9241 15.5556 14.9629 11.6109 14.2574 10.7516 10.8009 9.78998 15.9217
threshold=0.78545728325843822 0.060437984764575965 0.98750001192092907 -0.83809319138526905 0.98631858825683605 0.91145834326744091 0.91608393192291271 0.94281044602394115 0.29327173531055456 0.97114393115043651 0.7947368621826173 -14.499999999999998 0.012768768705427648 0.97048610448837291
decision_type=2 2 2 2 2 2 2 2 2 2 2 2 2 2
left_child=1 7 4 8 10 6 -5 12 9 -3 -2 -12 -1 -14
right_child=2 3 -4 5 -6 -7 -8 -9 -10 -11 11 -13 13 -15
leaf_value=-0.023380201102211572 0.011323064135561389 0.0008382709338924895 0.023051562244369231 -0.0097413555696777027 0.020634632562826431 0.015864789072815012 0.0054656736011534281 -0.0026484446942880934 -0.0059269695202442789 -0.015266484885032494 -0.0030601267187608723 0.0072216044898992362 -0.018452851212774037 0.00035768241964982033
leaf_weight=1553.8751688082702 88.087224951945245 20.055697351694107 1740.3709100466222 40.669792842119932 133.25563842058182 55.754705370403826 53.442651707679033 20.680936707183719 184.81218186067417 187.99710923433304 69.830528983846307 76.136577227152884 256.23343051783741 15.694476095959542
leaf_count=45434 2860 329 4274 802 4261 152 361 578 3330 4402 1092 991 7623 310
internal_value=0 -0.0186443 0.0211265 -0.00582015 0.0116643 0.00549243 -0.00102864 -0.0223612 -0.0102312 -0.0135978 0.00598183 0.00219177 -0.0225572 -0.0172779
internal_weight=4496.9 2389.22 2107.68 542.732 367.31 149.867 94.1124 1846.48 392.865 208.053 234.054 145.967 1825.8 271.928
internal_count=76799 63321 13478 9376 9204 1315 1163 53945 8061 4731 4943 2083 53367 7933
is_linear=0
shrinkage=0.02


Tree=37
num_leaves=15
num_cat=0
split_feature=54 54 62 57 54 61 5 54 41 54 18 56 11 19
split_gain=4230.98 274.141 88.1962 67.1478 42.4187 26.5016 15.6599 14.6865 15.739 11.0932 13.6317 10.2357 10.6579 9.39479
threshold=0.78545728325843822 0.060437984764575965 0.98750001192092907 -0.83809319138526905 0.98631858825683605 0.79543650150299083 0.45648680627346044 0.01397989457473159 0.94097220897674572 0.29327173531055456 0.97114393115043651 0.7947368621826173 14.500000000000002 0.41145832836627966
decision_type=2 2 2 2 2 2 2 2 2 2 2 2 2 2
left_child=1 7 4 9 11 -5 -7 -1 -9 10 -3 -2 13 -13
right_child=2 3 -4 5 -6 6 -8 8 -10 -11 -12 12 -14 -15
leaf_value=-0.023137684363685608 0.011012296585537928 0.00075064467987595769 0.022917390819796959 -0.012398300695801334 0.020417225585685581 0.013399752030592613 -0.00086504961679879607 -0.017858701511820702 -2.9972476937644533e-05 -0.0058372089986557379 -0.015084142534713914 -0.0069652614035222828 -0.0032272598980784988 0.0099205220518468161
leaf_weight=1525.8580308770761 85.968284685630351 19.794050024822354 1682.76578993164 20.505968648940325 128.98306710831821 88.648653209209442 38.618029893375933 232.16840501409024 25.308990033343434 181.73823706433177 183.56149006774649 8.7381949387490732 68.649270941503346 64.811299246735871
leaf_count=46306 2860 329 4274 396 4261 471 448 7083 556 3330 4402 49 1098 936
internal_value=0 -0.0184719 0.0209651 -0.00571413 0.0114207 0.00543493 0.00902835 -0.0222299 -0.0162668 -0.0100895 -0.0134265 0.00575097 0.00200166 0.00711097
internal_weight=4356.12 2316.2 2039.92 532.866 357.15 147.773 127.267 1783.34 257.477 385.094 203.356 228.167 142.199 73.5495
internal_count=76799 63321 13478 9376 9204 1315 919 53945 7639 8061 4731 4943 2083 985
is_linear=0
shrinkage=0.02


Tree=38
num_leaves=15
num_cat=0
split_feature=54 54 62 57 54 55 55 54 18 29 54 19 53 19
split_gain=4028.17 267.907 88.1343 64.2981 41.0518 25.5261 14.7347 10.5081 13.2311 10.5035 9.43834 8.7865 8.09931 7.69658
threshold=0.78545728325843822 0.060437984764575965 0.98750001192092907 -0.83809319138526905 0.98631858825683605 0.89181286096572887 0.94281044602394115 0.29327173531055456 0.97114393115043651 0.61805555224418651 0.012768768705427648 0.059027777984738357 0.6513635814189912 0.079166669398546233
decision_type=2 2 2 2 2 2 2 2 2 2 2 2 2 2
left_child=1 6 4 7 13 -5 10 8 -3 -7 -1 -12 -9 -2
right_child=2 3 -4 5 -6 9 -8 12 -10 -11 11 -13 -14 -15
leaf_value=-0.023146553970285956 -0.0076493786869810797 0.0007736036689937985 0.022788504031572367 -0.0069528349265626909 0.020184683422608877 0.016458326728501581 -0.0022497563402180264 -0.00048910946744545891 -0.014885420074470797 0.0028887625014499263 0 -0.017676688462322086 -0.0093966974888118112 0.0064411752407168331
leaf_weight=1445.7511015571654 8.9884796217083913 19.586408788338304 1627.0952775515616 40.176366607658565 123.86034297104925 52.207644192501903 19.821370726451278 79.989307765383273 179.20390756474808 53.439216936007142 10.047165546566246 246.63585507078096 98.920076629146934 214.33998111309484
leaf_count=45434 47 329 4274 762 4261 183 578 1461 4402 370 197 7736 1869 4896
internal_value=0 -0.0182945 0.0208013 -0.0055944 0.0111375 0.00537251 -0.0220993 -0.00992723 -0.013223 0.0104668 -0.0223027 -0.0169479 -0.00574391 0.00552857
internal_weight=4220.06 2245.78 1974.28 523.523 347.189 145.823 1722.26 377.7 198.79 105.647 1702.43 256.683 178.909 223.328
internal_count=76799 63321 13478 9376 9204 1315 53945 8061 4731 553 53367 7933 3330 4943
is_linear=0
shrinkage=0.02


Tree=39
num_leaves=15
num_cat=0
split_feature=54 54 61 57 54 61 54 29 6 54 18 17 56 53
split_gain=3837.41 261.016 88.4514 61.3825 36.5068 24.4608 14.439 12.2428 11.4982 10.0012 12.6317 9.56125 15.944 8.14806
threshold=0.78545728325843822 0.060437984764575965 0.98750001192092907 -0.83809319138526905 0.97186678647995006 0.79543650150299083 0.01397989457473159 0.61805555224418651 0.31697881221771246 0.29327173531055456 0.97114393115043651 14.500000000000002 0.7947368621826173 0.6513635814189912
decision_type=2 2 2 2 2 2 2 2 2 2 2 2 2 2
left_child=1 6 4 9 11 -5 -1 -7 -6 10 -3 -2 -13 -11
right_child=2 3 -4 5 8 7 -8 -9 -10 13 -12 12 -14 -15
leaf_value=-0.022907730077517407 0.0090507444680390358 0.00070346148979281054 0.022652943872405084 -0.012115196342608044 0.019021963023558054 0.015206509146282727 -0.015906655749942999 0.0021092960249306197 -0.0030458508717811405 -0.0003902186808823832 -0.014707229079614068 0.0080682593676024029 -0.0068826232690784315 -0.0093729773815907393
leaf_weight=1419.5304335015826 81.302898403257132 19.235842899419367 1578.0888913534582 19.75318497326225 145.03076177602634 56.103833058848977 243.73845196608454 68.456029955297709 5.7112420792691401 79.146407299675047 174.72790121147409 46.076893692836165 54.693787639960647 96.780776255764067
leaf_count=46306 1410 329 4266 396 5401 273 7639 646 66 1461 4402 1475 860 1869
internal_value=0 -0.0181247 0.0206439 -0.00549877 0.0107589 0.00525155 -0.0219707 0.00873175 0.0178976 -0.00979225 -0.0130584 0.00424612 0 -0.00566537
internal_weight=4088.38 2177.47 1910.9 514.204 332.816 144.313 1663.27 124.56 150.742 369.891 193.964 182.074 100.771 175.927
internal_count=76799 63321 13478 9376 9212 1315 53945 919 5467 8061 4731 3745 2335 3330
is_linear=0
shrinkage=0.02


Tree=40
num_leaves=15
num_cat=0
split_feature=55 53 58 55 53 18 58 31 46 56 57 53 47 19
split_gain=3284.84 547.548 64.965 57.3538 23.96 19.1175 13.6775 13.1462 12.446 10.1846 7.50039 6.76216 7.86182 6.70484
threshold=0.97727271914482128 0.13320740312337878 0.92005226016044628 0.55718955397605907 2.0016131401062016 0.99728628993034374 0.055675799027085311 0.52638888359069835 0.96955418586730968 0.94590643048286449 1.0900107622146609 -0.49503451585769648 66.500000000000014 0.55902779102325451
decision_type=2 2 2 2 2 2 2 2 2 2 2 2 2 2
left_child=1 3 6 -1 13 7 -3 9 -6 -5 -8 -7 -13 -4
right_child=-2 2 4 5 8 11 10 -9 -10 -11 -12 12 -14 -15
leaf_value=-0.022690587499919767 0.022393385121132866 -0.01543287355157786 0.0095641758750656964 -0.016191503437284194 0.016728767557309572 -0.017905127205381163 -0.0044138074520506457 0 0.0042419989529566974 0.0044619951916390361 0.0077260986302385643 0.0073163123767514219 -0.011256850990759472 0
leaf_weight=1231.4382218904793 1571.7484661536291 42.370480080135167 29.864385673776269 44.315250385552645 112.48815986374393 360.11987484479323 170.91505504352972 61.62301101628691 61.937793580349535 5.9679574836045495 14.971237964928148 3.2167284153401843 108.01611670199782 138.99349856982008
leaf_count=40615 4371 1171 655 1395 3834 11930 3543 1299 1657 39 71 11 2870 3338
internal_value=0 -0.0147723 0.00223364 -0.0201327 0.00770721 -0.0144765 -0.00585513 -0.00606851 0.0127949 -0.0129708 -0.00303563 -0.0162919 -0.0100646 0.00198107
internal_weight=3957.99 2386.24 571.541 1814.7 343.284 583.259 228.257 111.906 174.426 50.2832 185.886 471.353 111.233 168.858
internal_count=76799 72428 14269 58159 9484 17544 4785 2733 5491 1434 3614 14811 2881 3993
is_linear=0
shrinkage=0.02


Tree=41
num_leaves=15
num_cat=0
split_feature=55 53 58 55 62 53 19 58 44 57 51 53 57 62
split_gain=3139.09 526.347 62.7334 53.1559 31.4469 23.3855 13.9989 13.6879 11.7491 7.91793 6.2698 6.14422 6.0479 5.82685
threshold=0.95346319675445568 0.064977832138538374 0.92005226016044628 0.55718955397605907 0.97048610448837291 2.0016131401062016 0.82738095521926891 0.055675799027085311 0.96434926986694347 1.0900107622146609 0.054610682651400573 -0.69684883952140797 -1.5732565522193906 0.74642857909202587
decision_type=2 2 2 2 2 2 2 2 2 2 2 2 2 2
left_child=1 3 7 -1 6 10 11 13 -7 -9 -4 -5 -13 -3
right_child=-2 2 5 4 -6 8 -8 9 -10 -11 -12 12 -14 -15
leaf_value=-0.022589112442512355 0.022261592252648992 0.001885977841113399 0.00601365266494573 -0.017419611441750592 0.011703680758232549 0.016594840862069443 0.0022196318753366787 -0.0044405719551934017 0.0043334994526139847 0.0079312194113206162 -0.0013325082147127314 -0.012450617375434044 -0.00051087304630762496 -0.017157431986794449
leaf_weight=1190.4128739577718 1520.9064308544621 2.7698241155594578 73.346250130329281 379.89406046411023 11.786601105704902 106.63292049383745 13.273374198004602 174.11007202742621 62.562956963665783 15.383097868412731 94.514362696558237 121.95348013425246 26.404481832869351 41.063273134641349
leaf_count=40613 4383 24 1721 13015 50 3748 219 3709 1743 74 2321 3513 440 1226
internal_value=0 -0.0146541 0.00196084 -0.0200921 -0.0144514 0.00745539 -0.0152175 -0.00583758 0.0125836 -0.00303678 0.00181805 -0.0157349 -0.0106375 -0.0152699
internal_weight=3835.01 2314.11 570.383 1743.72 553.312 337.056 541.525 233.326 169.196 189.493 167.861 528.252 148.358 43.8331
internal_count=76799 72416 14566 57850 17237 9533 17187 5033 5491 3783 4042 16968 3953 1250
is_linear=0
shrinkage=0.02


Tree=42
num_leaves=15
num_cat=0
split_feature=55 53 58 62 53 53 58 46 45 51 57 61 49 49
split_gain=3001.88 503.024 74.9483 42.3117 32.6047 23.3345 16.5 11.7744 10.5441 7.36052 7.08846 6.83644 6.23485 5.42899
threshold=0.97727271914482128 -0.22947936505079267 0.92005226016044628 0.97048610448837291 -1.9848622083663938 2.0016131401062016 0.055675799027085311 0.96955418586730968 82.500000000000014 0.040288105607032783 1.0900107622146609 0.98750001192092907 381.50000000000006 157.50000000000003
decision_type=2 2 2 2 2 2 2 2 2 2 2 2 2 2
left_child=1 3 6 4 11 9 -3 -7 -6 -4 -8 -1 -10 -11
right_child=-2 2 5 -5 8 7 10 -9 12 13 -12 -13 -14 -15
leaf_value=-0.022173310884525281 0.022169988913730194 -0.016250133969244712 0.0065922360843680486 0.0099864703863964538 0.0018747803712173391 0.016255376311271341 -0.0050716047761261672 0.0037557981765627031 -0.015340683659622526 0.0058707866971627852 0.0063807215020530795 0.00067458149988046249 -0.0007113272236720571 -0.0037705549653626203
leaf_weight=1305.7390426399652 1469.1503477036022 54.352958426810801 68.919440425466746 13.089476306922732 11.38904506433755 106.24717433284968 202.00373907200992 57.868120842147619 281.50278928363696 22.753957775887102 15.907453620806335 2.2936682105064383 17.386060926131904 87.286026145331562
leaf_count=46771 4371 1628 1529 110 199 3834 4519 1657 8894 678 82 7 425 2095
internal_value=0 -0.0145209 0.000840928 -0.0203122 -0.0206177 0.00703894 -0.00684231 0.0123572 -0.0138954 0.00171891 -0.00392963 -0.0221071 -0.0146235 -0.00128872
internal_weight=3715.89 2246.74 615.339 1631.4 1618.31 343.075 272.264 164.115 310.278 178.959 217.911 1308.03 298.889 110.04
internal_count=76799 72428 16022 56406 56296 9793 6229 5491 9518 4302 4601 46778 9319 2773
is_linear=0
shrinkage=0.02


Tree=43
num_leaves=15
num_cat=0
split_feature=55 53 58 55 61 53 58 18 31 44 57 51 49 57
split_gain=2870.22 483.011 70.3319 40.3431 29.0246 22.0263 16.085 11.3619 16.4634 10.8087 7.01553 6.9793 5.2178 4.88339
threshold=0.97727271914482128 -0.22947936505079267 0.92005226016044628 0.55718955397605907 0.97048610448837291 2.0016131401062016 0.055675799027085311 0.99627557396888744 0.52638888359069835 0.96434926986694347 1.0900107622146609 0.040288105607032783 157.50000000000003 0.99996009469032299
decision_type=2 2 2 2 2 2 2 2 2 2 2 2 2 2
left_child=1 3 6 -1 7 11 -3 8 -5 -7 -8 -4 -13 -2
right_child=13 2 5 4 -6 9 10 -9 -10 -11 -12 12 -14 -15
leaf_value=-0.022405278582046408 0.0063043763625137061 -0.016128474631235578 0.0064392885981549713 -0.015434963212408089 0.011021653330510446 0.016091163945935519 -0.0049726283124711 -0.017052666606048573 0.0010181471619520371 0.0039736514737278164 0.0064627854502724916 0.0057648013342080145 -0.003752471733223631 0.022233200205353795
leaf_weight=1109.749726019334 19.753473694901913 52.764003923162818 67.996585743036121 39.550346524920315 11.09114810079336 100.21108196629211 198.53640091745183 374.92401369987056 42.746091936714947 59.124728298746049 15.755722792819141 22.343434520997107 85.506524973548949 1400.3429157561623
leaf_count=40607 105 1628 1529 1351 43 3748 4519 13443 962 1743 82 678 2095 4266
internal_value=0 -0.014396 0.000794386 -0.02019 -0.0146247 0.00687605 -0.00670991 -0.0154682 -0.00714311 0.0121315 -0.00381844 0.00166782 -0.00128837 0.0220647
internal_weight=3600.4 2180.3 602.238 1578.06 468.312 335.182 267.056 457.22 82.2964 159.336 214.292 175.847 107.85 1420.1
internal_count=76799 72428 16022 56406 15799 9793 6229 15756 2313 5491 4601 4302 2773 4371
is_linear=0
shrinkage=0.02


Tree=44
num_leaves=15
num_cat=0
split_feature=55 53 58 62 53 53 58 46 45 51 61 57 49 57
split_gain=2742.88 463.879 65.5949 39.9956 31.3724 20.9181 15.2238 10.6673 9.9501 7.76893 6.62008 6.61148 6.00284 5.61761
threshold=0.95346319675445568 -0.22947936505079267 0.92005226016044628 0.97048610448837291 -1.9848622083663938 2.1697261333465581 0.055675799027085311 0.96847492456436168 82.500000000000014 0.030597816221416 0.98750001192092907 1.0900107622146609 381.50000000000006 0.99996009469032299
decision_type=2 2 2 2 2 2 2 2 2 2 2 2 2 2
left_child=1 3 6 4 10 9 -3 -7 -6 -4 -1 -8 -10 -2
right_child=13 2 5 -5 8 7 11 -9 12 -11 -12 -13 -14 -15
leaf_value=-0.021979044708765209 0.0060069609525388781 -0.015861218544256366 0.0073186440476976167 0.0095896878012079242 0.0019113040451737907 0.016449981811741447 -0.0048582915856304658 0.003398646378885838 -0.015055436334039092 -0.00073723250032617968 0.00060284990642668157 0.0062925441112244964 -0.00042450715275487198 0.022126808248772542
leaf_weight=1217.4542097661179 20.123205591924489 51.185490353964269 64.904860551003367 12.847293026745318 10.886363239958881 89.835091243032366 194.56581832515076 48.532601128332317 265.88459964469075 124.0433048568666 2.2495414949953547 15.514367651194332 16.555593194440007 1353.2002065298147
leaf_count=46768 110 1628 1479 110 199 3532 4516 1490 8889 3292 7 82 424 4273
internal_value=0 -0.0142778 0.000756945 -0.0200738 -0.0203884 0.00670416 -0.00656247 0.0124627 -0.0135992 0.0020395 -0.0219097 -0.00372025 -0.0143325 0.021944
internal_weight=3487.78 2114.46 588.582 1525.88 1513.03 327.316 261.266 138.368 293.327 188.948 1219.7 210.08 282.44 1373.32
internal_count=76799 72416 16019 56397 56287 9793 6226 5022 9512 4771 46775 4598 9313 4383
is_linear=0
shrinkage=0.02


Tree=45
num_leaves=15
num_cat=0
split_feature=54 54 62 55 54 47 54 19 47 54 41 48 50 58
split_gain=2906.89 231.264 81.6596 49.3521 33.8227 17.8821 12.8063 11.3256 7.95677 7.82611 16.4383 7.64895 5.33941 4.97099
threshold=0.78545728325843822 0.046350747346878059 0.98750001192092907 0.94868421554565441 0.97186678647995006 90.500000000000014 0.32210768759250646 0.079166669398546233 259.50000000000006 0.01397989457473159 0.97048610448837291 0.93849307298660289 0.0067543012555688628 0.95601218938827526
decision_type=2 2 2 2 2 2 2 2 2 2 2 2 2 2
left_child=1 9 4 5 12 -3 8 -6 -7 -1 -11 -10 -2 -8
right_child=2 3 -4 -5 7 6 13 -9 11 10 -12 -13 -14 -15
leaf_value=-0.02239532373285838 0 0.0082989705164582279 0.022100597596871246 0.013009993940373206 -0.0067084922585739495 -0.013823838653552167 -0.0012127578134799638 0.018303545712196063 -0.011594471595699795 -0.017017828424253163 0.0037455432380031888 0 0.006876954319126439 -0.008770561309657152
leaf_weight=1147.6945354943164 86.766412985511124 20.019143965095282 1278.7282200017944 45.074708535801619 2.4641217142343512 173.29783968115225 126.40125113353133 124.29916610801592 31.244189804419875 156.99065552931279 11.779762241989372 49.213139952160418 74.740359716117382 50.658285299316049
leaf_count=46306 1928 279 4274 153 9 4918 2424 5461 858 6199 268 1012 1806 904
internal_value=0 -0.0172175 0.0199016 -0.00539829 0.00975264 -0.00747506 -0.00839754 0.0172674 -0.0113098 -0.021595 -0.0153065 -0.00487872 0.00320411 -0.00378942
internal_weight=3379.37 1812.37 1567 495.909 288.27 450.834 430.815 126.763 253.755 1316.46 168.77 80.4573 161.507 177.06
internal_count=76799 63321 13478 10548 9204 10395 10116 5470 6788 52773 6467 1870 3734 3328
is_linear=0
shrinkage=0.02


Tree=46
num_leaves=15
num_cat=0
split_feature=54 54 61 57 54 55 40 54 41 54 0 56 53 53
split_gain=2767.45 225.164 80.9313 56.783 31.3017 19.4875 11.583 8.35492 17.0766 8.16042 7.77381 12.3931 6.67845 6.24057
threshold=0.78545728325843822 0.046350747346878059 0.98750001192092907 1.0002314448356631 0.97186678647995006 0.94868421554565441 0.39444445073604589 0.01397989457473159 0.97048610448837291 0.29327173531055456 -14.499999999999998 0.7947368621826173 1.2255224585533144 1.0989893078804018
decision_type=2 2 2 2 2 2 2 2 2 2 2 2 2 2
left_child=1 7 4 5 10 6 -3 -1 -9 -8 11 -2 -5 -11
right_child=2 3 -4 12 -6 -7 9 8 -10 13 -12 -13 -14 -15
leaf_value=-0.022307300820047195 0.0067783776560166598 0.00094433933739805772 0.021979879926012552 0 0.017062290631645147 0.0083139983652844689 -0.01235319675842177 -0.016843555318576339 0.0042318752751596576 -0.002060733338622724 0.0078500395362833455 -0.0071072093396999667 0.018080740282326438 -0.010520481912615551
leaf_weight=1105.3152835387737 40.055224422831088 39.376866156235337 1237.6736384062096 8.9667282905429584 117.18730352958664 21.987181616481394 215.11403550673276 152.17193829780445 11.83089563436806 106.69211591500789 70.638752148486674 48.806750820018351 34.750765424221754 60.22629149723798
leaf_count=46306 1475 779 4266 81 5467 90 6110 6199 268 2209 1410 860 81 1198
internal_value=0 -0.0170511 0.0197642 -0.00531134 0.00944952 -0.00755016 -0.00857023 -0.021479 -0.0150368 -0.00962737 0.00319395 -0.0004973 0.014712 -0.00558619
internal_weight=3270.79 1756.43 1514.36 487.114 276.688 443.396 421.409 1269.32 164.003 382.032 159.501 88.862 43.7175 166.918
internal_count=76799 63321 13478 10548 9212 10386 10296 52773 6467 9517 3745 2335 162 3407
is_linear=0
shrinkage=0.02


Tree=47
num_leaves=15
num_cat=0
split_feature=54 54 62 57 54 55 40 54 41 54 56 11 19 18
split_gain=2638.66 220.032 80.8849 52.8568 30.5142 18.5608 11.3821 8.22059 16.553 7.66813 7.03592 6.9334 6.99244 6.62174
threshold=0.78545728325843822 0.046350747346878059 0.98750001192092907 1.0002314448356631 0.98631858825683605 0.94868421554565441 0.39444445073604589 0.01397989457473159 0.97048610448837291 0.29327173531055456 0.7947368621826173 14.500000000000002 0.41145832836627966 0.99738562107086193
decision_type=2 2 2 2 2 2 2 2 2 2 2 2 2 2
left_child=1 7 4 5 10 6 -3 -1 -9 13 -2 12 -12 -8
right_child=2 3 -4 -5 -6 -7 9 8 -10 -11 11 -13 -14 -15
leaf_value=-0.022224970161957562 0.0089127699881474311 0.0010955374738858238 0.021926294364041005 0.014341395475104933 0.018693959571011904 0.0082247023624901945 -0.0014594260856739712 -0.016708636685362425 0.0041457905242722323 -0.0054768863177274323 -0.0069812975064263592 -0.0038213415123715322 0.0082319189608020399 -0.013529275131263284
leaf_weight=1065.0338975891937 69.757195342797786 38.740957672707736 1190.2574368515052 42.566992303356528 87.249722239561379 21.494743458926678 28.456967510282993 147.56589559372514 11.679080812260507 163.90236667590216 7.3632011450827113 55.777994506526738 52.270942003466189 181.6049236850813
leaf_count=46306 2860 779 4274 162 4261 90 557 6199 268 3407 49 1098 936 5553
internal_value=0 -0.0169054 0.0196473 -0.00519696 0.0092827 -0.00737755 -0.00838526 -0.0213851 -0.0148885 -0.00944826 0.00417269 0.000716789 0.00536722 -0.0121322
internal_weight=3163.72 1701.05 1462.68 476.767 272.419 434.2 412.705 1224.28 159.245 373.964 185.169 115.412 59.6341 210.062
internal_count=76799 63321 13478 10548 9204 10386 10296 52773 6467 9517 4943 2083 985 6110
is_linear=0
shrinkage=0.02


Tree=48
num_leaves=15
num_cat=0
split_feature=54 54 62 61 54 1 55 54 41 54 55 56 11 18
split_gain=2512.43 216.031 80.18 45.3122 29.4001 16.7254 10.8509 10.5732 8.62551 9.15535 7.84505 6.66228 6.53613 6.23262
threshold=0.78545728325843822 0.046350747346878059 0.98750001192092907 0.97048610448837291 0.98631858825683605 4.5000000000000009 0.95346319675445568 0.32210768759250646 0.97048610448837291 0.01397989457473159 0.94281044602394115 0.7947368621826173 14.500000000000002 0.97114393115043651
decision_type=2 2 2 2 2 2 2 2 2 2 2 2 2 2
left_child=1 8 4 5 11 -3 7 13 10 -10 -1 -2 -13 -7
right_child=2 3 -4 -5 -6 6 -8 -9 9 -11 -12 12 -14 -15
leaf_value=-0.021759156682049287 0.0086665238465352488 0.010896116880123959 0.021833029809304742 0.013232314863414692 0.018497687960316301 0 0.0068527464903690759 -0.0040749801894617013 -0.014260110052088455 0.0042893676174103569 -0.0013613237262959999 0.0051770517807337921 -0.0038375553478720006 -0.012208179176263281
leaf_weight=1141.0149308210239 68.286788241472095 12.63520396593958 1148.0640487773344 41.464018002618104 83.828228072728962 18.925469525158405 12.073913738131521 164.99145006062463 16.191881944891069 11.660496344789861 11.727986811660228 58.461883645504713 54.426057615783066 217.32394991489127
leaf_count=51224 2860 98 4274 108 4261 408 34 3387 818 268 463 985 1098 6513
internal_value=0 -0.0167457 0.0195162 -0.00505529 0.0090652 -0.00708994 -0.00788347 -0.00851029 -0.0212918 -0.00633176 -0.021587 0.00401567 0.000610351 -0.0112781
internal_weight=3061.08 1648.01 1413.07 467.414 265.003 425.95 413.315 401.241 1180.6 27.8524 1152.74 181.175 112.888 236.249
internal_count=76799 63321 13478 10548 9204 10440 10342 10308 52773 1086 51687 4943 2083 6921
is_linear=0
shrinkage=0.02


Tree=49
num_leaves=15
num_cat=0
split_feature=54 54 61 57 54 55 40 54 41 6 0 54 18 62
split_gain=2391.68 211.495 80.3537 50.3982 27.4585 17.0348 10.5137 9.15943 16.4266 6.93835 6.86013 6.75599 6.72415 6.69023
threshold=0.78545728325843822 0.046350747346878059 0.98750001192092907 1.0002314448356631 0.97186678647995006 0.94868421554565441 0.39444445073604589 0.01397989457473159 0.94097220897674572 0.31697881221771246 -14.499999999999998 0.26600787043571478 0.99738562107086193 0.89087301492691051
decision_type=2 2 2 2 2 2 2 2 2 2 2 2 2 2
left_child=1 7 4 5 10 6 -3 -1 -9 -6 -2 12 -8 -4
right_child=2 3 13 -5 9 -7 11 8 -10 -11 -12 -13 -14 -15
leaf_value=-0.022086122540989208 -0.0008054034084583096 0.001113028864496528 0.00056966882563132791 0.014311261165801097 0.017373817458396917 0.007981445776677188 -0.00090958968140916069 -0.016726962309507872 0.0016882262178935441 -0.0014663863544948372 0.0072430118883500365 -0.0055095501513165567 -0.013390838987389606 0.021880011783621971
leaf_weight=988.66213209996931 83.299056072253734 37.339611736126244 9.2148004993796331 41.581113262102008 100.63695483468473 20.794011402875185 26.226466186344624 131.86876938398927 17.750980003736913 4.1931706755422047 66.835561010520905 167.91164548927918 164.69881261792034 1101.0013545555994
leaf_count=46306 2335 779 98 162 5401 90 525 5977 490 66 1410 3660 5332 4168
internal_value=0 -0.016584 0.0193838 -0.00493319 0.00872528 -0.00712764 -0.00811988 -0.0211925 -0.0143728 0.0163073 0.00274965 -0.00916555 -0.0119207 0.0217347
internal_weight=2962.01 1596.83 1365.18 458.552 254.965 416.971 396.177 1138.28 149.62 104.83 150.135 358.837 190.925 1110.22
internal_count=76799 63321 13478 10548 9212 10386 10296 52773 6467 5467 3745 9517 5857 4266
is_linear=0
shrinkage=0.02


Tree=50
num_leaves=15
num_cat=0
split_feature=54 54 62 57 54 55 40 41 54 55 54 56 18 62
split_gain=2278.43 206.874 79.8066 47.3264 27.6364 15.9056 10.1329 9.49833 8.56027 8.05517 6.62078 6.46574 6.43695 6.27661
threshold=0.78545728325843822 0.046350747346878059 0.98750001192092907 1.0002314448356631 0.98631858825683605 0.94868421554565441 0.39444445073604589 0.97048610448837291 0.01397989457473159 0.94281044602394115 0.26600787043571478 0.7947368621826173 0.99738562107086193 0.97048610448837291
decision_type=2 2 2 2 2 2 2 2 2 2 2 2 2 2
left_child=1 7 4 5 11 6 -3 9 -9 13 12 -2 -8 -1
right_child=2 3 -4 -5 -6 -7 10 8 -10 -11 -12 -13 -14 -15
leaf_value=-0.02168653000938367 0.0082944808145463921 0.001170265331866058 0.021673985638290143 0.013974532014285414 0.018125509185224944 0.0076650600881226563 -0.00085080393243254537 -0.01365504463121108 0.0045278284785128528 -0.00088643791195867514 -0.0053387896423694719 0.000246370264258934 -0.013200798234410489 0
leaf_weight=1056.6106170748826 65.349599519744515 36.706583818420768 1067.4466986740008 40.803775150328875 77.228245169389993 20.592200187500566 25.774525956250727 14.750360188540073 11.490551775321363 11.228998530656098 164.75062520243227 108.48839839966968 160.64710267120972 3.5209046248346558
leaf_count=51137 2860 779 4274 162 4261 90 525 818 268 463 3660 2083 5332 87
internal_value=0 -0.0164317 0.0192626 -0.00481557 0.00858398 -0.00696861 -0.00794358 -0.0210986 -0.00551369 -0.0214142 -0.00898423 0.00364169 -0.011741 -0.0215963
internal_weight=2865.39 1546.88 1318.51 449.275 251.066 408.471 387.879 1097.6 26.2409 1071.36 351.172 173.838 186.422 1060.13
internal_count=76799 63321 13478 10548 9204 10386 10296 52773 1086 51687 9517 4943 5857 51224
is_linear=0
shrinkage=0.02


Tree=51
num_leaves=15
num_cat=0
split_feature=54 54 62 57 54 55 54 41 40 54 28 53 19 18
split_gain=2167.38 215.432 68.1562 49.2706 24.1153 13.9483 10.0544 14.8777 9.13674 7.82646 7.24374 6.8995 6.27268 6.16643
threshold=0.81527280807495128 0.046350747346878059 0.98750001192092907 1.0002314448356631 0.98631858825683605 0.94868421554565441 0.012768768705427648 0.97048610448837291 0.39444445073604589 0.26600787043571478 0.27880430221557623 1.2904061079025271 0.079166669398546233 0.99738562107086193
decision_type=2 2 2 2 2 2 2 2 2 2 2 2 2 2
left_child=1 6 4 5 12 8 -1 10 -3 13 -8 -5 -2 -10
right_child=2 3 -4 11 -6 -7 7 -9 9 -11 -12 -13 -14 -15
leaf_value=-0.022005863084736479 -0.0083005089019708971 0.0010306579815199661 0.02160714555336778 0 0.017929195052662002 0.0068522982961660575 0.0020882859802607971 0.0036208858596579641 -0.00080661144820917967 -0.0049046236957081902 -0.016820144563899193 0.017530136415050798 0.0050451900475110547 -0.01303854949254161
leaf_weight=905.85107557405718 7.6292352080345145 36.912458575330675 1025.999034167733 8.8948689103126508 74.258578119799495 21.217135806102306 4.1041368553414932 12.01201941911131 25.3262201808393 174.4908433787059 136.30098181590438 34.908329399302602 148.55230520945042 156.62340865982696
leaf_count=45718 47 793 4262 85 4261 94 76 297 525 3925 6682 87 4615 5332
internal_value=0 -0.0160605 0.0193681 -0.00443522 0.00892967 -0.00666798 -0.0210054 -0.0141661 -0.00757924 -0.00855609 -0.015991 0.014113 0.00388133 -0.0115877
internal_weight=2773.08 1516.64 1256.44 458.373 230.44 414.57 1058.27 152.417 393.353 356.44 140.405 43.8032 156.182 181.95
internal_count=76799 63614 13185 10841 8923 10669 52773 7055 10575 9782 6758 172 4662 5857
is_linear=0
shrinkage=0.02


Tree=52
num_leaves=15
num_cat=0
split_feature=54 54 61 59 54 55 30 54 41 28 28 6 40 54
split_gain=2067.66 209.633 69.0786 40.2361 21.4179 21.2729 10.2345 10.1513 14.5267 8.84912 7.14704 7.02389 5.93237 6.48831
threshold=0.81527280807495128 0.046350747346878059 0.98750001192092907 0.88194444775581371 0.97186678647995006 0.94281044602394115 0.99766218662261974 0.012768768705427648 0.97048610448837291 0.99923077225685131 0.27880430221557623 0.31697881221771246 0.52786380052566539 0.29327173531055456
decision_type=2 2 2 2 2 2 2 2 2 2 2 2 2 2
left_child=1 7 4 12 -2 6 -5 -1 10 -7 -9 -6 -3 -14
right_child=2 3 -4 5 11 9 -8 8 -10 -11 -12 -13 13 -15
leaf_value=-0.021940367382508135 0.0027275150677716765 -0.0014269268489207918 0.021550131262249819 0.0071517952549866801 0.016787651897078742 0.016883183507980036 -0.006335822473362538 0.0021420066015661156 0.003657039727257499 0 -0.016668898108340987 -0.0020288590282274126 -0.012995169446325085 -0.0054417693584960817
leaf_weight=872.28798827459104 128.77643694728613 53.137980947270989 991.01518547302112 25.339655034244061 89.647875910857692 43.017561660148203 61.887336348183453 4.0385298226028672 11.820540888234971 13.082787832245229 131.93536015227437 4.0715053700841954 130.88731287699193 121.9831708278507
leaf_count=45718 3465 1352 4253 386 5401 148 1407 76 297 119 6682 66 4571 2858
internal_value=0 -0.0159221 0.0192606 -0.00436606 0.00858561 0.00410563 -0.00185904 -0.0209188 -0.0139761 0.0130326 -0.0158229 0.0155881 -0.00843293 -0.00971163
internal_weight=2682.93 1469.42 1213.51 449.336 222.496 143.327 87.227 1020.08 147.794 56.1003 135.974 93.7194 306.008 252.87
internal_count=76799 63614 13185 10841 8932 2060 1793 52773 7055 267 6758 5467 8781 7429
is_linear=0
shrinkage=0.02


Tree=53
num_leaves=15
num_cat=0
split_feature=62 53 53 53 58 18 57 46 19 29 45 57 31 19
split_gain=1805.92 363.674 44.8259 30.0937 18.3943 17.2687 11.4041 8.29253 7.63097 7.58674 6.69946 6.07659 5.15843 4.92405
threshold=0.97361111640930187 -0.22947936505079267 2.1697261333465581 -1.9848622083663938 0.15666440129280093 0.99627557396888744 0.80716255307197582 0.99595957994461071 0.82738095521926891 0.77638888359069835 82.500000000000014 -1.7479034066200254 0.55902779102325451 0.55902779102325451
decision_type=2 2 2 2 2 2 2 2 2 2 2 2 2 2
left_child=1 3 4 8 11 -5 -2 -4 -1 -10 -7 -3 13 -6
right_child=6 2 7 5 12 10 -8 -9 9 -11 -12 -13 -14 -15
leaf_value=-0.021410495404891181 0.0015139016004288 -0.014024937870714734 0.011965572698556417 0.00072759198217271673 0.0061107290608453215 0.0012894755488560433 0.021528848817968231 -0.0018412347111303766 -0.013047433977884708 0.0057434588166438583 -0.014754615418229384 0.00021369187140838277 -0.0037902636323877154 -0.00042808188857847016
leaf_weight=864.58743569278158 15.904735635966061 54.964056810364127 129.04207979608327 31.842881384771317 59.002811285899952 6.2542197196744373 968.91498783789575 13.799091352149842 10.693033572286369 8.3889470901340228 194.69037484563887 9.5705555053427798 101.46847742982209 126.46472679218277
leaf_count=46181 240 2031 5034 778 1389 142 4143 393 490 180 8613 194 2999 3992
internal_value=0 -0.0130272 0.00119505 -0.019319 -0.00259556 -0.0119711 0.0212488 0.0104079 -0.0211117 -0.0043119 -0.0140844 -0.0116797 -0.000220907 0.00164283
internal_weight=2595.59 1610.77 494.312 1116.46 351.471 232.787 984.82 142.841 883.669 19.082 200.945 64.5346 286.936 185.468
internal_count=76799 72416 16032 56384 10605 9533 4383 5427 46851 670 8755 2225 8380 5381
is_linear=0
shrinkage=0.02


Tree=54
num_leaves=15
num_cat=0
split_feature=54 54 61 57 54 18 54 1 59 62 53 55 62 62
split_gain=1884.14 201.147 66.8728 45.7473 19.5088 15.9065 13.6256 9.32214 8.49262 7.15134 6.33631 6.26386 5.8838 5.34609
threshold=0.81527280807495128 0.032237650826573379 0.98750001192092907 1.0002314448356631 0.98168689012527477 0.99738562107086193 0.29327173531055456 7.5000000000000009 0.88194444775581371 0.78348213434219371 1.1675761938095095 0.94590643048286449 0.97048610448837291 0.89087301492691051
decision_type=2 2 2 2 2 2 2 2 2 2 2 2 2 2
left_child=1 11 4 5 -2 8 7 -7 -3 -10 -5 12 -1 -4
right_child=2 3 13 10 -6 6 -8 -9 9 -11 -12 -13 -14 -15
leaf_value=-0.021369621524443057 0.0033407414644003996 -0.0038527314821416286 0.00036570726985747735 0 0.01642417735272915 0.0049489908852089984 -0.003618815817605123 -0.012958391615524359 -0.0021301493884432802 0.014310828632621541 0.016810146025143073 -0.00020370700569442889 0 0.021555959195869456
leaf_weight=899.85437904414721 139.72118510399014 44.933692712336779 7.9304781523533157 8.0964771797880513 71.410929885692894 6.351356358267366 153.24722993001342 192.40374993253499 10.250343521125616 19.865376960486174 33.443164724856615 8.7134096231311542 3.2016553077846757 913.43789056269452
leaf_count=50491 4191 1159 97 89 4741 105 3444 7365 245 105 92 435 84 4156
internal_value=0 -0.0156516 0.019056 -0.00482158 0.00828852 -0.00686588 -0.00862886 -0.0120914 0.00106806 0.00856025 0.0135363 -0.0211057 -0.0212713 0.02141
internal_weight=2512.86 1380.36 1132.5 468.591 211.132 427.052 352.002 198.755 75.0494 30.1157 41.5396 911.769 903.056 921.368
internal_count=76799 63614 13185 12604 8932 12423 10914 7470 1509 350 181 51010 50575 4253
is_linear=0
shrinkage=0.02


Tree=55
num_leaves=15
num_cat=0
split_feature=54 54 61 57 54 18 54 1 41 54 59 62 53 62
split_gain=1797.17 196.721 65.8302 43.413 18.4814 14.9881 12.7876 9.00833 8.27043 9.033 8.08818 6.83853 6.08051 5.81677
threshold=0.81527280807495128 0.032237650826573379 0.98750001192092907 1.0002314448356631 0.98168689012527477 0.99738562107086193 0.29327173531055456 7.5000000000000009 0.94097220897674572 0.01397989457473159 0.88194444775581371 0.78348213434219371 1.1675761938095095 0.97048610448837291
decision_type=2 2 2 2 2 2 2 2 2 2 2 2 2 2
left_child=1 8 4 5 -2 10 7 -7 13 -10 -3 -12 -5 -1
right_child=2 3 -4 12 -6 6 -8 -9 9 -11 11 -13 -14 -15
leaf_value=-0.021595349400817289 0.0032738317806946626 -0.0038047175252012549 0.021342115608782453 0 0.016204378088029416 0.0048974788730326152 -0.0035581913929957666 -0.012745310481836355 -0.014164773974146821 0.0030911155236268977 -0.0020684397195581388 0.014062795973529526 0.016563969578054446 0
leaf_weight=839.77215350791812 136.78272320562974 44.195136566646397 887.75457821553573 7.9293957808986297 68.961233455920592 6.2620432460680595 150.62420092569664 187.22821320197545 23.247743196319789 12.776371404528616 10.114794219844045 19.499124297872186 32.723921835422516 3.1721940459683529
leaf_count=49045 4191 1159 4253 89 4741 105 3444 7365 1502 378 245 105 92 85
internal_value=0 -0.0155127 0.0189528 -0.0047119 0.00813948 -0.00672812 -0.00846278 -0.0118736 -0.0210322 -0.00784029 0.00102053 0.00839164 0.0133294 -0.0214914
internal_weight=2431.04 1337.55 1093.5 458.577 205.744 417.924 344.114 193.49 878.968 36.0241 73.8091 29.6139 40.6533 842.944
internal_count=76799 63614 13185 12604 8932 12423 10914 7470 51010 1880 1509 350 181 49130
is_linear=0
shrinkage=0.02


Tree=56
num_leaves=15
num_cat=0
split_feature=54 54 61 57 54 18 54 41 54 45 59 62 7 53
split_gain=1713.7 192.723 64.9544 42.4448 17.6445 16.1409 13.2408 9.29198 9.58841 8.43041 7.92259 7.87549 5.94518 5.92986
threshold=0.81527280807495128 0.028934619389474395 0.98750001192092907 1.0002314448356631 0.97186678647995006 0.99738562107086193 0.26600787043571478 0.94097220897674572 0.01397989457473159 82.500000000000014 0.88194444775581371 0.78348213434219371 1.9183728098869326 1.1675761938095095
decision_type=2 2 2 2 2 2 2 2 2 2 2 2 2 2
left_child=1 7 4 5 -2 10 9 -1 -9 -7 -3 -12 -6 -5
right_child=2 3 -4 13 12 6 -8 8 -10 -11 11 -13 -14 -15
leaf_value=-0.021553657609951697 0.0024873571230647489 -0.0035984860921121371 0.021276727501857651 0 0.016209572303038416 0.0047188430960869703 -0.0037109462417030271 -0.013837627830231991 0.0043173985560463705 -0.012929716474342942 -0.0027034370190623957 0.014427734266197326 -0.00057750228511750993 0.016413626139527789
leaf_weight=801.95648353500292 119.20580862974748 44.15614206250757 855.3357355222106 7.784043517895042 76.198705116752535 5.5112553425133219 155.77546804212034 22.187368113547564 11.698320301249622 184.7246458765585 10.467723294161262 20.155122126452625 5.0876142336055628 32.1459587123245
leaf_count=48592 3465 1190 4253 90 5399 93 3683 1502 328 7668 266 110 68 92
internal_value=0 -0.0153681 0.018849 -0.00479797 0.00797887 -0.00676378 -0.00856618 -0.0210705 -0.00717013 -0.012117 0.00122867 0.00836098 0.0148566 0.0131977
internal_weight=2352.39 1296.56 1055.83 460.72 200.492 420.79 346.011 835.842 33.8857 190.236 74.779 30.6228 81.2863 39.93
internal_count=76799 63614 13185 13192 8932 13010 11444 50422 1830 7761 1566 376 5467 182
is_linear=0
shrinkage=0.02


Tree=57
num_leaves=15
num_cat=0
split_feature=54 54 61 57 54 18 54 41 54 45 59 53 61 61
split_gain=1633.63 188.859 64.0805 41.4592 16.8252 15.1538 12.4077 9.65482 9.27957 8.218 7.51895 5.83758 5.52741 5.46337
threshold=0.81527280807495128 0.028934619389474395 0.98750001192092907 1.0002314448356631 0.97186678647995006 0.99738562107086193 0.26600787043571478 0.94097220897674572 0.01397989457473159 82.500000000000014 0.88194444775581371 1.1675761938095095 0.97048610448837291 0.84861111640930187
decision_type=2 2 2 2 2 2 2 2 2 2 2 2 2 2
left_child=1 7 4 5 -2 10 9 12 -9 -7 -3 -5 -1 -12
right_child=2 3 -4 11 -6 6 -8 8 -10 -11 13 -13 -14 -15
leaf_value=-0.021605362515774135 0.0024112756141499371 -0.0035887970270222858 0.021211321747844979 0 0.014672413277066429 0.0047180620430460158 -0.0036652212203311441 -0.013574159320572765 0.0043881317686836185 -0.012729851347682938 -0.001836626867146438 0.016387256251863064 0 0.012715643549975618
leaf_weight=769.61262706900015 116.92358587775379 43.277026066556573 824.14706925326027 7.6344383247196665 78.231030668132007 5.4407406887039533 153.12075820192695 21.281247599283233 11.611861250363289 180.10654368135147 8.7269348925910908 31.779751524329185 3.1369076408445826 21.439096656627953
leaf_count=48507 3465 1190 4253 90 5467 93 3683 1502 328 7668 211 92 85 165
internal_value=0 -0.0152188 0.018746 -0.00467883 0.00781263 -0.0066515 -0.00841854 -0.0209978 -0.00682381 -0.0119095 0.00114743 0.0131933 -0.021496 0.00814553
internal_weight=2276.47 1257.17 1019.3 451.525 195.155 412.111 338.668 805.643 32.8931 185.547 73.4431 39.4142 772.75 30.166
internal_count=76799 63614 13185 13192 8932 13010 11444 50422 1830 7761 1566 182 48592 376
is_linear=0
shrinkage=0.02


Tree=58
num_leaves=15
num_cat=0
split_feature=54 54 55 57 54 18 54 1 41 54 59 53 61 53
split_gain=1556.07 186.32 63.8008 39.9647 19.2838 12.3336 10.0282 9.19278 8.58674 7.62609 6.62472 5.5135 5.31242 4.81354
threshold=0.81527280807495128 0.032237650826573379 0.97727271914482128 1.0002314448356631 0.96869817376136791 0.99738562107086193 0.29327173531055456 7.5000000000000009 0.94097220897674572 0.01397989457473159 0.88194444775581371 1.2904061079025271 0.97048610448837291 1.0989893078804018
decision_type=2 2 2 2 2 2 2 2 2 2 2 2 2 2
left_child=1 8 4 5 -2 10 7 -7 12 -10 -3 -5 -1 -8
right_child=2 3 -4 11 -6 6 13 -9 9 -11 -12 -13 -14 -15
leaf_value=-0.021426657355186073 0.001378300998056022 -0.0036339388213767164 0.021118615311588824 0 0.014551732971060086 0.0055849755113777187 -2.4624216129950878e-05 -0.012115735473125446 -0.013304393120085746 0.0028931282723606727 0.00762302423068556 0.016452602285015012 0 -0.0076316156254057068
leaf_weight=751.20072602457367 106.93522400781512 41.762153355404735 797.89833484753035 8.0631797546520811 79.226448429282755 6.2475737128406754 86.201684975996614 173.41594183444977 20.454348504776135 12.232247476000337 28.394089938141406 30.991121400147676 3.0965031031519166 57.180308644659817
leaf_count=49044 3271 1159 4259 94 5655 105 2145 7365 1502 378 350 87 86 1299
internal_value=0 -0.0150624 0.0186367 -0.00432872 0.00746412 -0.00635022 -0.00798065 -0.0111531 -0.02083 -0.00704576 0.000811487 0.0132442 -0.0213177 -0.00347179
internal_weight=2203.3 1219.24 984.06 432.256 186.162 393.202 323.046 179.664 786.984 32.6866 70.1562 39.0543 754.297 143.382
internal_count=76799 63614 13185 12604 8926 12423 10914 7470 51010 1880 1509 181 49130 3444
is_linear=0
shrinkage=0.02


Tree=59
num_leaves=15
num_cat=0
split_feature=55 53 55 58 18 62 46 58 62 61 62 41 53 62
split_gain=1400.19 252.02 29.6654 25.8836 15.6506 13.7802 12.3306 8.69719 6.34754 5.19841 5.13433 4.09578 3.50517 3.01301
threshold=0.97727271914482128 -0.55054646730422963 0.55718955397605907 0.92005226016044628 0.99728628993034374 0.63348215818405162 0.78445696830749523 0.055675799027085311 0.91145834326744091 0.96651786565780651 0.97048610448837291 0.97048610448837291 0.77824947237968456 0.81651785969734203
decision_type=2 2 2 2 2 2 2 2 2 2 2 2 2 2
left_child=1 2 -1 7 5 -4 12 11 -2 -9 -6 -3 -5 -8
right_child=8 3 4 6 10 -7 13 9 -10 -11 -12 -13 -14 -15
leaf_value=-0.021324705722579669 0.0045487843469190119 -0.014499597060041378 -0.014178869244117372 0 -0.015325601245741038 0.0038730592684270426 -0.0016559665080206542 -0.0041865366100290085 0.021053705024565394 0.0050348760516664339 0.0014592832460369224 0.0012189573843230498 0.011902303099179485 0.0038142084396673684
leaf_weight=622.35389085789211 18.621017786441371 40.199680932797492 18.443387182429433 15.515551144257186 187.98936295253225 40.801063471939415 90.234958097338676 161.87646781420335 784.0743169663474 19.759456742554903 3.00908981822431 2.5734619544818989 66.217127735260874 59.169021107023582
leaf_count=40586 147 2012 1221 504 11645 1192 3585 5358 4224 276 30 56 4041 1922
internal_value=0 -0.0125841 -0.0188383 -0.000435541 -0.0121261 -0.00219825 0.00413009 -0.00525037 0.0207505 -0.00287473 -0.0148674 -0.0129127 0.0100545 0.000392347
internal_weight=2130.84 1328.14 872.597 455.546 250.243 59.2445 231.137 224.409 802.695 181.636 190.998 42.7731 81.7327 149.404
internal_count=76799 72428 54674 17754 14088 2413 10052 7702 4371 5634 11675 2068 4545 5507
is_linear=0
shrinkage=0.02


Tree=60
num_leaves=15
num_cat=0
split_feature=54 54 61 57 54 18 54 41 54 45 59 62 62 62
split_gain=1417.45 177.732 62.4324 36.2132 15.2143 12.9043 10.4614 9.67841 8.11705 7.79653 6.87739 6.82345 6.56321 5.4531
threshold=0.81527280807495128 0.028934619389474395 0.98750001192092907 1.0002314448356631 0.98168689012527477 0.99738562107086193 0.26600787043571478 0.94097220897674572 0.01397989457473159 82.500000000000014 0.88194444775581371 0.78348213434219371 0.86805555224418651 0.97048610448837291
decision_type=2 2 2 2 2 2 2 2 2 2 2 2 2 2
left_child=1 7 4 5 -2 10 9 13 -9 -7 -3 -12 -4 -1
right_child=2 3 12 -5 -6 6 -8 8 -10 -11 11 -13 -14 -15
leaf_value=-0.021450207795652002 0.0026827567660147543 -0.0035521384670823965 0 0.012776497829058805 0.015281114803959326 0.004842672809769165 -0.0034409166633265391 -0.01289949275793164 0.0042290773833857671 -0.012182374966870418 -0.0024585634670298137 0.013684348639847526 0.021203626808030368 0
leaf_weight=689.20441412180662 123.4711257701274 40.976691104471684 6.3768744030967346 37.160136825405061 57.607751628849655 5.2811447130516163 145.01285874051973 19.168162461370233 11.106728344690053 165.35974939540029 9.994861578568818 18.963697597384453 731.45546078914776 2.8642961019650093
leaf_count=48508 4191 1190 86 182 4741 93 3683 1502 328 7668 266 110 4167 84
internal_value=0 -0.0148082 0.0184255 -0.00431888 0.00726983 -0.00624125 -0.00794456 -0.0208055 -0.0061967 -0.0113165 0.00108004 0.00788445 0.021029 -0.0213332
internal_weight=2064 1145.09 918.911 422.749 181.079 385.589 315.654 722.344 30.2749 170.641 69.9353 28.9586 737.832 692.069
internal_count=76799 63614 13185 13192 8932 13010 11444 50422 1830 7761 1566 376 4253 48592
is_linear=0
shrinkage=0.02


Tree=61
num_leaves=15
num_cat=0
split_feature=54 54 57 61 55 41 54 45 54 18 54 53 61 29
split_gain=1351.96 205.638 37.7083 30.434 12.0379 8.74475 7.98121 7.86687 7.53716 10.0153 6.76506 5.55419 4.95077 4.52044
threshold=0.89642310142517101 0.032237650826573379 1.0002314448356631 0.98750001192092907 0.94868421554565441 0.94097220897674572 0.98168689012527477 92.500000000000014 0.32210768759250646 0.99738562107086193 0.01397989457473159 1.1675761938095095 0.97048610448837291 0.66145834326744091
decision_type=2 2 2 2 2 2 2 2 2 2 2 2 2 2
left_child=1 5 4 6 7 12 -2 -3 9 -9 -7 -4 -1 -6
right_child=3 2 11 -5 13 10 -8 8 -10 -11 -12 -13 -14 -15
leaf_value=-0.021253548290085217 0.0041634781441764208 0.0051547527312132812 0 0.021101207136230198 0.011850041581826625 -0.012651940304607827 0.015112895618569782 0 -0.0033312694005798007 -0.011564717368160593 0.002872265527452093 0.016189989200768539 0 -0.0011233791260939726
leaf_weight=672.69016225053929 78.165484788594767 15.552642915397881 7.1155203059315673 699.35195801407099 14.739244044758381 18.471451987745244 55.505613939603791 35.504956228658557 176.99366952199489 162.09828371135518 11.76300513371825 34.327126541174948 2.9175945529714218 11.857826129067687
leaf_count=49044 3067 370 89 4205 58 1502 4741 895 4650 7525 378 114 86 75
internal_value=0 -0.0138887 -0.00330123 0.0193615 -0.00521905 -0.0206194 0.00944917 -0.00616387 -0.00679836 -0.009537 -0.00640189 0.0133324 -0.0211396 0.00614418
internal_weight=1997.05 1164.03 458.189 833.023 416.747 705.842 133.671 390.15 374.597 197.603 30.2345 41.4426 675.608 26.5971
internal_count=76799 64786 13776 12013 13573 51010 7808 13440 13070 8420 1880 203 49130 133
is_linear=0
shrinkage=0.02


Tree=62
num_leaves=15
num_cat=0
split_feature=54 54 57 62 55 41 54 54 45 54 18 62 53 29
split_gain=1289.95 206.6 36.5739 25.4196 11.8331 9.60573 8.31489 7.08221 7.06515 8.22934 11.7114 5.20049 5.19076 4.07916
threshold=0.91137021780014049 0.028934619389474395 1.0002314448356631 0.98750001192092907 0.94868421554565441 0.94097220897674572 0.98631858825683605 0.01397989457473159 92.500000000000014 0.32210768759250646 0.99738562107086193 0.97048610448837291 1.1675761938095095 0.66145834326744091
decision_type=2 2 2 2 2 2 2 2 2 2 2 2 2 2
left_child=1 5 4 6 8 11 -2 -7 -3 10 -10 -1 -4 -6
right_child=3 2 12 -5 13 7 -8 -9 9 -11 -12 -13 -14 -15
leaf_value=-0.021332535976471882 0.0042781886921885769 0.0046094367622301052 0 0.021113206515040461 0.011667558374708793 -0.012415914614724015 0.01596962602844057 0.003679238519162898 0 -0.0030985972046199683 -0.011624152898959236 0 0.015692833852018622 -0.00069339496249414966
leaf_weight=639.4400929491967 73.702743074158207 15.840436070226131 6.9920794405043116 670.1301761160139 14.401894622482361 17.853049853350971 48.843085798202083 11.170778926461933 37.216306054964662 182.35667618364096 165.46379414526746 2.7805281914770594 35.208887130022049 11.708634617971255
leaf_count=48508 3259 399 90 4200 58 1502 4261 328 950 4922 8036 84 124 78
internal_value=0 -0.0135898 -0.00325678 0.0194997 -0.00511669 -0.0206601 0.00978075 -0.00587719 -0.00602465 -0.00661315 -0.0094232 -0.0212114 0.0130026 0.0062438
internal_weight=1933.11 1140.43 469.189 792.676 426.988 671.244 122.546 29.0238 400.877 385.037 202.68 642.221 42.201 26.1105
internal_count=76799 65079 14657 11720 14443 50422 7520 1830 14307 13908 8986 48592 214 136
is_linear=0
shrinkage=0.02


Tree=63
num_leaves=15
num_cat=0
split_feature=54 54 57 62 55 41 54 45 54 18 54 62 53 55
split_gain=1231.18 201.455 33.7439 25.3155 11.0409 8.19082 7.94687 6.83767 7.1806 9.21033 5.7829 5.00625 4.88755 4.46771
threshold=0.91137021780014049 0.032237650826573379 1.0002314448356631 0.98750001192092907 0.94868421554565441 0.94097220897674572 0.98631858825683605 92.500000000000014 0.32210768759250646 0.99738562107086193 0.0100476136431098 0.97048610448837291 1.1675761938095095 0.94590643048286449
decision_type=2 2 2 2 2 2 2 2 2 2 2 2 2 2
left_child=1 5 4 6 7 11 -2 -3 9 -9 -7 13 -4 -1
right_child=3 2 12 -5 -6 10 -8 8 -10 -11 -12 -13 -14 -15
leaf_value=-0.021297819913956163 0.0041561344896052276 0.0048081374525246112 0 0.021056406891502285 0.0061978262600896729 -0.013191711753801363 0.015767395705958573 0 -0.0030487727349262522 -0.011139053380041022 0.0011179034555419654 0 0.01539980962283841 0
leaf_weight=618.66801256942563 72.180216681910679 15.269050004892049 6.8500036858022204 645.4849195398856 25.511982604162768 14.406244636978956 46.982348701916635 34.523817935958505 178.98287142952904 153.96686285873875 14.740702535957096 2.7639539018273345 34.31273322366178 5.464560381602495
leaf_count=48674 3259 379 89 4200 135 1332 4261 895 4922 7525 548 85 124 371
internal_value=0 -0.013465 -0.00299791 0.019412 -0.00484735 -0.0204827 0.00959274 -0.00575864 -0.00635949 -0.00912801 -0.00630983 -0.0210174 0.0127606 -0.0211385
internal_weight=1870.11 1105.46 449.417 764.647 408.255 656.043 119.163 382.743 367.474 188.491 29.1469 626.897 41.1627 624.133
internal_count=76799 65079 14069 11720 13856 51010 7520 13721 13342 8420 1880 49130 213 49045
is_linear=0
shrinkage=0.02


Tree=64
num_leaves=15
num_cat=0
split_feature=54 54 57 61 61 41 54 54 1 54 61 53 48 5
split_gain=1174.98 195.649 32.6497 24.2665 10.8229 9.34803 6.50356 6.32216 6.11141 5.69137 4.69483 4.65939 4.34116 3.487
threshold=0.91137021780014049 0.028934619389474395 1.0002314448356631 0.98750001192092907 0.97048610448837291 0.94097220897674572 0.5499061942100526 0.0100476136431098 7.5000000000000009 0.98168689012527477 0.97048610448837291 1.1675761938095095 0.94553491473197948 15.505342960357668
decision_type=2 2 2 2 2 2 2 2 2 2 2 2 2 2
left_child=1 5 4 9 6 10 8 -7 -3 -2 -1 -4 -10 -11
right_child=3 2 11 -5 -6 7 -8 -9 12 13 -12 -13 -14 -15
leaf_value=-0.021221588685439993 0.0041325404230387755 0.004045034607341823 0 0.020960743383422117 0.0064723062705768185 -0.012975187935933868 -0.0015510252239940229 0.0022278636650294942 -0.010579159853357349 0.015789207925238538 0 0.015159439361002277 -0.0041554768877002483 0
leaf_weight=593.01184687879868 64.575250957626849 9.9039554479531926 6.7326479218900195 623.41615258855745 23.180373639101163 13.901799613842742 123.38379096239805 13.81534182699397 148.15306878555566 46.427790061570704 2.7751123104244462 33.512295375578105 104.32471941271797 3.3212374045979223
leaf_count=48507 2784 213 90 4195 106 1332 3369 498 6825 4633 85 124 3930 108
internal_value=0 -0.0133301 -0.00311138 0.0193254 -0.00491052 -0.0205281 -0.00577405 -0.00561195 -0.00755663 0.00946566 -0.021099 0.0125543 -0.0082242 0.0144959
internal_weight=1810.44 1072.69 449.191 737.74 408.946 623.504 385.766 27.7171 262.382 114.324 595.787 40.2449 252.478 49.749
internal_count=76799 65079 14657 11720 14443 50422 14337 1830 10968 7525 48592 214 10755 4741
is_linear=0
shrinkage=0.02


Tree=65
num_leaves=15
num_cat=0
split_feature=54 54 57 62 55 41 54 47 54 18 54 62 53 55
split_gain=1121.75 190.87 30.2376 25.1513 10.3456 8.82355 7.31805 6.3643 6.21308 8.27672 5.70534 4.77663 4.40633 3.86161
threshold=0.91137021780014049 0.032237650826573379 1.0002314448356631 0.98750001192092907 0.94868421554565441 0.94097220897674572 0.98631858825683605 93.500000000000014 0.32210768759250646 0.99738562107086193 0.0100476136431098 0.97048610448837291 1.1675761938095095 0.94590643048286449
decision_type=2 2 2 2 2 2 2 2 2 2 2 2 2 2
left_child=1 5 4 6 7 11 -2 -3 9 -9 -7 13 -4 -1
right_child=3 2 12 -5 -6 10 -8 8 -10 -11 -12 -13 -14 -15
leaf_value=-0.021196040986807514 0.0038910402793172496 0.0044581606408506877 0 0.020952686785605433 0.0061600921426845394 -0.012763663743045281 0.015371949316185532 0 -0.0029948880169387453 -0.010802258854322851 0.0016764773185909943 0 0.014891370930312326 0
leaf_weight=574.38882100023329 69.17220939300023 15.858459119219331 6.6026280643418422 599.00271492823958 24.680072490591556 13.413564561866226 43.529342456022277 33.455085701309144 171.88534675259143 145.87869984330609 14.118446616921572 2.6956277452409259 32.756656589917839 5.1015351521782568
leaf_count=48674 3259 414 89 4200 135 1332 4261 891 4910 7506 548 85 124 371
internal_value=0 -0.0131991 -0.00285811 0.0192437 -0.00464951 -0.0203469 0.00921562 -0.00555815 -0.00617244 -0.00883009 -0.0056512 -0.0209156 0.012335 -0.0210412
internal_weight=1752.54 1040.83 431.117 711.704 391.758 609.718 112.702 367.078 351.219 179.334 27.532 582.186 39.3593 579.49
internal_count=76799 65079 14069 11720 13856 51010 7520 13721 13307 8397 1880 49130 213 49045
is_linear=0
shrinkage=0.02


Tree=66
num_leaves=15
num_cat=0
split_feature=61 53 58 56 62 46 0 62 58 18 31 0 22 53
split_gain=1027.91 209.181 19.6834 18.9986 10.2963 8.48607 7.95372 6.77918 4.83745 3.86206 19.7453 3.68375 3.47371 3.34813
threshold=0.97048610448837291 -0.69684883952140797 0.92005226016044628 0.47213622927665716 0.92678570747375499 0.78445696830749523 -6.4999999999999991 0.98750001192092907 0.040562413632869727 0.9967266619205476 0.52638888359069835 -12.499999999999998 0.98747384548187267 0.77824947237968456
decision_type=2 2 2 2 2 2 2 2 2 2 2 2 2 2
left_child=1 3 6 -1 -2 13 8 9 -3 10 -5 -7 -10 -4
right_child=4 2 5 7 -6 11 -8 -9 12 -11 -12 -13 -14 -15
leaf_value=-0.02169105750296875 0 -0.014267412159229982 0 -0.017143457220567478 0.020590550811801035 -0.0022979399642707502 0.0022849837347831783 0.0031422804891758074 -0.0071348806226601107 -0.015824582241264651 0.0018223301872539893 0.0039919645335947732 -0.00027628936275234372 0.011298015454297365
leaf_weight=409.51519180648029 11.575266774743794 26.497510225512087 13.774728177580981 35.753223916515708 613.98053063941188 68.498026221292093 41.196569758001715 4.3602674044668666 76.703192611690611 178.91574178403243 37.539552489295602 63.081941566430032 61.411512301303446 54.214179196627811
leaf_count=34720 157 1755 552 3150 4308 3141 1320 17 3229 14352 1479 2437 2135 4047
internal_value=0 -0.0118721 -0.000438547 -0.0187091 0.0202411 0.00388762 -0.00476441 -0.0133859 -0.00672468 -0.0138646 -0.00774381 0.000550402 -0.00445243 0.00929186
internal_weight=1697.02 1071.46 405.378 666.084 625.556 199.569 205.809 256.569 164.612 252.209 73.2928 131.58 138.115 67.9889
internal_count=76799 72334 18616 53718 4465 10177 8439 18998 7119 18981 4629 5578 5364 4599
is_linear=0
shrinkage=0.02


Tree=67
num_leaves=15
num_cat=0
split_feature=54 54 57 62 55 41 54 45 54 18 54 62 29 31
split_gain=1025.68 181.464 28.4023 24.5265 9.67633 9.21897 6.65877 5.7546 5.71838 8.88225 5.59789 4.3873 3.29294 3.0409
threshold=0.91137021780014049 0.028934619389474395 1.0002314448356631 0.98750001192092907 0.94868421554565441 0.94097220897674572 0.98631858825683605 92.500000000000014 0.32210768759250646 0.99738562107086193 0.0100476136431098 0.97048610448837291 0.66145834326744091 0.70714285969734203
decision_type=2 2 2 2 2 2 2 2 2 2 2 2 2 2
left_child=1 5 4 6 7 11 -2 -3 9 13 -7 -1 -6 -9
right_child=3 2 -4 -5 12 10 -8 8 -10 -11 -12 -13 -14 -15
leaf_value=-0.021104191138664592 0.0037149970761550023 0.0043042172057333756 0.012123404179262951 0.020851065338477828 0.010936199083023684 -0.012332843428978273 0.015018091349643303 -0.0043804018406161287 -0.002938651320456656 -0.010694945103883864 0.0022939846271648246 0 -0.00039653652178310155 0.0056047683094316118
leaf_weight=530.7075881077908 66.308693662285805 14.455622161738573 37.609642435796559 556.75615801941603 13.164882068522276 12.525689843576403 40.586846683407202 18.387011997401714 166.27552903676406 145.36290911212564 13.006778764072804 2.6394324665889135 10.544707579072563 16.214094288647175
leaf_count=48508 3259 399 214 4200 58 1332 4261 598 4922 8036 498 84 78 352
internal_value=0 -0.0129588 -0.00289749 0.0190888 -0.0046343 -0.0203733 0.00892928 -0.00551396 -0.00608597 -0.00861454 -0.00506915 -0.0209753 0.00597761 0
internal_weight=1644.55 980.894 422.014 663.652 384.405 558.879 106.896 360.695 346.24 179.964 25.5325 533.347 23.7096 34.6011
internal_count=76799 65079 14657 11720 14443 50422 7520 14307 13908 8986 1830 48592 136 950
is_linear=0
shrinkage=0.02


Tree=68
num_leaves=15
num_cat=0
split_feature=54 54 57 62 41 59 55 58 54 58 54 40 53 62
split_gain=978.889 176.278 26.8557 24.496 9.66094 9.21762 9.5145 6.67193 6.42124 5.70906 5.66637 4.58802 4.35584 4.24816
threshold=0.91137021780014049 0.028934619389474395 1.0002314448356631 0.98750001192092907 0.94097220897674572 0.88194444775581371 0.94281044602394115 0.83728182315826427 0.98631858825683605 0.055675799027085311 0.01397989457473159 0.52786380052566539 1.0344912409782412 0.97048610448837291
decision_type=2 2 2 2 2 2 2 2 2 2 2 2 2 2
left_child=1 4 5 8 13 9 7 -7 -2 -3 -6 -11 -4 -1
right_child=3 2 12 -5 10 6 -8 -9 -10 11 -12 -13 -14 -15
leaf_value=-0.021054211435414062 0.0035764165494567663 -0.013284811565794983 0 0.02079898007598812 -0.011199314382829416 0.0044775338073719121 0.0093961592283991566 -0.007052244677306461 0.014825281117089315 0.00035868718181361619 0.0037531219289273915 -0.0060634234636518227 0.014454355210428912 0
leaf_weight=511.38506570644677 65.046927209943533 41.000047665089369 5.8943597394973031 536.40244917967357 14.693552437936889 21.594489264767617 27.245422469917685 51.159986615646631 39.087532765232027 45.423678089398891 10.113323876168577 190.14187655039132 30.98536760546267 2.6178234452381721
leaf_count=48508 3259 2490 87 4200 1502 648 203 1820 4261 1503 328 7779 127 84
internal_value=0 -0.0128257 -0.00283804 0.0189999 -0.0202999 -0.0045483 0.000370559 -0.00316127 0.00873654 -0.00639789 -0.00467586 -0.00472677 0.0118809 -0.0209235
internal_weight=1592.79 952.255 413.445 640.537 538.81 376.566 99.9999 72.7545 104.134 276.566 24.8069 235.566 36.8797 514.003
internal_count=76799 65079 14657 11720 50422 14443 2671 2468 7520 11772 1830 9282 214 48592
is_linear=0
shrinkage=0.02


Tree=69
num_leaves=15
num_cat=0
split_feature=54 54 55 62 45 54 18 54 55 28 0 19 11 60
split_gain=934.273 171.812 24.9617 24.4041 11.0958 10.8774 15.76 6.1368 4.7741 3.29506 3.12637 3.03919 3.03591 2.4728
threshold=0.91137021780014049 0.017059506848454479 0.95346319675445568 0.98750001192092907 85.500000000000014 0.19902303069829944 0.99738562107086193 0.98631858825683605 0.94590643048286449 0.99923077225685131 1.0000000180025095e-35 0.96651786565780651 20.500000000000004 0.84523808956146251
decision_type=2 2 2 2 2 2 2 2 2 2 2 2 2 2
left_child=1 8 4 7 13 6 12 -2 11 -4 -9 -1 -6 -3
right_child=3 2 9 -5 5 -7 -8 10 -10 -11 -12 -13 -14 -15
leaf_value=-0.021137073229371927 0.0034568487746094853 0 0.013042593428424119 0.02074367872344849 0.0052030938537947404 -0.0024264901224555781 -0.012368722961034969 0.015839863746283742 0 0 0 0 -0.0049690353950501065 0.011643414053978625
leaf_weight=477.42177580355201 63.792009139899164 6.6676088226959136 29.731610929593444 516.93258053110912 26.394292763900012 206.78810616023839 142.22439554263838 36.022484320797957 3.9426258886232963 9.5201576352119428 1.6682412549853314 1.6475489758886386 9.3021562267094833 11.192905127769334
leaf_count=47071 3259 295 127 4200 710 6418 9446 4254 321 51 7 90 408 142
internal_value=0 -0.0126912 -0.00350373 0.0189092 -0.0050787 -0.0058761 -0.00947956 0.00855254 -0.0208639 0.0103246 0.0146135 -0.0210419 0.00146962 0.0077086
internal_weight=1543.25 924.833 441.821 618.415 402.569 384.709 177.921 101.483 483.012 39.2518 37.6907 479.069 35.6964 17.8605
internal_count=76799 65079 17597 11720 17419 16982 10564 7520 47482 178 4261 47161 1118 437
is_linear=0
shrinkage=0.02


Tree=70
num_leaves=15
num_cat=0
split_feature=55 55 58 62 58 61 46 57 62 50 51 20 41 5
split_gain=861.87 170.034 22.7536 21.5191 8.70213 9.50778 7.58677 7.50525 3.98933 3.46532 3.38833 3.22554 3.11169 3.02573
threshold=0.97727271914482128 0.55718955397605907 0.055675799027085311 0.63348215818405162 0.92005226016044628 0.96651786565780651 0.78445696830749523 0.44657731056213384 0.89087301492691051 -0.016968992538750168 0.025864500552415851 0.99518069624900829 0.97048610448837291 0.095655083656311049
decision_type=2 2 2 2 2 2 2 2 2 2 2 2 2 2
left_child=1 -1 12 -4 5 11 13 -2 -9 -8 -11 -5 -3 -6
right_child=7 2 3 4 6 -7 9 8 -10 10 -12 -13 -14 -15
leaf_value=-0.020775383720469859 0 -0.014995393000536742 -0.015532484731927048 0 0.0086304694505382595 0.0070880417073613177 -0.0056178001428170213 0.0036171817225124163 0.02061688146886469 0.0059508296818470401 -0.00096041735634603209 -0.0060550355406958989 0 -0.0018388858000469811
leaf_weight=422.68370647658594 6.0247838264331213 63.961581476498395 35.796243666904047 42.714183937758207 64.333068286417983 22.801053463481367 31.59938162821345 13.284127614460884 520.40223366348073 34.39893645432312 70.063197120674886 158.99549218965694 2.7042507971636942 5.2045155386440447
leaf_count=40630 66 5415 3752 1516 4781 314 1776 117 4188 1589 3331 8948 115 261
internal_value=0 -0.0113932 -0.00371832 -0.0019777 -0.000550278 -0.00327945 0.00229868 0.0200529 0.0203015 -0.000311044 0.00127707 -0.00479355 -0.0141319 0.00735841
internal_weight=1494.97 955.256 532.572 465.906 430.11 224.511 205.599 539.711 533.686 136.062 104.462 201.71 66.6658 69.5376
internal_count=76799 72428 31798 26268 22516 10778 11738 4371 4305 6696 4920 10464 5530 5042
is_linear=0
shrinkage=0.02


Tree=71
num_leaves=15
num_cat=0
split_feature=54 54 57 61 18 54 50 45 55 54 5 7 24 57
split_gain=854.131 163.617 26.0942 22.7316 11.4236 12.3531 7.00199 5.59229 4.72298 3.8618 3.17929 3.12559 3.08771 3.0381
threshold=0.91137021780014049 0.017059506848454479 1.0900107622146609 0.98750001192092907 0.99728628993034374 0.32210768759250646 -0.0024294828763231631 82.500000000000014 0.94590643048286449 0.98168689012527477 15.505342960357668 0.26352834701538091 0.99916106462478649 1.1973950862884524
decision_type=2 2 2 2 2 2 2 2 2 2 2 2 2 2
left_child=1 8 4 9 6 7 -3 -6 13 -2 -11 -8 -4 -1
right_child=3 2 12 -5 5 -7 11 -9 -10 10 -12 -13 -14 -15
leaf_value=-0.021037940212091096 0.0034974783656554231 0.0079130067770592349 0.014800229903842577 0.020587498224911131 0.0029240041168892045 -0.0018863545666016593 -0.0059977103829894213 -0.010935777702943697 0 0.014598292221095878 0 0.0043000944760045482 0 0
leaf_weight=445.04089757043403 56.151211021468043 33.639054402243346 24.692720212042332 481.96683795261197 6.1269468215759835 145.57171713467687 33.9333515628241 163.63846847298555 3.79783981014043 36.203445369726978 2.9496066707652053 7.3915552515536538 8.3306255210190994 0.72760545182973047
leaf_count=47130 2784 831 108 4195 183 4441 1187 10676 321 4633 108 74 97 31
internal_value=0 -0.0124477 -0.00334538 0.0187458 -0.0049019 -0.00656296 0.00168313 -0.0101699 -0.0207704 0.00836768 0.0131124 -0.00317893 0.0119413 -0.0209571
internal_weight=1450.16 872.891 423.324 577.271 390.301 315.337 74.964 169.765 449.566 95.3043 39.1531 41.3249 33.0233 445.769
internal_count=76799 65079 17597 11720 17392 15300 2092 10859 47482 7525 4741 1261 205 47161
is_linear=0
shrinkage=0.02


Tree=72
num_leaves=15
num_cat=0
split_feature=54 54 57 62 59 55 54 54 19 55 20 57 61 50
split_gain=815.702 159.769 24.6085 23.8286 9.48436 8.15204 5.6912 5.46207 5.10157 4.7742 3.39832 3.74923 3.23983 3.15651
threshold=0.91137021780014049 0.017059506848454479 1.0900107622146609 0.98750001192092907 0.88194444775581371 0.62828946113586437 0.58923181891441356 0.98631858825683605 0.55277779698371898 0.94590643048286449 0.99511000514030468 -0.70528426766395558 0.96651786565780651 0.10617242008447648
decision_type=2 2 2 2 2 2 2 2 2 2 2 2 2 2
left_child=1 9 4 7 6 -6 10 -2 -7 12 -3 -12 -1 -10
right_child=3 2 -4 -5 5 8 -8 -9 13 -11 11 -13 -14 -15
leaf_value=-0.021084369355257478 0.003108605752043166 -0.0018930409423466613 0.011689684271331345 0.020601969402915518 -0.0088989976515264843 0.0096469647865704243 -0.0014920275470837691 0.014080503292098262 -0.0024928629359031633 0 -0.010498942084863861 0.0013481000972728177 0 0.0072759977825857039
leaf_weight=425.56224263133481 59.984753294149414 40.199999915901572 32.425876847933978 463.24278459814377 22.425889143720269 24.925833272282034 78.357364914380014 33.858011030475609 49.583065948681906 3.7529613473452619 151.58308572182432 5.1317166371736667 4.2557332604192188 10.207687704823909
leaf_count=46862 3259 1538 205 4200 1307 320 2663 4261 1741 321 9540 99 299 184
internal_value=0 -0.0123116 -0.00325752 0.01867 -0.00478932 2.41576e-06 -0.00671447 0.00806732 0.00318521 -0.020717 -0.00852293 -0.0098867 -0.0209106 0
internal_weight=1405.5 848.411 414.841 557.086 382.415 107.142 275.272 93.8428 84.7166 433.571 196.915 156.715 429.818 59.7908
internal_count=76799 65079 17597 11720 17392 3552 13840 7520 2245 47482 11177 9639 47161 1925
is_linear=0
shrinkage=0.02


Tree=73
num_leaves=15
num_cat=0
split_feature=55 55 62 59 57 62 32 19 34 62 61 51 40 49
split_gain=756.154 157 15.9481 8.7899 8.72976 4.90307 4.44151 3.01439 2.98924 2.47788 2.46065 2.30358 2.25658 1.89623
threshold=0.95346319675445568 0.55718955397605907 0.63348215818405162 0.88194444775581371 0.15935858339071277 0.89087301492691051 0.95799922943115245 0.55902779102325451 0.9896640181541444 0.98750001192092907 0.84861111640930187 0.069356180727481856 0.94281044602394115 250.50000000000003
decision_type=2 2 2 2 2 2 2 2 2 2 2 2 2 2
left_child=1 9 10 7 -2 -6 11 -4 12 -1 -3 -5 -8 -10
right_child=4 2 3 6 5 -7 8 -9 13 -11 -12 -13 -14 -15
leaf_value=-0.020713353601805731 -0.0015079974413566399 -0.01609282925877634 -0.0063125485382687588 0.010730202876601536 0.0028758672162444137 0.020448460988216625 0.00623858271088486 -0.002031866192432852 -0.0074039871110639401 0 0 0 -0.00084581661228106178 0
leaf_weight=380.25820140040014 4.0324864417780182 36.252509124344215 130.37684688321315 21.916692593134943 13.013980305055155 469.53755701193586 28.292187142535113 207.04506044869777 19.690506707876921 0.72971928864717384 4.4037991876248261 6.6615339887794098 21.100130992243066 19.081476153340191
leaf_count=40627 49 4372 8336 622 130 4204 1151 13791 998 3 352 276 1065 823
internal_value=0 -0.0110844 -0.00348809 -0.00221743 0.0198252 0.0200837 0.00225879 -0.00386767 0 -0.0206321 -0.0146422 0.00822682 0.00295086 -0.00392364
internal_weight=1362.39 875.809 494.821 454.164 486.584 482.552 116.743 337.422 88.1643 380.988 40.6563 28.5782 49.3923 38.772
internal_count=76799 72416 31786 27062 4383 4334 4935 22127 4037 40630 4724 898 2216 1821
is_linear=0
shrinkage=0.02


Tree=74
num_leaves=15
num_cat=0
split_feature=54 54 57 61 59 55 55 58 19 40 54 54 57 61
split_gain=747.695 151.646 22.6612 21.4391 8.81196 7.41414 5.14046 5.00292 4.75791 3.88536 4.04431 3.32667 3.27432 3.20886
threshold=0.91137021780014049 0.017059506848454479 1.0900107622146609 0.98750001192092907 0.88194444775581371 0.62828946113586437 0.94590643048286449 0.055675799027085311 0.55277779698371898 0.52786380052566539 0.22075273096561435 0.98168689012527477 -0.83809319138526905 0.96651786565780651
decision_type=2 2 2 2 2 2 2 2 2 2 2 2 2 2
left_child=1 6 4 11 7 -6 13 -3 -7 -9 12 -2 -11 -1
right_child=3 2 -4 -5 5 8 -8 9 -10 10 -12 -13 -14 -15
leaf_value=-0.021001101241534991 0.0032980232778855928 -0.01286812922780585 0.011426713251948901 0.020423509398270107 -0.0085525613135353905 0.009465424116822739 0 1.2161360677751032e-05 0 -0.011172479723056896 -0.0030475644732029022 0.01267918907922746 0.0011369163743175645 0
leaf_weight=396.86464287876152 52.910826781066135 43.146487426478416 31.214551120530814 432.65289162262343 21.486479588318616 24.089767292141914 3.689865270163863 41.977683824487031 57.520392102655023 61.970606991555542 113.08132658153772 35.671717224526219 3.6023500366136423 4.0033685499802223
leaf_count=46862 2784 3289 205 4195 1307 320 321 1651 1925 4720 4101 4741 79 299
internal_value=0 -0.0120767 -0.00312654 0.0185105 -0.00463576 5.42793e-05 -0.0206079 -0.00653364 0.00315549 -0.00480547 -0.00605682 0.00804153 -0.0100384 -0.0208224
internal_weight=1323.88 802.648 398.09 521.235 366.875 103.097 404.558 263.778 81.6102 220.632 178.654 88.5825 65.573 400.868
internal_count=76799 65079 17597 11720 17392 3552 47482 13840 2245 10551 8900 7525 4799 47161
is_linear=0
shrinkage=0.02


Tree=75
num_leaves=15
num_cat=0
split_feature=54 54 61 62 54 18 53 53 0 45 6 54 11 0
split_gain=714.573 151.203 21.0732 19.1683 9.14868 15.1413 6.96961 6.22147 5.16087 4.18216 3.94994 3.92441 3.39736 2.8741
threshold=0.92317524552345287 0.01397989457473159 0.97048610448837291 0.98750001192092907 0.13845568150281909 0.99640932679176342 0.96825629472732555 -0.22947936505079267 -1.0000000180025095e-35 82.500000000000014 0.3412968516349793 0.96721947193145763 20.500000000000004 -6.4999999999999991
decision_type=2 2 2 2 2 2 2 2 2 2 2 2 2 2
left_child=1 7 4 8 5 12 9 -1 11 -7 -4 -2 -3 -6
right_child=3 2 10 -5 13 6 -8 -9 -10 -11 -12 -13 -14 -15
leaf_value=-0.021030944415615625 0.0016970432706950747 0.0074438527368004704 0.012604895965207955 0.020507758790111203 -0.003271926322690803 0.00016321365709060599 0.0028415276770379773 0 -0.0040586633023630267 -0.013565605442046262 0 0.012948670038221022 -0.0040717614235480917 0.0014682790870690836
leaf_weight=375.80677718890365 28.015550245065242 20.423987547401342 28.991596950218081 414.46373771654908 164.15721978805959 4.8062658589333287 6.7681619916111222 3.4788422258570781 5.5206174254417411 108.91734790615737 10.259384431410579 46.857441855361685 7.1046284416224799 58.116602631285787
leaf_count=46036 1480 629 138 4184 6380 207 252 270 43 9326 72 5720 412 1650
internal_value=0 -0.0117855 -0.00317284 0.0186891 -0.00474201 -0.00854552 -0.0115414 -0.0207816 0.00807826 -0.0127611 0.00945934 0.00961007 0.00338008 -0.0018947
internal_weight=1283.69 788.831 409.545 494.857 370.294 148.02 120.492 379.286 80.3936 113.724 39.251 74.873 27.5286 222.274
internal_count=76799 65372 19066 11427 18856 10826 9785 46306 7243 9533 210 7200 1041 8030
is_linear=0
shrinkage=0.02


Tree=76
num_leaves=15
num_cat=0
split_feature=54 54 59 62 55 53 28 58 0 55 54 40 54 57
split_gain=682.093 146.998 21.6509 19.4477 11.5983 7.55401 5.31006 5.28072 5.15439 4.18727 3.74793 3.52966 3.3943 3.34757
threshold=0.92317524552345287 0.019932454451918605 0.88194444775581371 0.98750001192092907 0.62828946113586437 -0.34166108071804041 0.9961758852005006 0.055675799027085311 -1.0000000180025095e-35 0.94281044602394115 0.96721947193145763 0.52786380052566539 0.19902303069829944 -0.83809319138526905
decision_type=2 2 2 2 2 2 2 2 2 2 2 2 2 2
left_child=1 5 7 8 -4 -1 9 -3 10 -6 -2 -9 13 -13
right_child=3 2 4 -5 6 -7 -8 11 -10 -11 -12 12 -14 -15
leaf_value=-0.020602480541206575 0.001577646054538863 -0.012863319613991791 -0.0083540488318467956 0.020464062219735939 0.0023856633854393012 0 0.00027692338883855667 0.0002276247825476352 -0.0042021259832833238 0.014281289701585063 0.012725095473265882 -0.010975336564931697 -0.0029340736078360087 0.0016278168906001971
leaf_weight=379.75264407898067 27.370975088560954 38.079121818067506 18.392693186178803 399.70174954668619 31.481700300239027 6.3784461964387438 45.931692852173001 41.323398542590439 5.5832958482205859 33.830304247327149 45.329437685082667 52.64589809672907 116.19358532177284 3.2770025809295467
leaf_count=47798 1480 3046 1159 4184 927 566 1240 1662 43 206 5720 4271 4428 69
internal_value=0 -0.0116495 -0.00265562 0.0185985 0.0037138 -0.0202457 0.00633921 -0.00606621 0.00782384 0.00974823 0.00941177 -0.00434751 -0.00557941 -0.0096611
internal_weight=1245.27 767.286 381.155 477.985 129.636 386.131 111.244 251.519 78.2837 65.312 72.7004 213.44 172.116 55.9229
internal_count=76799 65372 17008 11427 3532 48364 2373 13476 7243 1133 7200 10430 8768 4340
is_linear=0
shrinkage=0.02


Tree=77
num_leaves=15
num_cat=0
split_feature=54 54 57 62 18 54 53 11 0 61 54 58 58 50
split_gain=651.235 143.806 21.4405 20.193 10.7423 12.9224 5.94527 5.70597 5.58172 4.4768 3.63028 3.18776 4.33151 3.08083
threshold=0.92317524552345287 0.01397989457473159 1.0900107622146609 0.98750001192092907 0.99728628993034374 0.073939416557550444 -0.22947936505079267 20.500000000000004 -1.0000000180025095e-35 0.84861111640930187 0.96721947193145763 0.055675799027085311 0.98141804337501537 0.095998223870992674
decision_type=2 2 2 2 2 2 2 2 2 2 2 2 2 2
left_child=1 6 4 8 7 -6 -1 9 10 -3 -2 -7 -13 -14
right_child=3 2 -4 -5 5 11 -8 -9 -10 -11 -12 12 13 -15
leaf_value=-0.02094009080144979 0.0014528118347436286 0 0.01128757919499261 0.020425828795919716 -0.013193639041330153 -0.010296735759498585 0 -0.0046928671376758862 -0.0048195882711190392 0.011089292709371602 0.012539043322503187 -0.00013756925718345529 -0.0084706931262845259 0.0029971835445994459
leaf_weight=349.46448351780418 26.820147685240954 25.658823435660452 30.439719370100647 385.7461429904215 74.145738255232573 19.302579218521714 3.3687002018559715 23.256280011497438 5.8132345490157595 23.195467048324645 43.837758374167606 147.08777882345021 46.309174223802984 3.4140760488808146
leaf_count=46036 1480 975 214 4184 7552 1319 270 1006 43 296 5720 5922 1734 48
internal_value=0 -0.0115287 -0.00301315 0.0184925 -0.0044868 -0.00619994 -0.0206827 0.00196812 0.00748566 0.00586683 0.00922754 -0.00332737 -0.00216647 -0.00688171
internal_weight=1207.86 745.643 392.81 462.217 362.37 290.259 352.833 72.1106 76.4711 48.8543 70.6579 216.114 196.811 49.7233
internal_count=76799 65372 19066 11427 18852 16575 46306 2277 7243 1271 7200 9023 7704 1782
is_linear=0
shrinkage=0.02


Tree=78
num_leaves=15
num_cat=0
split_feature=54 54 57 62 59 62 53 54 53 20 37 20 57 50
split_gain=622.445 140.25 20.3924 19.7031 7.59221 8.34534 5.69738 5.06234 4.06593 3.81452 3.38999 3.35133 3.26343 3.06753
threshold=0.92317524552345287 0.01397989457473159 1.0900107622146609 0.98750001192092907 0.88194444775581371 0.73975694179534923 -0.22947936505079267 0.58923181891441356 0.6513635814189912 0.99511000514030468 0.61805555224418651 0.99538105726242077 -0.70528426766395558 0.10617242008447648
decision_type=2 2 2 2 2 2 2 2 2 2 2 2 2 2
left_child=1 6 4 8 7 11 -1 9 -2 -3 -7 -6 -11 -12
right_child=3 2 -4 -5 5 10 -8 -9 -10 12 13 -13 -14 -15
leaf_value=-0.020898134313835172 -0.003742866976917733 -0.0011432628649788537 0.011090704165616083 0.020366610327060101 0.0017173494420954344 0.0089336957410363956 0 -0.0012146688997003888 0.008745728983710864 -0.010172889005033469 -0.0024602221614398677 -0.009864455470654801 0.00099969279361480294 0.0080878857378277845
leaf_weight=336.90896816994064 4.4925080050015813 37.650074281729758 29.935898274648935 372.1090932545485 5.9030818883329621 25.968884016387165 3.2796701779589048 75.010004775598645 69.675347641226836 135.08951185294427 35.096300792181864 27.584514778805897 4.8212769930250934 7.8625067807734004
leaf_count=46036 164 1623 214 4184 195 566 270 2906 7079 10235 1292 1811 111 113
internal_value=0 -0.0114037 -0.0029406 0.0184186 -0.00439832 0 -0.0206408 -0.00621913 0.00736211 -0.00804445 0.00409829 -0.00713795 -0.00955439 0
internal_weight=1171.39 725.111 384.922 446.277 354.986 102.415 340.189 252.571 74.1679 177.561 68.9277 33.4876 139.911 42.9588
internal_count=76799 65372 19066 11427 18852 3977 46306 14875 7243 11969 1971 2006 10346 1405
is_linear=0
shrinkage=0.02


Tree=79
num_leaves=15
num_cat=0
split_feature=54 54 62 57 18 54 59 53 62 54 24 19 58 58
split_gain=594.703 133.441 22.3697 18.9771 10.361 11.4919 5.91267 5.54201 4.96802 4.02329 3.12918 2.93594 2.77125 4.78014
threshold=0.91137021780014049 0.01397989457473159 0.98750001192092907 1.3376275897026064 0.99728628993034374 0.073939416557550444 0.86607143282890331 -0.22947936505079267 0.78348213434219371 0.98631858825683605 0.99916106462478649 0.96651786565780651 0.055675799027085311 0.97159385681152355
decision_type=2 2 2 2 2 2 2 2 2 2 2 2 2 2
left_child=1 7 9 4 6 -6 -3 11 -8 -2 -5 -1 -7 -14
right_child=2 3 -4 10 5 12 8 -9 -10 -11 -12 -13 13 -15
leaf_value=-0.020977655835422149 0.0023459923930087734 -0.002858006619224359 0.020248220741158188 0.014505034564143884 -0.012864149645417136 -0.0099519993637990044 -0.0001736922950903638 0 0.012614660329147266 0.012714205643686156 0 0 0 -0.0069284068213388873
leaf_weight=323.7345557839144 52.025186971877702 35.354759888723493 360.2016039226437 19.422535824123774 70.262882815906778 18.291742016095668 13.685264117550103 3.205046792747452 20.261101250303909 26.506365535780787 5.7867410830222061 1.2311133872717608 135.50282467203215 51.194485010113567
leaf_count=45953 3259 1499 4200 96 7563 1319 550 270 192 4261 77 83 5529 1948
internal_value=0 -0.0114332 0.0180818 -0.00299153 -0.00435091 -0.00608968 0.00208708 -0.0205942 0.00757812 0.00695041 0.0115644 -0.0208541 -0.00327801 -0.00213322
internal_weight=1136.67 697.933 438.733 369.762 344.553 275.252 69.3011 328.171 33.9464 78.5316 25.2093 324.966 204.989 186.697
internal_count=76799 65079 11720 18773 18600 16359 2241 46306 742 7520 173 46036 8796 7477
is_linear=0
shrinkage=0.02


Tree=80
num_leaves=15
num_cat=0
split_feature=54 54 59 62 55 53 28 54 0 54 55 51 48 19
split_gain=568.602 133.505 18.7153 18.4942 11.2276 5.4052 5.05887 4.25458 3.95919 3.31609 3.12302 3.15753 2.82164 2.61302
threshold=0.92317524552345287 0.01397989457473159 0.88194444775581371 0.98750001192092907 0.62828946113586437 -0.22947936505079267 0.9961758852005006 0.58923181891441356 -1.0000000180025095e-35 0.96721947193145763 0.94281044602394115 0.025864500552415851 0.98805376887321483 0.82738095521926891
decision_type=2 2 2 2 2 2 2 2 2 2 2 2 2 2
left_child=1 5 7 8 -4 -1 10 12 9 -2 11 -6 13 -3
right_child=3 2 4 -5 6 -7 -8 -9 -10 -11 -12 -13 -14 -15
leaf_value=-0.020818763325692064 0.0010807579814691886 -0.0095125050791916559 -0.0078022832851852636 0.020238797313180856 0.0084380605680167212 0 1.320261805841258e-05 -0.0012831430065304726 -0.0033072319181826387 0.012002017024681734 0.01359558666007781 -0.0018058887965299261 -0.0010804957916786303 0.0012720357400745966
leaf_weight=313.31200223334599 25.173487571300939 134.28875999827869 21.798847891623154 346.07688154256903 13.015925322193654 3.129165696213021 44.209850760642439 72.247741878964007 5.2413443326950064 39.820957038085908 31.392624344211072 17.328096881974488 32.954150296282023 2.811371120158582
leaf_count=46036 1480 10083 1566 4184 283 270 1393 2906 43 5720 210 736 1805 84
internal_value=0 -0.0111495 -0.00279401 0.0182657 0.0031386 -0.0205559 0.00599937 -0.00604241 0.00720175 0.00870508 0.00941175 0.00254289 -0.00776429 -0.00903212
internal_weight=1102.8 686.489 370.047 416.313 127.745 316.441 105.946 242.302 70.2358 64.9944 61.7366 30.344 170.054 137.1
internal_count=76799 65372 19066 11427 4188 46306 2622 14878 7243 7200 1229 1019 11972 10167
is_linear=0
shrinkage=0.02


Tree=81
num_leaves=15
num_cat=0
split_feature=61 55 58 62 59 61 58 29 46 22 41 62 11 5
split_gain=536.997 124.097 14.6955 9.04807 6.52801 5.89199 3.70691 3.09434 2.88556 2.77817 2.60143 2.40255 1.65641 2.30421
threshold=0.97048610448837291 0.55718955397605907 0.92005226016044628 0.92678570747375499 0.84523808956146251 0.77991071343421947 0.14564368128776553 0.57321429252624523 0.99415776133537304 0.99749687314033519 0.97048610448837291 0.98750001192092907 20.500000000000004 1.0000000180025095e-35
decision_type=2 2 2 2 2 2 2 2 2 2 2 2 2 2
left_child=1 11 4 -2 6 7 10 -4 12 -8 -3 -1 13 -7
right_child=3 2 5 -5 -6 8 9 -9 -10 -11 -12 -13 -14 -15
leaf_value=-0.020274282283161131 0 -0.013670932577628064 -0.0083505472524755472 0.019700925238054581 -0.00052506440980743722 0.010016356256086059 -0.007181348956018443 0 -0.0011581487357002413 0 0 0 0 0
leaf_weight=289.27624977310188 9.0981616550125164 54.014523342251778 16.604339756770059 362.57344100018963 70.433491326402873 42.342646454810165 74.444794142385945 69.910719215753488 14.88636299734935 36.385573947103694 2.4821783285588017 0.67728925496339698 10.751036797300911 16.962995151989162
leaf_count=40564 157 5726 1660 4308 4547 2926 5814 6132 819 2469 121 3 786 767
internal_value=0 -0.0103041 -0.00301901 0.0192157 -0.00619026 0.00128078 -0.008286 -0.00208936 0.00493732 -0.00512011 -0.012775 -0.0201711 0.00660941 0.00779488
internal_weight=1070.84 699.172 409.219 371.672 237.761 171.458 167.327 86.5151 84.943 110.83 56.4967 289.954 70.0567 59.3056
internal_count=76799 72334 31767 4465 18677 13090 14130 7792 5298 8283 5847 40567 4479 3693
is_linear=0
shrinkage=0.02


Tree=82
num_leaves=15
num_cat=0
split_feature=54 54 55 57 18 54 59 53 62 24 7 54 62 57
split_gain=522.194 127.175 17.8524 17.2188 9.86199 10.4594 5.24204 5.14662 4.51518 2.99948 2.95599 3.20131 2.85197 2.60898
threshold=0.92317524552345287 0.01397989457473159 0.97727271914482128 1.3376275897026064 0.99728628993034374 0.073939416557550444 0.86607143282890331 -0.22947936505079267 0.78348213434219371 0.99916106462478649 1.4794405698776247 0.96869817376136791 0.85357144474983226 1.1973950862884524
decision_type=2 2 2 2 2 2 2 2 2 2 2 2 2 2
left_child=1 7 10 4 6 -6 -3 13 -8 -5 11 -2 -4 -1
right_child=2 3 12 9 5 -7 8 -9 -10 -11 -12 -13 -14 -15
leaf_value=-0.020835828297248199 0.00085337670245223894 -0.0023670872111416865 0 0.014281685271492733 -0.0124620316217759 -0.0030379574399181744 0 0 0.012377114778541958 0 -0.0028838585288955042 0.011568581987539871 0.020304070152954126 0
leaf_weight=292.37643324036617 25.848846467444673 33.944171933922917 4.1279018935747436 18.799722387455407 65.030043820152059 199.01243817084469 13.352147984551264 2.9888731164392075 19.696676685474813 5.5144216446205965 3.6763233337551346 34.680655352422036 321.39906749338843 0.57048574346117575
leaf_count=46004 1565 1534 86 101 7563 9042 553 270 196 77 115 5560 4101 32
internal_value=0 -0.0109234 0.0181248 -0.00265303 -0.00398773 -0.00573157 0.00237188 -0.0204644 0.0075513 0.0113901 0.00673301 0.00799974 0.0200925 -0.0207323
internal_weight=1041.02 651.285 389.733 355.35 331.035 264.042 66.993 295.936 33.0488 24.3141 64.2058 60.5295 325.527 292.947
internal_count=76799 65372 11427 19066 18888 16605 2283 46306 749 178 7240 7125 4187 46036
is_linear=0
shrinkage=0.02


Tree=83
num_leaves=15
num_cat=0
split_feature=54 54 62 59 55 53 22 54 11 0 54 57 40 50
split_gain=499.042 123.717 17.713 16.6133 10.1103 5.04002 4.36126 3.60459 3.57433 3.43456 2.93825 2.88035 2.72209 2.88332
threshold=0.92317524552345287 0.01397989457473159 0.98750001192092907 0.88194444775581371 0.62828946113586437 -0.22947936505079267 0.99749687314033519 0.67521402239799511 20.500000000000004 -1.0000000180025095e-35 0.96721947193145763 1.1973950862884524 0.52786380052566539 -0.0037354753585532303
decision_type=2 2 2 2 2 2 2 2 2 2 2 2 2 2
left_child=1 5 9 7 -5 11 8 12 -6 10 -2 -1 13 -3
right_child=2 3 -4 4 6 -7 -8 -9 -10 -11 -12 -13 -14 -15
leaf_value=-0.020788687913116478 0.00084285313528230062 0.0045837636719558419 0.020093317612318477 -0.0074908068396070853 0.0096606616402126009 0 0 -0.00066440952089391646 -0.0017144898810079975 -0.0029137941434465311 0.011526174406306426 0 -0.008380352132521085 -0.0054304517554386198
leaf_weight=282.18520121602342 23.642072670394555 12.32364794588648 311.64979860093445 20.567262861179188 66.623473079642281 2.9273678939789525 28.811493931571022 56.556650417856872 5.7396650076843789 5.0816456004977217 36.384776039747521 0.62655084766447444 139.48528863722458 18.74270758847706
leaf_count=46004 1480 538 4184 1566 1358 270 958 2425 306 43 5720 32 10712 1203
internal_value=0 -0.010791 0.0180411 -0.00259088 0.00309985 -0.0203985 0.00587552 -0.00577103 0.00830876 0.0068048 0.0082935 -0.0206703 -0.00720251 -0.000557434
internal_weight=1011.35 634.589 376.758 348.85 121.742 285.739 101.175 227.108 72.3631 65.1085 60.0268 282.812 170.552 31.0664
internal_count=76799 65372 11427 19066 4188 46306 2622 14878 1664 7243 7200 46036 12453 1741
is_linear=0
shrinkage=0.02


Tree=84
num_leaves=15
num_cat=0
split_feature=55 55 53 61 57 62 57 58 46 62 47 41 67 43
split_gain=473.633 115.354 14.0087 9.16848 7.54788 4.23727 3.83058 3.01829 3.70127 2.29897 2.12125 2.46255 2.03533 3.34888
threshold=0.95346319675445568 0.55718955397605907 0.13320740312337878 0.84861111640930187 0.15935858339071277 0.89087301492691051 -2.6121758222579952 0.92005226016044628 0.78445696830749523 0.98750001192092907 379.50000000000006 0.96651786565780651 1.0000000180025095e-35 0.72048610448837291
decision_type=2 2 2 2 2 2 2 2 2 2 2 2 2 2
left_child=1 9 3 10 -2 -6 -5 -4 -9 -1 11 -3 13 -8
right_child=4 2 7 6 5 -7 12 8 -10 -11 -12 -13 -14 -15
leaf_value=-0.020104841645931834 -0.0013094603995601412 -0.011552986579403362 -0.0018387308174662687 -0.0077486285522370335 0.0021097883207295406 0.019852610433264216 -0.0053037203210833149 0.0073618210200740901 0 0 0 0 0.0090874599044197535 0.0047591419773604076
leaf_weight=262.96416166669223 3.5548605928197494 98.113532067276537 94.036914265947416 13.162405847804619 11.151344482670536 320.33543260046281 17.607521493453532 37.617153264582157 79.371912598609924 0.6559423953294744 9.9564187275245768 5.2038626018911591 6.75346551882103 21.581506212241948
leaf_count=40627 49 12213 4783 1497 130 4204 1343 4292 5178 3 910 420 176 974
internal_value=0 -0.00997353 -0.00277073 -0.00689536 0.0190706 0.0194003 0 0.000574129 0.00274988 -0.0199957 -0.0100699 -0.0108741 0.00246487 0
internal_weight=982.066 647.025 383.405 172.379 335.042 331.487 59.1049 211.026 116.989 263.62 113.274 103.317 45.9425 39.189
internal_count=76799 72416 31786 17533 4383 4334 3990 14253 9470 40630 13543 12633 2493 2317
is_linear=0
shrinkage=0.02


Tree=85
num_leaves=15
num_cat=0
split_feature=54 54 55 57 18 54 53 59 55 24 15 54 57 10
split_gain=458.107 118.093 17.1032 15.508 8.96631 9.14576 4.9031 4.58948 3.69392 2.84715 2.60075 2.59061 2.47146 2.15078
threshold=0.92317524552345287 0.01397989457473159 0.97727271914482128 1.3376275897026064 0.99728628993034374 0.073939416557550444 -0.22947936505079267 0.86607143282890331 0.62828946113586437 0.99916106462478649 1.0000000180025095e-35 0.98631858825683605 1.1973950862884524 -2.4999999999999996
decision_type=2 2 2 2 2 2 2 2 2 2 2 2 2 2
left_child=1 6 10 4 7 -6 12 -3 -9 -5 11 -2 -1 -7
right_child=2 3 -4 9 5 13 -8 8 -10 -11 -12 -13 -14 -15
leaf_value=-0.020712483153214525 0.0024607846873489023 -0.0021072861598731155 0.019935628616989887 0.013975437702636227 -0.012030054603008345 0.0028141280866904885 0 -0.0012841273530772492 0.010642082560741386 0 -0.0028198623025347848 0.0128695244224449 0 -0.0035750569725393022
leaf_weight=263.8973880490521 36.920633860514499 32.075981713132933 293.31197504536249 17.899461706168953 60.247431986499578 13.293833564035593 2.8091229002457103 7.4490102853160378 24.149476495338604 5.2385083562694481 3.0983527572825542 19.5295313881943 0.55007830495014687 174.29714541137218
leaf_count=46004 2959 1534 4187 101 7563 261 270 370 379 77 103 4178 32 8781
internal_value=0 -0.0105729 0.0178901 -0.00244227 -0.00376572 -0.00549379 -0.0203223 0.00241384 0.00733036 0.0111165 0.0063266 0.00755714 -0.0206033 -0.00288317
internal_weight=954.768 601.907 352.86 334.651 311.513 247.838 267.257 63.6745 31.5985 23.138 59.5485 56.4502 264.447 187.591
internal_count=76799 65372 11427 19066 18888 16605 46306 2283 749 178 7240 7137 46036 9042
is_linear=0
shrinkage=0.02


Tree=86
num_leaves=15
num_cat=0
split_feature=54 54 62 57 18 54 53 59 62 0 28 54 19 57
split_gain=437.873 115.193 17.109 14.8418 8.58947 8.70245 4.81764 4.41498 4.1802 2.95185 2.77839 2.5461 2.45493 2.4115
threshold=0.92317524552345287 0.01397989457473159 0.98750001192092907 1.3376275897026064 0.99728628993034374 0.073939416557550444 -0.22947936505079267 0.86607143282890331 0.78348213434219371 -1.0000000180025095e-35 0.99923077225685131 0.96721947193145763 0.96651786565780651 1.1973950862884524
decision_type=2 2 2 2 2 2 2 2 2 2 2 2 2 2
left_child=1 6 9 4 7 -6 12 -3 -9 11 -5 -2 13 -1
right_child=2 3 -4 10 5 -7 -8 8 -10 -11 -12 -13 -14 -15
leaf_value=-0.020796743122852686 0.00060660637604726124 -0.0020595560789135321 0.019944055569680669 0.013813187436632755 -0.011853829747714808 -0.0028213795103666432 0 0 0.01200137322533972 -0.0025768322189397685 0 0.010958528755122947 0 0
leaf_weight=253.85914232104551 22.193647328065708 31.568811748875305 280.88291705597658 17.588942741975192 58.728173641022295 184.20836950861849 2.7523674294352523 12.660463564796375 18.512026693904772 4.8640472814440718 5.1770638125017276 33.270256867981516 1.0212011148687441 0.53156142332591017
leaf_count=45921 1480 1534 4184 101 7563 9042 270 553 196 43 77 5720 83 32
internal_value=0 -0.0104446 0.0178053 -0.00237031 -0.00368289 -0.00539578 -0.02027 0.00239519 0.00724286 0.00636348 0.0109673 0.00782871 -0.0205555 -0.0206866
internal_weight=927.819 586.608 341.211 328.444 305.678 242.937 258.164 62.7413 31.1725 60.328 22.766 55.4639 255.412 254.391
internal_count=76799 65372 11427 19066 18888 16605 46306 2283 749 7243 178 7200 46036 45953
is_linear=0
shrinkage=0.02


Tree=87
num_leaves=15
num_cat=0
split_feature=54 54 62 57 59 61 53 54 52 27 5 57 0 41
split_gain=418.738 112.353 16.7513 14.2161 5.84127 5.12483 4.74558 4.5241 2.85956 3.53098 3.00116 4.16135 2.74912 2.47409
threshold=0.92317524552345287 0.01397989457473159 0.98750001192092907 1.4648166298866274 0.84523808956146251 0.81339284777641307 -0.22947936505079267 0.58923181891441356 0.0088498205877840536 0.80902779102325451 0.28565697371959692 -1.6176033020019529 -1.0000000180025095e-35 0.97048610448837291
decision_type=2 2 2 2 2 2 2 2 2 2 2 2 2 2
left_child=1 6 12 4 7 13 -1 -3 10 -10 11 -7 -2 -6
right_child=2 3 -4 -5 5 8 -8 -9 9 -11 -12 -13 -14 -15
leaf_value=-0.020518222114249647 0.0076825250349449471 -0.0079907471118784573 0.019879268486907773 0.011367902707556773 -0.010029094977338475 -0.000566669565823676 0 -0.00027683186161775951 -0.0044260114541649432 0.004446986542100676 -0.0010098161889991947 0.011708551189747222 -0.0023518228764548895 0.00046089432614367315
leaf_weight=246.5464355078293 53.999116972903721 119.12838888540864 271.2849628519034 20.27950162650086 20.045831013703722 9.4251717755105329 2.6942910158541045 51.700533010996878 39.671396128134802 20.43282864545472 12.651602750411255 24.056997136445716 4.7974350173026314 5.0090160104446104
leaf_count=46036 7200 10139 4184 155 1596 672 270 2476 2151 868 379 440 43 190
internal_value=0 -0.0103224 0.0177197 -0.00230662 -0.00355819 -0.000114285 -0.0202278 -0.00592766 0.00167705 -0.000813283 0.00516583 0.00801155 0.00624473 -0.00735334
internal_weight=901.724 571.642 330.082 322.401 302.122 131.293 249.241 170.829 106.238 60.1042 46.1338 33.4822 58.7966 25.0548
internal_count=76799 65372 11427 19066 18911 6296 46306 12615 4510 3019 1491 1112 7243 1786
is_linear=0
shrinkage=0.02


Tree=88
num_leaves=15
num_cat=0
split_feature=61 53 62 11 58 56 55 62 41 57 47 66 56 6
split_gain=399.361 106.667 8.59306 8.38119 7.54913 7.47259 6.93661 4.64964 3.70305 2.97028 2.9264 2.26889 2.1075 1.77923
threshold=0.97048610448837291 -1.5236492753028867 0.92678570747375499 6.5000000000000009 0.20384636521339419 0.47213622927665716 0.82085561752319347 0.92678570747375499 0.94097220897674572 -1.6176033020019529 332.50000000000006 1.0000000180025095e-35 0.8441295623779298 -5.6912610530853263
decision_type=2 2 2 2 2 2 2 2 2 2 2 2 2 2
left_child=1 5 -2 6 9 -1 -3 8 -7 -5 -8 -6 -13 -4
right_child=2 3 13 4 11 7 10 -9 -10 -11 -12 12 -14 -15
leaf_value=-0.020943802747371842 0 -0.0033191298053719944 0 -0.011900792844846422 0.0064490439299037918 -0.013845384500215727 0.0093903162658013385 0.00047943000812873042 0 0 -0.00025251220783837226 0 -0.0045233393399599182 0.019370611638906438
leaf_weight=190.7774956903886 8.5941147273406369 25.789308639592491 2.700813185889273 37.217307274695486 7.0773506676778188 78.096878524054773 50.064574850373901 7.0013451082631937 10.095315806567667 5.6119481641799203 8.1883863995899429 103.71330410271185 57.010159888246562 284.89547149999999
leaf_count=34561 157 2202 29 3825 90 13215 2391 284 1038 238 402 10252 3836 4279
internal_value=0 -0.00961868 0.0186429 -0.000989966 -0.00317894 -0.0181714 0.00398921 -0.0112678 -0.0124822 -0.0100913 0.00769343 -0.000909551 -0.00166808 0.0192189
internal_weight=876.834 580.643 296.19 294.672 210.63 285.971 84.0423 95.1935 88.1922 42.8293 58.253 167.801 160.723 287.596
internal_count=76799 72334 4465 23236 18241 49098 4995 14537 14253 4063 2793 14178 14088 4308
is_linear=0
shrinkage=0.02


Tree=89
num_leaves=15
num_cat=0
split_feature=54 54 62 57 18 54 53 11 61 0 54 57 58 58
split_gain=385.409 106.276 16.0879 13.3623 7.72222 7.61244 4.63515 4.22269 3.27419 2.56758 2.32736 2.30601 2.29103 3.48454
threshold=0.92317524552345287 0.01397989457473159 0.98750001192092907 1.4648166298866274 0.99728628993034374 0.073939416557550444 -0.22947936505079267 20.500000000000004 0.84861111640930187 -1.0000000180025095e-35 0.96721947193145763 1.1973950862884524 0.97159385681152355 0.055675799027085311
decision_type=2 2 2 2 2 2 2 2 2 2 2 2 2 2
left_child=1 6 9 4 7 -6 11 8 -3 10 -2 -1 13 -7
right_child=2 3 -4 -5 5 12 -8 -9 -10 -11 -12 -13 -14 -15
leaf_value=-0.020543136453990633 0.00036409171516201759 0 0.019769596823276954 0.011195417541831081 -0.01139572381416418 -0.008421881691654998 0 -0.0038124707151120703 0.01052131611511418 -0.0022001582691643117 0.010576157915561204 0 -0.0063367688967451491 0.00018430385820065404
leaf_weight=230.12393931811675 20.844197965692729 21.250515651190653 253.79639943456277 19.574399846605957 54.832670776639134 14.219329177867619 2.5930268762167534 18.461046603508294 20.207882667658851 4.7197470162063828 30.709272760257591 0.50263802614062925 45.32559542846866 116.29384687682614
leaf_count=46004 1480 975 4184 155 7569 1319 270 1006 303 43 5720 32 2083 5656
internal_value=0 -0.0101184 0.017564 -0.00222137 -0.00346803 -0.00514234 -0.0201252 0.00239292 0.00592678 0.00605583 0.00749669 -0.0204266 -0.0026666 -0.000916153
internal_weight=853.455 543.385 310.07 310.165 290.591 230.671 233.22 59.9194 41.4584 56.2732 51.5535 230.627 175.839 130.513
internal_count=76799 65372 11427 19066 18911 16627 46306 2284 1278 7243 7200 46036 9058 6975
is_linear=0
shrinkage=0.02


Tree=90
num_leaves=15
num_cat=0
split_feature=54 54 55 57 18 54 53 11 61 24 57 15 54 58
split_gain=368.897 103.367 16.3425 12.8934 7.50773 7.09307 4.56168 4.22715 3.29541 2.27428 2.25116 2.21291 2.30145 2.19447
threshold=0.92317524552345287 0.01397989457473159 0.97727271914482128 1.4648166298866274 0.99728628993034374 0.073939416557550444 -0.22947936505079267 20.500000000000004 0.84861111640930187 0.99916106462478649 1.1973950862884524 1.0000000180025095e-35 0.98631858825683605 0.97159385681152355
decision_type=2 2 2 2 2 2 2 2 2 2 2 2 2 2
left_child=1 6 11 4 7 -6 10 8 -3 -5 -1 12 -2 -7
right_child=2 3 -4 9 5 13 -8 -9 -10 -11 -12 -13 -14 -15
leaf_value=-0.020489815613484744 0.0018114556721119863 0 0.019688717761815348 0.01382426343074596 -0.011204485800436665 -0.00092052399274357216 0 -0.0038673522779989343 0.010537545465138845 0 0 -0.0027050662349744517 0.012055837860884624 -0.0062881889324214483
leaf_weight=222.30517740361392 33.092578947078437 20.954297101590782 247.31940777832642 14.625452723819764 53.493801477830857 128.34936399618164 2.5410755551420143 18.114670825889334 20.120481591206044 4.6347575581166884 0.48944198898970981 2.8846600496908641 16.697453675209545 44.458073279820383
leaf_count=46004 2959 975 4187 88 7569 6975 270 1006 303 67 32 103 4178 2083
internal_value=0 -0.00999616 0.0174883 -0.00217114 -0.00341134 -0.00508344 -0.0200656 0.00238992 0.00593481 0.0110787 -0.020372 0.00555646 0.00683779 -0.00265935
internal_weight=830.081 530.087 299.994 304.751 285.491 226.301 225.336 59.1894 41.0748 19.2602 222.795 52.6747 49.79 172.807
internal_count=76799 65372 11427 19066 18911 16627 46306 2284 1278 155 46036 7240 7137 9058
is_linear=0
shrinkage=0.02


Tree=91
num_leaves=15
num_cat=0
split_feature=54 54 55 57 18 54 45 55 59 55 50 58 24 57
split_gain=352.736 100.836 15.7911 12.6056 6.9273 6.74031 4.62414 4.47362 4.07274 3.61413 2.89126 2.41007 2.2501 2.23227
threshold=0.92317524552345287 0.012768768705427648 0.97727271914482128 1.4648166298866274 0.99728628993034374 0.11653564870357515 82.500000000000014 0.94590643048286449 0.86607143282890331 0.62828946113586437 0.071381300687789931 0.97159385681152355 0.99916106462478649 1.1973950862884524
decision_type=2 2 2 2 2 2 2 2 2 2 2 2 2 2
left_child=1 7 -2 4 8 6 -6 13 -3 -10 -8 -7 -5 -1
right_child=2 3 -4 12 5 11 10 -9 9 -11 -12 -13 -14 -15
leaf_value=-0.020563526412207381 0.0054927828974191588 -0.0023215669500852945 0.019606755288696411 0.013720849558574714 0.0025585391281588892 -0.00018352795387797401 -0.013004857512109729 0 -0.0015168567773912842 0.01027257094061685 -9.022998309830565e-05 -0.0058979081074781959 0 0
leaf_weight=211.92541201214772 51.410051329585258 28.930222687544301 239.06463038944639 14.393843329511585 4.6987566326279184 108.6834893161431 56.792410600464791 2.3003306693863115 7.4799485048279193 22.834573297761381 13.245212773093952 41.270795543678105 4.5950418272986999 0.46719457465223868
leaf_count=45407 7240 1562 4187 88 231 5605 7982 282 413 395 1391 1918 69 29
internal_value=0 -0.00986503 0.0173977 -0.00219806 -0.00342459 -0.00503876 -0.00980599 -0.0201365 0.00212997 0.00682077 -0.011182 -0.00214029 0.0109701 -0.0204423
internal_weight=808.092 517.617 290.475 302.924 283.935 224.691 74.7364 214.693 59.2447 30.3145 70.0376 149.954 18.9889 212.393
internal_count=76799 65372 11427 19654 19497 17127 9604 45718 2370 808 9373 7523 157 45436
is_linear=0
shrinkage=0.02


Tree=92
num_leaves=15
num_cat=0
split_feature=54 54 62 59 62 53 26 54 48 55 18 0 57 19
split_gain=337.301 98.2698 15.7323 12.4587 9.0113 4.58768 3.80743 2.71687 2.68262 2.66603 3.30698 2.27629 2.18415 2.17445
threshold=0.92317524552345287 0.012768768705427648 0.98750001192092907 0.88194444775581371 0.73975694179534923 -0.22947936505079267 0.99918434023857128 0.58923181891441356 0.98723948001861583 0.82085561752319347 0.99506169557571422 -1.0000000180025095e-35 1.1973950862884524 0.96651786565780651
decision_type=2 2 2 2 2 2 2 2 2 2 2 2 2 2
left_child=1 5 11 7 9 12 -6 8 -3 10 -5 -2 13 -1
right_child=2 3 -4 4 6 -7 -8 -9 -10 -11 -12 -13 -14 -15
leaf_value=-0.020664607888144532 0.0070175305969790089 -0.0081621040042779373 0.019611666673744612 0.0017200115845785061 0.0090984153381352649 0 0 -0.00077448123405296639 -8.7934060941593852e-06 0.00055648044095986805 -0.012111796314772444 -0.002096886208671535 0 0
leaf_weight=203.97618771402631 47.738127551565412 105.07509726320859 229.0353813021211 2.8398151656147119 55.677192994975485 2.3148156329989424 23.295162329566665 56.616419496014714 27.625858572078869 10.844254260766318 15.634762244066225 4.5478840824216595 0.4595115827396502 0.8373687940184017
leaf_count=45371 7200 10412 4184 56 1356 243 837 2906 1922 626 1539 43 30 74
internal_value=0 -0.00974032 0.0173035 -0.00213477 0.00298439 -0.0200789 0.00652963 -0.00521779 -0.00676497 -0.00515691 -0.0089196 0.00556475 -0.0204011 -0.0205239
internal_weight=786.518 505.196 281.321 297.609 108.291 207.588 78.9724 189.317 132.701 29.3188 18.4746 52.286 205.273 204.814
internal_count=76799 65372 11427 19654 4414 45718 2193 15240 12334 2221 1595 7243 45475 45445
is_linear=0
shrinkage=0.02


Tree=93
num_leaves=15
num_cat=0
split_feature=61 54 54 62 57 55 59 61 54 56 57 6 31 56
split_gain=325.218 103.382 9.96404 7.16924 5.75133 4.63755 2.45849 3.47825 3.1847 2.62277 2.16244 2.00098 1.9948 1.77805
threshold=0.97048610448837291 0.01397989457473159 0.91137021780014049 0.92678570747375499 1.4648166298866274 0.94590643048286449 0.84523808956146251 0.81339284777641307 0.58923181891441356 0.71008405089378368 1.1973950862884524 -5.6912610530853263 0.71651786565780651 0.52786380052566539
decision_type=2 2 2 2 2 2 2 2 2 2 2 2 2 2
left_child=1 5 4 -2 6 10 8 13 9 -3 -1 -5 -4 -8
right_child=3 2 12 11 -6 -7 7 -9 -10 -11 -12 -13 -14 -15
leaf_value=-0.020479259468657866 0 -0.0024614637918950631 0.0072001470888623867 0 0.0079609808269011737 0 0 0.00074383163937886498 -0.00031986251791031313 -0.010396093750822066 0 0.018998963777190261 0 -0.009498765993365391
leaf_weight=199.78712252283003 8.7874009039951471 45.539087330223992 43.107467823720071 2.4531457682605824 8.7296490729786438 2.1632001383695743 5.7871586510445949 74.167701720027253 42.731278587598354 59.787951887352392 0.45049987966194649 242.92845304613002 12.50011739192996 17.371958334813826
leaf_count=45913 157 4086 6257 29 94 292 303 4281 2276 6053 30 4279 1266 1483
internal_value=0 -0.00915829 -0.00167375 0.0182039 -0.00343064 -0.0200294 -0.00416433 -0.00116413 -0.00580146 -0.00759975 -0.0203547 0.0188223 0.00536159 -0.0070236
internal_weight=766.292 512.123 309.722 254.169 254.115 202.401 245.385 97.3268 148.058 105.327 200.238 245.382 55.6076 23.1591
internal_count=76799 72334 26099 4465 18576 46235 18482 6067 12415 10139 45943 4308 7523 1786
is_linear=0
shrinkage=0.02


Tree=94
num_leaves=15
num_cat=0
split_feature=61 54 54 62 57 55 32 54 57 57 6 31 19 31
split_gain=311.525 100.293 9.27198 7.11807 5.69499 4.57658 3.41459 4.23863 2.79165 2.14435 2.02544 1.93622 1.82102 1.57785
threshold=0.97048610448837291 0.01397989457473159 0.91137021780014049 0.92678570747375499 1.4648166298866274 0.94590643048286449 0.94522520899772655 0.073939416557550444 -1.6523805260658262 1.1973950862884524 -5.6912610530853263 0.71651786565780651 0.96651786565780651 0.68303570151329052
decision_type=2 2 2 2 2 2 2 2 2 2 2 2 2 2
left_child=1 5 4 -2 6 9 8 13 -3 12 -5 -4 -1 -8
right_child=3 2 11 10 -6 -7 7 -9 -10 -11 -12 -13 -14 -15
leaf_value=-0.020556721221802847 0 -0.0029046039062949427 0.0070384969939025314 0 0.0080008580314176233 0 -0.011588774194234002 -0.0028079480164602418 0.007649013596772951 0 0.018909453446509916 0 0 -0.00061988856734923299
leaf_weight=192.41679829254281 8.6724659632891399 11.110257052583622 42.236685978306923 2.4435417624190441 8.6609051560517383 2.1303469457197926 40.472335917875171 164.03692396986298 11.458232831675558 0.44568809471093018 235.46094193961471 12.122920757043174 0.78026116534601797 13.648243732284753
leaf_count=45833 157 815 6257 29 94 292 6394 9424 353 30 4279 1266 80 1496
internal_value=0 -0.00905939 -0.00164031 0.0180961 -0.00335167 -0.0199683 -0.00409575 -0.00489972 0.0019813 -0.0203 0.0187268 0.0052087 -0.0204278 -0.00970125
internal_weight=746.097 499.52 303.747 246.577 249.387 195.773 240.726 218.158 22.5685 193.643 237.904 54.3596 193.197 54.1206
internal_count=76799 72334 26099 4465 18576 46235 18482 17314 1168 45943 4308 7523 45913 7890
is_linear=0
shrinkage=0.02


Tree=95
num_leaves=15
num_cat=0
split_feature=61 54 54 62 57 55 41 54 8 57 6 31 32 45
split_gain=298.318 97.4751 8.67827 7.14041 5.66491 4.50067 3.74398 5.36653 2.1422 2.11839 2.04807 1.87053 1.7791 1.60392
threshold=0.97048610448837291 0.01397989457473159 0.91137021780014049 0.92678570747375499 1.0002314448356631 0.94590643048286449 0.97048610448837291 0.073939416557550444 0.29166667163372045 1.1973950862884524 -5.6912610530853263 0.71651786565780651 0.94159331917762767 178.50000000000003
decision_type=2 2 2 2 2 2 2 2 2 2 2 2 2 2
left_child=1 5 4 -2 6 9 7 12 -9 -1 -5 -4 -3 -10
right_child=3 2 11 10 -6 -7 -8 8 13 -11 -12 -13 -14 -15
leaf_value=-0.020386163915138873 0 0 0.0068975446211923313 0 0.0071180635555077292 0 0.0039267704463813212 -0.0041272525585270576 0.0046986068716378991 0 0.018818552851410826 0 -0.011204567224226596 -0.0015612564874111598
leaf_weight=186.76163477089722 8.5921504576690477 6.2503858953714362 41.386623766797129 2.4352343061473212 11.3510742445942 2.0944715423975131 12.566109931794925 109.09310625540093 16.872824845137075 0.4388275695964684 228.29962857207283 11.790126859908922 48.5309696191689 40.409409599145874
leaf_count=45913 157 464 6257 29 151 292 588 7044 714 30 4279 1266 7662 1953
internal_value=0 -0.00895676 -0.00160406 0.0179823 -0.00327454 -0.0199184 -0.0040962 -0.00479004 -0.00254358 -0.0202557 0.0186297 0.00508145 -0.0100659 0.000126797
internal_weight=726.873 487.546 298.251 239.327 245.074 189.295 233.723 221.157 166.375 187.2 230.735 53.1768 54.7814 57.2822
internal_count=76799 72334 26099 4465 18576 46235 18425 17837 9711 45943 4308 7523 8126 2667
is_linear=0
shrinkage=0.02


Tree=96
num_leaves=15
num_cat=0
split_feature=61 54 54 62 57 53 41 54 8 57 54 31 46 32
split_gain=286.246 94.5066 8.21534 7.35636 5.64766 4.28831 3.62964 5.05906 2.23528 2.07851 1.80755 1.80715 1.69182 1.65675
threshold=0.97048610448837291 0.01397989457473159 0.91137021780014049 0.92678570747375499 1.4648166298866274 -0.22947936505079267 0.97048610448837291 0.073939416557550444 0.29166667163372045 1.1973950862884524 0.944402575492859 0.71651786565780651 0.99700149893760692 0.94159331917762767
decision_type=2 2 2 2 2 2 2 2 2 2 2 2 2 2
left_child=1 5 4 -2 6 9 7 13 -9 -1 -5 -4 -10 -3
right_child=3 2 11 10 -6 -7 -8 8 12 -11 -12 -13 -14 -15
leaf_value=-0.020335455781318929 0 0 0.0067798777794803172 0.0078389829001414921 0.0081159701679336359 0 0.0039015704887674575 -0.004160779564227079 0.0018734316272334484 0 0.019609659960008338 0 -0.0062813809379169399 -0.010983592412037699
leaf_weight=180.518747635826 8.5438147209351865 6.1829176752362391 40.544569372548722 28.01204743492417 8.5346101154573244 2.2228331135120234 12.529250713065265 107.06247076392174 54.482470831600949 0.43823441257700224 196.0043086996302 11.501259819138793 4.7329850953537962 47.474111295654438
leaf_count=45933 157 464 6257 275 94 270 589 7046 2551 32 4033 1266 145 7687
internal_value=0 -0.00886192 -0.00158524 0.0178757 -0.00322387 -0.0198583 -0.00399055 -0.00467883 -0.00249948 -0.0202026 0.0185498 0.00497702 0.000173432 -0.00987
internal_weight=708.785 476.224 293.045 232.56 240.999 183.18 232.464 219.935 166.278 180.957 224.016 52.0458 59.2155 53.657
internal_count=76799 72334 26099 4465 18576 46235 18482 17893 9742 45965 4308 7523 2696 8151
is_linear=0
shrinkage=0.02


Tree=97
num_leaves=15
num_cat=0
split_feature=54 54 57 62 18 54 59 53 62 6 7 24 0 24
split_gain=273.452 89.1584 12.0771 10.2188 6.92947 4.84668 4.6991 4.34942 3.92601 3.05294 2.71488 2.71436 2.46651 2.40581
threshold=0.944402575492859 0.012768768705427648 1.3376275897026064 0.98750001192092907 0.99728628993034374 0.073939416557550444 0.86607143282890331 -0.22947936505079267 0.78348213434219371 0.50650224089622509 -0.73704251646995533 0.99916106462478649 -1.0000000180025095e-35 0.30012723803520208
decision_type=2 2 2 2 2 2 2 2 2 2 2 2 2 2
left_child=1 7 4 12 6 13 -3 -1 -8 10 -7 -4 -2 -6
right_child=3 2 11 -5 5 9 8 -9 -10 -11 -12 -13 -14 -15
leaf_value=-0.020160919988246873 0.0074561708574896624 -0.0024661527744874994 0.013462738970635164 0.01944748957487312 0.0002994747571234131 -0.0030842315955114251 0 0 0.012096249689742331 -0.011959945856315244 0.0025188384610451433 0 -0.0026158329800586833 -0.011311197369630774
leaf_weight=173.69618589535821 35.28552577906521 26.931556878844276 16.420034914743159 191.64438264851924 2.204422360751777 115.72881280886941 11.718714955495672 2.0909253607969722 18.048409397946671 7.0568378826137623 36.568515727296472 4.4694812984671435 3.7324372716248027 44.851211963454261
leaf_count=45475 6660 1614 127 4141 74 7888 607 243 210 92 1558 81 40 7989
internal_value=0 -0.00889135 -0.00171818 0.0174632 -0.00306103 -0.00478255 0.00257203 -0.0198064 0.00754791 -0.00262633 -0.00149897 0.0106428 0.00558942 -0.0102439
internal_weight=690.447 459.785 283.998 230.662 263.108 206.41 56.6987 175.787 29.7671 159.354 152.297 20.8895 39.018 47.0556
internal_count=76799 65958 20240 10841 20032 17601 2431 45718 817 9538 9446 208 6700 8063
is_linear=0
shrinkage=0.02


Tree=98
num_leaves=15
num_cat=0
split_feature=54 54 57 61 18 54 53 59 55 24 6 59 28 50
split_gain=262.19 86.6646 11.7243 9.96732 6.34358 4.52348 4.28222 4.21093 2.93202 2.68225 2.41605 2.36986 2.36297 2.44082
threshold=0.944402575492859 0.012768768705427648 1.3376275897026064 0.98750001192092907 0.99728628993034374 0.073939416557550444 -0.22947936505079267 0.86607143282890331 0.62828946113586437 0.99916106462478649 0.50650224089622509 0.84523808956146251 0.27880430221557623 0.047149864956736572
decision_type=2 2 2 2 2 2 2 2 2 2 2 2 2 2
left_child=1 6 4 -2 7 12 -1 -3 -9 -4 11 -7 -6 -14
right_child=3 2 9 -5 5 10 -8 8 -10 -11 -12 -13 13 -15
leaf_value=-0.020104634215891003 0.0054299361056481914 -0.0023487320873219705 0.013377353028228971 0.019373899625894513 0.00037941393538815213 -0.0035110715051276144 0 -0.00046376327597089979 0.010251650587692325 0 -0.011091861622207291 0.0011986946478182055 -0.013858625151735247 -0.00060383049940519642
leaf_weight=168.15959476644639 37.663290435972158 26.434975151671097 16.199035389348868 185.69925473805051 2.1275384586770079 91.438509723637253 2.0502434824593356 7.2154399685096022 21.861624014796689 4.4261771542951456 6.6618972106371066 58.303094266331755 30.644845961476676 13.135515949921681
leaf_count=45475 6704 1614 127 4137 69 6716 243 413 404 81 92 2730 6064 1930
internal_value=0 -0.00879135 -0.00167069 0.0173893 -0.00301532 -0.00467859 -0.0197447 0.00241165 0.00718702 0.0105567 -0.00256348 -0.00151425 -0.010025 -0.011104
internal_weight=672.021 448.658 278.449 223.363 257.823 202.311 170.21 55.512 29.0771 20.6252 156.404 149.742 45.9079 43.7804
internal_count=76799 65958 20240 10841 20032 17601 45718 2431 817 208 9538 9446 8063 7994
is_linear=0
shrinkage=0.02


Tree=99
num_leaves=15
num_cat=0
split_feature=54 54 57 62 59 61 53 58 5 57 54 41 24 48
split_gain=251.282 84.2535 11.5113 9.9733 4.62483 4.23652 4.2084 3.90768 3.5706 5.07978 3.34528 2.43231 2.32655 2.11758
threshold=0.944402575492859 0.012768768705427648 1.4648166298866274 0.86805555224418651 0.84523808956146251 0.81339284777641307 -0.22947936505079267 0.90247958898544323 1.0000000180025095e-35 -1.6176033020019529 0.58923181891441356 0.97048610448837291 0.99916106462478649 0.98805376887321483
decision_type=2 2 2 2 2 2 2 2 2 2 2 2 2 2
left_child=1 6 4 -2 10 11 -1 -5 9 -7 13 -6 -4 -3
right_child=3 2 12 7 5 8 -8 -9 -10 -11 -12 -13 -14 -15
leaf_value=-0.020046235704350032 0.0039548590920413778 -0.0088036776198410407 0.013772952699701413 0 -0.0095927153880549128 -0.0010549154330531999 0 0.01935500119464453 -0.0031994379569733485 0.008653559908432501 -4.6541234995231797e-05 0.00093639025118242094 0 0
leaf_weight=162.85191504005343 29.707238388073165 74.052429960924201 14.249185902066531 2.1614984155166885 17.549453003448438 28.684280525310896 2.0104066559579215 184.87088903505355 25.675054528051987 39.528361196629703 44.948004426551051 4.6570062178652725 4.1995676609221837 19.898915134486742
leaf_count=45475 5811 8886 111 62 1776 2638 243 4968 979 1142 2870 208 71 1559
internal_value=0 -0.00868813 -0.00162735 0.0172918 -0.00292857 0 -0.0196814 0.0190365 0.00198687 0.00445393 -0.0052991 -0.00666224 0.0110373 -0.00733737
internal_weight=655.044 438.305 273.442 216.74 254.994 116.094 164.862 187.032 93.8877 68.2126 138.899 22.2065 18.4488 93.9513
internal_count=76799 65958 20240 10841 20058 6743 45718 5030 4759 3780 13315 1984 182 10445
is_linear=0
shrinkage=0.02


Tree=100
num_leaves=15
num_cat=0
split_feature=54 54 57 62 18 53 54 58 59 45 62 53 6 24
split_gain=241.068 81.9211 11.3565 9.66073 5.86558 4.17064 4.17052 3.8401 3.72363 3.54316 3.1132 2.80865 2.48629 2.33656
threshold=0.944402575492859 0.012768768705427648 1.4648166298866274 0.86805555224418651 0.99728628993034374 -0.22947936505079267 0.11653564870357515 0.90247958898544323 0.86607143282890331 82.500000000000014 0.78348213434219371 0.45305377244949346 0.50650224089622509 0.99916106462478649
decision_type=2 2 2 2 2 2 2 2 2 2 2 2 2 2
left_child=1 5 4 -2 8 -1 9 -5 -3 -6 -10 -11 -8 -4
right_child=3 2 13 7 6 -7 12 -9 10 11 -12 -13 -14 -15
leaf_value=-0.019988605065567645 0.0038568778802492484 -0.0021429232704805908 0.013782478484792271 0 0.0021210671703280992 0 -0.00089484124493687184 0.019287496551739655 0 -0.01150888782916841 0.011048456063978347 0 -0.010522434439842496 0
leaf_weight=157.74851305712946 28.843915617384482 25.502621599822305 14.110398755874487 2.1291826886590561 4.0393637452507383 1.9778700629249204 128.7456435051281 179.05918147641933 11.465084133087659 51.259220247738995 16.993437736760825 5.891967767616733 6.4547700753901145 4.1635678505990645
leaf_count=45475 5811 1614 111 62 231 243 7935 4968 607 8777 214 596 84 71
internal_value=0 -0.008584 -0.00158371 0.0172189 -0.00289608 -0.0196163 -0.00452326 0.0189641 0.00237328 -0.00875402 0.00689055 -0.0101379 -0.00206081 0.011031
internal_weight=638.385 428.352 268.626 210.032 250.352 159.726 196.391 181.188 53.9611 61.1906 28.4585 57.1512 135.2 18.274
internal_count=76799 65958 20240 10841 20058 45718 17623 5030 2435 9604 821 9373 8019 182
is_linear=0
shrinkage=0.02


Tree=101
num_leaves=15
num_cat=0
split_feature=54 54 61 59 61 24 9 53 0 41 58 19 39 53
split_gain=231.058 79.7743 9.77569 9.73616 7.63451 5.33954 4.49343 4.10001 2.53738 2.23306 1.93298 1.66521 1.63176 1.48807
threshold=0.944402575492859 0.012768768705427648 0.98750001192092907 0.88194444775581371 0.82182541489601146 0.98347866535186779 1.0000000180025095e-35 -0.22947936505079267 -6.4999999999999991 0.97048610448837291 0.20384636521339419 0.96651786565780651 0.70714285969734203 -0.34166108071804041
decision_type=2 2 2 2 2 2 2 2 2 2 2 2 2 2
left_child=1 7 -2 8 9 -6 12 11 10 -5 -3 -1 -7 -10
right_child=2 3 -4 4 5 6 -8 -9 13 -11 -12 -13 -14 -15
leaf_value=-0.020075504231856438 0.0049679808429150636 -0.0095966773309908576 0.019208477309133117 -0.0089145242738779603 0.011619864672583743 0 -0.0051273999557553259 0 -0.00371144499644251 0.0011573461245722922 -0.0032283851900356303 0 0.0084690149333401642 0.0039962567531878499
leaf_weight=152.140323353844 35.147527947614435 38.657056416501291 168.43979587190552 15.994977476249916 31.616914953454398 11.595267613185571 18.937232157331891 1.9396533949766297 8.8149471249198559 4.5236463451292357 99.572142706834711 0.66241380688734253 18.098923398181796 16.700189801049419
leaf_count=45401 6704 4689 4137 1623 808 636 650 243 1076 203 8940 74 608 1007
internal_value=0 -0.00846754 0.0171393 -0.00153554 0.00305547 0.00597068 0.000758711 -0.0195521 -0.00454596 -0.00587429 -0.00559262 -0.0199296 0.00559213 0.000185013
internal_weight=622.841 419.254 203.587 264.511 100.767 80.2483 48.6314 154.742 163.744 20.5186 138.229 152.803 29.6942 25.5151
internal_count=76799 65958 10841 20240 4528 2702 1894 45718 15712 1826 13629 45475 1244 2083
is_linear=0
shrinkage=0.02


Tree=102
num_leaves=15
num_cat=0
split_feature=62 53 58 29 53 61 59 56 37 64 58 46 61 36
split_gain=217.516 71.9371 9.5756 8.91406 7.2748 4.79933 3.30621 2.96929 2.74546 2.68409 2.46347 2.9488 2.14741 2.11478
threshold=0.97361111640930187 -1.9848622083663938 0.92005226016044628 0.52638888359069835 2.6989655494689946 0.84861111640930187 0.84523808956146251 0.97727271914482128 0.57321429252624523 1.0000000180025095e-35 0.5950707495212556 0.98825255036354076 0.81651785969734203 0.70972830057144176
decision_type=2 2 2 2 2 2 2 2 2 2 2 2 2 2
left_child=1 3 -2 -1 6 13 10 8 12 -4 11 -3 -8 -5
right_child=2 4 9 5 -6 -7 7 -9 -10 -11 -12 -13 -14 -15
leaf_value=-0.02029401506741943 0 -0.0094827626665977601 0.019147573106339286 0 0.0075483350713409893 0.0035143000826960563 0 -0.0090939571160896498 -0.00013152629974893268 0 -0.0009845470649597109 0 0.009461279030112138 -0.011099189744868168
leaf_weight=131.62778743595118 12.320701672695575 42.731200361857191 169.55812896497082 3.0577900982461861 27.868980779196136 6.850442375522106 6.2113088754122172 3.6947614324744782 60.727196801803075 5.3619934919406651 71.38054972991813 15.478304400457999 18.48614533332875 32.458308554661926
leaf_count=36736 142 5772 3192 365 3733 504 606 27 4973 1049 8365 1288 801 9246
internal_value=0 -0.0079728 0.0175501 -0.0175575 -0.000793242 -0.00677561 -0.00219021 0.00048038 0.00187646 0.0187062 -0.00417692 -0.00710566 0.00669894 -0.0097178
internal_weight=607.814 420.573 187.241 173.994 246.578 42.3665 218.709 89.1194 85.4247 174.92 129.59 58.2095 24.6975 35.5161
internal_count=76799 72416 4383 46851 25565 10115 21832 6407 6380 4241 15425 7060 1407 9611
is_linear=0
shrinkage=0.02


Tree=103
num_leaves=15
num_cat=0
split_feature=54 54 57 61 0 61 53 41 0 11 5 24 43 57
split_gain=213.39 75.6425 10.2178 9.35718 4.48487 5.12379 4.00191 2.67541 2.61197 5.61648 2.48391 2.29853 2.19104 2.02232
threshold=0.944402575492859 0.012768768705427648 1.4648166298866274 0.98750001192092907 -6.4999999999999991 0.77817460894584667 -0.22947936505079267 0.97048610448837291 -19.499999999999996 20.500000000000004 1.0000000180025095e-35 0.99916106462478649 0.73750001192092907 1.1973950862884524
decision_type=2 2 2 2 2 2 2 2 2 2 2 2 2 2
left_child=1 6 4 -2 8 7 13 -6 9 12 -7 -4 -3 -1
right_child=3 2 11 -5 5 10 -8 -9 -10 -11 -12 -13 -14 -15
leaf_value=-0.019998133184788328 0.0047801450637211659 0 0.013453333106689227 0.019076073641037996 -0.0091325329163585382 0.0065693371389079578 0 0.0017842951313564856 -0.0076963587962552192 -0.0057156907183241899 -0.00053942131387206646 0 0.0083817113709501699 0
leaf_weight=143.22701772226719 33.669804358331021 21.362546327174641 13.478562195319684 158.41734363889555 17.805531345657077 40.26391503366176 1.8797607356682409 4.8654547771438947 66.562099399743602 54.35932871082332 19.867861615493894 4.0682730306871226 13.221793608157894 0.4035483569605266
leaf_count=45445 6704 1593 111 4137 1930 2212 243 221 7010 5584 885 71 623 30
internal_value=0 -0.0082767 -0.0014618 0.0169771 -0.0027549 0.000675187 -0.0194458 -0.00591035 -0.00471635 -0.00177473 0.00396235 0.0106555 0.00361764 -0.0198364
internal_weight=593.453 401.366 255.855 192.087 238.309 82.8028 145.51 22.671 155.506 88.9437 60.1318 17.5468 34.5843 143.631
internal_count=76799 65958 20240 10841 20058 5248 45718 2151 14810 7800 3097 182 2216 45475
is_linear=0
shrinkage=0.02


Tree=104
num_leaves=15
num_cat=0
split_feature=54 54 57 61 18 53 54 59 55 28 28 50 57 50
split_gain=204.659 73.6083 9.58639 9.0053 5.53473 3.96796 3.64359 3.34287 2.24423 2.23364 2.03416 2.00977 2.00081 1.72899
threshold=0.944402575492859 0.012768768705427648 1.4648166298866274 0.98750001192092907 0.99728628993034374 -0.22947936505079267 0.073939416557550444 0.86607143282890331 0.62828946113586437 0.99923077225685131 0.27880430221557623 0.047149864956736572 1.1973950862884524 0.10617242008447648
decision_type=2 2 2 2 2 2 2 2 2 2 2 2 2 2
left_child=1 5 4 -2 7 12 10 -3 -9 -4 -6 -12 -1 -8
right_child=3 2 9 -5 6 -7 13 8 -10 -11 11 -13 -14 -15
leaf_value=-0.019943327076666892 0.0047415453096247796 -0.0018881724921272617 0.013189103996576664 0.018982908797450081 0.00010217576553131457 0 -0.0031324496787021763 0 0.0095280543718660217 0 -0.013142511759617533 -0.00022331283622228329 0 0.0027684930492809993
leaf_weight=138.92333581263665 33.040441616554745 23.732627838035114 13.1683957783971 153.51167464489117 1.970012247096746 1.8547847933368746 129.83396568219177 7.0797846456989673 20.49624454730656 4.040759496157988 26.893446155940183 11.644294732483102 0.39770079765003075 12.301060366211457
leaf_count=45445 6704 1614 111 4137 69 243 9007 413 408 71 6068 1932 30 547
internal_value=0 -0.00818065 -0.00141467 0.0168783 -0.00268442 -0.0193798 -0.00434439 0.00252224 0.00679942 0.0103929 -0.00944461 -0.0105321 -0.0197784 -0.00231462
internal_weight=578.889 392.336 251.161 186.552 233.951 141.176 182.643 51.3087 27.576 17.2092 40.5078 38.5377 139.321 142.135
internal_count=76799 65958 20240 10841 20058 45718 17623 2435 821 182 8069 8000 45475 9554
is_linear=0
shrinkage=0.02


Tree=105
num_leaves=15
num_cat=0
split_feature=55 55 62 57 58 16 41 62 0 50 62 56 41 19
split_gain=195.324 64.8263 5.59294 5.61182 4.76443 4.99746 4.27495 4.11795 2.66975 2.38669 1.93426 1.86533 1.7144 1.59245
threshold=0.95346319675445568 0.55718955397605907 0.91145834326744091 0.4011844545602799 0.055675799027085311 1.0000000180025095e-35 0.88194444775581371 0.63348215818405162 -6.4999999999999991 -0.027440963312983509 0.98750001192092907 0.82843136787414562 0.97048610448837291 0.059027777984738357
decision_type=2 2 2 2 2 2 2 2 2 2 2 2 2 2
left_child=1 6 -2 -4 12 7 10 -6 11 -10 -1 -9 -3 -8
right_child=2 4 3 -5 5 -7 13 8 9 -11 -12 -13 -14 -15
leaf_value=-0.019725724360642297 0 -0.010137719349511432 -0.0011711644738333872 0.018387430464443751 -0.01027061205873013 0.010641742720563842 0.0028170365619819148 0 -0.0043855166839503511 0.0044624161925018333 0 -0.0044860168061383902 0 -0.0064516485938824822
leaf_weight=128.136956643546 10.758874485909471 23.577403221745048 2.2739198361523441 163.89701510965824 11.473296717798801 8.1093866557348502 3.5449191788211456 84.781223341880832 5.8665092099690801 57.210361773148179 0.53499207086861034 55.170589706336614 1.5210607813205559 8.1545277962577511
leaf_count=38275 159 5414 42 4182 3719 112 362 11857 879 4745 3 4945 115 1990
internal_value=0 -0.00792587 0.0170248 0.01791 -0.00150003 -0.000310326 -0.0184519 -0.00118303 -0.00020146 0.00285554 -0.0195414 -0.0018538 -0.00874865 -0.00203569
internal_weight=565.011 388.081 176.93 166.171 247.71 222.611 140.371 214.502 203.029 63.0769 128.672 139.952 25.0985 11.6994
internal_count=76799 72416 4383 4224 31786 26257 40630 26145 22426 5624 38278 16802 5529 2352
is_linear=0
shrinkage=0.02


Tree=106
num_leaves=15
num_cat=0
split_feature=54 54 62 57 18 53 53 59 62 0 0 59 24 57
split_gain=189.085 69.7962 9.58206 8.84441 4.85628 3.85586 3.44135 2.98596 2.63311 2.63087 2.35289 2.26168 2.14653 1.92077
threshold=0.944402575492859 0.012768768705427648 0.86805555224418651 1.4648166298866274 0.99728628993034374 -0.22947936505079267 -0.49503451585769648 0.73214286565780651 0.77991071343421947 -6.4999999999999991 -5.4999999999999991 0.96428570151329052 0.99916106462478649 1.1973950862884524
decision_type=2 2 2 2 2 2 2 2 2 2 2 2 2 2
left_child=1 5 -2 4 7 13 -6 -3 -9 -8 -11 -4 -5 -1
right_child=2 3 11 12 6 -7 9 8 -10 10 -12 -13 -14 -15
leaf_value=-0.019852432964123021 0.0028790950624391172 -0.0025080741439022281 0.00060778342426943434 0.01291240605290303 -0.0082748010258600953 0 -0.0037400576218882919 0 0.0097823908901777563 0.0064305390325283497 -0.0017763164183185228 0.019164758002419208 0 0
leaf_weight=130.77722792059649 25.518587913538795 18.600436103180982 6.5738995009451164 12.674001578474419 53.719499589467887 1.7897199987201009 86.150470440508798 13.144614427816125 18.007092991378158 17.921842081588693 18.242274786345661 144.31669228250394 3.9247041608905411 0.37738451571203668
leaf_count=45445 5811 1347 925 111 8248 243 7585 775 313 882 908 4105 71 30
internal_value=0 -0.00800834 0.0166939 -0.00134118 -0.00259262 -0.0192745 -0.00418177 0.00232381 0.00592605 -0.00180154 0.00197902 0.0186091 0.01013 -0.0196845
internal_weight=551.738 375.329 176.409 242.385 225.786 132.944 176.034 49.7521 31.1517 122.315 36.1641 150.891 16.5987 131.155
internal_count=76799 65958 10841 20240 20058 45718 17623 2435 1088 9375 1790 5030 182 45475
is_linear=0
shrinkage=0.02


Tree=107
num_leaves=15
num_cat=0
split_feature=55 55 57 62 59 41 61 41 1 62 56 43 17 50
split_gain=180.502 61.6635 5.15384 5.01451 4.8071 3.68024 2.84067 2.91718 2.6391 1.8764 1.76719 1.72068 1.68188 1.45062
threshold=0.95346319675445568 0.55718955397605907 0.4011844545602799 0.89087301492691051 0.84523808956146251 0.88194444775581371 0.81339284777641307 0.96651786565780651 1.5000000000000002 0.98750001192092907 0.95119047164917003 0.72048610448837291 6.5000000000000009 0.050072040408849723
decision_type=2 2 2 2 2 2 2 2 2 2 2 2 2 2
left_child=1 5 -2 -4 12 9 7 -6 -8 -1 11 -10 13 -3
right_child=2 4 3 -5 6 -7 8 -9 10 -11 -12 -13 -14 -15
leaf_value=-0.019576407973947555 -0.00015136468853873465 -0.002066818812836387 0 0.018200968879175806 -0.0091795623306481933 -0.0020880875510799818 0.010632897570159042 0.0031875336960263951 0 0 -0.005869850022643253 0.0051950847556098221 -0.0047133042015396406 0.0063222505941960818
leaf_weight=121.07805164967431 3.3535207069944581 11.787450586096385 9.2705460361321439 154.53452766418923 10.779422163497655 11.120704638364257 10.07772836263757 3.9865328937885343 39.536900346574839 0.52269000001251598 3.9196156686521126 34.54549816204235 118.44269276672276 5.6338656545267431
leaf_count=38275 61 2070 127 4195 2676 2352 393 260 4346 3 105 2888 18643 405
internal_value=0 -0.0077544 0.0168496 0.0173652 -0.00139812 -0.0183291 0.00160838 -0.00451105 0.00320637 -0.0193866 0.00109733 0.00231088 -0.00385125 0.000452236
internal_weight=538.59 371.431 167.159 163.805 238.71 132.721 102.846 14.766 88.0797 121.601 78.002 74.0824 135.864 17.4213
internal_count=76799 72416 4383 4322 31786 40630 10668 2936 7732 38278 7339 7234 21118 2475
is_linear=0
shrinkage=0.02


Tree=108
num_leaves=15
num_cat=0
split_feature=54 54 62 57 18 53 58 53 11 0 59 62 39 40
split_gain=175.157 66.4445 8.822 8.12446 4.33276 3.74984 3.41176 3.32203 3.23498 3.61862 2.78787 2.58827 2.14668 1.96904
threshold=0.944402575492859 0.012768768705427648 0.86805555224418651 1.4648166298866274 0.99728628993034374 -0.22947936505079267 0.90247958898544323 -0.69684883952140797 6.5000000000000009 -5.4999999999999991 0.73214286565780651 0.77991071343421947 0.73750001192092907 0.44722221791744238
decision_type=2 2 2 2 2 2 2 2 2 2 2 2 2 2
left_child=1 5 -2 4 10 -1 -4 13 9 -9 -3 -12 -10 -6
right_child=2 3 6 -5 7 -7 -8 8 12 -11 11 -13 -14 -15
leaf_value=-0.01958309098161368 0.0028904003975323694 -0.0025014573571912895 0 0.0098592113139997235 0 0 0.018829619492396615 0.0072722448931667244 -0.0060891239942492889 -0.0029372419105795499 0 0.0096220314014498539 0 -0.0099342399742537585
leaf_weight=123.85436938190833 24.57041739707347 17.947282555280253 1.8158606330398459 16.030720302485861 5.7988017775351173 1.7327436768682662 140.24647200718755 21.076894036261365 56.41637293912936 16.783652657759376 12.90469395730179 17.428871993673965 31.477611784124747 38.933946498553269
leaf_count=45475 5811 1347 62 182 593 243 4968 979 5631 987 775 313 2657 6776
internal_value=0 -0.00782335 0.0165533 -0.00125553 -0.0024833 -0.0191618 0.0184684 -0.00401281 -0.00182315 0.00232551 0.00219917 0.00573148 -0.00396605 -0.00850895
internal_weight=527.019 360.386 166.633 234.799 218.768 125.587 142.062 170.487 125.755 37.8605 48.2808 30.3336 87.894 44.7327
internal_count=76799 65958 10841 20240 20058 45718 5030 17623 10254 1966 2435 1088 8288 7369
is_linear=0
shrinkage=0.02


Tree=109
num_leaves=15
num_cat=0
split_feature=54 54 62 59 61 56 53 58 17 18 11 24 7 56
split_gain=168.233 64.7118 8.45327 7.09295 6.43713 4.53255 3.68959 3.35917 2.65001 1.89973 1.8252 1.75926 1.69902 1.526
threshold=0.944402575492859 0.012768768705427648 0.86805555224418651 0.88194444775581371 0.82182541489601146 0.97727271914482128 -0.22947936505079267 0.90247958898544323 6.5000000000000009 0.99582460522651683 20.500000000000004 0.99585920572280895 -4.6534199714660636 0.64852941036224376
decision_type=2 2 2 2 2 2 2 2 2 2 2 2 2 2
left_child=1 6 -2 8 9 10 -1 -4 -3 -5 12 -7 -6 -10
right_child=2 3 7 4 5 11 -8 -9 13 -11 -12 -13 -14 -15
leaf_value=-0.019523612212945476 0.00285789446722576 0.00098200441006683105 0 0.00051110001076168788 0 0.0017233405133009431 0 0.018752756439434932 0 -0.0086492587385413079 0 -0.0074845570102048285 0.010222394067190541 -0.0063936046944762384
leaf_weight=120.27100564813009 23.963581317977514 23.096439346554689 1.790612908778711 5.1369833645876524 2.8588743853615588 8.4240669019054604 1.7042023898102332 135.94231101759942 27.04074957408011 13.477473632025065 4.837835648097097 6.2282704529352477 47.964488864643499 91.336808248306625
leaf_count=45475 5811 2083 62 214 381 108 243 4968 3526 1612 445 70 1698 10103
internal_value=0 -0.0077342 0.0164763 -0.00120668 0.00289578 0.00580361 -0.0190969 0.0183856 -0.00400241 -0.00550126 0.00831654 -0.00195946 0.00935829 -0.00521472
internal_weight=514.074 352.377 161.697 230.402 88.928 70.3135 121.975 137.733 141.474 18.6145 55.6612 14.6523 50.8234 118.378
internal_count=76799 65958 10841 20240 4528 2702 45718 5030 15712 1826 2524 178 2079 13629
is_linear=0
shrinkage=0.02


Tree=110
num_leaves=15
num_cat=0
split_feature=54 54 61 57 18 53 54 50 28 35 43 57 28 50
split_gain=161.805 62.841 7.86263 7.59095 3.95244 3.64826 3.16492 2.6985 2.11201 2.06471 2.13412 1.86491 1.79726 1.83153
threshold=0.944402575492859 0.012768768705427648 0.98750001192092907 1.4648166298866274 0.99728628993034374 -0.22947936505079267 0.073939416557550444 -0.0024294828763231631 0.99923077225685131 0.81696429848670971 0.80277779698371898 1.1973950862884524 0.27880430221557623 0.047149864956736572
decision_type=2 2 2 2 2 2 2 2 2 2 2 2 2 2
left_child=1 5 -2 4 7 11 12 -3 -5 10 -9 -1 -6 -14
right_child=2 3 -4 8 6 -7 -8 9 -10 -11 -12 -13 13 -15
leaf_value=-0.01963952720137517 0.0042266848179390712 0.006951501239290018 0.018599850971180731 0.012484227816779983 0 0 -0.0018961918761757623 -0.0079318145162153592 0 0.0042614868563122868 0.0017568986138008686 0 -0.012568709320328469 0
leaf_weight=116.39295979455346 29.165056431724224 19.318662243545987 127.83157606539316 11.913051102776079 1.8053851113654662 1.6795865484746162 128.00089776469395 15.761168459081096 3.7778377203503615 7.1431428230134761 4.7186982771381727 0.36140452267136325 23.586238568183035 10.411066346918231
leaf_count=45445 6704 944 4137 111 69 243 9554 1021 71 272 198 30 6068 1932
internal_value=0 -0.00764687 0.0164071 -0.00117653 -0.00240228 -0.0190225 -0.00390133 0.00209998 0.00962685 -0.001146 -0.00472887 -0.0194565 -0.00888669 -0.00999932
internal_weight=501.867 344.87 156.997 226.436 210.745 118.434 163.804 46.9417 15.6909 27.623 20.4799 116.754 35.8027 33.9973
internal_count=76799 65958 10841 20240 20058 45718 17623 2435 182 1491 1219 45475 8069 8000
is_linear=0
shrinkage=0.02


Tree=111
num_leaves=15
num_cat=0
split_feature=54 54 62 57 18 53 53 59 11 0 62 28 40 39
split_gain=155.248 61.1126 8.18359 7.27556 3.77831 3.58565 3.11676 2.55727 2.54673 3.36016 2.51484 2.09681 1.92631 1.88804
threshold=0.944402575492859 0.012768768705427648 0.98750001192092907 1.4648166298866274 0.99728628993034374 -0.22947936505079267 -0.69684883952140797 0.73214286565780651 6.5000000000000009 -5.4999999999999991 0.77991071343421947 0.99923077225685131 0.44722221791744238 0.58854165673255932
decision_type=2 2 2 2 2 2 2 2 2 2 2 2 2 2
left_child=1 5 -2 4 7 -1 12 -3 9 -8 -9 -5 -6 -10
right_child=2 3 -4 11 6 -7 8 10 13 -11 -12 -13 -14 -15
leaf_value=-0.019389931649527462 0.0040101136372798904 -0.0024842176651259217 0.018579269875679084 0.012351246161525288 0 0 0.0069769266108752562 0 -0.007024192785953366 -0.003031307958570918 0.0094161730732327375 0 -0.0097272136815121021 -0.00035558289336920084
leaf_weight=113.32223066501319 28.963374362094328 17.129068728070706 123.76060361845884 11.729582271305842 5.5697739251190788 1.6508090138668183 19.992811707314104 12.519408285268584 31.948697144864127 16.053808812284842 16.747303652577102 3.7603122824802986 36.933328994200565 50.504090573405847
leaf_count=45475 6700 1347 4141 111 593 243 979 775 3597 987 313 71 6776 4691
internal_value=0 -0.00754986 0.016301 -0.00114056 -0.00235667 -0.0189505 -0.00383936 0.00205551 -0.00163815 0.0020546 0.00550635 0.0094738 -0.00827089 -0.00362236
internal_weight=490.585 337.861 152.724 222.888 207.398 114.973 161.003 46.3958 118.499 36.0466 29.2667 15.4899 42.5031 82.4528
internal_count=76799 65958 10841 20240 20058 45718 17623 2435 10254 1966 1088 182 7369 8288
is_linear=0
shrinkage=0.02


Tree=112
num_leaves=15
num_cat=0
split_feature=54 54 62 57 18 53 58 53 23 11 0 28 57 59
split_gain=149.179 59.4938 7.8687 7.03176 3.54047 3.52925 3.25107 3.04225 2.55238 2.18191 2.92668 2.10021 1.83316 1.62522
threshold=0.944402575492859 0.012768768705427648 0.86805555224418651 1.4648166298866274 0.99728628993034374 -0.22947936505079267 0.90247958898544323 -0.44160972535610193 0.68303570151329052 6.5000000000000009 -5.4999999999999991 0.99923077225685131 1.1973950862884524 0.73214286565780651
decision_type=2 2 2 2 2 2 2 2 2 2 2 2 2 2
left_child=1 5 -2 4 8 12 -4 -6 -3 10 -9 -5 -1 -10
right_child=2 3 6 11 7 -7 -8 9 13 -11 -12 -13 -14 -15
leaf_value=-0.019518561697536577 0.002610060809615311 -0.0017269917328105633 0 0.012272431703496175 -0.0076567507489707825 0 0.018541097163371052 0.0068168383063570617 0 -0.0033027074073121816 -0.0027646700186752765 0 0 0.0087988208863125864
leaf_weight=109.72977779549547 22.502636354474816 22.74737039336469 1.7027089409530152 11.57411941536702 50.207787518156692 1.6234366353601206 124.23733721009921 18.708336298819631 7.0880482250358936 74.743878349778242 14.285238815238698 3.7438786729471749 0.3531146536115547 16.060769555508159
leaf_count=45445 5811 1383 62 111 8484 243 4968 884 559 7401 854 71 30 493
internal_value=0 -0.00745997 0.0162148 -0.0011008 -0.00231438 -0.0188828 0.0181545 -0.00376852 0.00195914 -0.00133847 0.00216042 0.00936512 -0.0193278 0.00613638
internal_weight=479.308 330.866 148.443 219.159 203.841 111.706 125.94 157.945 45.8962 107.737 32.9936 15.318 110.083 23.1488
internal_count=76799 65958 10841 20240 20058 45718 5030 17623 2435 9139 1738 182 45475 1052
is_linear=0
shrinkage=0.02


Tree=113
num_leaves=15
num_cat=0
split_feature=54 54 61 57 61 0 55 0 0 5 24 41 54 18
split_gain=143.344 58.0379 7.5553 6.77746 3.51244 3.64447 2.96861 2.91466 5.01551 2.52593 2.1033 1.85554 2.64624 1.82494
threshold=0.944402575492859 0.012768768705427648 0.98750001192092907 1.4648166298866274 0.81339284777641307 -6.4999999999999991 0.94590643048286449 -19.499999999999996 -20.499999999999996 1.0000000180025095e-35 0.99916106462478649 0.97048610448837291 0.22075273096561435 0.99542331695556652
decision_type=2 2 2 2 2 2 2 2 2 2 2 2 2 2
left_child=1 6 -2 4 11 7 -1 8 -6 -7 -5 12 13 -3
right_child=2 3 -4 10 5 9 -8 -9 -10 -11 -12 -13 -14 -15
leaf_value=-0.019227218571215631 0.0038706288346067796 0 0.018397904739343881 0.012188649354219844 -0.0060091194922163452 0.0068895870974668965 0 -0.0078342197148472612 0.0063633721302743 -0.00080464853627038881 0 0.0016341495917121785 -0.0012067119058833153 -0.010894791069627947
leaf_weight=106.90981254936196 27.430817985674366 8.0342899989336711 116.74925990891643 11.420052239904178 17.78101403004257 32.302232385380194 1.6383251551305864 21.561071489355527 20.446382601861842 17.019023788860068 3.7310497136786571 5.5321981024462721 43.956042713485658 34.217445092916023
leaf_count=45436 6704 721 4137 111 1842 1917 282 2444 1134 872 71 347 3778 7003
internal_value=0 -0.00735938 0.0161397 -0.00105585 -0.00226293 0 -0.0188193 -0.0029648 0 0.0039319 0.0092498 -0.00500086 -0.00583926 -0.00919307
internal_weight=468.729 324.549 144.18 216.001 200.85 109.11 108.548 59.7885 38.2274 49.3213 15.1511 91.74 86.2078 42.2517
internal_count=76799 65958 10841 20240 20058 8209 45718 5420 2976 2789 182 11849 11502 7724
is_linear=0
shrinkage=0.02


Tree=114
num_leaves=15
num_cat=0
split_feature=54 54 62 61 59 5 53 58 11 11 41 54 11 28
split_gain=137.668 56.4091 7.60363 6.61477 5.38713 6.55945 3.47816 3.103 2.65293 2.58986 1.85029 2.59425 1.79388 1.67514
threshold=0.944402575492859 0.012768768705427648 0.86805555224418651 0.81339284777641307 0.88194444775581371 1.0000000180025095e-35 -1.4741440415382383 0.90247958898544323 6.5000000000000009 20.500000000000004 0.97048610448837291 0.22075273096561435 5.5000000000000009 0.97780856490135204
decision_type=2 2 2 2 2 2 2 2 2 2 2 2 2 2
left_child=1 6 -2 10 8 9 -1 -4 12 -6 11 -3 -5 -7
right_child=2 3 7 4 5 13 -8 -9 -10 -11 -12 -13 -14 -15
leaf_value=-0.019385473917659598 0.0024077639702928897 -0.0092173254552166302 0 -0.0022567271860328181 0.011191332082139174 0.0027580125590528858 0 0.018401838371350628 -0.0050209496014696972 0 0.0016156276656453029 -0.0012167313808348341 0.006823323951252209 -0.0054131396731527497
leaf_weight=101.80531924037496 21.610465121950256 41.592332645202987 1.6309269992634643 5.2142238349188128 39.422620173892938 6.8630576560972267 3.6489780176198101 117.08579195983475 40.400094600277953 3.9386666736681937 5.4600683216704047 43.18462557264138 11.046258736518212 15.735512310639024
leaf_count=44111 5811 7729 62 621 1303 301 1607 4968 4365 419 347 3780 696 679
internal_value=0 -0.00726396 0.0160395 -0.00102579 0.00179982 0.00556081 -0.0187412 0.01801 -0.00223721 0.00974066 -0.00502712 -0.00587242 0.002819 -0.00185266
internal_weight=458.639 318.312 140.327 212.857 122.62 65.9599 105.454 118.717 56.6606 43.3613 90.237 84.777 16.2605 22.5986
internal_count=76799 65958 10841 20240 8384 2702 45718 5030 5682 1722 11856 11509 1317 980
is_linear=0
shrinkage=0.02


Tree=115
num_leaves=15
num_cat=0
split_feature=54 54 62 57 55 59 55 56 51 24 32 56 57 51
split_gain=132.409 55.0467 7.26018 6.24938 2.71307 2.5943 2.77824 2.74177 2.74727 2.14084 2.07884 2.07661 1.78683 1.57205
threshold=0.944402575492859 0.012768768705427648 0.98750001192092907 1.4648166298866274 0.94590643048286449 0.84523808956146251 0.59545454382896434 0.97727271914482128 0.041352741420269019 0.99916106462478649 0.98898577690124523 0.71008405089378368 1.1973950862884524 0.18024579435586932
decision_type=2 2 2 2 2 2 2 2 2 2 2 2 2 2
left_child=1 4 -2 5 12 11 -7 8 10 -5 -8 -3 -1 -10
right_child=2 3 -4 9 -6 6 7 -9 13 -11 -12 -13 -14 -15
leaf_value=-0.01929246393940259 0.0037387418662858038 0 0.018268676657308115 0.01199830428797073 0 -0.0059279498039959272 0.0092731989684145272 -0.0045941614441628751 -0.0041654489640677427 0 0 -0.0063596809401667209 0 0.0035149230204506942
leaf_weight=100.55387521663215 26.625409252359532 39.603615832747892 109.78448026219849 11.14039892144501 1.6709990308154363 15.651063736644572 27.469709218537901 10.865081091644241 16.722612390643921 3.7292385360924518 10.93087869073497 62.762674696044996 0.3400666278321286 10.685274163144639
leaf_count=45407 6700 5472 4141 111 282 1997 1495 126 1560 71 809 7843 29 756
internal_value=0 -0.0071734 0.0159627 -0.000981485 -0.0186799 -0.00217397 0 0.00194127 0.00377027 0.00895851 0.00685367 -0.00426666 -0.0190893 -0.000193355
internal_weight=448.535 312.125 136.41 209.561 102.565 194.691 92.3246 76.6736 65.8085 14.8696 38.4006 102.366 100.894 27.4079
internal_count=76799 65958 10841 20240 45718 20058 6743 4746 4620 182 2304 13315 45436 2316
is_linear=0
shrinkage=0.02


Tree=116
num_leaves=15
num_cat=0
split_feature=54 54 61 61 59 5 53 46 28 18 54 54 0 44
split_gain=127.306 53.3824 7.23492 6.02647 4.99646 6.62793 3.50682 2.77053 1.74158 1.64043 3.02468 1.637 1.61019 1.52771
threshold=0.944402575492859 0.012768768705427648 0.98750001192092907 0.81339284777641307 0.88194444775581371 1.0000000180025095e-35 -1.4741440415382383 0.95077833533287059 0.97780856490135204 0.99585491418838512 0.29327173531055456 0.15110272914171222 -20.499999999999996 0.99213629961013805
decision_type=2 2 2 2 2 2 2 2 2 2 2 2 2 2
left_child=1 6 -2 9 7 12 -1 -5 -7 -3 -11 -9 -6 -14
right_child=2 3 -4 4 5 8 -8 11 -10 10 -12 -13 13 -15
leaf_value=-0.019256238155035261 0.0035292840093086547 0 0.018191062802066251 -0.0062638215308513439 0 0.0027047462997148901 0 0.0062087634680439378 -0.0056513968541146153 -0.0095881732285066218 -0.00032380579497502047 -0.0012811304181840444 0.012266798150093815 0
leaf_weight=96.179067271645181 25.800568282982567 17.322781167458743 106.94596580415964 27.158274384681135 4.0229995363042681 6.7045353011926645 3.485762106254696 10.620237808208914 15.608699338976294 37.465459120867308 31.828172350768 17.641335328458808 31.977865675580688 6.458479289431124
leaf_count=44111 6704 1416 4137 3442 401 301 1607 934 679 7570 2870 1306 1030 291
internal_value=0 -0.00707734 0.0158756 -0.000962618 0.00173492 0.00538922 -0.0185886 -0.00218088 -0.00207085 -0.00487611 -0.00614619 0.00135647 0.00965443 0.0107534
internal_weight=439.22 306.474 132.747 206.809 120.192 64.7726 99.6648 55.4198 22.3132 86.6164 69.2936 28.2616 42.4593 38.4363
internal_count=76799 65958 10841 20240 8384 2702 45718 5682 980 11856 10440 2240 1722 1321
is_linear=0
shrinkage=0.02


Tree=117
num_leaves=15
num_cat=0
split_feature=54 54 62 57 53 61 0 58 5 0 11 28 41 54
split_gain=122.319 51.8543 7.15099 5.83387 3.48212 3.11345 3.22673 3.01335 2.95758 2.70066 5.0994 2.21071 1.70275 2.05144
threshold=0.944402575492859 0.012768768705427648 0.86805555224418651 1.4648166298866274 -1.4741440415382383 0.81339284777641307 -6.4999999999999991 0.90247958898544323 1.0000000180025095e-35 -19.499999999999996 20.500000000000004 0.99923077225685131 0.97048610448837291 0.22075273096561435
decision_type=2 2 2 2 2 2 2 2 2 2 2 2 2 2
left_child=1 4 -2 5 -1 12 9 -4 -8 10 -7 -5 13 -3
right_child=2 3 7 11 -6 6 8 -9 -10 -11 -12 -13 -14 -15
leaf_value=-0.019181167184385117 0.0021355435517056115 -0.0087555935072292628 0 0.0118630980456328 0 0.0064870719664235025 0.0070863560238168697 0.018185166158065737 -0.0014115245118107333 -0.0076394920581660522 -0.0062653189750254733 0 0.0015223907094182227 -0.0012118978305205889
leaf_weight=93.491227994207293 20.338593510357896 39.034577915153932 1.5580505181569595 10.919677408412097 3.4253147208364672 19.806149798387196 31.123819208238274 107.44327716162661 16.727029331959784 20.282754062325694 16.225536771176849 3.7442811329383394 5.2622419607359907 40.67554577847477
leaf_count=44111 5811 7724 62 111 1607 1145 1917 4968 872 2444 1831 71 347 3778
internal_value=0 -0.00698703 0.0157697 -0.000935464 -0.0185037 -0.00211867 0 0.0177727 0.00376781 -0.00284372 0 0.00869432 -0.00480764 -0.00566068
internal_weight=430.058 300.718 129.34 203.802 96.9165 189.138 104.165 109.001 47.8508 56.3144 36.0317 14.664 84.9724 79.7101
internal_count=76799 65958 10841 20240 45718 20058 8209 5030 2789 5420 2976 182 11849 11502
is_linear=0
shrinkage=0.02


Tree=118
num_leaves=15
num_cat=0
split_feature=54 54 61 61 0 57 5 53 41 54 28 18 19 62
split_gain=117.649 50.3182 6.93425 5.74343 4.60076 3.60775 8.26351 3.46656 1.69351 2.01499 1.62634 1.61765 1.42463 1.24193
threshold=0.944402575492859 0.012768768705427648 0.98750001192092907 0.81339284777641307 -20.499999999999996 -1.6176033020019529 1.0000000180025095e-35 -1.4741440415382383 0.97048610448837291 0.22075273096561435 0.97780856490135204 0.99542331695556652 0.96651786565780651 0.86805555224418651
decision_type=2 2 2 2 2 2 2 2 2 2 2 2 2 2
left_child=1 7 -2 8 -5 13 -7 12 9 11 -8 -3 -1 -6
right_child=2 3 -4 4 5 6 10 -9 -10 -11 -12 -13 -14 -15
leaf_value=-0.019304893831880977 0.0033448319078503543 0 0.018029245695007193 -0.0058818325612311016 0.0014939735207274332 0.011261039549933127 0.0025986058777088374 0 0.0015075756832242185 -0.0012009207911986898 -0.0054258988547318046 -0.010424396689357174 0 -0.0044660345499850694
leaf_weight=90.367909021209925 24.806488136004191 7.3319147607544428 100.98894473764813 16.855827710824087 21.846427343087271 40.348895170609467 6.6594892403809363 3.3707267497084095 5.2114466308848924 39.930449174134992 15.976931925164536 30.989704181731213 0.50612735148752008 15.535998470848424
leaf_count=44037 6704 721 4137 1849 2615 1123 301 1607 347 3780 674 7008 74 1822
internal_value=0 -0.00690006 0.0156884 -0.00091003 0.00174006 0.00359952 0.00634452 -0.0184142 -0.00481031 -0.00567221 -0.00199669 -0.0087642 -0.0191031 -0.000620758
internal_weight=420.727 294.932 125.795 200.687 117.224 100.368 62.9853 94.2448 83.4635 78.2521 22.6364 38.3216 90.874 37.3824
internal_count=76799 65958 10841 20240 8384 6535 2098 45718 11856 11509 975 7729 44111 4437
is_linear=0
shrinkage=0.02


Tree=119
num_leaves=15
num_cat=0
split_feature=54 54 62 61 0 5 57 53 59 41 54 28 18 19
split_gain=113.069 48.8665 6.87998 5.67396 4.57974 3.54841 7.99663 3.45564 2.63513 1.6757 1.91995 1.63522 1.45778 1.30004
threshold=0.944402575492859 0.012768768705427648 0.86805555224418651 0.81339284777641307 -20.499999999999996 1.0000000180025095e-35 -1.6176033020019529 -1.4741440415382383 0.96428570151329052 0.97048610448837291 0.22075273096561435 0.97780856490135204 0.99542331695556652 0.96651786565780651
decision_type=2 2 2 2 2 2 2 2 2 2 2 2 2 2
left_child=1 7 -2 9 -5 6 -6 13 -4 10 12 -7 -3 -1
right_child=2 3 8 4 5 11 -8 -9 -10 -11 -12 -13 -14 -15
leaf_value=-0.019225605677256997 0.0019530448206491614 0 0 -0.005879213873976559 -0.00048982054658887949 0.0026031911334146456 0.011174295734202914 0 0.018299277532470508 0.0014821443794226319 -0.0012163982011540375 -0.005453823209635859 -0.010320567755749282 0
leaf_weight=87.803127470368054 19.56478405217058 7.2548074450460254 4.9990998752764417 16.668478987703566 36.682454384455923 6.5901768851326787 40.068085369304754 3.3201844218419856 98.051699558680411 5.1567469104193142 39.217011454165913 15.981592002091929 30.368247653299477 0.4795688315643919
leaf_count=44037 5811 721 925 1849 4425 303 1123 1607 4105 347 3780 684 7008 74
internal_value=0 -0.00680993 0.0155827 -0.000888356 0.00175171 0.00361727 0.00566631 -0.0183327 0.0176089 -0.00480406 -0.00567228 -0.0020276 -0.00872523 -0.0190343
internal_weight=412.206 289.59 122.616 197.988 115.991 99.3223 76.7505 91.6029 103.051 81.9968 76.8401 22.5718 37.6231 88.2827
internal_count=76799 65958 10841 20240 8384 6535 5548 45718 5030 11856 11509 987 7729 44111
is_linear=0
shrinkage=0.02


Tree=120
num_leaves=15
num_cat=0
split_feature=53 55 61 1 59 18 0 62 18 0 11 11 39 39
split_gain=108.012 46.4973 6.1549 7.06355 4.70562 3.46846 3.22016 2.6986 2.40717 2.72132 1.61062 3.60691 1.68355 1.3221
threshold=2.885846853256226 0.47213622927665716 0.81339284777641307 1.5000000000000002 0.96428570151329052 0.99506169557571422 -6.4999999999999991 0.63348215818405162 0.9974193572998048 -5.4999999999999991 19.500000000000004 20.500000000000004 0.73750001192092907 0.56696429848670971
decision_type=2 2 2 2 2 2 2 2 2 2 2 2 2 2
left_child=1 -1 7 -4 -2 -6 10 -3 13 -10 -5 12 -12 -8
right_child=4 2 3 6 5 -7 8 -9 9 -11 11 -13 -14 -15
leaf_value=-0.019103484827150331 0 -0.011754568800382909 0.01126254146876411 -0.0074397141961402803 0 0.017847577655308283 0 -0.0025197168117500452 0.0046087793691310325 -0.0050294158613286314 0 -0.0061875451761149646 0.0088796843380262377 0.010368181714308264
leaf_weight=76.92692854188499 7.4835303317231583 15.087202633760169 17.47670926747378 20.437015264906222 5.6272951788268974 99.943983090517577 1.1536675306269888 81.937087225698633 16.047707201825684 16.679590205341814 9.3734783272957447 16.391172218252905 8.4807620841311273 10.956048077874582
leaf_count=34806 2393 7294 1105 3006 157 4305 44 16233 1553 1886 951 2278 411 377
internal_value=0 -0.00645352 -0.00130989 0.00156626 0.0160161 0.0170378 -0.000483104 -0.00493848 0.00290865 0 -0.00376502 0 0.00469224 0.00856362
internal_weight=404.002 290.947 214.02 116.996 113.055 105.571 99.5194 97.0243 44.837 32.7273 54.6824 34.2454 17.8542 12.1097
internal_count=76799 69944 35138 11611 6855 4462 10506 23527 3860 3439 6646 3640 1362 421
is_linear=0
shrinkage=0.02


Tree=121
num_leaves=15
num_cat=0
split_feature=54 54 62 61 29 57 53 58 56 8 41 54 53 52
split_gain=104.977 46.3785 6.60245 5.23627 4.42949 3.7547 3.40731 2.81951 2.76584 1.7557 1.61703 1.66148 1.52637 1.25659
threshold=0.944402575492859 0.012768768705427648 0.86805555224418651 0.81339284777641307 0.61805555224418651 -2.2653446197509761 -1.4741440415382383 0.90247958898544323 0.83771929144859325 0.29166667163372045 0.97048610448837291 0.22075273096561435 2.6989655494689946 0.073411881923675551
decision_type=2 2 2 2 2 2 2 2 2 2 2 2 2 2
left_child=1 6 -2 10 5 -5 -1 -4 9 -6 11 -3 -10 -7
right_child=2 3 7 4 8 13 -8 -9 12 -11 -12 -13 -14 -15
leaf_value=-0.0189184310594726 0.0018047327494897622 -0.0084495108535497469 0 -0.0024202931233856372 -0.00045707687121788803 0.011530566658529019 0 0.017879243195320301 -0.0062323994145340664 0.0065240334257729527 0.0014908347878344595 -0.001198892323551172 0.00041344600684859909 0
leaf_weight=83.694342013885034 18.891869442944881 36.282884190499317 1.4464919106103469 6.2981312192277974 19.043863695231266 23.103081433568153 3.2064767797128289 96.213043095427565 31.590434483776335 15.750519424560478 5.0649920799769452 37.861850761342794 8.2166565724182856 8.4392099996330199
leaf_count=44111 5811 7729 62 1092 2470 660 1607 4968 2515 1209 347 3780 118 320
internal_value=0 -0.0066641 0.0154021 -0.000826233 0.00173628 0.00680375 -0.0181981 0.0174492 -0.000829625 0.00254869 -0.00465744 -0.00553953 -0.00436301 0.00952897
internal_weight=395.104 278.552 116.551 191.652 112.442 37.8404 86.9008 97.6595 74.6015 34.7944 79.2097 74.1447 39.8071 31.5423
internal_count=76799 65958 10841 20240 8384 2072 45718 5030 6312 3679 11856 11509 2633 980
is_linear=0
shrinkage=0.02


Tree=122
num_leaves=15
num_cat=0
split_feature=54 54 62 61 29 57 55 58 6 44 8 57 41 54
split_gain=100.967 45.0789 6.44002 5.04393 4.29702 3.68046 2.96623 2.77423 2.64758 3.21335 2.45511 1.67503 1.5685 1.53032
threshold=0.944402575492859 0.012768768705427648 0.86805555224418651 0.81339284777641307 0.61805555224418651 -1.5732565522193906 0.94590643048286449 0.90247958898544323 0.0014830057625658812 0.94891491532325756 0.22500000149011615 1.1973950862884524 0.97048610448837291 0.22075273096561435
decision_type=2 2 2 2 2 2 2 2 2 2 2 2 2 2
left_child=1 6 -2 12 5 -5 11 -4 9 -6 -11 -1 13 -3
right_child=2 3 7 4 8 -7 -8 -9 -10 10 -12 -13 -14 -15
leaf_value=-0.018839329181807269 0.0017217328514820144 -0.0083055090591242515 0 -0.0013813107870530913 -0.0038568523680024389 0.0098665343336024353 0 0.01779595700944351 -0.0080604760605262112 -0.00089899241583929837 0.0074128526154895258 0 0.0014416640026831862 -0.0011977575566329759
leaf_weight=82.900930684554623 18.490340577322058 35.620887631666847 1.4295996471773822 8.7418285869061929 25.222648927418049 28.551163203897886 1.3753301945980627 93.580563912837533 9.7652000304078665 12.870018167071974 25.657810812583193 0.31257413845742021 5.0187158068874842 37.219680198235437
leaf_count=45407 5811 7729 62 1369 3258 703 282 4968 211 1387 1456 29 347 3780
internal_value=0 -0.00658258 0.0153096 -0.000796207 0.00173021 0.00675101 -0.0181138 0.0173603 -0.000809643 0.000564612 0.00426606 -0.0186082 -0.00459143 -0.00547281
internal_weight=386.757 273.257 113.501 188.668 110.809 37.293 84.5888 95.0102 73.5157 63.7505 38.5278 83.2135 77.8593 72.8406
internal_count=76799 65958 10841 20240 8384 2072 45718 5030 6312 6101 2843 45436 11856 11509
is_linear=0
shrinkage=0.02


Tree=123
num_leaves=15
num_cat=0
split_feature=53 55 61 12 59 0 18 62 18 17 45 11 11 41
split_gain=97.224 42.8936 5.49159 5.6388 4.45146 2.9053 2.77125 2.31898 2.21316 2.39304 1.90368 1.88743 3.67873 1.41418
threshold=2.885846853256226 0.47213622927665716 0.81339284777641307 1.0000000180025095e-35 0.96428570151329052 -6.4999999999999991 0.99506169557571422 0.63348215818405162 0.9974193572998048 5.5000000000000009 96.500000000000014 19.500000000000004 20.500000000000004 0.88194444775581371
decision_type=2 2 2 2 2 2 2 2 2 2 2 2 2 2
left_child=1 -1 7 10 -2 11 -6 -3 -7 -10 -4 -5 -13 -9
right_child=4 2 3 5 6 8 -8 13 9 -11 -12 12 -14 -15
leaf_value=-0.018884634784181391 0 -0.01128672779407004 0.012110811055613648 -0.007637391842966931 0 0.0083605729052475351 0.017554151418473735 -0.0036357176413648008 -0.004859877625580049 0.0043645419760112601 0 0.0051997398936120256 -0.0061314455471015977 0.0020161295560602427
leaf_weight=71.300168180110632 7.058966388256521 13.989142890844958 15.397232391202126 19.063012579194037 5.2033092598430803 11.547856862278421 92.63000601271051 66.528753626014804 15.575982374255545 15.258447528234683 2.4975669800478491 16.786762162053495 15.034061262093017 10.933477479906285
leaf_count=34806 2393 7294 933 3000 157 421 4305 14686 1882 1553 186 1361 2275 1547
internal_value=0 -0.00627976 -0.0012184 0.00154602 0.0157657 -0.000378662 0.0168012 -0.00475435 0.00288569 0 0.0100682 -0.00363606 0 -0.00238182
internal_weight=378.805 273.912 202.612 111.161 104.892 93.2661 97.8333 91.4514 42.3823 30.8344 17.8948 50.8838 31.8208 77.4622
internal_count=76799 69944 35138 11611 6855 10492 4462 23527 3856 3435 1119 6636 3636 16233
is_linear=0
shrinkage=0.02


Tree=124
num_leaves=15
num_cat=0
split_feature=54 54 62 61 29 57 53 6 44 58 8 41 54 18
split_gain=93.684 42.8362 6.27861 4.75099 4.33812 3.55775 3.36161 2.80106 2.97511 2.68094 2.15856 1.54041 1.38453 1.40234
threshold=0.944402575492859 0.012768768705427648 0.86805555224418651 0.81339284777641307 0.61805555224418651 -1.5732565522193906 -1.4741440415382383 0.0014830057625658812 0.94891491532325756 0.90247958898544323 0.22500000149011615 0.97048610448837291 0.22075273096561435 0.99542331695556652
decision_type=2 2 2 2 2 2 2 2 2 2 2 2 2 2
left_child=1 6 -2 11 5 -5 -1 8 -6 -4 -10 12 13 -3
right_child=2 3 9 4 7 -7 -8 -9 10 -11 -12 -13 -14 -15
leaf_value=-0.01872478326994444 0.0015163188077450319 0 0 -0.0012572129044403876 -0.003671766946893606 0.0099056870561430622 0 -0.0082882694962471918 -0.00062750281765618196 0.017641543535217959 0.007191534206917277 0.0014799744578066416 -0.0011568381689010519 -0.0097578247709173109
leaf_weight=77.334640274581034 17.854710203013383 6.6967311531188889 1.385099175851791 8.4352979589602892 24.314479506167118 27.919291722530033 3.0177011388004749 9.7520714272977767 12.287062357296234 88.780210187018383 24.900938783190213 4.9387210126733398 35.870199489290826 27.657344815786928
leaf_count=44111 5811 721 62 1369 3258 703 1607 211 1387 4968 1456 347 3780 7008
internal_value=0 -0.00643659 0.0151163 -0.000729793 0.00174491 0.00683882 -0.0179753 -0.000849933 0.000618 0.0171974 0.00423902 -0.00448471 -0.0053888 -0.00813831
internal_weight=371.144 263.124 108.02 182.772 107.609 36.3546 80.3523 71.2546 61.5025 90.1653 37.188 75.163 70.2243 34.3541
internal_count=76799 65958 10841 20240 8384 2072 45718 6312 6101 5030 2843 11856 11509 7729
is_linear=0
shrinkage=0.02


Tree=125
num_leaves=15
num_cat=0
split_feature=53 54 24 59 53 18 54 18 59 32 56 51 39 19
split_gain=90.3143 42.6751 6.99791 4.22106 3.3321 2.83608 3.56537 2.4892 2.21828 1.69588 1.68807 1.59444 1.34883 1.18602
threshold=2.885846853256226 0.012768768705427648 0.34980878233909612 0.96428570151329052 -1.4741440415382383 0.99639636278152477 0.046350747346878059 0.99506169557571422 0.86607143282890331 0.98868349194526683 0.82843136787414562 0.069356180727481856 0.60912698507308971 0.96651786565780651
decision_type=2 2 2 2 2 2 2 2 2 2 2 2 2 2
left_child=1 4 -3 -2 13 8 -7 -5 -4 11 -8 -10 -12 -1
right_child=3 2 5 7 -6 6 10 -9 9 -11 12 -13 -14 -15
leaf_value=-0.018845490630578606 0 0.010372712868811942 -0.0013026046056006074 0 0 -0.010468958684706597 0.00039293305830337806 0.017326344574677532 0.011211833661731903 -0.00099708252718670146 -0.0073019312699402466 0 -0.00028087946027369773 0
leaf_weight=74.779322955902899 6.7786955234478219 13.228340643341651 18.202131520636613 5.0091827046126118 2.9746128697879604 18.020384084491525 62.549721778108506 88.19846927121398 11.929423632856926 1.3670939049916331 20.735110426874598 3.8703871460456858 35.689511514792684 0.43592923326650534
leaf_count=44037 2393 606 1914 157 1607 6285 9425 4305 348 92 2264 200 3092 74
internal_value=0 -0.00614681 -0.000577335 0.0155575 -0.0178807 -0.00195699 -0.00332734 0.0165909 0.00231552 0.00665931 -0.00148587 0.00874032 -0.00385513 -0.0186413
internal_weight=363.768 263.782 185.592 99.9863 78.1899 172.364 136.995 93.2077 35.369 17.1669 118.974 15.7998 56.4246 75.2153
internal_count=76799 69944 24226 6855 45718 23620 21066 4462 2554 640 14781 548 5356 44111
is_linear=0
shrinkage=0.02


Tree=126
num_leaves=15
num_cat=0
split_feature=54 54 62 57 53 18 24 50 59 53 41 50 32 40
split_gain=86.991 40.3009 6.04442 4.57546 3.28985 2.76341 2.54725 2.18278 2.15008 2.12071 1.75957 2.08112 1.69797 1.63181
threshold=0.944402575492859 0.012768768705427648 0.86805555224418651 1.4648166298866274 -1.4741440415382383 0.99728628993034374 0.99916106462478649 -0.0024294828763231631 0.96428570151329052 -0.69684883952140797 0.61805555224418651 0.047149864956736572 0.98105165362358104 0.44722221791744238
decision_type=2 2 2 2 2 2 2 2 2 2 2 2 2 2
left_child=1 4 -2 5 -1 7 -5 12 -4 13 -11 -12 -3 -7
right_child=2 3 8 6 -6 9 -8 -9 -10 10 11 -13 -14 -15
leaf_value=-0.018568968168576231 0.0013468376254723556 0.0097577850729828695 0 0.011615608740929833 0 0 -0.00040615582808411588 -0.0010181088447418062 0.017734906146522084 -0.0041389645209768287 -0.0012691297783306941 0.0060609982258722052 0 -0.0089908384143914215
leaf_weight=73.210006381181302 17.209600245783804 11.024954217951743 4.5198920887487466 10.185389517573638 2.9267306345573152 4.5329114968772037 3.7914132924051946 22.639210803608876 81.125580459542107 40.41388451756211 36.662610341911204 14.750005100038832 4.9709303021081714 28.71216252585873
leaf_count=44111 5811 606 925 111 1607 593 71 1491 4105 5143 4040 1071 338 6776
internal_value=0 -0.00628796 0.014929 -0.000704961 -0.0178 -0.00190637 0.00787707 0.00206533 0.0170264 -0.00340484 -0.00121254 0.000794575 0.00671544 -0.00745062
internal_weight=356.675 253.82 102.855 177.683 76.1367 163.707 13.9768 38.6351 85.6455 125.072 91.8265 51.4126 15.9959 33.2451
internal_count=76799 65958 10841 20240 45718 20058 182 2435 5030 17623 10254 5111 944 7369
is_linear=0
shrinkage=0.02


Tree=127
num_leaves=15
num_cat=0
split_feature=54 54 61 57 53 18 24 50 53 32 40 11 17 39
split_gain=83.7057 39.2188 5.32701 4.44463 3.25455 2.67955 2.61767 2.08284 2.00431 1.67794 1.59016 1.55505 2.92031 1.54092
threshold=0.944402575492859 0.012768768705427648 0.98750001192092907 1.4648166298866274 -1.4741440415382383 0.99728628993034374 0.99916106462478649 -0.0024294828763231631 -0.69684883952140797 0.98105165362358104 0.44722221791744238 6.5000000000000009 5.5000000000000009 0.73750001192092907
decision_type=2 2 2 2 2 2 2 2 2 2 2 2 2 2
left_child=1 4 -2 5 -1 7 -5 9 10 -3 -7 12 -10 -13
right_child=2 3 -4 6 -6 8 -8 -9 11 -11 -12 13 -14 -15
leaf_value=-0.018491484754084291 0.0027882894235134932 0.0096436374961607948 0.017206707883278091 0.011604713296754854 0 0 -0.00055402665132982904 -0.000967427541967211 -0.0031516094583895664 0 -0.0088766846543205033 -0.0052420742758483999 0.0068856264095261332 1.62243227304505e-05
leaf_weight=71.313809872255661 21.090256168216001 10.902775844500864 79.203643666114658 10.156309731770305 2.8830709485628168 4.4967691584606646 3.841380745987407 22.382700327900238 13.091290930286052 4.9406435073469757 28.218761710857507 39.068838536564726 15.820273041084873 22.480676645762287
leaf_count=44111 6704 606 4137 111 1607 593 71 1491 987 338 6776 5631 979 2657
internal_value=0 -0.00620273 0.0148341 -0.000676205 -0.0177133 -0.00187899 0.00776693 0.00203962 -0.00336982 0.00659575 -0.00733883 -0.00120259 0.00177692 -0.00307833
internal_weight=349.891 249.597 100.294 175.4 74.1969 161.403 13.9977 38.2261 123.177 15.8434 32.7155 90.4611 28.9116 61.5495
internal_count=76799 65958 10841 20240 45718 20058 182 2435 17623 944 7369 10254 1966 8288
is_linear=0
shrinkage=0.02


Tree=128
num_leaves=15
num_cat=0
split_feature=53 54 24 53 56 53 20 57 59 27 54 40 19 17
split_gain=80.6111 40.8439 7.1668 3.2196 1.91763 2.97826 3.45927 2.15098 1.85969 1.13665 1.5689 1.60563 1.10014 1.06354
threshold=3.319252729415894 0.012768768705427648 0.36614532768726354 -1.4741440415382383 0.97727271914482128 0.13320740312337878 0.99491089582443248 0.49902789294719702 0.96428570151329052 0.98750001192092907 0.13845568150281909 0.34166666865348821 0.96651786565780651 6.5000000000000009
decision_type=2 2 2 2 2 2 2 2 2 2 2 2 2 2
left_child=1 3 -3 12 5 6 -4 13 -2 10 11 -8 -1 -7
right_child=8 2 4 -5 -6 7 9 -9 -10 -11 -12 -13 -14 -15
leaf_value=-0.018619469044241398 0 0.01063761726504126 0.0021635304805229165 0 -0.0080103614710840473 0.0036269217616793311 0 0.0069761001744498745 0.016666029475602313 0 0 -0.010234430617638153 0 -0.0014842308257103801
leaf_weight=69.066815000929637 3.4207648948649867 13.78855058015324 18.92317035497399 2.8414531413291106 11.692944241949588 14.792498756287385 2.08082790946355 14.936751376808386 81.80301646803855 4.5810699926223597 17.124531642650254 31.855478727433365 0.41008111811242898 55.981868207920343
leaf_count=44037 1172 651 1417 1607 236 1753 265 514 4192 697 1830 8181 74 10173
internal_value=0 -0.00560335 -0.000296844 -0.0176264 -0.00172298 -0.000768922 -0.0036439 0.00149489 0.0161055 -0.00611892 -0.0069445 -0.00915042 -0.0184139 0
internal_weight=343.3 258.076 185.758 72.3183 171.969 160.276 74.5651 85.7111 85.2238 55.6419 51.0608 33.9363 69.4769 70.7744
internal_count=76799 71435 25717 45718 25066 24830 12390 12440 5364 10973 10276 8446 44111 11926
is_linear=0
shrinkage=0.02


Tree=129
num_leaves=15
num_cat=0
split_feature=54 54 61 61 25 7 6 53 22 8 56 56 18 54
split_gain=77.7717 37.0678 5.06251 4.37321 4.06566 3.45829 3.1967 3.17903 2.46862 2.17442 1.33581 1.27675 1.26631 1.65804
threshold=0.944402575492859 0.012768768705427648 0.98750001192092907 0.81339284777641307 0.60357144474983226 -1.0263707637786863 0.013237904757261278 -1.4741440415382383 0.95565509796142589 0.22500000149011615 0.94590643048286449 0.95346319675445568 0.99585491418838512 0.42541161179542547
decision_type=2 2 2 2 2 2 2 2 2 2 2 2 2 2
left_child=1 7 -2 12 5 -5 8 -1 -6 -10 -4 -7 -3 -14
right_child=2 3 10 4 6 11 -8 -9 9 -11 -12 -13 13 -15
leaf_value=-0.018341780067036826 0.0026555727529533396 0 0 -0.000514451627167105 -0.0029090014675496097 0.012843000472181485 -0.0081190331834755658 0 -0.00055060806885716049 0.0071434292554243238 0.017294848066196397 0 -0.0080339287651871576 0
leaf_weight=67.6621012307005 20.382604216807522 14.354503140551968 0.68021342362044279 8.2483815280720609 22.739669970469549 16.264858675538566 11.326833327882921 2.7973735497798762 13.133526303980032 26.114948216010816 74.51821293856483 3.812377931084483 34.070308157708496 20.885471690329723
leaf_count=44111 6704 1416 99 1103 2952 607 215 1607 1730 1715 4038 62 8037 2403
internal_value=0 -0.0060498 0.0146502 -0.000639197 0.00177138 0.00742475 -0.000496051 -0.0175458 0.00114448 0.00422649 0.0170334 0.0110842 -0.00440555 -0.00566404
internal_weight=336.991 241.41 95.581 170.951 101.641 28.3256 73.315 70.4595 61.9881 39.2485 75.1984 20.0772 69.3103 54.9558
internal_count=76799 65958 10841 20240 8384 1772 6612 45718 6397 3445 4137 669 11856 10440
is_linear=0
shrinkage=0.02


Tree=130
num_leaves=15
num_cat=0
split_feature=54 54 62 49 53 11 11 18 11 11 32 59 54 53
split_gain=74.9337 36.0231 5.58035 3.95262 3.15684 2.58512 4.34432 2.73934 2.51061 5.15114 1.8182 1.52302 1.39561 1.24992
threshold=0.944402575492859 0.012768768705427648 0.98750001192092907 85.500000000000014 -1.4741440415382383 6.5000000000000009 5.5000000000000009 0.99728628993034374 19.500000000000004 20.500000000000004 0.97462847828865062 0.78174602985382091 0.71301564574241649 2.9765726327896123
decision_type=2 2 2 2 2 2 2 2 2 2 2 2 2 2
left_child=1 4 -2 11 -1 6 7 10 -7 12 -5 -3 -10 -9
right_child=2 3 -4 5 -6 8 -8 13 9 -11 -12 -13 -14 -15
leaf_value=-0.018261583402034307 0.0023135977724144745 0 0.017074593721823756 0.0071177163705641059 0 -0.0071430656637379106 0.007586889803120017 -0.0074811280737946476 0.0073677321324566074 -0.0055462227172745314 -0.0023728046881089245 0.010287803534283376 0 0
leaf_weight=65.904281599971 20.226290607621195 2.5077002938487558 73.094138467567973 9.3655989235267025 2.7606238810985806 41.191883068124298 20.412726608628873 22.806629959930437 19.485963721061129 31.528613166708965 4.5507224636967285 9.5766251144814287 5.3581081489101043 2.4954225252149618
leaf_count=44111 6700 359 4141 319 1607 6965 1590 2896 1634 5439 299 273 423 43
internal_value=0 -0.00596283 0.014559 -0.000623651 -0.0174536 -0.00175264 0.00109254 -0.00227572 -0.00373523 -0.000257765 0.0028245 0.00774659 0.00525539 -0.0060138
internal_weight=331.265 237.945 93.3204 169.28 68.6649 157.196 59.6311 39.2184 97.5646 56.3727 13.9163 12.0843 24.8441 25.3021
internal_count=76799 65958 10841 20240 45718 19608 5147 3557 14461 7496 618 632 2057 2939
is_linear=0
shrinkage=0.02


Tree=131
num_leaves=15
num_cat=0
split_feature=53 54 24 53 56 53 18 57 59 54 40 17 18 55
split_gain=72.1259 37.3611 7.23205 3.14867 2.25509 2.74392 4.64654 2.1873 1.65002 1.55173 1.68166 1.45372 1.32584 1.12942
threshold=3.319252729415894 0.012768768705427648 0.36614532768726354 -1.4741440415382383 0.94868421554565441 0.13320740312337878 0.99506169557571422 0.49902789294719702 0.96428570151329052 0.13845568150281909 0.38675214350223547 59.500000000000007 0.99506169557571422 0.89181286096572887
decision_type=2 2 2 2 2 2 2 2 2 2 2 2 2 2
left_child=1 3 -3 -1 5 6 11 -7 -2 10 -8 -4 -10 -14
right_child=8 2 4 -5 -6 7 9 -9 12 -11 -12 -13 13 -15
leaf_value=-0.018184305258645748 0 0.010739920692517897 0.006798558904360731 0 -0.0081768283298400309 0 0 0.0071974755217241431 0 0 -0.0097380485693487513 -0.0012741140698550469 0 0.017040021882870359
leaf_weight=64.261401404306525 3.2908015569264526 13.604686472855972 12.384647811355537 2.7274260624835724 13.369257559039395 67.274197144637583 2.589261972665553 13.981985142774645 3.2566570941417003 18.984650548896752 32.814588585868478 3.8862982562859534 0.65932546093244937 72.619481498171808
leaf_count=44111 1172 651 651 1607 324 11925 398 499 123 2018 8784 467 128 3941
internal_value=0 -0.00540001 -0.000273887 -0.0173625 -0.0017541 -0.000664815 -0.00350818 0.00154996 0.0157273 -0.00635885 -0.00855429 0.00377798 0.0162786 0.0168033
internal_weight=325.705 245.878 178.89 66.9888 165.285 151.916 70.6594 81.2562 79.8263 54.3885 35.4039 16.2709 76.5355 73.2788
internal_count=76799 71435 25717 45718 25066 24742 12318 12424 5364 11200 9182 1118 4192 4069
is_linear=0
shrinkage=0.02


Tree=132
num_leaves=15
num_cat=0
split_feature=54 54 62 61 29 6 7 53 44 8 41 56 54 19
split_gain=69.5176 34.1035 5.33183 4.23173 5.18348 4.15214 3.48799 3.109 2.6969 1.74604 1.46833 1.44325 1.34318 1.32758
threshold=0.944402575492859 0.012768768705427648 0.98750001192092907 0.81339284777641307 0.61805555224418651 0.0014830057625658812 -1.0263707637786863 -1.4741440415382383 0.94891491532325756 0.22500000149011615 0.94097220897674572 0.95346319675445568 0.22075273096561435 0.51388889551162731
decision_type=2 2 2 2 2 2 2 2 2 2 2 2 2 2
left_child=1 7 13 10 6 8 -5 -1 -6 -10 12 -8 -3 -2
right_child=2 3 -4 4 5 -7 11 -9 9 -11 -12 -13 -14 -15
leaf_value=-0.018102150528353983 -0.002679928116542326 -0.0084020244641963091 0.016891222146492572 -0.0001719227482507981 -0.0033711679422451946 -0.0099748955490285632 0.012838418374374253 0 -2.6914392275401568e-05 0.007133211235540911 0.00072479299286903973 0 -0.00093892417051918671 0.0050167389115652996
leaf_weight=62.638140980154276 3.4869457113964044 28.304478756093886 69.482376831234433 9.8082956593134423 21.400616747734603 10.294369936571455 18.968466139718661 2.6854142447118639 10.835711515450383 22.524380221206229 7.4727495500119394 5.6191860915860152 30.575468014227226 16.090139824314974
leaf_count=44111 375 7484 4141 1293 3258 211 695 1607 1387 1456 654 84 3718 6325
internal_value=0 -0.0057936 0.0143621 -0.0005812 0.00179412 -0.00122308 0.00746729 -0.0172721 0.000880501 0.00446291 -0.00438184 0.0108272 -0.00549347 0.00217228
internal_weight=320.187 231.127 89.0595 165.804 99.451 65.0551 34.3959 65.3236 54.7607 33.3601 66.3527 24.5877 58.8799 19.5771
internal_count=76799 65958 10841 20240 8384 6312 2072 45718 6101 2843 11856 779 11202 6700
is_linear=0
shrinkage=0.02


Tree=133
num_leaves=15
num_cat=0
split_feature=54 55 61 29 62 6 57 44 58 41 54 8 6 34
split_gain=66.9882 33.3225 5.2016 6.1356 4.92017 4.57772 3.79349 2.48861 2.47437 2.17737 2.36557 1.74566 1.22337 1.21056
threshold=0.944402575492859 0.47213622927665716 0.81339284777641307 0.61805555224418651 0.86805555224418651 0.0014830057625658812 -1.5732565522193906 0.94891491532325756 0.97546309232711803 0.88194444775581371 0.11653564870357515 0.22500000149011615 -5.6912610530853263 0.99919998645782482
decision_type=2 2 2 2 2 2 2 2 2 2 2 2 2 2
left_child=1 -1 9 6 -2 7 -4 -5 -6 10 -3 -9 -8 -14
right_child=4 2 3 5 8 -7 12 11 -10 -11 -12 -13 13 -15
leaf_value=-0.018193216741456412 0.0010081418403155276 -0.010384569477375222 -0.0012182343678375407 -0.0033162850434566601 0 -0.010519389895618817 0 -0.00026152819659537168 0.017213235068806013 0.00092218416434558406 -0.0012337959729935742 0.0069274677560533958 0.013577074248019929 0
leaf_weight=55.865761290624505 15.177916829008607 26.871204337381641 7.4594494359916999 21.839070805028314 4.1266777481650925 10.970475249341687 1.4870977564714873 10.684909668081671 67.572266216622666 10.441716251341857 33.434793941618409 22.267625145716011 20.459552789485318 6.8001211418304583
leaf_count=34806 5811 14571 1744 3854 275 213 17 1515 4755 1981 4514 1606 790 347
internal_value=0 -0.00569295 -0.000931602 0.00172635 0.0142863 -0.00160182 0.00774586 0.000687583 0.0163763 -0.00495888 -0.00641289 0.00420813 0.0106942 0.0115592
internal_weight=315.459 228.582 172.716 101.968 86.8769 65.7621 36.2062 54.7916 71.6989 70.7477 60.306 32.9525 28.7468 27.2597
internal_count=76799 65958 31152 10086 10841 7188 2898 6975 5030 21066 19085 3121 1154 1137
is_linear=0
shrinkage=0.02


Tree=134
num_leaves=15
num_cat=0
split_feature=55 54 59 28 6 27 62 51 57 41 26 54 54 8
split_gain=64.8191 31.4884 6.35807 6.31066 4.59768 3.52652 3.19378 2.43449 2.46499 2.28174 1.34568 1.37629 1.30052 1.16124
threshold=0.58359134197235119 0.96721947193145763 0.84523808956146251 0.9961758852005006 0.25030054152011877 0.55277779698371898 0.85357144474983226 -0.0015570957330055533 1.1973950862884524 0.63194444775581371 0.99721837043762218 0.71301564574241649 0.81527280807495128 0.15476191043853763
decision_type=2 2 2 2 2 2 2 2 2 2 2 2 2 2
left_child=5 2 10 7 13 -1 -3 -4 9 -9 11 -2 -6 -5
right_child=1 6 3 4 12 -7 -8 8 -10 -11 -12 -13 -14 -15
leaf_value=-0.018379696284051388 -0.007880427290403098 0.00044113066138587855 0.013308435089721325 -0.0026416737766516928 -0.013728100380611036 -0.0036938569745954193 0.016683193169324918 -0.0059410599345643559 0.0087203545397625173 0.0034544360759332917 0 0 0 0.0038936633886304441
leaf_weight=54.169718592544086 33.041802810417721 9.7440257317794003 16.447234551073052 5.7031504181213704 6.1025007401476596 18.24359358617221 65.574067772919079 11.42096844178741 9.9117480725981277 15.026165713585213 28.904930994671304 11.1808506809175 2.7331939153373241 23.079652144340798
leaf_count=34087 9538 4878 947 1297 89 7907 4727 2079 143 1426 5330 1642 38 2671
internal_value=0 0.00507392 0 0.00342878 -0.00206468 -0.0157093 0.0151626 0.00762749 0.00263209 -0.000100221 -0.00417676 -0.00614803 -0.0110943 0.00149688
internal_weight=311.284 238.87 163.552 90.4246 37.6185 72.4133 75.3181 52.8061 36.3589 26.4471 73.1276 44.2227 8.83569 28.7828
internal_count=76799 34805 25200 8690 4095 41994 9605 4595 3648 3505 16510 11180 127 3968
is_linear=0
shrinkage=0.02


Tree=135
num_leaves=15
num_cat=0
split_feature=53 55 16 54 41 48 18 54 0 0 50 50 57 59
split_gain=63.588 33.0801 4.51792 3.2898 3.68328 2.66431 2.37901 2.45496 2.27723 3.15262 1.73169 1.66354 1.75276 1.57284
threshold=3.319252729415894 0.47213622927665716 1.0000000180025095e-35 0.75108262896537792 0.80902779102325451 0.55225577950477611 0.99702823162078869 0.15110272914171222 -19.499999999999996 -20.499999999999996 0.050072040408849723 0.2873531728982926 -1.5732565522193906 0.96428570151329052
decision_type=2 2 2 2 2 2 2 2 2 2 2 2 2 2
left_child=1 -1 3 4 8 11 7 -6 9 -3 -8 12 -4 -2
right_child=13 2 5 -5 6 -7 10 -9 -10 -11 -12 -13 -14 -15
leaf_value=-0.018032698517920911 0 -0.0058211722589906903 0 0.0020899218870124208 0.010613010407066413 -0.00044504320008169313 -0.0055042322796294294 -0.0010911638080947491 -0.0085395819180283349 0.0040862394322213925 0.0028146823429338174 0 0.015803774285364846 0.015929359502735527
leaf_weight=53.173783774866024 3.0830899714201214 19.652725823281799 0.78789905409212035 46.554410339100286 9.3110479930182901 3.7190049252531017 16.379177963652186 3.6202157589141271 47.546798112656688 15.855048301251371 6.5285893050895529 0.56644745368976224 7.989032865414627 70.433872549416265
leaf_count=34806 1172 5188 1108 8411 648 984 4172 160 13114 1879 632 15 318 4192
internal_value=0 -0.00518462 -0.000659756 -0.00182505 -0.00362727 0.00809148 0.000955091 0.00659872 -0.00585829 -0.000747132 -0.00202642 0.0120602 0.013887 0.0153693
internal_weight=305.201 231.684 178.51 165.448 118.894 13.0624 35.839 12.9313 83.0546 35.5078 22.9078 9.34338 8.77693 73.517
internal_count=76799 71435 36629 34204 25793 2425 5612 808 20181 7067 4804 1441 1426 5364
is_linear=0
shrinkage=0.02


Tree=136
num_leaves=15
num_cat=0
split_feature=53 54 24 56 53 53 18 59 59 18 40 0 23 32
split_gain=61.6779 32.2532 7.6553 3.85452 3.06425 2.3683 4.42668 1.76714 1.54524 1.6503 1.43254 1.42738 1.39712 1.33274
threshold=3.319252729415894 0.012768768705427648 0.36614532768726354 0.94868421554565441 -1.4741440415382383 0.13320740312337878 0.99506169557571422 0.86607143282890331 0.96428570151329052 0.99506169557571422 0.44722221791744238 -59.499999999999993 0.73750001192092907 0.94348362088203441
decision_type=2 2 2 2 2 2 2 2 2 2 2 2 2 2
left_child=1 4 12 5 -1 6 11 -7 -2 -10 -8 -4 -3 -5
right_child=8 2 3 13 -6 7 10 -9 9 -11 -12 -13 -14 -15
leaf_value=-0.017826450533103371 0 0.012416503272403534 -0.0010990087729855849 0 0 -0.00014581740688683303 0 0.0053442951972206632 0 0.016477297387466332 -0.0072242200284315669 0.0069728875636209673 0 -0.011518163567726678
leaf_weight=56.886959452211158 2.9932993315160266 12.763725483557208 3.6579349713865659 1.3512122989050102 2.5249993422185062 49.235399793455144 5.1237156395218326 25.647958796384046 3.0688244179764288 65.777255818538833 45.523649085953366 11.766620303562375 1.0482067769626144 12.843702132871838
leaf_count=44111 1172 636 467 28 1607 10296 795 2128 123 4069 10405 651 15 296
internal_value=0 -0.00512831 -0.000292698 -0.00190602 -0.0169483 -0.000460361 -0.0032077 0.00166432 0.0153105 0.0158686 -0.00613276 0.0039753 0.010934 -0.0099528
internal_weight=300.213 228.374 168.962 155.15 59.412 140.955 66.0719 74.8834 71.8394 68.8461 50.6474 15.4246 13.8119 14.1949
internal_count=76799 71435 25717 25066 45718 24742 12318 12424 5364 4192 11200 1118 651 324
is_linear=0
shrinkage=0.02


Tree=137
num_leaves=15
num_cat=0
split_feature=61 53 54 24 6 57 28 32 64 11 58 11 54 41
split_gain=59.5361 20.3991 16.6872 7.29533 4.60775 4.04551 3.25306 2.08152 1.89641 2.18907 1.59674 1.40525 1.3063 1.688
threshold=0.81339284777641307 4.6326708793640146 0.018869153223931793 0.36614532768726354 0.03499040566384793 -1.6176033020019529 0.97780856490135204 0.95837098360061657 1.0000000180025095e-35 20.500000000000004 0.055675799027085311 6.5000000000000009 0.81527280807495128 0.94097220897674572
decision_type=2 2 2 2 2 2 2 2 2 2 2 2 2 2
left_child=2 3 -1 10 5 11 -6 -8 9 -7 -2 -5 13 -4
right_child=1 -3 12 4 6 8 7 -9 -10 -11 -12 -13 -14 -15
leaf_value=-0.017716500197930921 0 0.017235554388450872 -0.0055504033103730404 0.0019513639666928757 0.0016315942475599741 0.0095139411131546295 0 -0.013270565027541276 -0.00016400335287917181 -0.00020858311506383298 0.01346203306927011 -0.0041214070879356966 0.0010728754723805648 0.0016736681848159693
leaf_weight=57.192955576087115 0.89933532284340145 51.537413994636154 43.194008473015856 13.100250461895483 4.6477862939063934 32.195243128837319 2.1057656649791179 12.983856360049684 6.279856507520889 4.2020193931239183 16.485381735983538 29.26308585004881 15.576432663860031 6.2509038401767603
leaf_count=43779 767 3277 8400 2876 171 1855 63 369 1039 369 867 7254 5227 486
internal_value=0 0.00741269 -0.0103663 0.00232689 0 0.00215291 -0.00727859 -0.0110285 0.00620782 0.00784761 0.0121799 -0.00162534 -0.00239093 -0.00401133
internal_weight=295.914 173.7 122.214 122.163 104.778 85.0405 19.7374 15.0896 42.6771 36.3973 17.3847 42.3633 65.0213 49.4449
internal_count=76799 18907 57892 15630 13996 13393 603 432 3263 2224 1634 10130 14113 8886
is_linear=0
shrinkage=0.02


Tree=138
num_leaves=15
num_cat=0
split_feature=54 53 24 56 53 53 18 57 59 18 32 0 58 19
split_gain=56.6415 30.7957 8.16744 4.29067 3.09071 2.27878 4.08831 2.02563 1.48123 1.88579 1.46478 1.39392 1.08783 0.964041
threshold=0.012768768705427648 3.4091784954071049 0.36614532768726354 0.94868421554565441 -1.4741440415382383 0.13320740312337878 0.99506169557571422 0.49902789294719702 0.96428570151329052 0.99506169557571422 0.94348362088203441 -59.499999999999993 0.27964638173580175 0.96651786565780651
decision_type=2 2 2 2 2 2 2 2 2 2 2 2 2 2
left_child=4 2 -2 5 13 6 11 -7 -3 -10 -5 -4 -12 -1
right_child=1 8 3 10 -6 7 -8 -9 9 -11 12 -13 -14 -15
leaf_value=-0.017901887530061934 0.011411741740690604 0 -0.0011325033136656353 0 0 0 -0.0058862321181980823 0.0071851846335340341 0 0.016415616918063997 0 0.0068491473956610116 -0.013152969344814899 0
leaf_weight=53.966840754350414 14.090106141287832 2.5735719678341402 3.5652484983147579 1.4038555454462756 2.4554239968711036 60.05423957601306 49.394481043680571 13.932313692697788 2.4309282178874119 61.292635356076062 1.8839852967066679 11.682142287841996 11.785798855737083 0.36008616728940879
leaf_count=44037 676 970 467 29 1607 12166 11200 511 97 3999 47 651 268 74
internal_value=0 0.00443405 -0.000109322 -0.00180323 -0.0167601 -0.000260748 -0.00301443 0.00182731 0.0152545 0.015797 -0.0100487 0.00386524 -0.0116696 -0.0176722
internal_weight=290.872 234.089 167.792 153.702 56.7824 138.628 64.6419 73.9866 66.2971 63.7236 15.0736 15.2474 13.6698 54.3269
internal_count=76799 31081 26015 25339 45718 24995 12318 12677 5066 4096 344 1118 315 44111
is_linear=0
shrinkage=0.02


Tree=139
num_leaves=15
num_cat=0
split_feature=55 53 1 23 11 18 0 61 56 32 54 59 18 6
split_gain=55.9634 27.9564 6.84203 3.30678 3.17119 2.94774 3.73558 2.46877 1.85122 1.55888 1.45779 1.44241 1.89634 1.15983
threshold=0.58359134197235119 3.4091784954071049 1.5000000000000002 0.55277779698371898 6.5000000000000009 0.99728628993034374 -5.4999999999999991 0.84861111640930187 0.82843136787414562 0.98868349194526683 0.073939416557550444 0.96428570151329052 0.99506169557571422 -5.6912610530853263
decision_type=2 2 2 2 2 2 2 2 2 2 2 2 2 2
left_child=3 2 7 -1 5 9 -7 -2 10 -4 -6 -3 -13 -9
right_child=1 11 4 -5 8 6 -8 13 -10 -11 -12 12 -14 -15
leaf_value=-0.018009008557153018 -0.00072825946484495179 0 0.010303693814235791 -0.0032378892818587276 -0.0056094846671984463 0.0039221678216272574 -0.0073257879688272956 0 -0.0067415465295793441 0 0.00090333489789514224 0 0.016378782374853029 0.013098664711284473
leaf_weight=48.600666035548784 1.5723132205457684 2.5228518861404146 12.044658823579082 16.858667887601769 10.62784300567 17.586648115422577 14.194356259758935 0.6674896446056654 39.44070673303213 2.0148467562976284 41.209842663840391 2.4222545437805811 59.886818394297734 15.325075472850584
leaf_count=34089 1688 970 551 7905 6491 2729 2605 17 6161 197 8415 97 3999 885
internal_value=0 0.00489399 0 -0.0152991 -0.00156567 0.00213422 -0.000743467 0.00985038 -0.00374869 0.0081486 -0.000430566 0.0152054 0.0157463 0.0121003
internal_weight=284.975 219.516 154.684 65.4593 137.119 45.8405 31.781 17.5649 91.2784 14.0595 51.8377 64.8319 62.3091 15.9926
internal_count=76799 34805 29739 41994 27149 6082 5334 2590 21067 748 14906 5066 4096 902
is_linear=0
shrinkage=0.02


Tree=140
num_leaves=15
num_cat=0
split_feature=55 53 1 23 11 18 0 61 56 32 18 59 54 21
split_gain=54.2485 27.0545 5.91974 3.23502 3.01055 2.84563 3.67156 2.32459 1.60198 1.54495 1.48037 1.81874 1.38562 1.10697
threshold=0.58359134197235119 3.4091784954071049 1.5000000000000002 0.55277779698371898 6.5000000000000009 0.99728628993034374 -5.4999999999999991 0.84861111640930187 0.82843136787414562 0.98868349194526683 0.99506169557571422 0.96428570151329052 0.073939416557550444 0.88194444775581371
decision_type=2 2 2 2 2 2 2 2 2 2 2 2 2 2
left_child=3 2 7 -1 5 9 -7 -2 12 -4 -3 -12 -6 -10
right_child=1 10 4 -5 8 6 -8 -9 13 -11 11 -13 -14 -15
leaf_value=-0.01792651814636018 -0.00077174736413245567 0 0.010221355526393186 -0.003173739976771311 -0.0055111897171670129 0.0039463291354268808 -0.0072532881895192563 0.011474808865811053 -0.0074168403333232944 0 0 0.016290688080466766 0.00085946926821872899 0
leaf_weight=47.483575737569481 1.5751649277372077 2.7307319546816862 11.972594471531918 16.634438017936191 10.449399076489497 17.416962322458858 14.025377290454346 15.735755689733194 35.394466678815661 2.0087659005948799 2.1657229932752662 58.519278496038169 40.648495753019233 3.3816476281208443
leaf_count=34089 1688 160 551 7905 6491 2729 2605 902 5743 197 907 3999 8415 418
internal_value=0 0.00485019 0 -0.0152101 -0.00144951 0.00215622 -0.000680129 0.0092251 -0.0036057 0.00806348 0.015106 0.0156891 -0.000434001 -0.0064244
internal_weight=280.142 216.024 152.609 64.118 135.298 45.4237 31.4423 17.3109 89.874 13.9814 63.4157 60.685 51.0979 38.7761
internal_count=76799 34805 29739 41994 27149 6082 5334 2590 21067 748 5066 4906 14906 6161
is_linear=0
shrinkage=0.02


Tree=141
num_leaves=15
num_cat=0
split_feature=55 53 45 11 23 18 17 61 24 18 56 23 27 54
split_gain=52.4795 26.1189 5.0392 3.55948 3.30968 2.89857 3.8531 1.6635 1.97348 1.5549 1.39404 1.70733 1.50836 1.26252
threshold=0.58359134197235119 3.4091784954071049 96.500000000000014 6.5000000000000009 0.55277779698371898 0.99728628993034374 5.5000000000000009 0.79543650150299083 0.96368375420570385 0.99506169557571422 0.82843136787414562 0.27638889849185949 0.91145834326744091 0.073939416557550444
decision_type=2 2 2 2 2 2 2 2 2 2 2 2 2 2
left_child=4 2 7 5 -1 -4 -7 -2 -9 -3 13 -12 -13 -5
right_child=1 9 3 10 -6 6 -8 8 -10 -11 11 12 -14 -15
leaf_value=-0.017863520350269294 0 0 0.0084935382656659789 -0.0054470322718949537 -0.0030193217963800549 -0.0072364454296260997 0.0043712316798166827 0.012204407016156691 0 0.015586314500849359 0.0011079162433225984 -0.0091898988287138009 0 0.00062105046326239258
leaf_weight=46.427423363609705 3.1795058607094715 2.7418695210653814 13.702412956525221 10.171501779419485 16.419579647117644 13.67274872523558 17.259052889770828 14.455335582082625 1.9766084402217536 59.366891566969571 2.0559259970177655 30.538947364024352 5.4786900214239713 38.709774455113802
leaf_count=34089 1768 160 742 6542 7905 2599 2739 926 317 4906 124 5042 766 8174
internal_value=0 0.00478924 0 -0.00140801 -0.0151061 0.0025619 -0.000357359 0.00808828 0.0101338 0.0149765 -0.00380412 -0.00648429 -0.00772481 -0.000628934
internal_weight=276.156 213.309 151.201 131.589 62.847 44.6342 30.9318 19.6114 16.4319 62.1088 86.9548 38.0736 36.0176 48.8813
internal_count=76799 34805 29739 26728 41994 6080 5338 3011 1243 5066 20648 5932 5808 14716
is_linear=0
shrinkage=0.02


Tree=142
num_leaves=15
num_cat=0
split_feature=55 53 45 11 23 18 0 59 18 59 62 56 23 27
split_gain=51.0437 25.3615 4.9043 3.66509 3.1745 2.91421 3.79556 1.54203 1.53289 1.64283 1.41968 1.36338 1.40504 1.52223
threshold=0.58359134197235119 3.4091784954071049 96.500000000000014 6.5000000000000009 0.55277779698371898 0.99728628993034374 -5.4999999999999991 0.78174602985382091 0.99506169557571422 0.96428570151329052 0.54687500000000011 0.82843136787414562 0.27638889849185949 0.91145834326744091
decision_type=2 2 2 2 2 2 2 2 2 2 2 2 2 2
left_child=4 2 7 5 -1 -4 -7 -2 -3 -10 -9 -5 -13 -14
right_child=1 8 3 11 -6 6 -8 10 9 -11 -12 12 13 -15
leaf_value=-0.017774327000986585 0 0 0.0085758678817378382 -0.00066874681069196626 -0.0030106516688062734 0.0043916230780298394 -0.0071662317184701422 0 0 0.016090343145706936 0.011232658828680964 0.00034502295487353571 -0.0090993602548351555 0
leaf_weight=45.458939640579047 2.7164169469469952 2.7246867380454196 13.682303717650937 48.320720960109611 16.24317636237538 17.111618275710498 13.577458252198996 0.8922955621965255 2.2119866291468488 56.029699037782848 15.832875976848298 1.8731509494828049 29.994140218841494 5.4003570163913528
leaf_count=34089 1095 160 742 14716 7905 2739 2599 553 907 3999 1363 124 5042 766
internal_value=0 0.00474955 0 -0.00139235 -0.0150272 0.0026434 -0.000307084 0.00800931 0.0148797 0.0154935 0.0098738 -0.00385028 -0.00653966 -0.00760846
internal_weight=272.07 210.368 149.401 129.96 61.7021 44.3714 30.6891 19.4416 60.9664 58.2417 16.7252 85.5884 37.2676 35.3945
internal_count=76799 34805 29739 26728 41994 6080 5338 3011 5066 4906 1916 20648 5932 5808
is_linear=0
shrinkage=0.02


Tree=143
num_leaves=15
num_cat=0
split_feature=55 53 1 11 23 18 0 61 56 32 18 59 27 22
split_gain=49.1788 24.6727 5.06444 3.36661 2.99687 2.95213 3.62169 2.44317 1.74645 1.6319 1.50044 1.56811 1.26056 1.16189
threshold=0.58359134197235119 3.4091784954071049 1.5000000000000002 6.5000000000000009 0.55277779698371898 0.99728628993034374 -5.4999999999999991 0.84861111640930187 0.82843136787414562 0.98868349194526683 0.99506169557571422 0.96428570151329052 0.91145834326744091 0.46632769703865057
decision_type=2 2 2 2 2 2 2 2 2 2 2 2 2 2
left_child=4 2 7 5 -1 9 -7 -2 -5 -4 -3 -12 13 -10
right_child=1 10 3 8 -6 6 -8 -9 12 -11 11 -13 -14 -15
leaf_value=-0.017619163787201346 -0.0012447825324646195 0 0.010616206458716075 -0.00034824955540491793 -0.0030055021307606078 0.0041361971332973483 -0.007111006687513073 0.01110656166711234 0 0 0 0.015980420762364146 0 -0.0089588724130516429
leaf_weight=44.40683858092234 1.6627839290013096 2.7088272147520902 12.041354613291331 48.972625142210745 16.08982889962499 16.952561921309098 13.720361365529245 15.187995372514704 2.5852221711247685 1.969868197600589 2.1830394943244746 54.868961512809619 5.3444559825002207 29.614580542096519
leaf_count=34089 1688 160 551 14906 7905 2729 2605 902 300 197 907 3999 774 5087
internal_value=0 0.00467916 0 -0.00135196 -0.0148917 0.00249325 -0.000484967 0.00862232 -0.0036967 0.00843032 0.0147742 0.0153908 -0.00664983 -0.00794431
internal_weight=268.309 207.813 148.052 131.201 60.4967 44.6841 30.6729 16.8508 86.5169 14.0112 59.7608 57.052 37.5443 32.1998
internal_count=76799 34805 29739 27149 41994 6082 5334 2590 21067 748 5066 4906 6161 5387
is_linear=0
shrinkage=0.02


Tree=144
num_leaves=15
num_cat=0
split_feature=55 53 1 41 54 56 61 18 59 36 50 11 27 22
split_gain=47.7564 23.9137 4.86791 2.93839 2.92261 2.85425 2.2652 1.6039 1.49656 1.46588 2.01295 1.2671 1.22401 1.36375
threshold=0.58359134197235119 3.4091784954071049 1.5000000000000002 0.88194444775581371 0.049673723056912429 0.82843136787414562 0.84861111640930187 0.99506169557571422 0.96428570151329052 0.99648505449295055 0.021404022350907329 6.5000000000000009 0.91145834326744091 0.46632769703865057
decision_type=2 2 2 2 2 2 2 2 2 2 2 2 2 2
left_child=3 2 6 4 -1 9 -2 -3 -9 -4 -11 -7 13 -13
right_child=1 7 5 -5 -6 11 -8 8 -10 10 -12 12 -14 -15
leaf_value=-0.017685445414511551 -0.0010361643753235422 0 -0.00075067840439280024 0 0 0 0.010808473404623674 0 0.015889773237536178 0 0.0082240192668727695 0 0 -0.0088517331585986053
leaf_weight=47.006360009661876 1.6122545008111071 2.7293479120125985 41.116966735949973 6.9664641913113874 5.505107940058223 23.847743368227384 15.275042961351572 2.1555417200434013 53.83856440873933 13.07017411774723 14.558864264647125 2.6834784744860398 5.2779323742724946 29.140188003453659
leaf_count=38534 1688 160 11012 2601 859 2452 902 907 3999 4904 2620 300 774 5087
internal_value=0 0.00463201 0 -0.0147929 -0.0162542 -0.00132988 0.00844949 0.0146577 0.0153082 0.00111225 0.00434228 -0.00435673 -0.0063826 -0.00767377
internal_weight=264.784 205.306 146.583 59.4779 52.5115 129.695 16.8873 58.7235 55.9941 68.746 27.629 60.9493 37.1016 31.8237
internal_count=76799 34805 29739 41994 39393 27149 2590 5066 4906 18536 7524 8613 6161 5387
is_linear=0
shrinkage=0.02


Tree=145
num_leaves=15
num_cat=0
split_feature=54 53 47 53 11 18 53 56 59 18 0 59 47 41
split_gain=45.9326 25.0962 5.58255 2.93126 2.30591 2.97339 3.76285 2.69835 1.8835 1.73951 1.70437 1.40459 1.21108 1.13439
threshold=0.012768768705427648 3.4091784954071049 84.500000000000014 -1.4741440415382383 20.500000000000004 0.99627557396888744 -0.34166108071804041 0.94868421554565441 0.78174602985382091 0.99469491839408886 -19.499999999999996 0.96428570151329052 265.50000000000006 0.61805555224418651
decision_type=2 2 2 2 2 2 2 2 2 2 2 2 2 2
left_child=3 2 8 -1 5 12 10 13 -2 -3 -7 -11 -4 -8
right_child=1 9 4 -5 -6 6 7 -9 -10 11 -12 -13 -14 -15
leaf_value=-0.017171406289714943 0 0 0.0077147396672859357 0 -0.0059743331869504699 0 0 -0.0065380435277044959 0.010955524785427852 0 -0.0090037892373618263 0.015736979284758403 0 0.0048875208963010492
leaf_weight=46.661417721014004 2.2694653217040477 2.0548646307724985 15.45966898542247 2.2361711314879349 30.579035652830498 4.1444498121272799 18.702534905300126 7.4922379738127338 14.396317575126886 2.1338912857754613 23.770328360667918 53.644076364333159 5.8256454673828548 32.47826979427191
leaf_count=44111 372 129 822 1607 7613 702 3972 182 785 909 5948 4028 456 5163
internal_value=0 0.00411423 -5.93151e-05 -0.0161891 -0.00169711 0 -0.00189774 0.00066957 0.00875664 0.0145689 -0.0072055 0.0151751 0.0054893 0.00289999
internal_weight=261.848 212.951 155.118 48.8976 138.452 107.873 86.5878 58.673 16.6658 57.8328 27.9148 55.778 21.2853 51.1808
internal_count=76799 31081 26015 45718 24858 17245 15967 9317 1157 5066 6650 4937 1278 9135
is_linear=0
shrinkage=0.02


Tree=146
num_leaves=15
num_cat=0
split_feature=55 53 1 56 41 54 61 18 53 0 50 59 19 57
split_gain=44.666 22.8904 4.49261 3.01723 2.98899 2.5306 2.24536 1.85881 1.46434 1.33355 1.55934 1.33273 1.30628 1.13134
threshold=0.58359134197235119 3.4091784954071049 1.5000000000000002 0.82843136787414562 0.88194444775581371 0.049673723056912429 0.84861111640930187 0.99506169557571422 1.7075648903846743 -6.4999999999999991 -0.013138817623257635 0.96428570151329052 0.18303571641445163 1.6713425517082217
decision_type=2 2 2 2 2 2 2 2 2 2 2 2 2 2
left_child=4 2 6 9 5 -1 -2 -3 -8 -4 -11 -9 -5 -14
right_child=1 7 3 12 -6 -7 8 11 -10 10 -12 -13 13 -15
leaf_value=-0.017486032324598635 -0.0012021230511811577 0 -0.00021673445719317644 0.00046973153747451024 0 0 0.012618836085396582 0 0 -0.00084973174614598826 0.0073769250476103578 0.015740230102350622 -0.0063817773211264821 0
leaf_weight=44.87979489195277 1.6232512053829875 2.7735554194659917 47.031233391331625 6.3322788453369858 6.8676912771479683 5.3787183970853212 11.983515718049601 2.1181976225198005 3.2279861485585561 3.7800458252459093 16.053166443656664 52.107601834140951 49.888944485006505 4.0017074465285978
leaf_count=38534 1688 160 14952 562 2601 859 822 907 80 1250 2334 3999 7945 106
internal_value=0 0.00450054 0 -0.00135344 -0.0145924 -0.0161047 0.00806788 0.0144524 0.0104749 0.00120749 0.00487833 0.0151814 -0.00447273 -0.00553341
internal_weight=258.048 200.921 143.922 127.087 57.1262 50.2585 16.8348 56.9994 15.2115 66.8644 19.8332 54.2258 60.2229 53.8907
internal_count=76799 34805 29739 27149 41994 39393 2590 5066 902 18536 3584 4906 8613 8051
is_linear=0
shrinkage=0.02


Tree=147
num_leaves=15
num_cat=0
split_feature=54 53 49 6 53 46 53 28 57 25 59 32 18 61
split_gain=43.3326 23.1649 5.11524 3.30146 3.79207 3.54424 2.78758 2.51698 2.46154 3.20743 1.78663 1.64786 1.35805 1.25966
threshold=0.012768768705427648 4.6326708793640146 85.500000000000014 0.062361473217606551 0.96825629472732555 0.96679732203483593 -1.4741440415382383 0.97780856490135204 -1.7479034066200254 0.18303571641445163 0.78174602985382091 0.95837098360061657 0.99713876843452465 0.81041666865348827
decision_type=2 2 2 2 2 2 2 2 2 2 2 2 2 2
left_child=6 2 10 4 5 12 -1 -5 -6 -10 -2 -9 -4 -7
right_child=1 -3 3 7 8 13 -8 11 9 -11 -12 -13 -14 -15
leaf_value=-0.01700969056649184 0 0.016337294964750455 0 0.00065832159105235226 0 -0.0012521173899491997 0 0 -0.0030775206251166267 0.010750864197950405 0.010777144357631243 -0.01282378004161207 -0.0081563786691137216 0.0043754370034806353
leaf_weight=44.713412236756994 2.2798659861146016 40.712668804917485 11.43104419618612 3.7609991227800519 28.099866597505752 19.225510530144675 2.1535890840750644 1.7855671028082714 1.4821147923357809 21.172403790129465 15.875346126529621 11.848379379633114 28.08892657875549 21.218930086295586
leaf_count=44111 390 3277 1231 171 8877 3599 1607 69 5 1386 917 418 8533 2208
internal_value=0 0.00403614 0.000312594 -0.000882415 0.000148442 -0.00227708 -0.0160332 -0.00767856 0.00430215 0.00832163 0.00878695 -0.0108754 -0.00620502 0.00127797
internal_weight=253.849 206.982 166.269 148.114 130.719 79.9644 46.867 17.3949 50.7544 22.6545 18.1552 13.6339 39.52 40.4444
internal_count=76799 31081 27804 26497 25839 15571 45718 658 10268 1391 1307 487 9764 5807
is_linear=0
shrinkage=0.02


Tree=148
num_leaves=15
num_cat=0
split_feature=54 53 49 15 8 58 53 0 61 44 56 54 61 48
split_gain=41.9919 22.3943 4.49104 4.25431 3.38896 3.03384 2.75626 2.47949 2.16344 1.74062 1.25593 1.38133 1.17253 1.12996
threshold=0.012768768705427648 4.6326708793640146 137.50000000000003 1.0000000180025095e-35 0.29166667163372045 0.77209585905075084 -1.4741440415382383 1.0000000180025095e-35 0.81651785969734203 0.9970972239971162 0.52786380052566539 0.75108262896537792 0.77817460894584667 0.99140092730522167
decision_type=2 2 2 2 2 2 2 2 2 2 2 2 2 2
left_child=6 2 5 4 10 -2 -1 -5 -6 -10 -4 13 -7 -12
right_child=1 -3 3 7 8 12 -8 -9 9 -11 11 -13 -14 -15
leaf_value=-0.01692348980461103 -2.5605458354603793e-05 0.016214476498817451 0.0029004266848141258 -0.013016887272081923 -0.00080140305885057677 0 0 0 0.0083354544342090636 -0.00073103303109647757 -0.006309493603049398 0 0.010977831232124632 0
leaf_weight=43.735708639535005 12.8444308170001 39.819805480045034 4.500350707297911 10.29219821743027 11.812326538129126 3.5703175784874501 2.1244458346918682 6.1542691995855412 28.567029928701235 2.3127872428740366 39.202241120685358 17.314313024864532 20.042385104417917 7.3049167881836174
leaf_count=44111 2245 3277 296 273 3168 998 1607 187 2795 175 9103 5678 1769 1117
internal_value=0 0.00399793 0.000312167 -0.00132666 4.06057e-05 0.00602289 -0.0159385 -0.00909198 0.00431825 0.00685482 -0.00238697 -0.00343324 0.00954655 -0.00509192
internal_weight=249.598 203.737 163.918 127.46 111.014 36.4571 45.8602 16.4465 42.6921 30.8798 68.3218 63.8215 23.6127 46.5072
internal_count=76799 31081 27804 22792 22332 5012 45718 460 6138 2970 16194 15898 2767 10220
is_linear=0
shrinkage=0.02


Tree=149
num_leaves=15
num_cat=0
split_feature=55 54 28 57 62 23 5 64 17 11 56 8 51 44
split_gain=41.4828 18.454 3.82248 4.89262 3.1277 2.86724 2.29684 2.32763 2.06535 2.29734 1.97376 1.31125 1.10651 1.2366
threshold=0.58359134197235119 0.96721947193145763 0.9961758852005006 -1.7479034066200254 0.93303570151329052 0.55277779698371898 -2.5297646522521968 1.0000000180025095e-35 1.0000000180025095e-35 21.500000000000004 0.94868421554565441 0.29166667163372045 0.2994005829095841 0.99256965517997753
decision_type=2 2 2 2 2 2 2 2 2 2 2 2 2 2
left_child=5 2 3 -2 -3 -1 -5 8 -8 12 11 -4 13 -10
right_child=1 4 10 6 -6 -7 7 -9 9 -11 -12 -13 -14 -15
leaf_value=-0.01721830707104641 -0.0019676403210461433 0 -0.0031501557682522279 -0.0013703441499340232 0.015341306907687754 -0.0025594594528249308 0 -0.00034092842869638823 0.014517485995399922 0 -0.0096590034436064981 0.0021396722246632516 0 0
leaf_weight=39.139928279299056 29.103096206803457 8.91812666573969 35.137065050468664 2.8801062570419154 46.314309707668144 15.082548960679558 2.2988487702823468 3.1528066981409202 27.175946307019338 2.0925473434035657 8.2239819586393406 21.921640305779874 1.5953284959541623 2.3627195215085512
leaf_count=34089 8893 5320 9675 43 4285 7905 945 369 1056 168 144 3573 134 200
internal_value=0 0.00444538 8.74853e-05 0.00335314 0.0134731 -0.0143897 0.00744358 0.00886608 0.0103103 0.0115288 -0.00301461 -0.000637782 0.0128181 0.0135496
internal_weight=245.399 191.177 135.944 70.6614 55.2324 54.2225 41.5583 38.6782 35.5254 33.2265 65.2827 57.0587 31.134 29.5387
internal_count=76799 34805 25200 11808 9605 41994 2915 2872 2503 1558 13392 13248 1390 1256
is_linear=0
shrinkage=0.02


Tree=150
num_leaves=15
num_cat=0
split_feature=55 54 11 49 62 41 21 54 61 23 49 6 37 60
split_gain=40.1834 17.9232 3.77504 3.9117 2.87653 2.824 2.07479 2.05884 1.9241 1.72092 1.70717 1.67294 1.68295 1.58653
threshold=0.58359134197235119 0.96721947193145763 6.5000000000000009 131.50000000000003 0.93303570151329052 0.88194444775581371 0.91145834326744091 0.049673723056912429 0.81041666865348827 0.85912698507308971 242.50000000000003 2.5091170072555546 0.059027777984738357 0.88194444775581371
decision_type=2 2 2 2 2 2 2 2 2 2 2 2 2 2
left_child=5 2 6 13 -3 7 8 -1 -2 10 -5 12 -10 -4
right_child=1 4 3 9 -6 -7 -8 -9 11 -11 -12 -13 -14 -15
leaf_value=-0.01717212216968644 0 0 0 -0.0085769454943878318 0.015219773457884155 0 -0.0026688457863111676 0 0 0 0 0 0.010076522863376671 0.0088383236148415912
leaf_weight=41.265768329220009 8.6490195246733474 8.7344894528505375 8.3532881284772866 32.625759830116294 45.29104926463333 6.6060510813986175 4.8883575994987032 5.269087006308836 2.8542829595244248 13.608043933927545 21.163147610612214 2.7140902268001801 31.462270304051344 7.3167161876772289
leaf_count=38534 3047 5320 2782 7690 4285 2601 434 859 331 2947 4575 84 2904 406
internal_value=0 0.00441467 8.14547e-05 -0.00226696 0.0134027 -0.0142892 0.00426685 -0.0158264 0.00583455 -0.0045553 -0.00605969 0.00762945 0.00884469 0.0046194
internal_weight=240.801 187.661 133.635 83.067 54.0255 53.1409 50.568 46.5349 45.6797 67.397 53.7889 37.0306 34.3166 15.67
internal_count=76799 34805 25200 18400 9605 41994 6800 39393 6366 15212 12265 3319 3235 3188
is_linear=0
shrinkage=0.02


Tree=151
num_leaves=15
num_cat=0
split_feature=55 53 59 15 23 61 22 18 32 50 29 22 58 57
split_gain=38.716 19.5656 3.21534 5.0205 2.70645 2.24034 2.46884 1.83922 1.7087 1.68174 1.58072 1.49273 1.4892 1.27567
threshold=0.58359134197235119 3.4091784954071049 0.84523808956146251 1.0000000180025095e-35 0.55277779698371898 0.82182541489601146 0.99749687314033519 0.99469491839408886 0.94698306918144237 0.18438035249710086 0.89087301492691051 0.99724897742271434 0.92005226016044628 -1.6176033020019529
decision_type=2 2 2 2 2 2 2 2 2 2 2 2 2 2
left_child=4 2 11 5 -1 -4 9 -3 -5 10 13 12 -2 -7
right_child=1 7 3 8 -6 6 -8 -9 -10 -11 -12 -13 -14 -15
leaf_value=-0.016974660644447012 -0.0071679191438950608 0 0 0.00086361474414857519 -0.0024489574848184817 0 0 0.014755524962206381 -0.0085004949298793653 0 0 0 0 0.013203017596085888
leaf_weight=37.375039844613639 28.53645809662703 1.9973954155720992 14.829297759089966 3.0563970936927936 14.758711843038325 3.3801278021419447 10.09849502838915 49.099131290233345 10.588329723817877 2.6690608756034626 1.6542878100881342 23.28609919428709 9.336028940510003 26.07300323431264
leaf_count=34089 9667 129 4870 106 7905 1141 1273 4937 254 248 326 6072 4093 1689
internal_value=0 0.00436597 0 0.00286888 -0.0141465 0.00560796 0.0076309 0.0140562 -0.00536818 0.00984226 0.011014 -0.00304762 -0.00523587 0.0120066
internal_weight=236.738 184.604 133.508 72.349 52.1338 58.7043 43.875 51.0965 13.6447 33.7765 31.1074 61.1586 37.8725 29.4531
internal_count=76799 34805 29739 9907 41994 9547 4677 5066 360 3404 3156 19832 13760 2830
is_linear=0
shrinkage=0.02


Tree=152
num_leaves=15
num_cat=0
split_feature=54 53 45 53 18 53 56 11 18 32 11 58 52 59
split_gain=37.4431 20.2151 3.36452 2.58012 2.56529 1.91348 3.32484 1.84796 1.6002 1.48753 1.28936 1.25207 1.224 1.88175
threshold=0.012768768705427648 3.4091784954071049 85.500000000000014 -1.4741440415382383 0.99728628993034374 -0.34166108071804041 0.95119047164917003 20.500000000000004 0.99469491839408886 0.98868349194526683 6.5000000000000009 0.33295343816280371 0.055111972615122802 0.86607143282890331
decision_type=2 2 2 2 2 2 2 2 2 2 2 2 2 2
left_child=3 2 -2 -1 7 -6 10 9 -3 12 -7 -8 13 -4
right_child=1 8 4 -5 5 6 11 -9 -10 -11 -12 -13 -14 -15
leaf_value=-0.016587108105558211 0.0071682545256877717 0 0 0 -0.0069557755832103428 0.0048227063540365609 0 -0.0028096349825377791 0.014562220081906161 -0.00081784204158692633 -0.00045810763479659357 -0.012108923339730782 0 0.011630106021406792
leaf_weight=40.345904836838599 14.471582252765073 1.9340809153509315 5.091658447796374 1.9814408670645196 28.60741361026885 17.534892020485131 1.8444967912510026 6.2060739422013276 48.216100502526388 2.8975948007719117 42.020505431704805 5.1776946214522468 3.9613084029115262 13.382161500747316
leaf_count=44111 1137 129 568 1607 8698 2437 20 1219 4937 316 10797 145 244 434
internal_value=0 0.00387801 0 -0.0155935 -0.00134668 -0.00309271 -0.000521238 0.00274905 0.013917 0.00535214 0.00098967 -0.00957192 0.00717319 0.00886995
internal_weight=233.673 191.346 141.195 42.3273 126.724 95.185 66.5776 31.5388 50.1502 25.3327 59.5554 7.02219 22.4351 18.4738
internal_count=76799 31081 26015 45718 24878 22097 13399 2781 5066 1562 13234 165 1246 1002
is_linear=0
shrinkage=0.02


Tree=153
num_leaves=15
num_cat=0
split_feature=55 54 59 15 61 57 41 61 57 64 54 11 26 33
split_gain=36.4317 16.1742 5.88292 3.89737 2.96733 2.84649 2.7674 2.14551 2.11707 2.1733 2.04183 1.86938 1.75546 1.08441
threshold=0.58359134197235119 0.98631858825683605 0.84523808956146251 1.0000000180025095e-35 0.82182541489601146 2.0066758394241337 0.88194444775581371 0.97048610448837291 -1.6176033020019529 1.0000000180025095e-35 0.049673723056912429 20.500000000000004 0.99721837043762218 0.98750001192092907
decision_type=2 2 2 2 2 2 2 2 2 2 2 2 2 2
left_child=6 2 12 4 -4 7 10 -5 -6 11 -1 13 -2 -10
right_child=1 -3 3 5 8 -7 -8 -9 9 -11 -12 -13 -14 -15
leaf_value=-0.016920814988213434 -0.0061298934286026343 0.014513799426171717 0 0.00044472613583995706 0 0.0053871315946939467 0 -0.0096707558043359343 0.013377915057893843 0 0 0 0 0
leaf_weight=38.71028787844989 35.888263222630485 39.618691866940935 14.229245237860594 5.0011676988797307 6.5663870679709353 4.734771895222365 6.4258282213704652 11.718450713378843 32.386248397189775 3.4790150511835227 5.1157256266451432 3.0312459846172706 22.482597955371602 1.3588241305842519
leaf_count=38534 11896 7559 4571 96 1901 308 2601 224 1757 502 859 207 5696 88
internal_value=0 0.00426394 0.000627911 0.00409662 0.00660001 -0.00184392 -0.013964 -0.00614193 0.00878233 0.0102843 -0.0155379 0.0115772 -0.00372974 0.0127418
internal_weight=230.747 180.495 140.876 82.5054 61.051 21.4544 50.2518 16.7196 46.8217 40.2553 43.826 36.7763 58.3709 33.7451
internal_count=76799 34805 27246 9654 9026 628 41994 320 4455 2554 39393 2052 17592 1845
is_linear=0
shrinkage=0.02


Tree=154
num_leaves=15
num_cat=0
split_feature=55 53 18 20 45 32 52 50 41 18 59 59 43 53
split_gain=35.263 20.4459 2.91778 3.87907 2.76034 2.17919 2.03135 1.98047 2.05329 1.22511 1.07387 1.01412 0.906249 0.840179
threshold=0.47213622927665716 3.4091784954071049 0.99926361441612255 0.96158763766288768 82.500000000000014 0.97882479429245006 0.055111972615122802 0.047149864956736572 0.61805555224418651 0.99469491839408886 0.96428570151329052 0.88194444775581371 0.90312498807907116 2.9765726327896123
decision_type=2 2 2 2 2 2 2 2 2 2 2 2 2 2
left_child=-1 2 3 -2 -4 6 11 13 -9 -3 -11 -5 -13 -6
right_child=1 9 4 5 7 -7 -8 8 -10 10 -12 12 -14 -15
leaf_value=-0.01651315754910819 -0.0024250353635777858 0 0.0060045841442351259 0 -0.0056618185258733855 0 0 -0.0039312765209245891 0.0052028533558716563 0 0.014988500037084166 0.015175096283678207 0 0
leaf_weight=35.61050755418546 17.265975375004928 1.802164626031298 5.45726733446645 1.729462230767244 66.142308776426944 11.479891786948427 2.3510418460937208 9.9903183305432339 13.796605606999945 1.9509856594231667 44.529346974886721 12.412505270927793 0.75187939334136977 2.4967721470748065
leaf_count=34806 5231 129 1453 482 21469 1190 383 2661 2285 909 4028 548 120 1105
internal_value=0 0.00353307 -0.000224789 0.00339033 -0.0023223 0.00751584 0.0109173 -0.00350383 0.000370549 0.0138841 0.014437 0.0130038 0.014273 -0.00515315
internal_weight=227.767 192.157 143.874 45.9908 97.8833 28.7248 17.2449 92.426 23.7869 48.2825 46.4803 14.8938 13.1644 68.6391
internal_count=76799 41993 36927 7954 28973 2723 1533 27520 4946 5066 4937 1150 668 22574
is_linear=0
shrinkage=0.02


Tree=155
num_leaves=15
num_cat=0
split_feature=55 54 59 15 41 54 62 54 64 46 26 32 11 0
split_gain=34.3999 15.1281 5.40675 3.79838 2.67568 2.55299 2.15232 1.91448 1.87057 1.70385 1.66137 1.64642 1.64581 0.900752
threshold=0.58359134197235119 0.98631858825683605 0.84523808956146251 1.0000000180025095e-35 0.88194444775581371 0.944402575492859 0.67738094925880443 0.049673723056912429 1.0000000180025095e-35 0.99468788504600536 0.99721837043762218 0.94698306918144237 20.500000000000004 1.0000000180025095e-35
decision_type=2 2 2 2 2 2 2 2 2 2 2 2 2 2
left_child=4 2 10 6 7 11 -4 -1 9 12 -2 -5 -8 -13
right_child=1 -3 3 5 -6 -7 8 -9 -10 -11 -12 13 -14 -15
leaf_value=-0.016733844969848026 -0.0059658116610324646 0.014295736502565605 -0.00050399499878532486 0.00035981686836009016 0 0.0039279772550154341 0.011293612416117562 0 0 0 0 -0.011011383061710896 0 0
leaf_weight=37.234507612607558 34.77150500685093 38.023738076750305 6.5294654364988665 2.3199271142948446 6.3742408303223774 7.1316803695226545 38.20885315623309 5.0495923274429506 4.6731381161953314 5.4105232056317609 21.918207212147536 8.8297068829997425 5.0669769287196678 3.0873647099360815
leaf_count=38534 11896 7559 3100 46 2601 400 3420 859 932 655 5696 143 919 39
internal_value=0 0.00418813 0.000639262 0.0039825 -0.013768 -0.00186376 0.00649373 -0.0153555 0.00780619 0.00891554 -0.00359284 -0.00651605 0.0100795 -0.0090783
internal_weight=224.629 175.971 137.947 81.2576 48.6583 21.3687 59.889 42.2841 53.3595 48.6864 56.6897 14.237 43.2758 11.9171
internal_count=76799 34805 27246 9654 41994 628 9026 39393 5926 4994 17592 228 4339 182
is_linear=0
shrinkage=0.02


Tree=156
num_leaves=15
num_cat=0
split_feature=54 53 45 11 18 11 53 50 54 32 59 62 56 59
split_gain=33.3019 18.6888 3.21497 2.62082 2.62602 2.93515 2.45985 1.68547 1.88242 1.34994 1.24102 1.21368 1.2033 1.15359
threshold=0.012768768705427648 3.4091784954071049 85.500000000000014 20.500000000000004 0.99728628993034374 19.500000000000004 -1.4741440415382383 0.047149864956736572 0.75108262896537792 0.98868349194526683 0.78174602985382091 0.66339287161827099 0.76696833968162548 0.73214286565780651
decision_type=2 2 2 2 2 2 2 2 2 2 2 2 2 2
left_child=6 2 10 4 9 7 -1 8 -6 11 -2 -4 -5 -13
right_child=1 -3 3 12 5 -7 -8 -9 -10 -11 -12 13 -14 -15
leaf_value=-0.01627649789625172 0 0.013727892517632187 0 0 -0.0081001847128864251 0.0042212475221071943 0 0.00013125603022416993 0 -0.0006614298389230834 0.0089066681790475038 0 -0.0089307440656875604 0.010036961892395221
leaf_weight=37.173149711001315 1.9640151701751136 46.475137606466888 2.3086685423622901 11.135342918481912 30.218762851000065 14.570576577098107 1.8642789739678836 14.77185658548842 11.37818362074904 2.7809282226953647 12.301034581789281 3.4948819492128687 15.329234295306376 15.904859880334698
leaf_count=44111 366 5066 268 4213 7432 2434 1607 2752 3080 316 771 438 3405 540
internal_value=0 0.00370433 -1.14283e-05 -0.00139628 0 -0.00170119 -0.0152586 -0.00400267 -0.00589548 0.00511805 0.00697554 0.00688416 -0.00623182 0.00836214
internal_weight=221.671 182.633 136.158 121.893 95.4287 70.9394 39.0374 56.3688 41.5969 24.4893 14.265 21.7084 26.4646 19.3997
internal_count=76799 31081 26015 24878 17260 15698 45718 13264 10512 1562 1137 1246 7618 978
is_linear=0
shrinkage=0.02


Tree=157
num_leaves=15
num_cat=0
split_feature=55 53 19 0 41 50 0 45 54 62 54 61 41 51
split_gain=32.4941 16.77 3.14487 3.36443 2.66307 1.87013 2.26824 2.18023 2.10763 1.62877 1.58693 1.49567 1.48074 1.44986
threshold=0.58359134197235119 3.4091784954071049 0.079166669398546233 -20.499999999999996 0.88194444775581371 0.095998223870992674 -19.499999999999996 82.500000000000014 0.75108262896537792 0.69687500596046459 0.049673723056912429 0.85565477609634411 0.96651786565780651 0.030597816221416
decision_type=2 2 2 2 2 2 2 2 2 2 2 2 2 2
left_child=4 2 9 11 10 6 -5 -8 12 -2 -1 -4 -9 -11
right_child=1 -3 3 5 -6 -7 7 8 -10 13 -12 -13 -14 -15
leaf_value=-0.016544699814104662 -0.00077302747645528302 0.013580973030050117 -0.00062721374309681829 0.0042458031015678872 0 0.0063099313735801611 0.004820458975895987 -0.0080650383227858242 0.00034947053173019427 0.010411451416864606 0 -0.011647801719846876 0 0
leaf_weight=35.708084721569321 1.4155615283671092 45.673633794300258 18.479713090171575 17.32954102633812 6.3154339676693771 12.065898888307855 3.4753605651640092 32.189899908174993 14.119270202296319 14.313525672172544 4.9829812383395611 8.3166776355210441 3.6578485029895083 1.3767698780866329
leaf_count=38534 906 5066 7753 3094 2601 1130 673 10085 3517 1043 859 846 600 92
internal_value=0 0.0040941 0 -0.00122148 -0.0136009 0.00057793 -0.000493553 -0.00284044 -0.00442676 0.00670562 -0.0152255 -0.00663937 -0.00675787 0.00873281
internal_weight=219.42 172.414 126.74 109.634 47.0065 82.8378 70.7719 53.4424 49.967 17.1059 40.6911 26.7964 35.8477 15.6903
internal_count=76799 34805 29739 27698 41994 19099 17969 14875 14202 2041 39393 8599 10685 1135
is_linear=0
shrinkage=0.02


Tree=158
num_leaves=15
num_cat=0
split_feature=55 54 56 61 59 62 64 50 41 54 44 19 44 57
split_gain=31.4492 15.2624 3.30812 5.93123 5.31415 3.19041 2.32547 1.46337 1.33177 1.5947 1.14235 1.08749 1.04486 0.994418
threshold=0.47213622927665716 0.944402575492859 0.97727271914482128 0.84861111640930187 0.88194444775581371 0.98750001192092907 1.0000000180025095e-35 0.22356927394866946 0.86805555224418651 0.11653564870357515 0.9973009228706361 0.51388889551162731 0.95088502764701854 -1.6176033020019529
decision_type=2 2 2 2 2 2 2 2 2 2 2 2 2 2
left_child=-1 2 3 8 12 11 7 10 9 -2 13 -3 -5 -6
right_child=1 5 -4 4 6 -7 -8 -9 -10 -11 -12 -13 -14 -15
leaf_value=-0.016132165966971614 -0.0081779080106052521 -0.0033271558614343683 -0.0077516211391174756 -0.0052548930832582823 0 0.014328884594732392 0 0 0.00090206236663200169 -8.7570901681297678e-05 0 0.0042384929440104314 0.00096647118486037234 0.014037988361679195
leaf_weight=32.960404328536242 20.297392964435858 3.045671185856917 13.945554707141126 9.6942506936611625 3.1237925682653502 39.465117459447356 4.4271684149280182 2.6325983183487542 10.740480870852478 27.997746580222156 1.2601657058257831 11.649842586470184 10.80860483109427 24.530633199698062
leaf_count=34806 15677 375 207 2453 1058 4141 916 121 2714 5381 151 6325 1407 1067
internal_value=0 0.00338187 -0.000269453 0.000780268 0.00529151 0.0116319 0.00945692 0.0111282 -0.0031846 -0.00463513 0.0122152 0.000720136 -0.00147312 0.0129547
internal_weight=216.579 183.619 129.458 115.513 56.4772 54.1606 35.9744 31.5472 59.0356 48.2951 28.9146 14.6955 20.5029 27.6544
internal_count=76799 41993 31152 30945 7173 10841 3313 2397 23772 21058 2276 6700 3860 2125
is_linear=0
shrinkage=0.02


Tree=159
num_leaves=15
num_cat=0
split_feature=55 53 11 61 26 6 8 32 61 58 54 64 28 40
split_gain=30.6351 17.9204 3.04955 3.92363 2.75096 2.6753 2.10207 1.643 1.57888 1.3431 1.13096 1.08177 1.01409 0.973193
threshold=0.47213622927665716 3.4091784954071049 20.500000000000004 0.78958335518836986 0.48040960729122167 0.41587489843368536 0.29166667163372045 0.99291408061981212 0.82043650746345531 0.89286044239997875 0.89642310142517101 1.0000000180025095e-35 0.97780856490135204 0.97499999403953563
decision_type=2 2 2 2 2 2 2 2 2 2 2 2 2 2
left_child=-1 2 3 13 -4 6 9 -8 -6 -5 -3 -11 -7 -2
right_child=1 10 4 5 8 12 7 -9 -10 11 -12 -13 -14 -15
leaf_value=-0.016082672633664259 -0.0056789646371528599 0 0.0029967146845343963 -0.0028753152318993498 -0.00052564867906134826 0.00048637674924067141 0.0098820781921906669 0 -0.01235290846568576 0.0068845569354593411 0.014517474436356788 0 -0.0068500681735773937 0
leaf_weight=32.218521313821839 20.45846487248491 5.114130256115458 3.8818452642008223 13.756876631450723 14.942083242771334 2.0994605855230466 30.255155136401299 7.6940712814248391 10.616331535071366 9.8437239798513456 39.142837325562141 3.3908076787338368 5.1933104400231969 15.149133388389599
leaf_count=34806 11342 73 790 3540 7077 90 3147 1128 1662 1787 4993 929 154 5281
internal_value=0 0.00334542 -0.0001987 0.00120051 -0.0053934 0.00395391 0.00545424 0.00814362 -0.00795944 0 0.01345 0.00425086 -0.00343525 -0.00341286
internal_weight=213.757 181.538 137.281 107.841 29.4403 72.2334 64.9406 37.9492 25.5584 26.9914 44.257 13.2345 7.29277 35.6076
internal_count=76799 41993 36927 27398 9529 10775 10531 4275 8739 6256 5066 2716 244 16623
is_linear=0
shrinkage=0.02


Tree=160
num_leaves=15
num_cat=0
split_feature=55 53 0 23 37 22 62 57 43 50 33 54 37 7
split_gain=30.0211 16.0565 3.71405 2.46328 2.17457 1.93909 1.79596 1.48777 1.45897 1.36466 1.28728 1.0018 0.938349 1.24321
threshold=0.58359134197235119 3.4091784954071049 -20.499999999999996 0.55277779698371898 0.55902779102325451 0.50330036878585827 0.85357144474983226 -2.5870391130447383 0.19097222387790683 0.047149864956736572 0.82916665077209484 0.89642310142517101 0.80277779698371898 1.4794405698776247
decision_type=2 2 2 2 2 2 2 2 2 2 2 2 2 2
left_child=3 2 5 -1 7 -2 -7 -4 -9 -6 -10 -3 -11 -14
right_child=1 11 4 -5 9 6 -8 8 10 12 -12 -13 13 -15
leaf_value=-0.016308079664724438 0.0012261840118094657 0 -4.7940424166527801e-05 -0.0018801410347646034 -0.0017879932171470925 -0.00071049124280915467 -0.013370520349337361 0 0.011777359675758688 0 0 0.01447349138164611 0.0081181979443452606 0
leaf_weight=31.231018378406588 4.0654139003600021 5.0649740985827512 3.6554629077872987 13.518500896985641 49.994163173876586 16.274588726679216 7.2596834364085217 6.9021359468170003 14.379340269821116 4.7872386436793049 2.5816046055697361 38.716760751849506 11.758511759588144 1.4955565792624828
leaf_count=34089 776 73 1355 7905 13385 7084 785 1442 1721 1176 293 4993 1651 71
internal_value=0 0.00397879 0 -0.0133731 0.00197996 -0.00559622 -0.00776818 0.00607008 0.00777761 0 0.010113 0.0134424 0.00381082 0.0060404
internal_weight=211.685 166.935 123.154 44.7495 95.554 27.5997 23.5343 27.5185 23.8631 68.0355 16.9609 43.7817 18.0413 13.2541
internal_count=76799 34805 29739 41994 21094 8645 7869 4811 3456 16283 2014 5066 2898 1722
is_linear=0
shrinkage=0.02


Tree=161
num_leaves=15
num_cat=0
split_feature=55 54 56 61 61 11 8 36 28 41 46 23 19 56
split_gain=29.1012 13.8231 3.25458 5.77564 3.01049 2.66162 2.29189 1.36287 1.2027 0.991804 0.878867 0.876203 0.858349 0.878781
threshold=0.47213622927665716 0.944402575492859 0.97727271914482128 0.84861111640930187 0.98750001192092907 21.500000000000004 0.22500000149011615 0.99648505449295055 0.98099544644355785 0.94097220897674572 0.99918568134307872 0.96651786565780651 0.95436507463455211 0.94281044602394115
decision_type=2 2 2 2 2 2 2 2 2 2 2 2 2 2
left_child=-1 2 3 7 -3 6 -5 9 -4 -2 11 -8 13 -6
right_child=1 4 8 5 12 -7 10 -9 -10 -11 -12 -13 -14 -15
leaf_value=-0.015920483088152023 -0.0063210647304146536 0.00049117835671828121 0 0 0 -0.0023159480107832163 0.010471479745350216 0 -0.010301709277473576 0 0 0 0 0.014758031221463202
leaf_weight=31.048429615490022 32.181455730387825 14.024394120555369 4.4484663457260458 12.277243974356677 0.37894726035301474 6.2665967117645769 32.973935635876842 21.082007610122673 9.0627945314627123 3.852929234126349 0.96831251347612024 2.0020908250589846 1.0322708608291566 36.222216900554486
leaf_count=34806 15391 6704 82 2757 94 1254 2858 7696 125 685 66 238 96 3947
internal_value=0 0.00329617 -0.000214968 0.000843313 0.0113224 0.00536669 0.00707536 -0.00311882 -0.00772363 -0.00521151 0.00925851 0.00980165 0.0139766 0.0144168
internal_weight=207.822 176.774 125.116 111.605 51.6578 54.4882 48.2216 57.1164 13.5113 36.0344 35.9443 34.976 37.6334 36.6012
internal_count=76799 41993 31152 30945 10841 7173 5919 23772 207 16076 3162 3096 4137 4041
is_linear=0
shrinkage=0.02


Tree=162
num_leaves=15
num_cat=0
split_feature=55 53 0 18 0 39 54 7 26 24 35 18 59 32
split_gain=28.2465 16.4364 2.48807 1.68827 2.40104 1.90552 1.85218 1.42319 1.40886 1.38189 1.21938 1.11623 0.970306 0.936873
threshold=0.47213622927665716 3.4091784954071049 -20.499999999999996 0.99738562107086193 -3.4999999999999996 0.55277779698371898 0.18050953000783923 -1.0876707434654234 0.48874293267726904 0.9930151402950288 0.68303570151329052 0.99522101879119884 0.96428570151329052 0.98868349194526683
decision_type=2 2 2 2 2 2 2 2 2 2 2 2 2 2
left_child=-1 2 8 5 7 -4 10 -5 -2 -9 -7 -3 -13 -12
right_child=1 11 3 4 -6 6 -8 9 -10 -11 13 12 -14 -15
leaf_value=-0.015824424012951158 0.00046113795424138537 0 -0.00033070511812183429 -0.0011785189431218971 -0.0068347428032672118 0 0 0.0067864210802802702 -0.006904560192689718 0 0.013305688842738654 0 0.014489675597009024 0
leaf_weight=30.404693884236622 4.0451695477095226 2.8702516677876693 10.648280687790246 30.812980217990116 12.169350604875943 1.5152426234417387 9.5897744129179028 17.876139065076131 23.119646765786456 10.991066414979288 10.807197569170963 1.8178749622747989 37.471564567778842 0.60957884951494712
leaf_count=34806 845 181 4333 12964 3047 283 577 2905 8549 2504 745 907 3978 175
internal_value=0 0.003264 -0.000176713 0.00105583 -0.000377304 0.00443176 0.00724416 0.00106879 -0.00505987 0.00406585 0.010719 0.0131511 0.013904 0.0122814
internal_weight=204.749 174.344 132.184 105.02 71.8495 33.1701 22.5218 59.6802 27.1648 28.8672 12.932 42.1597 39.2894 11.4168
internal_count=76799 41993 36927 27533 21420 6113 1780 18373 9394 5409 1203 5066 4885 920
is_linear=0
shrinkage=0.02


Tree=163
num_leaves=15
num_cat=0
split_feature=55 53 0 61 6 57 28 41 26 5 64 54 41 32
split_gain=27.5837 15.6459 2.53739 3.50638 3.44734 2.94749 1.86439 1.409 1.28561 1.26851 1.21763 1.05252 1.03189 1.01627
threshold=0.47213622927665716 4.6326708793640146 -20.499999999999996 0.78958335518836986 0.013237904757261278 -1.6176033020019529 0.97780856490135204 0.88194444775581371 0.48874293267726904 -2.5297646522521968 1.0000000180025095e-35 0.81527280807495128 0.53348213434219371 0.99291408061981212
decision_type=2 2 2 2 2 2 2 2 2 2 2 2 2 2
left_child=-1 2 8 7 5 -5 -6 11 -2 -7 13 -4 -8 -11
right_child=1 -3 3 4 6 9 12 -9 -10 10 -12 -13 -14 -15
leaf_value=-0.015754243895233305 0.00051779682407711411 0.014916705789287051 -0.0066640669182672918 0 0.0026399177573761565 0 0 0.0015265147899840542 -0.0063775676207838521 0.012150899080619395 0 0 -0.0089394330527758047 0
leaf_weight=29.872534411406377 4.1154624353221179 29.583154900552472 22.444248523548598 25.77989281155169 4.6617586367356116 1.6200008774176229 1.9421180304198049 7.5039951707585706 23.148993865615921 27.874496427830309 4.5817977670667451 4.7492840215854804 8.4290924995002552 5.879545813339063
leaf_count=34806 860 3277 12776 7830 257 39 64 1960 8741 1999 1013 2365 347 465
internal_value=0 0.00323957 3.47205e-05 0.0015655 0.00391592 0.00594311 -0.00265879 -0.00292523 -0.00456805 0.00893426 0.00968841 -0.00509206 -0.00687155 0.0107875
internal_weight=202.186 172.314 142.731 115.466 80.7687 65.7357 15.033 34.6975 27.2645 39.9558 38.3358 27.1935 10.3712 33.754
internal_count=76799 41993 38716 29115 12014 11346 668 17101 9601 3516 3477 15141 411 2464
is_linear=0
shrinkage=0.02


Tree=164
num_leaves=15
num_cat=0
split_feature=55 53 15 61 57 36 44 64 28 50 11 18 44 7
split_gain=26.9467 15.1021 2.30879 3.46404 3.20571 1.58615 1.35324 1.37688 1.30153 1.21985 1.16576 1.08852 0.779252 0.72179
threshold=0.47213622927665716 3.4091784954071049 1.0000000180025095e-35 0.84861111640930187 -1.6176033020019529 0.99648505449295055 0.99119588732719432 1.0000000180025095e-35 0.97780856490135204 0.22356927394866946 50.500000000000007 0.99522101879119884 0.95088502764701854 -4.9629626274108878
decision_type=2 2 2 2 2 2 2 2 2 2 2 2 2 2
left_child=-1 2 3 5 12 13 7 9 -4 10 -6 -3 -5 -2
right_child=1 11 8 4 6 -7 -8 -9 -10 -11 -12 -13 -14 -15
leaf_value=-0.015684005548314044 0 0 0 -0.0044366940617810765 0.011959732145453528 0.00097728518620968205 0 0 -0.0094932950826092707 0 0 0.01359279120388452 0.0009930952926091518 -0.0052884394652186958
leaf_weight=29.364031894336222 2.2674550581432404 2.8461919989495064 5.2926581963838535 9.0806837046402524 24.067581124661967 22.347413202282041 6.0958695710287421 2.8753077153232871 8.3102479688241129 1.7579102111776581 0.89080957473197386 37.968352355354 10.365281218255403 36.236766785019427
leaf_count=34806 433 181 161 3477 1464 9467 741 731 211 144 134 4885 1969 17995
internal_value=0 0.00321491 -9.67979e-05 0.000730385 0.00427804 -0.0021515 0.00749421 0.00896172 -0.00645772 0.0101733 0.011156 0.012832 -0.000911281 -0.00449768
internal_weight=199.767 170.403 129.588 115.985 55.1334 60.8516 35.6875 29.5916 13.6029 26.7163 24.9584 40.8145 19.446 38.5042
internal_count=76799 41993 36927 36555 8660 27895 3214 2473 372 1742 1598 5066 5446 18428
is_linear=0
shrinkage=0.02


Tree=165
num_leaves=15
num_cat=0
split_feature=55 53 48 41 56 59 41 54 54 56 32 62 1 7
split_gain=26.1755 13 3.10551 2.65601 2.63501 2.45868 1.57466 1.35668 1.23134 1.17356 1.14622 1.13217 1.18612 1.09197
threshold=0.58359134197235119 4.6326708793640146 0.73676425218582164 0.88194444775581371 0.97727271914482128 0.78174602985382091 0.77638888359069835 0.049673723056912429 0.39209246635437017 0.94590643048286449 0.94348362088203441 0.54687500000000011 11.500000000000002 4.62760353088379
decision_type=2 2 2 2 2 2 2 2 2 2 2 2 2 2
left_child=3 2 5 7 6 -2 -4 -1 -6 -3 -10 -7 -13 -12
right_child=1 9 4 -5 8 11 -8 -9 10 -11 13 12 -14 -15
leaf_value=-0.01595644061623858 -0.00034911719961537802 0 -0.0020689475303367921 0 0 0 0.0035174347498234493 0 0 0.015207459472976978 -0.013367290909693765 0.0097302924444045997 0 0
leaf_weight=30.969240723614348 15.926997672882861 0.74673068823176691 41.443613815878052 5.9495548201957709 1.2969538182951499 0.9779706524132078 27.148757902963553 4.6028567311586803 1.1748010331648391 27.733368455228629 7.8094465047761314 24.586375640603368 5.1707564292737507 1.437777181912679
leaf_count=38534 8208 129 11683 2601 10 687 6260 859 38 3148 260 3298 1005 79
internal_value=0 0.00385004 0.000577968 -0.0128902 -0.00153005 0.0044915 0 -0.0146401 -0.00819915 0.0146003 -0.010025 0.00739438 0.00827358 -0.0116614
internal_weight=196.975 155.454 126.973 41.5217 80.3114 46.6621 68.5924 35.5721 11.719 28.4801 10.422 30.7351 29.7571 9.24722
internal_count=76799 34805 31528 41994 18330 13198 17943 39393 387 3277 377 4990 4303 339
is_linear=0
shrinkage=0.02


Tree=166
num_leaves=15
num_cat=0
split_feature=55 53 18 62 20 45 60 32 57 27 18 59 39 53
split_gain=25.3259 14.285 1.8389 3.0161 2.10542 2.03259 1.45233 1.39093 0.995769 0.906053 0.875055 0.859058 0.847342 0.706059
threshold=0.47213622927665716 3.4091784954071049 0.99926361441612255 0.63348215818405162 0.96158763766288768 82.500000000000014 0.58571431040763866 0.98868349194526683 1.6713425517082217 0.98750001192092907 0.99522101879119884 0.73214286565780651 0.92678570747375499 -0.34166108071804041
decision_type=2 2 2 2 2 2 2 2 2 2 2 2 2 2
left_child=-1 2 3 -2 -5 -4 13 11 9 -8 -3 -6 -13 -7
right_child=1 10 5 4 7 6 8 -9 -10 -11 -12 12 -14 -15
leaf_value=-0.015463331154696218 -0.0054527718382618787 0 0.0052851660164348379 0 0 -0.0029148775277790806 -0.0066499694402406559 0 3.4686990294658545e-05 0 0.013346223203417374 0.01182118377562086 0 0.0021141155138115295
leaf_weight=28.205295592837501 4.9374712803255525 2.7541957678331519 4.6249419374507843 12.320366724059566 3.0677182996150867 11.131388108391546 42.27855804367573 2.7193669540574765 2.2040727217681697 3.3309447883220846 36.650260240261559 16.759236166952181 1.5841012570454029 21.721464989663218
leaf_count=34806 3405 181 1453 2465 751 6783 12704 422 80 840 4885 779 132 7113
internal_value=0 0.00314524 -9.42306e-05 0.00282991 0.00533999 -0.00194527 -0.00309093 0.00817643 -0.00508707 -0.0058765 0.0126494 0.00963514 0.0108458 0
internal_weight=194.289 166.084 126.68 41.3883 36.4508 85.2914 80.6664 24.1304 47.8136 45.6095 39.4045 21.4111 18.3433 32.8529
internal_count=76799 41993 36927 7954 4549 28973 27520 2084 13624 13544 5066 1662 911 13896
is_linear=0
shrinkage=0.02


Tree=167
num_leaves=15
num_cat=0
split_feature=55 61 0 64 59 19 43 36 19 11 41 58 6 23
split_gain=24.7057 8.06488 7.18079 3.87953 4.14093 1.70229 1.4918 1.30845 1.30602 1.10125 0.79626 0.722314 0.616193 0.61485
threshold=0.47213622927665716 0.84861111640930187 -20.499999999999996 1.0000000180025095e-35 0.88194444775581371 0.96651786565780651 0.18303571641445163 0.99648505449295055 0.079166669398546233 20.500000000000004 0.94097220897674572 0.97864061594009411 -5.6912610530853263 0.066964287310838713
decision_type=2 2 2 2 2 2 2 2 2 2 2 2 2 2
left_child=-1 7 8 4 -4 6 -6 10 -3 12 -2 13 -8 -10
right_child=1 2 3 -5 5 -7 9 -9 11 -11 -12 -13 -14 -15
leaf_value=-0.01539727855996883 -0.0053222872032052818 0.00044187714723612414 0 -0.0020484802830939924 0 0 0 0.00056523073210427543 0 0 0 0 0.013261387447490999 -0.010624233660543426
leaf_weight=27.664195952114824 34.100715564512939 1.2069270776119072 17.519684514118126 6.2943025241547721 6.8341381237551095 1.406643373571568 0.58994341967627306 21.79242241398606 0.29610229322861226 0.58822312505799246 3.9025939659477435 1.2536719937634186 61.328236127170385 7.0607898000162095
leaf_count=34806 18015 35 3762 2164 780 41 9 9854 12 36 778 325 4903 1279
internal_value=0 0.00311807 0.00639757 0.00824223 0.00938756 0.0113706 0.0118571 -0.00222797 -0.00562138 0.0127671 -0.00433508 -0.00821008 0.0130684 -0.00966519
internal_weight=191.839 164.174 104.379 94.5612 88.2669 70.7472 69.3405 59.7957 9.81749 62.5064 38.0033 8.61056 61.9182 7.35689
internal_count=76799 41993 13346 11695 9531 5769 5728 28647 1651 4948 18793 1616 4912 1291
is_linear=0
shrinkage=0.02


Tree=168
num_leaves=15
num_cat=0
split_feature=54 53 48 56 53 55 56 29 0 62 41 52 57 46
split_gain=24.1447 12.3961 2.77654 2.65953 2.29649 1.54746 1.52953 1.31188 1.10375 0.874718 0.761856 0.642987 0.634824 0.606391
threshold=0.012768768705427648 4.6326708793640146 0.73676425218582164 0.71008405089378368 -1.4741440415382383 0.85147058963775646 0.94590643048286449 0.67083334922790538 -20.499999999999996 0.73975694179534923 0.77638888359069835 0.38745248317718511 2.0066758394241337 0.99243378639221203
decision_type=2 2 2 2 2 2 2 2 2 2 2 2 2 2
left_child=4 2 5 9 -1 -2 -3 10 -7 -4 -5 12 -9 -11
right_child=1 6 3 7 -6 8 -8 11 -10 13 -12 -13 -14 -15
leaf_value=-0.015393997969900947 0 0 0 -0.0026798825924232383 0 0 0.014917570854936843 -0.0071149793911746365 0.0080494524744245607 0.0064318136430105664 0.0033068271477268685 0 0 0
leaf_weight=29.921380342806518 18.671540504627046 0.83139361979556525 12.799947388804869 11.484299192146866 1.6175795900053334 3.4877587983064613 26.190855900553288 34.813700009166496 23.114135169322253 12.49475141269795 8.7284640861471399 1.2068210937723041 1.1123371591966122 3.2481824877468162
leaf_count=44111 7229 129 3396 1611 1607 706 3148 7462 2765 2678 1021 112 34 790
internal_value=0 0.00332572 0.000284286 -0.00157719 -0.0142546 0.00412791 0.0141107 -0.00409849 0.00670293 0.00245386 0 -0.00603169 -0.00658754 0.00497944
internal_weight=189.723 158.184 131.162 85.8885 31.539 45.2734 27.0222 57.3456 26.6019 28.5429 20.2128 37.1329 35.926 15.7429
internal_count=76799 31081 27804 17104 45718 10700 3277 10240 3471 6864 2632 7608 7496 3468
is_linear=0
shrinkage=0.02


Tree=169
num_leaves=15
num_cat=0
split_feature=55 54 62 56 8 0 11 44 62 58 54 58 19 19
split_gain=23.479 10.826 3.09912 2.33728 4.40971 2.07127 1.59008 1.43812 1.47975 1.37101 1.0867 1.04632 1.02369 0.954835
threshold=0.47213622927665716 0.944402575492859 0.95416665077209484 0.97727271914482128 0.29166667163372045 1.0000000180025095e-35 20.500000000000004 0.9973009228706361 0.77991071343421947 0.97864061594009411 0.19902303069829944 0.33295343816280371 0.95436507463455211 0.96651786565780651
decision_type=2 2 2 2 2 2 2 2 2 2 2 2 2 2
left_child=-1 3 -3 4 5 10 7 8 -6 -4 -2 -5 -11 -10
right_child=1 2 9 11 6 -7 -8 -9 13 12 -12 -13 -14 -15
leaf_value=-0.015226411950133483 -0.0068019621904517307 0 0 0 0 0.0034677089037011906 -0.0012859746088699242 -0.00031489441707104228 0.010063444022875881 0.014638790209857063 0 -0.0085914290281490831 0 0
leaf_weight=26.725522885426471 24.024441849491268 11.296745987594475 2.697527759417425 1.7561525627970684 8.7426109271182195 8.8672291866241704 2.8862799255293785 2.0239415452961103 28.89098098779505 30.793068763101477 26.870853836007882 10.46393881406402 0.92438537051202629 0.45205358718521793
leaf_count=34806 16579 6407 173 22 3806 1090 1020 358 2772 4167 5310 185 94 10
internal_value=0 0.00306231 0.0105808 -0.000116546 0.000775658 -0.00233181 0.0054167 0.00665525 0.00768244 0.0131311 -0.00415752 -0.00672999 0.0140926 0.00946066
internal_weight=187.416 160.69 45.7117 114.978 102.758 59.7625 42.9959 40.1096 38.0856 34.415 50.8953 12.2201 31.7175 29.343
internal_count=76799 41993 10841 31152 30945 22979 7966 6946 6588 4434 21889 207 4261 2782
is_linear=0
shrinkage=0.02


Tree=170
num_leaves=15
num_cat=0
split_feature=55 53 15 61 28 11 36 64 46 56 29 58 41 43
split_gain=22.7762 12.7417 1.97573 4.11297 4.01085 2.72549 1.42215 1.27605 1.38612 1.04821 0.996478 0.958777 0.746332 0.711686
threshold=0.47213622927665716 4.6326708793640146 1.0000000180025095e-35 0.84861111640930187 0.97780856490135204 20.500000000000004 0.99648505449295055 1.0000000180025095e-35 0.99578943848609935 0.94590643048286449 0.55902779102325451 0.040562413632869727 0.94097220897674572 0.19097222387790683
decision_type=2 2 2 2 2 2 2 2 2 2 2 2 2 2
left_child=-1 2 3 6 -4 7 12 8 11 -3 -6 -5 -2 -13
right_child=1 9 4 5 10 -7 -8 -9 -10 -11 -12 13 -14 -15
leaf_value=-0.015119626398382369 -0.005228904393820422 0 0.0026863639134059535 0 0 -0.0024871789033473878 0.0010179600131159409 0 0 0.014766416576185227 -0.012657802852075978 0 0 0.010471731957789348
leaf_weight=26.198948713928985 32.775998538367276 0.70643889829807704 8.3073656596534438 3.18451155340881 3.0325574455491724 6.7851534316432653 21.060222197142139 3.6871127777412758 4.3401560020574825 25.27230934612453 8.424795646016717 4.5872628936631363 3.8533145218825657 32.628092153929174
leaf_count=34806 18008 129 400 1720 145 1574 9852 1012 557 3148 254 661 776 3757
internal_value=0 0.0030303 3.43248e-05 0.00132833 -0.00465071 0.00508325 -0.00196278 0.00686535 0.00776897 0.0141655 -0.0105972 0.008808 -0.00425255 0.00958343
internal_weight=184.844 158.645 132.667 112.902 19.7647 55.2123 57.6895 48.4271 44.74 25.9787 11.4574 40.3999 36.6293 37.2154
internal_count=76799 41993 38716 37917 799 9281 28636 7707 6695 3277 399 6138 18784 4418
is_linear=0
shrinkage=0.02


Tree=171
num_leaves=15
num_cat=0
split_feature=54 53 53 15 7 61 28 18 54 50 44 50 35 47
split_gain=22.1387 12.0352 2.26963 1.82788 2.77161 1.43754 1.3427 1.25507 1.07125 0.995536 0.83644 0.677898 0.603264 0.714605
threshold=0.012768768705427648 3.4091784954071049 -1.4741440415382383 1.0000000180025095e-35 -1.0263707637786863 0.81041666865348827 0.97780856490135204 0.99639636278152477 0.11653564870357515 0.001318740542046726 0.9970972239971162 0.2873531728982926 0.91145834326744091 332.50000000000006
decision_type=2 2 2 2 2 2 2 2 2 2 2 2 2 2
left_child=2 3 -1 4 7 -6 -5 9 -9 -2 11 12 13 -7
right_child=1 -3 -4 6 5 10 -8 8 -10 -11 -12 -13 -14 -15
leaf_value=-0.01513490874056376 0.0055113437052035667 0.012234817355226628 0 0 -0.00019885989649681072 0.0095879236954845553 -0.0089077865738321042 -0.0063016843649538259 0 -0.00061750340085997514 0 0 0 0
leaf_weight=28.352749672296344 9.3939321237558051 36.284540398308309 1.5757246613356972 4.9383822328818479 5.6724828164005876 23.46772361734476 7.8731270381395007 16.374914715110208 33.577359502203763 8.210126245103309 1.423315676729543 0.87375978860654768 2.6704186049173577 1.6922984417178657
leaf_count=44111 1041 5066 1607 161 1770 2786 211 7775 10030 1331 163 189 369 189
internal_value=0 0.00323163 -0.0139538 0 0.000893342 0.00505448 -0.00569737 -0.00117691 -0.00296224 0.00207121 0.00670263 0.00748912 0.00807954 0.00884323
internal_weight=182.381 152.452 29.9285 116.168 103.356 35.8 12.8115 67.5563 49.9523 17.6041 30.1275 28.7042 27.8304 25.16
internal_count=76799 31081 45718 26015 25643 5466 372 20177 17805 2372 3696 3533 3344 2975
is_linear=0
shrinkage=0.02


Tree=172
num_leaves=15
num_cat=0
split_feature=55 54 62 56 61 59 64 58 28 36 19 50 38 46
split_gain=21.5078 10.0431 2.59989 2.30103 4.58231 3.77992 1.76019 1.29334 1.139 1.10066 1.02487 1.00225 0.962465 0.914498
threshold=0.47213622927665716 0.944402575492859 0.95416665077209484 0.97727271914482128 0.84861111640930187 0.88194444775581371 1.0000000180025095e-35 0.97864061594009411 0.98099544644355785 0.99648505449295055 0.95436507463455211 0.22356927394866946 0.18465909361839297 0.99210005998611461
decision_type=2 2 2 2 2 2 2 2 2 2 2 2 2 2
left_child=-1 3 -3 4 9 -6 11 -4 -5 -2 -9 12 -7 -14
right_child=1 2 7 8 5 6 -8 10 -10 -11 -12 -13 13 -15
leaf_value=-0.014919068905165978 -0.0048523036971086517 0 0 0 -0.00094265168792840941 0 0 0.014304451160080842 -0.0092874392045765412 0 0 0 0.013141233571262716 0
leaf_weight=25.242599639030232 32.090782823281188 10.753278137643063 2.6349542809184632 3.9411680724588214 17.338040584130795 0.9107585281017333 3.700176240556174 29.212090136323244 8.1898576984531228 18.750253579884884 0.89644595453864795 1.998977245268178 20.599211787353855 4.1779986298060967
leaf_count=34806 16076 6407 173 82 3860 265 916 4167 125 7696 94 121 1559 452
internal_value=0 0.00296577 0.0103816 -0.000111257 0.000794441 0.0050481 0.0087073 0.0127712 -0.00668372 -0.00288109 0.0137342 0.010208 0.0110833 0.0117676
internal_weight=180.437 155.194 43.4968 111.697 99.5662 48.7252 31.3871 32.7435 12.131 50.841 30.1085 27.6869 25.688 24.7772
internal_count=76799 41993 10841 31152 30945 7173 3313 4434 207 23772 4261 2397 2276 2011
is_linear=0
shrinkage=0.02


Tree=173
num_leaves=15
num_cat=0
split_feature=61 53 28 6 59 28 57 5 50 58 46 51 56 50
split_gain=20.9916 9.64641 3.92993 3.08505 4.60598 3.16964 1.45092 1.49189 1.16135 1.08839 1.02284 1.0197 0.894923 0.875925
threshold=0.7035714089870454 4.6326708793640146 0.98548090457916271 0.013237904757261278 0.78174602985382091 0.97780856490135204 -1.6176033020019529 -2.5297646522521968 0.047149864956736572 0.23961131274700168 0.99210005998611461 -0.065420918166637407 0.94590643048286449 0.22356927394866946
decision_type=2 2 2 2 2 2 2 2 2 2 2 2 2 2
left_child=2 3 -1 4 8 -5 -6 -8 9 -2 13 -7 -3 -9
right_child=1 12 -4 5 6 11 7 10 -10 -11 -12 -13 -14 -15
leaf_value=-0.014768994652314212 -0.0077316089103762111 0 -0.0012735121920636606 0.0025530929432750434 0 0 0 0.010898477302226215 0.0019264080659126171 0 0 -0.011330525666608068 0.014510471905286244 0
leaf_weight=27.481846035683702 9.5100878203084012 0.65147585487284487 20.55306813117204 5.08639324763499 10.551538999367038 1.0401278812933021 2.3247046589385709 29.32497326832527 9.0100411180901556 20.558142218047578 5.7806976430292698 10.466380195968664 23.993592734346748 1.999894336098804
leaf_count=34436 5976 129 12626 347 5034 71 52 2869 2966 7737 713 447 3148 248
internal_value=0 0.00418324 -0.0104361 0.000910382 0.00266452 -0.00523024 0.00645999 0.00798217 -0.00178279 -0.00385748 0.00897794 -0.00995618 0.0139609 0.0101704
internal_weight=178.333 130.298 48.0349 105.653 89.0601 16.5929 49.9818 39.4303 39.0783 30.0682 37.1056 11.5065 24.6451 31.3249
internal_count=76799 29737 47062 26460 25595 865 8916 3882 16679 13713 3830 518 3277 3117
is_linear=0
shrinkage=0.02


Tree=174
num_leaves=15
num_cat=0
split_feature=61 53 28 6 59 28 57 64 6 50 11 58 56 52
split_gain=21.2261 9.16028 3.9787 3.02416 4.46309 2.8957 1.40861 1.48143 1.70503 1.10353 1.08117 1.0506 0.88462 0.836455
threshold=0.7035714089870454 4.6326708793640146 0.98548090457916271 0.062361473217606551 0.78174602985382091 0.97780856490135204 -1.6176033020019529 1.0000000180025095e-35 -5.6912610530853263 0.047149864956736572 20.500000000000004 0.23961131274700168 0.94590643048286449 -0.056510457769036286
decision_type=2 2 2 2 2 2 2 2 2 2 2 2 2 2
left_child=2 3 -1 4 9 -5 -6 8 -8 11 -10 -2 -3 -7
right_child=1 12 -4 5 6 13 7 -9 10 -11 -12 -13 -14 -15
leaf_value=-0.014902676987504731 -0.007553735416017498 0 -0.0012771649156177809 0.0022957054879957518 0 0 0 0 0.010996748996648572 0.0018941578183439378 0 0 0.014407142781663383 -0.010967983259587031
leaf_weight=27.238505164161325 9.3778615123956133 0.64852027366578369 20.387703696993412 4.8638431921426664 10.358318527636582 1.0931029433850188 1.8777149494271714 4.2973642282595383 31.367459332985163 8.9479390950364159 2.4530317676180848 20.207580179427168 23.526484722417081 9.965389864300958
leaf_count=34436 5977 129 12626 334 5040 69 32 1046 2493 2977 359 7737 3148 396
internal_value=0 0.00423007 -0.0105302 0.00101392 0.0027289 -0.00516094 0.0064272 0.00789956 0.00908635 -0.00169015 0.0101522 -0.0037492 0.0138527 -0.00972046
internal_weight=176.611 128.985 47.6262 104.81 88.8873 15.9223 50.3539 39.9956 35.6982 38.5334 33.8205 29.5854 24.175 11.0585
internal_count=76799 29737 47062 26460 25661 799 8970 3930 2884 16691 2852 13714 3277 465
is_linear=0
shrinkage=0.02


Tree=175
num_leaves=15
num_cat=0
split_feature=55 53 6 61 11 28 32 64 34 58 36 59 46 41
split_gain=19.8793 11.4822 1.84678 2.72262 2.27288 1.98972 1.44393 1.57948 1.35013 1.39134 1.29195 0.908913 0.864304 0.775342
threshold=0.47213622927665716 3.4091784954071049 0.25030054152011877 0.84861111640930187 20.500000000000004 0.97780856490135204 0.99291408061981212 1.0000000180025095e-35 0.55686739087104808 0.055675799027085311 0.99648505449295055 0.70714285969734203 0.99493026733398449 0.94097220897674572
decision_type=2 2 2 2 2 2 2 2 2 2 2 2 2 2
left_child=-1 2 3 10 6 -4 7 8 -5 -10 13 -11 -13 -2
right_child=1 -3 5 4 -6 -7 -8 -9 9 11 -12 12 -14 -15
leaf_value=-0.014655040889752252 -0.0054003853414863572 0.012000755959912606 0.00087861161723857845 0 -0.0028184725890043 -0.010209317507747437 0 0 0 0 0.00074049613915832147 0.012904451995651949 0 0
leaf_weight=23.949175625391945 30.246041580532619 33.94706062185287 2.2853743079467659 6.843700538200209 7.0911565205315119 7.2530693068547407 7.574468640406848 3.1964355597447129 2.3543314124253838 3.4171245932084302 19.497729785201955 21.043676199187761 2.2051505595300105 3.7137459966907036
leaf_count=34806 17640 5066 119 1032 1556 264 1441 919 1326 542 9410 1625 300 753
internal_value=0 0.00287667 -6.33215e-05 0.000608858 0.00375779 -0.00649129 0.00555444 0.00696166 0.00817424 0.00972144 -0.00212834 0.0108465 0.0119564 -0.00435295
internal_weight=174.618 150.669 116.722 107.184 53.726 9.53844 46.6349 39.0604 35.864 29.0203 53.4575 26.666 23.2488 33.9598
internal_count=76799 41993 36927 36544 8741 383 7185 5744 4825 3793 27803 2467 1925 18393
is_linear=0
shrinkage=0.02


Tree=176
num_leaves=15
num_cat=0
split_feature=61 59 64 0 54 21 43 22 58 32 54 44 57 50
split_gain=19.4378 7.19894 4.70967 4.05381 3.68036 1.68244 1.87071 0.857919 1.1553 0.786347 0.53097 0.512272 0.501721 0.486299
threshold=0.7035714089870454 0.88194444775581371 1.0000000180025095e-35 -20.499999999999996 0.018869153223931793 0.97048610448837291 0.18303571641445163 0.99724897742271434 0.31746575236320501 0.89591920375823986 0.023167446255683902 0.99782845377922069 -1.6176033020019529 0.095998223870992674
decision_type=2 2 2 2 2 2 2 2 2 2 2 2 2 2
left_child=4 7 3 9 -1 6 -5 8 -2 -3 -6 12 -8 -4
right_child=1 2 13 5 10 -7 11 -9 -10 -11 -12 -13 -14 -15
leaf_value=-0.014615022268941322 -0.0066288837837650905 0.00098478053842263589 -0.0054049341432364341 0 0.001292492563881428 0 0 0.0010154638129357579 0 -0.0057202789418145114 -0.0031185011222526894 0 0.013260867629681252 0
leaf_weight=25.726812025503023 12.622189199035345 1.3862143465667021 5.0215884567442108 6.5656348899065042 2.4806851830944678 2.8361916388530508 2.3057528429126171 18.641448364993266 19.830307659220125 3.6902589587407419 17.947043209285766 2.2388790319673708 50.657778469932971 0.98791614870424371
leaf_count=40874 7688 47 1437 804 502 137 1160 5571 7608 748 5686 210 3587 740
internal_value=0 0.00406511 0.00778145 0.00937128 -0.0102314 0.0107744 0.0114307 -0.00119812 -0.00318462 -0.00189564 -0.0012959 0.0125093 0.0128741 -0.00347028
internal_weight=172.939 126.784 75.6902 69.6807 46.1545 64.6042 61.768 51.0939 32.4525 5.07647 20.4277 55.2024 52.9635 6.0095
internal_count=76799 29737 8870 6693 47062 5898 5761 20867 15296 795 6188 4957 4747 2177
is_linear=0
shrinkage=0.02


Tree=177
num_leaves=15
num_cat=0
split_feature=61 53 54 6 59 28 6 46 56 53 31 52 5 62
split_gain=19.0358 8.38778 3.49781 3.47664 4.29945 3.24786 1.63187 1.48544 1.07772 1.03023 1.1237 0.938129 0.758744 0.68362
threshold=0.7035714089870454 4.6326708793640146 0.018869153223931793 0.013237904757261278 0.88194444775581371 0.97780856490135204 -5.6912610530853263 0.99210005998611461 0.94590643048286449 -0.49503451585769648 0.58854165673255932 -0.056510457769036286 0.64155200123786937 0.54687500000000011
decision_type=2 2 2 2 2 2 2 2 2 2 2 2 2 2
left_child=2 3 -1 4 9 -5 -6 13 -3 10 -2 -7 -13 -8
right_child=1 8 -4 5 6 11 7 -9 -10 -11 -12 12 -14 -15
leaf_value=-0.014523228626326847 -0.0071425884108642689 0 -0.0013484912698110238 0.0024601078099933662 -0.00050127207813115962 0 0 0 0.014128714350160903 0.00085234146496710654 0 0 -0.01280556299187297 0.010385213246333692
leaf_weight=25.265590863789839 9.7423487453052093 0.70606324338587256 20.26709302119707 4.9933995212195468 1.6019134770613153 1.1054029660881504 0.3773552096317897 5.342148728304891 22.302921527400031 32.315248147366219 6.9472038321109713 1.4825529714871635 9.1075873241934442 29.776768929346872
leaf_count=40874 6816 129 6188 347 30 72 171 814 3148 11535 2333 123 323 3896
internal_value=0 0.00403137 -0.0101912 0.000930241 0.0028375 -0.00557419 0.00745107 0.00853935 0.0134372 -0.000614213 -0.004133 -0.0102459 -0.0115286 0.00996983
internal_weight=171.334 125.801 45.5327 102.792 86.103 16.6889 37.0982 35.4963 23.009 49.0048 16.6896 11.6955 10.5901 30.1541
internal_count=76799 29737 47062 26460 25595 865 4911 4881 3277 20684 9149 518 446 4067
is_linear=0
shrinkage=0.02


Tree=178
num_leaves=15
num_cat=0
split_feature=61 53 6 57 54 28 11 64 32 23 56 51 5 41
split_gain=18.5128 8.2009 3.41148 4.21448 3.34553 3.21253 1.49736 1.39977 1.43784 1.67346 1.04885 1.02746 0.749541 0.656819
threshold=0.7035714089870454 4.6326708793640146 0.013237904757261278 -1.6176033020019529 0.018869153223931793 0.97780856490135204 20.500000000000004 1.0000000180025095e-35 0.99291408061981212 0.052777778357267387 0.94590643048286449 -0.065420918166637407 0.64155200123786937 0.55902779102325451
decision_type=2 2 2 2 2 2 2 2 2 2 2 2 2 2
left_child=4 2 3 13 -1 -4 7 8 9 -5 -3 -7 -13 -2
right_child=1 10 5 6 -6 11 -8 -9 -10 -11 -12 12 -14 -15
leaf_value=-0.014414708747075502 -0.0035112997330563269 0 0.0024612541380461725 0 -0.0013653357892540257 0 0 0 0 0.012635571603671503 0.01404071879385645 0 -0.012769242107414652 0.00028954337039474489
leaf_weight=24.7675312747524 17.180502692637674 0.69768094382016244 4.9814246315509108 3.8742115194399984 20.091134952752327 1.0206970836297848 4.0397084519572664 3.9334049101889823 5.3270598220915408 22.963253105750482 21.920229423034471 1.4808551679743658 9.223733848295522 28.06082327022159
leaf_count=40874 10235 129 347 658 6188 71 503 1028 524 1560 3148 123 324 11087
internal_value=0 0.00398553 0.000911088 0.00281693 -0.0101219 -0.00551906 0.0071064 0.00831455 0.00950637 0.011027 0.0133541 -0.0101642 -0.01151 -0.000856666
internal_weight=169.562 124.704 102.086 85.379 44.8587 16.7067 40.1376 36.0979 32.1645 26.8375 22.6179 11.7253 10.7046 45.2413
internal_count=76799 29737 26460 25595 47062 865 4273 3770 2742 2218 3277 518 447 21322
is_linear=0
shrinkage=0.02


Tree=179
num_leaves=15
num_cat=0
split_feature=55 53 6 61 11 28 33 64 57 23 36 41 19 54
split_gain=17.9516 10.2989 2.57011 2.87754 2.28908 2.26124 1.62935 1.58566 1.83551 1.46517 1.19713 0.79174 0.736143 0.666612
threshold=0.47213622927665716 3.4091784954071049 0.25030054152011877 0.84861111640930187 20.500000000000004 0.97780856490135204 0.84687501192092907 1.0000000180025095e-35 -2.6121758222579952 0.052777778357267387 0.99648505449295055 0.94097220897674572 0.079166669398546233 0.75108262896537792
decision_type=2 2 2 2 2 2 2 2 2 2 2 2 2 2
left_child=-1 2 3 10 6 -4 7 8 -5 -10 11 13 -7 -2
right_child=1 -3 5 4 -6 12 -8 -9 9 -11 -12 -13 -14 -15
leaf_value=-0.014304912217116821 -0.0066580180138550542 0.011615374721297493 0.00087502666522767589 0 -0.0026183573874038108 0 0 0 0 0.011644782619890982 0.00073489906425315294 0 -0.012580477359102567 0
leaf_weight=22.414598003284482 22.14353286877304 32.142349684218061 2.2508660350576957 3.2799794645397879 6.8171918065127093 1.2696398403495548 9.7158639145054604 3.1341504485753822 3.8695051476097495 25.549834098637803 18.359577252660529 3.6404624377901191 6.5278566372144269 6.7292874007835044
leaf_count=34806 14165 5066 119 1674 1556 47 1668 907 661 2275 9410 753 217 3475
internal_value=0 0.00276043 -3.22547e-05 0.000846587 0.00407664 -0.00746154 0.00586486 0.00757723 0.00882744 0.0102519 -0.00205086 -0.00423467 -0.0111709 -0.00534608
internal_weight=167.845 145.43 113.288 103.239 52.3665 10.0484 45.5493 35.8335 32.6993 29.4193 50.8729 32.5133 7.7975 28.8728
internal_count=76799 41993 36927 36544 8741 383 7185 5517 4610 2936 27803 18393 264 17640
is_linear=0
shrinkage=0.02


Tree=180
num_leaves=15
num_cat=0
split_feature=54 54 56 61 59 62 61 64 28 50 58 19 20 44
split_gain=17.1255 7.70041 4.12231 3.50726 3.32066 2.18808 1.78185 1.70832 1.53569 1.19768 1.18776 1.05492 0.955476 0.657078
threshold=0.01397989457473159 0.944402575492859 0.97727271914482128 0.84861111640930187 0.88194444775581371 0.95416665077209484 0.84861111640930187 1.0000000180025095e-35 0.98099544644355785 0.22356927394866946 0.97546309232711803 0.95436507463455211 0.99538105726242077 0.9973009228706361
decision_type=2 2 2 2 2 2 2 2 2 2 2 2 2 2
left_child=6 2 3 12 -5 -3 -1 9 -4 13 -7 -12 -2 -6
right_child=1 5 8 4 7 10 -8 -9 -10 -11 11 -13 -14 -15
leaf_value=-0.014239212389660706 0.0011560318837139868 0 0 -0.00047915387592862739 0.011926137066966762 0 0 0 -0.011227103697396774 0 0.01349978279107374 0 -0.0036626739787784159 0
leaf_weight=24.024325088721529 11.308391136233693 9.6387845048157015 3.7931082001887253 15.786757013280292 22.699160435819078 1.7306907690799587 2.5517149054721804 3.3954113545478313 9.0122327452409063 1.8597314214566711 26.60901235925849 0.83134211036667593 32.477423110947711 1.0187732805206895
leaf_count=43650 2179 6407 82 3397 1439 149 2656 817 125 115 4191 94 11417 81
internal_value=0 0.00294067 0 0.00160098 0.00533993 0.0097477 -0.0128887 0.00882083 -0.00841971 0.0103389 0.0120223 0.0128683 -0.00183964 0.011356
internal_weight=166.737 140.161 101.351 88.5456 44.7598 38.8098 26.576 28.9731 12.8053 25.5777 29.171 27.4404 43.7858 23.7179
internal_count=76799 30493 19652 19445 5849 10841 46306 2452 207 1635 4434 4285 13596 1520
is_linear=0
shrinkage=0.02


Tree=181
num_leaves=15
num_cat=0
split_feature=55 54 56 61 57 62 64 24 11 58 19 32 49 41
split_gain=17.0101 7.86675 4.7386 4.79414 3.25595 1.91623 1.75177 1.74762 1.60342 1.17515 1.05458 0.995184 1.0076 0.965972
threshold=0.47213622927665716 0.944402575492859 0.97727271914482128 0.84861111640930187 -1.6176033020019529 0.95416665077209484 1.0000000180025095e-35 0.98237329721450817 21.500000000000004 0.97864061594009411 0.95436507463455211 0.99291408061981212 19.500000000000004 0.86805555224418651
decision_type=2 2 2 2 2 2 2 2 2 2 2 2 2 2
left_child=-1 2 3 13 -5 -3 8 -4 11 -7 -11 12 -6 -2
right_child=1 5 7 4 6 9 -8 -9 -10 10 -12 -13 -14 -15
leaf_value=-0.014123102562360908 -0.0039949869802012013 0 0 -0.00031122261593672935 0 0 0 -0.011938529140220961 0 0.013483530789515601 0 0 0.013704859532131556 0.00087136837693055987
leaf_weight=21.673586668337521 36.857008895836771 9.4879051899406459 3.7844133385224259 14.603630494348179 1.2797330150642761 2.4011715427914195 3.3986741851840625 9.5763299846439605 1.8864263608411409 25.396017696519269 0.83321828058978908 4.6094320819684063 21.044048610550817 9.0244851378592994
leaf_count=34806 21058 6407 81 4605 208 173 916 126 197 4167 94 302 945 2714
internal_value=0 0.00267862 -1.74807e-05 0.00152517 0.00582122 0.00968424 0.00892525 -0.00903902 0.0103335 0.0118436 0.0128278 0.0114725 0.0128795 -0.00248187
internal_weight=165.856 144.182 106.064 92.7034 46.8219 38.1183 32.2183 13.3607 28.8196 28.6304 26.2292 26.9332 22.3238 45.8815
internal_count=76799 41993 31152 30945 7173 10841 2568 207 1652 4434 4261 1455 1153 23772
is_linear=0
shrinkage=0.02


Tree=182
num_leaves=15
num_cat=0
split_feature=55 53 5 28 61 11 57 54 8 53 49 32 56 53
split_gain=16.5061 9.63741 3.65507 4.81649 3.66341 3.04438 1.96375 1.8839 1.19526 1.10352 0.948543 0.969781 0.712749 0.709051
threshold=0.47213622927665716 4.6326708793640146 2.4974082708358769 0.97780856490135204 0.84861111640930187 20.500000000000004 -1.6176033020019529 0.81527280807495128 0.75000000000000011 0.25634199380874639 19.500000000000004 0.99291408061981212 0.94590643048286449 -3.1977952718734737
decision_type=2 2 2 2 2 2 2 2 2 2 2 2 2 2
left_child=-1 2 4 -4 9 6 -6 10 -5 13 -8 -12 -3 -2
right_child=1 12 3 8 5 -7 7 -9 -10 -11 11 -13 -14 -15
leaf_value=-0.014006458843966904 0 0 0.0033483869831786479 0 0 -0.0028697534289750561 0 0 -0.013901713494690375 0.0008602091566559893 0.013705689101866807 0 0.013720446480790252 -0.0050611616283525989
leaf_weight=21.321966040362895 3.1499988784489714 0.57658082393754995 5.8768636224340325 3.313924620226314 12.981866508322126 6.5772709578595814 1.2494809270865541 8.5327890197222569 10.427768784284126 19.74668353323068 20.068774228027909 4.0818019346334031 20.549788264281233 26.28007081947726
leaf_count=34806 4687 129 624 836 4478 1581 208 1072 285 9193 986 274 3148 14492
internal_value=0 0.00263733 0 -0.00645093 0.00179742 0.00525805 0.00717862 0.00933093 -0.0118038 -0.00161898 0.0115436 0.0122792 0.0132006 -0.0039516
internal_weight=164.736 143.414 122.287 19.6186 102.669 53.492 46.9147 33.9328 13.7417 49.1768 25.4001 24.1506 21.1264 29.4301
internal_count=76799 41993 38716 1745 36971 8599 7018 2540 1121 28372 1468 1260 3277 19179
is_linear=0
shrinkage=0.02


Tree=183
num_leaves=15
num_cat=0
split_feature=55 53 6 8 24 61 11 0 33 54 51 31 30 35
split_gain=16.0292 9.42548 3.62425 2.84239 2.13467 1.97503 1.81357 1.81013 1.43366 1.41284 0.953244 1.16417 0.776747 0.712794
threshold=0.47213622927665716 3.4091784954071049 0.25030054152011877 0.29166667163372045 0.98825255036354076 0.81651785969734203 20.500000000000004 1.0000000180025095e-35 0.84687501192092907 0.24327270686626437 0.065188031643629088 0.65312498807907116 0.99960473179817211 0.91145834326744091
decision_type=2 2 2 2 2 2 2 2 2 2 2 2 2 2
left_child=-1 2 3 7 -4 -5 8 9 13 -2 11 12 -9 -7
right_child=1 -3 4 5 -6 6 -8 10 -10 -11 -12 -13 -14 -15
leaf_value=-0.0138871517079108 -0.0062420248947504713 0.01133532935137104 0 -0.00050608996913000524 -0.012072817261853811 0.011234456695639414 -0.00078323731499844312 0 0 0 -0.0001165456001765916 0 0.010628488972352941 0
leaf_weight=20.972400755046692 22.120585231554287 30.257285033665539 2.7989047124065092 9.4362130684094137 7.9025384046981344 20.878396304695354 2.276420818801852 0.41978241116157544 6.8796215398979248 28.648800359733286 1.4480236670351585 0.97316805052832922 5.625066580294515 1.6954450559715031
leaf_count=34806 16936 5066 147 5466 236 2006 413 55 1010 9341 249 217 567 284
internal_value=0 0.00261834 -3.27395e-05 0.00110696 -0.00862959 0.00489581 0.00707801 -0.00131233 0.00854229 -0.00313973 0.00416769 0.00680854 0.00924726 0.0104564
internal_weight=162.333 141.36 111.103 100.402 10.7014 41.1661 31.7299 59.2354 29.4535 50.7694 8.46604 7.01802 6.04485 22.5738
internal_count=76799 41993 36927 36544 383 9179 3713 27365 3300 26277 1088 839 622 2290
is_linear=0
shrinkage=0.02


Tree=184
num_leaves=15
num_cat=0
split_feature=55 53 6 61 32 57 64 37 32 8 0 53 51 53
split_gain=15.5384 9.17845 3.59554 3.43913 3.34248 2.47658 1.45368 1.69354 1.86958 1.4256 1.42278 1.04386 0.792249 0.704602
threshold=0.47213622927665716 4.6326708793640146 0.062361473217606551 0.84861111640930187 0.96735301613807689 -1.6176033020019529 1.0000000180025095e-35 0.10912698507308961 0.99291408061981212 0.75000000000000011 -56.499999999999993 0.25634199380874639 0.25514037907123571 -3.1977952718734737
decision_type=2 2 2 2 2 2 2 2 2 2 2 2 2 2
left_child=-1 2 3 11 -4 -5 7 -7 10 -6 -9 13 -12 -2
right_child=1 -3 4 5 9 6 -8 8 -10 -11 12 -13 -14 -15
leaf_value=-0.013766338831384986 0 0.013018893611861109 0.0014837236224297982 -4.1842414996767253e-05 0 0 0 0 0 -0.013416132938024778 0.013742470928945956 0.00079208628761533368 0 -0.0049844746344608675
leaf_weight=20.614352185977623 3.1405759559274911 20.455554519809084 5.3523050501826246 15.980992316726768 1.7479469988611498 5.7430018263403317 3.9368752765149102 0.74917154783907136 4.8525328486430217 9.6840828664280707 21.734750631483628 19.309065162822662 1.0363871447625559 26.422522747518087
leaf_count=34806 4693 3277 332 5779 176 706 1033 114 450 330 1057 9190 224 14632
internal_value=0 0.00258348 0 0.0016936 -0.0068713 0.00502867 0.00749966 0.00870475 0.010355 -0.0114885 0.0121974 -0.00162481 0.013101 -0.00387332
internal_weight=160.76 140.146 119.69 102.906 16.7843 54.0337 38.0527 34.1158 28.3728 11.432 23.5203 48.8722 22.7711 29.5631
internal_count=76799 41993 38716 37878 838 9363 3584 2551 1845 506 1395 28515 1281 19325
is_linear=0
shrinkage=0.02


Tree=185
num_leaves=15
num_cat=0
split_feature=54 53 6 28 53 59 55 18 5 11 33 50 57 35
split_gain=15.2263 8.58348 3.74961 2.25344 1.93143 1.92396 2.02904 1.981 1.37988 1.05472 1.0842 0.922502 0.878794 0.804611
threshold=0.01397989457473159 3.4091784954071049 0.41587489843368536 0.97780856490135204 -1.4741440415382383 0.78174602985382091 0.82085561752319347 0.99506169557571422 -2.5297646522521968 20.500000000000004 0.82916665077209484 0.047149864956736572 -2.3926386833190914 0.91145834326744091
decision_type=2 2 2 2 2 2 2 2 2 2 2 2 2 2
left_child=4 2 5 -4 -1 11 7 -7 -8 10 12 -2 -10 -14
right_child=1 -3 3 -5 -6 6 8 -9 9 -11 -12 -13 13 -15
leaf_value=-0.013790210987325991 -0.0031386043699273701 0.011155762752033567 0.00031091592799191057 -0.012251443325400974 0 0.005040231632106134 -0.00035494125118472482 -0.0049854842962062263 0 0 0 0.0019449298110878167 0.011569805104241796 0
leaf_weight=23.238512657357209 32.563542931929987 29.52856698994583 1.9115345341051559 7.7601456395350397 1.446520744008011 4.9113789983748584 2.1357960639870717 12.833505779890402 1.3039566599909473 2.9890979120318653 6.9090839859563848 9.0584934666258032 21.097797686845304 1.7555600547639176
leaf_count=44514 13935 5066 101 210 1792 282 44 3817 524 698 973 2946 1675 222
internal_value=0 0.00280156 0 -0.00888107 -0.0125342 0.00134269 0.00378503 -0.000357388 0.00623942 0.00737371 0.00835009 -0.00129451 0.00995511 0.0107335
internal_weight=159.443 134.758 105.23 9.67168 24.685 95.5582 53.9362 17.7449 36.1913 34.0555 31.0664 41.622 24.1573 22.8534
internal_count=76799 30493 25427 311 46306 25116 8235 4099 4136 4092 3394 16881 2421 1897
is_linear=0
shrinkage=0.02


Tree=186
num_leaves=15
num_cat=0
split_feature=54 53 56 36 61 59 61 53 64 54 50 46 51 56
split_gain=14.7286 8.34332 3.65931 4.60889 3.11751 3.13146 2.13228 2.03262 1.04873 1.60192 0.992068 1.13179 1.00893 0.77139
threshold=0.012768768705427648 4.6326708793640146 0.97727271914482128 0.95866215229034435 0.84861111640930187 0.88194444775581371 0.96651786565780651 -1.4741440415382383 1.0000000180025095e-35 0.81527280807495128 0.22356927394866946 0.99210005998611461 -0.1693267077207565 0.94590643048286449
decision_type=2 2 2 2 2 2 2 2 2 2 2 2 2 2
left_child=7 2 4 -4 -2 -6 -5 -1 9 10 11 12 -7 -3
right_child=1 13 3 6 5 8 -8 -9 -10 -11 -12 -13 -14 -15
leaf_value=-0.013933139191013201 -0.0010509126142733264 0 0.0013196943214784851 0 -0.0001483720623753916 0 -0.01535501283532803 0 0 0 0 0 0.014253355481686877 0.013360121181187672
leaf_weight=22.17172249396754 46.264104395522736 0.58910471503623085 10.863673448257034 2.1433812975810698 16.295962780270202 0.68498060875573585 8.6151942003489239 1.3532585428765731 3.7176219198809113 3.7227314506671965 1.5966103270766314 2.8215002294164142 18.606588343827756 19.253350196173415
leaf_count=44111 18887 129 904 93 4207 5 240 1607 982 1025 109 263 1089 3148
internal_value=0 0.00270634 9.7985e-05 -0.00595891 0.00211045 0.00548286 -0.0126211 -0.0126052 0.00870187 0.0098021 0.0113399 0.0122179 0.0135098 0.0127703
internal_weight=158.7 135.175 115.332 21.6222 93.7101 47.446 10.7586 23.525 31.15 27.4324 23.7097 22.1131 19.2916 19.8425
internal_count=76799 31081 27804 1237 26567 7680 333 45718 3473 2491 1466 1357 1094 3277
is_linear=0
shrinkage=0.02


Tree=187
num_leaves=15
num_cat=0
split_feature=54 53 6 28 59 62 53 64 37 57 32 5 51 50
split_gain=14.2359 8.13877 5.31477 4.02844 2.80138 2.06042 2.02098 1.57295 1.80619 2.0956 1.74031 1.0448 1.08342 0.897863
threshold=0.012768768705427648 4.6326708793640146 0.062361473217606551 0.97780856490135204 0.78174602985382091 0.7035714089870454 -1.4741440415382383 1.0000000180025095e-35 0.19722222536802295 -1.6176033020019529 0.99291408061981212 0.64155200123786937 -0.065420918166637407 0.047149864956736572
decision_type=2 2 2 2 2 2 2 2 2 2 2 2 2 2
left_child=6 2 4 -4 13 -6 -1 8 -7 -10 -11 -5 -13 -2
right_child=1 -3 3 11 5 7 -8 -9 9 10 -12 12 -14 -15
leaf_value=-0.013832930448762541 -0.0029130737681490218 0.012658893268254147 0.0020685011787977903 0 -0.00012581992709470165 0 0 0 0 0.01340909801514858 0 0 -0.014954595688790949 0.002182931738078315
leaf_weight=21.786341648890815 32.727518395397055 19.515769323101267 4.5641032784915323 1.1852805966918811 12.557162110620991 5.5971641072392222 1.3451315875427088 3.9946762905965434 6.7043625835431113 22.578821678689572 5.1142973190726471 1.0996986683458079 10.878804236112044 8.879161165423282
leaf_count=44111 14730 3277 339 104 3087 543 1607 1075 3085 1017 395 68 324 3037
internal_value=0 0.00264273 8.67199e-05 -0.00800668 0.0022695 0.00503113 -0.0124892 0.00690677 0.00807135 0.0095607 0.0115427 -0.0124931 -0.0137057 -0.0010506
internal_weight=158.528 135.397 115.881 17.7279 98.1532 56.5465 23.1315 43.9893 39.9946 34.3975 27.6931 13.1638 11.9785 41.6067
internal_count=76799 31081 27804 835 26969 9202 45718 6115 5040 4497 1412 496 392 17767
is_linear=0
shrinkage=0.02


Tree=188
num_leaves=15
num_cat=0
split_feature=61 0 64 23 59 31 6 19 41 62 50 46 47 24
split_gain=14.0631 5.89366 5.0506 4.55579 3.73728 3.98302 1.68488 1.11385 0.923211 0.794713 0.591601 0.584131 0.547836 0.522913
threshold=0.78958335518836986 -20.499999999999996 1.0000000180025095e-35 0.52951389551162731 0.88194444775581371 0.98611110448837291 -5.6912610530853263 0.079166669398546233 0.98750001192092907 0.54687500000000011 0.095998223870992674 0.99918568134307872 178.50000000000003 0.66544756293296825
decision_type=2 2 2 2 2 2 2 2 2 2 2 2 2 2
left_child=3 7 4 8 -3 6 -6 -2 -1 -8 13 -11 -5 -4
right_child=1 2 10 12 5 -7 9 -9 -10 11 -12 -13 -14 -15
leaf_value=-0.013910882483789593 0 0 0 0.0010683874809753763 0 -0.0010517499922352441 0 -0.0078276544686455805 0 0.012797874868647082 0 0 -0.0028134649226350967 -0.0082145262087322517
leaf_weight=22.620343239465004 1.1886010537709797 23.378411090743612 0.3931631679442934 8.352203399837892 1.1803156845271576 5.3831386646197634 0.34948760038241644 10.211263293364025 0.42855959414009603 52.588587184014614 0.84687703686358862 1.1140212738391699 23.548874641230213 4.8462479385416373
leaf_count=34784 52 8766 32 5836 22 177 161 3512 55 5448 740 90 15719 1405
internal_value=0 0.00434153 0.0062508 -0.00760242 0.00774611 0.0101419 0.0117105 -0.00575325 -0.013359 0.0122811 -0.00519785 0.0125272 -0.00101658 -0.00694416
internal_weight=156.43 101.48 90.0802 54.95 83.994 60.6156 55.2324 11.3999 23.0489 54.0521 6.08629 53.7026 31.9011 5.23941
internal_count=76799 20405 16841 56394 14664 5898 5721 3564 34839 5699 2177 5538 21555 1437
is_linear=0
shrinkage=0.02


Tree=189
num_leaves=15
num_cat=0
split_feature=55 53 6 61 11 28 33 34 57 36 7 41 55 54
split_gain=13.7682 7.73008 3.82392 2.87278 2.48067 2.28086 1.76774 1.53181 1.62818 1.10064 0.827057 0.764646 0.645428 0.576111
threshold=0.47213622927665716 3.4091784954071049 0.41587489843368536 0.84861111640930187 20.500000000000004 0.97780856490135204 0.84687501192092907 0.55686739087104808 -2.6121758222579952 0.99648505449295055 -4.9629626274108878 0.94097220897674572 0.87867647409439098 0.81527280807495128
decision_type=2 2 2 2 2 2 2 2 2 2 2 2 2 2
left_child=-1 2 3 9 6 -4 7 -5 -9 11 -10 13 -3 -2
right_child=1 12 5 4 -6 -7 -8 8 10 -11 -12 -13 -14 -15
leaf_value=-0.013351012001833196 -0.006362646482611453 0 0.0003190213377579966 0 -0.0027861972734999733 -0.012350497094348727 0 0 0 0.00086543055634471285 0.011498203132324206 0 0.010934236025474641 0
leaf_weight=19.127547277199483 21.213848452149257 0.47711092882673511 1.877728156541705 6.6034404875899773 6.4049387591730911 7.9992847424437059 9.3067632263555407 2.6996218295244025 0.71239981318649626 16.564773524558404 25.592828348919287 3.5236249732552087 28.131812802610511 5.0355806698062215
leaf_count=34806 14417 342 102 1062 1563 213 1673 1526 362 9429 2589 754 4724 3237
internal_value=0 0.00243692 0 0.00120947 0.00438019 -0.00903101 0.00621788 0.00798135 0.00961265 -0.0018537 0.0109292 -0.00405911 0.0105217 -0.00523654
internal_weight=155.271 136.144 107.535 97.6578 51.32 9.87701 44.9151 35.6083 29.0048 46.3378 26.3052 29.7731 28.6089 26.2494
internal_count=76799 41993 36927 36612 8775 315 7212 5539 4477 27837 2951 18408 5066 17654
is_linear=0
shrinkage=0.02


Tree=190
num_leaves=15
num_cat=0
split_feature=55 53 56 61 59 37 64 64 50 38 36 46 51 54
split_gain=13.3414 7.63162 4.26539 3.16244 2.92038 2.65479 1.50338 1.47413 1.09384 1.24808 0.946906 0.915976 0.917651 0.878063
threshold=0.47213622927665716 2.9765726327896123 0.97727271914482128 0.84861111640930187 0.88194444775581371 0.63194444775581371 1.0000000180025095e-35 1.0000000180025095e-35 0.22356927394866946 0.18465909361839297 0.99648505449295055 0.99210005998611461 -0.1693267077207565 0.81527280807495128
decision_type=2 2 2 2 2 2 2 2 2 2 2 2 2 2
left_child=-1 2 3 10 -5 -4 -3 8 9 -6 -2 12 -11 -14
right_child=1 6 5 4 7 -7 -8 -9 -10 11 -12 -13 13 -15
leaf_value=-0.013226701752009257 -0.0038765507619843084 0.010759602839140923 0 -0.00039933355166833816 0 -0.013379599651886983 0 0 0 0 0.00062751880592821737 0 0.014431277107248501 0
leaf_weight=18.815112647342175 28.928564137633657 31.612575913030014 6.1392253215017245 15.34587270158954 1.1956164610965156 7.5411409573935089 1.2731866115063883 3.2083318287695866 1.2165182142052788 0.65960230123893282 16.505859936842171 3.3791340793977716 17.197616650781125 0.92025365015433536
leaf_count=34806 17888 5435 523 4263 296 118 1121 1024 130 28 8978 477 1379 333
internal_value=0 0.00240248 -0.000195663 0.00133064 0.00502126 -0.00863262 0.00984869 0.00835619 0.00977757 0.0106699 -0.0018028 0.0116464 0.0129473 0.0136619
internal_weight=153.939 135.123 102.238 88.5574 43.1229 13.6804 32.8858 27.7771 24.5687 23.3522 45.4344 22.1566 18.7775 18.1179
internal_count=76799 41993 35437 34796 7930 641 6556 3667 2643 2513 26866 2217 1740 1712
is_linear=0
shrinkage=0.02


Tree=191
num_leaves=15
num_cat=0
split_feature=62 53 6 57 53 55 37 33 64 18 56 35 54 62
split_gain=12.9998 6.82097 4.99905 2.754 2.363 1.77859 1.9673 1.50055 1.48581 1.33502 1.09852 1.03427 0.933536 0.91491
threshold=0.6700892746448518 2.9765726327896123 0.25030054152011877 -1.6176033020019529 -1.6815741658210752 0.82085561752319347 0.22048611193895343 0.83854165673255932 1.0000000180025095e-35 0.99506169557571422 0.97727271914482128 0.91145834326744091 0.50613200664520275 0.89087301492691051
decision_type=2 2 2 2 2 2 2 2 2 2 2 2 2 2
left_child=4 2 3 -2 -1 9 -7 11 13 -5 -4 12 -8 -3
right_child=1 8 10 5 -6 6 7 -9 -10 -11 -12 -13 -14 -15
leaf_value=-0.01368467779132438 -0.0014036519160553541 0 0 0.0045758319775709416 0 0 0.014033847258220945 0 0 -0.0042564871721164224 -0.012561016443082084 0 0 0.011878231212758612
leaf_weight=20.353451773309647 42.677174234402628 4.7124811886460547 1.5545985532517059 4.4161632342984367 5.3566906876076237 5.6239924925466793 13.983296442493165 4.8517177411486037 1.2641557755850943 9.2809126936335797 6.9170178880449384 1.5574640772829287 3.3874631962098638 26.391553047251364
leaf_count=37030 22810 2156 116 1099 3163 566 810 449 1121 3920 105 238 203 3013
internal_value=0 0.00276646 0 0.00161909 -0.0113007 0.00498883 0.00733456 0.0094441 0.00976115 0 -0.0106548 0.0113591 0.0124198 0.0106789
internal_weight=152.328 126.618 94.2498 85.7782 25.7101 43.101 29.4039 23.7799 32.3682 13.6971 8.47162 18.9282 17.3708 31.104
internal_count=76799 36606 30316 30095 40193 7285 2266 1700 6290 5019 221 1251 1013 5169
is_linear=0
shrinkage=0.02


Tree=192
num_leaves=15
num_cat=0
split_feature=62 53 6 28 57 53 61 54 11 56 21 32 41 48
split_gain=12.749 6.6614 4.37125 3.43145 3.15625 2.32807 1.75564 1.80647 1.38093 0.960418 0.892987 0.887141 0.833232 0.657777
threshold=0.6700892746448518 4.6326708793640146 0.062361473217606551 0.97780856490135204 -1.6176033020019529 -1.6815741658210752 0.83630952239036571 0.84020122885704052 21.500000000000004 0.94590643048286449 0.91145834326744091 0.9533788561820985 0.55902779102325451 0.10477537289261819
decision_type=2 2 2 2 2 2 2 2 2 2 2 2 2 2
left_child=5 2 4 -4 12 -1 -6 8 10 -3 13 -5 -2 -8
right_child=1 9 3 11 6 -7 7 -9 -10 -11 -12 -13 -14 -15
leaf_value=-0.013610515079926897 -0.0039301272229565172 0 0.0019333012699885514 0 0 0 0 0 0 0.012833379167295877 0 -0.012588509940914429 0.00049452368901140627 0.011878514573704244
leaf_weight=20.140634195144234 16.808584482743754 0.64764534350252034 4.4208221309236277 1.0845455567323359 10.419337776453174 5.2728910958685438 0.94045456715685816 7.6522287812767891 2.134644741745432 17.551801639143378 1.3838055469823292 11.275811038431128 27.130823802846862 23.918398747911851
leaf_count=37030 12149 125 327 50 4393 3163 70 1221 172 3148 145 385 12696 1725
internal_value=0 0.00275285 0.000269091 -0.00713728 0.00236635 -0.011242 0.00574656 0.00757229 0.00949566 0.0120506 0.0106101 -0.0114571 -0.000916624 0.0113435
internal_weight=150.782 125.369 107.169 16.7812 90.3883 25.4135 46.4489 36.0295 28.3773 18.1994 26.2427 12.3604 43.9394 24.8589
internal_count=76799 36606 33333 762 32571 40193 7726 3333 2112 3273 1940 435 24845 1795
is_linear=0
shrinkage=0.02


Tree=193
num_leaves=15
num_cat=0
split_feature=62 53 6 11 55 53 18 5 64 29 18 58 19 50
split_gain=12.4711 6.54101 4.05581 2.47722 2.58524 2.29291 1.91536 1.78866 1.46554 1.2534 1.08044 1.0789 0.761179 0.707669
threshold=0.6700892746448518 2.9765726327896123 0.25030054152011877 6.5000000000000009 0.82085561752319347 -1.6815741658210752 0.99506169557571422 -2.5297646522521968 1.0000000180025095e-35 0.83854165673255932 0.997593253850937 0.055675799027085311 0.96651786565780651 0.21016815304756167
decision_type=2 2 2 2 2 2 2 2 2 2 2 2 2 2
left_child=5 2 3 4 6 -1 -2 -6 -3 12 -4 -5 13 -9
right_child=1 8 10 11 7 -7 -8 9 -10 -11 -12 -13 -14 -15
leaf_value=-0.013547078353341978 0.0055020092931779441 0.010628138955041722 0 -0.0061983576878016627 -0.00035434997579279705 0 -0.0050013907408814964 0.012547184252343207 0 0 -0.011962036043138446 0 0 0
leaf_weight=19.822137289156675 3.6910058963112524 30.055914931319425 2.1226421212777495 5.8230391217766728 1.1381524691823894 5.236556303825636 10.690415490331359 18.176772060891391 1.2392409263920843 2.1315893091450553 5.9855064282892254 41.780489335738821 0.32046383441775006 0.45514565124176343
leaf_count=37030 1015 5169 53 6650 27 3163 5474 2075 1121 474 168 14291 21 68
internal_value=0 0.00274356 0 0.00146742 0.00508212 -0.0111775 0 0.00859804 0.00969506 0.0101174 -0.009715 -0.0010578 0.0114056 0.011983
internal_weight=148.669 123.61 92.3152 84.2071 36.6035 25.0587 14.3814 22.2221 31.2952 21.084 8.10815 47.6035 18.9524 18.6319
internal_count=76799 36606 30316 30095 9154 40193 6489 2665 6290 2638 221 20941 2164 2143
is_linear=0
shrinkage=0.02


Tree=194
num_leaves=15
num_cat=0
split_feature=55 53 6 8 0 61 64 32 11 32 32 54 51 49
split_gain=12.0728 6.86659 3.31821 2.03679 2.05434 1.58979 1.44051 1.36667 1.35625 1.19668 0.977381 0.904778 0.712958 0.62522
threshold=0.47213622927665716 2.9765726327896123 0.25030054152011877 0.29166667163372045 1.0000000180025095e-35 0.81041666865348827 1.0000000180025095e-35 0.97600737214088451 20.500000000000004 0.94463104009628307 0.99329420924186718 0.63351851701736461 0.066510338336229338 262.50000000000006
decision_type=2 2 2 2 2 2 2 2 2 2 2 2 2 2
left_child=-1 2 3 4 11 -5 -3 12 10 -4 -7 13 -6 -2
right_child=1 6 9 5 7 8 -8 -9 -10 -11 -12 -13 -14 -15
leaf_value=-0.012857013738603644 -0.0063969618584552102 0.010497562688346293 0 -0.00092765718985728302 0.0097603104661539881 0.0088999940141192054 0 -0.00047495530466239454 -0.00027744204745689977 -0.011127349593074785 0 0 0 0
leaf_weight=17.722587549607852 21.68218867315591 29.8662754137622 0.96712320161168364 6.4116330607357659 5.2562943614757369 23.00776419573959 1.2343085752509058 2.5650847451615846 1.9862996710653522 6.937092887237668 4.9343113727736627 15.782157258458026 0.72128575987881038 7.7377884796296703
leaf_count=34806 15394 5435 26 4340 441 2913 1121 515 489 252 997 6161 132 3777
internal_value=0 0.00233566 -0.00015817 0.000924164 -0.00113211 0.00434914 0.00956586 0.00466253 0.00625355 -0.00914697 0.00753895 -0.00328028 0.00824584 -0.0050359
internal_weight=146.812 129.09 97.989 90.0848 53.7448 36.34 31.1006 8.54266 29.9284 7.90422 27.9421 45.2021 5.97758 29.42
internal_count=76799 41993 35437 35159 26420 8739 6556 1088 4399 278 3910 25332 573 19171
is_linear=0
shrinkage=0.02


Tree=195
num_leaves=15
num_cat=0
split_feature=62 53 6 28 57 53 55 37 18 37 56 58 17 32
split_gain=11.8127 6.19707 2.93433 2.76673 2.50616 2.22568 1.64572 1.87497 1.20379 0.933057 0.926098 0.921625 0.929462 0.751983
threshold=0.6700892746448518 4.6326708793640146 0.062361473217606551 0.97780856490135204 -1.6176033020019529 -1.6815741658210752 0.82085561752319347 0.22048611193895343 0.99506169557571422 0.66145834326744091 0.94590643048286449 0.15666440129280093 6.5000000000000009 0.94698306918144237
decision_type=2 2 2 2 2 2 2 2 2 2 2 2 2 2
left_child=5 2 4 -4 11 -1 8 -8 -6 -9 -3 12 -2 -5
right_child=1 10 3 13 6 -7 7 9 -10 -11 -12 -13 -14 -15
leaf_value=-0.013361354855618544 0 0 0.0018458336864637642 0 0.0044545135006660262 0 0 0.012596864321647748 -0.0040065173970214247 0.0012166785274862518 0.012586091396524588 0.00033486818319826943 -0.0071420778868365661 -0.011060920590945869
leaf_weight=19.244541486954407 3.4038294448000661 0.63406823776313359 4.3371942947123889 0.81280077996780065 4.3096472706019986 5.1485299387422847 5.9093035994301344 12.546673657729118 9.0165956394594087 13.274987651871923 16.816872134702862 31.177774674066313 8.1857998041014053 10.678437758215294
leaf_count=37030 1666 125 327 30 1102 3163 590 776 3946 1312 3148 15658 7521 405
internal_value=0 0.00269441 0.000241612 -0.00589753 0.00201811 -0.0109949 0.00509282 0.00720121 0 0.00916757 0.0117962 -0.000879121 -0.00465507 -0.0100349
internal_weight=145.497 121.104 103.653 15.8284 87.8246 24.3931 45.0572 31.731 13.3262 25.8217 17.4509 42.7674 11.5896 11.4912
internal_count=76799 36606 33333 762 32571 40193 7726 2678 5048 2088 3273 24845 9187 435
is_linear=0
shrinkage=0.02


Tree=196
num_leaves=15
num_cat=0
split_feature=62 54 56 59 61 62 58 61 64 50 58 50 50 41
split_gain=11.493 4.65573 3.7207 3.7254 1.95104 1.65572 1.60723 1.51101 1.43079 1.18277 1.12577 0.991943 0.916221 0.843323
threshold=0.6700892746448518 0.944402575492859 0.97727271914482128 0.88194444775581371 0.82182541489601146 0.86805555224418651 0.97864061594009411 0.7035714089870454 1.0000000180025095e-35 0.047149864956736572 0.40299242734909063 0.22356927394866946 -0.031010422855615612 0.61805555224418651
decision_type=2 2 2 2 2 2 2 2 2 2 2 2 2 2
left_child=7 2 3 9 -5 -3 -7 -1 11 -2 -4 -6 -8 -11
right_child=1 5 10 4 8 6 12 -9 -10 13 -12 -13 -14 -15
leaf_value=-0.012647699771315753 -0.0037986240094187622 0 0 0 0.010799082624482224 0 0 0 0 -0.00071519337968735689 -0.0096282274150923559 0 0.012577426451649561 0.0055412857594992265
leaf_weight=19.866024586754069 29.91500633783653 7.0056005932056022 1.6526323589496303 8.9387472231865086 22.396898576007523 2.5087206204189014 1.2292898939340435 4.1866150571258904 2.9016965262489967 4.3021330414121604 10.531080208718775 1.5064205810122064 21.054224299667109 5.9224460337864002
leaf_count=36881 15536 5202 26 4162 1842 312 234 3312 908 2180 181 127 4484 1412
internal_value=0 0.00266937 0 0.00194456 0.00626698 0.00844392 0.0103847 -0.0109057 0.00852913 -0.00162714 -0.0078258 0.00990435 0.0117913 0.00194627
internal_weight=143.918 119.865 88.0671 75.8833 35.7438 31.7978 24.7922 24.0526 26.805 40.1396 12.1837 23.9033 22.2835 10.2246
internal_count=76799 36606 26374 26167 7039 10232 5030 40193 2877 19128 207 1969 4718 3592
is_linear=0
shrinkage=0.02


Tree=197
num_leaves=15
num_cat=0
split_feature=55 53 56 36 61 59 61 64 41 53 11 56 11 26
split_gain=11.2058 6.52587 2.29477 2.81887 2.51685 2.50613 1.6955 0.776017 0.771195 0.894509 0.791814 0.730952 0.70877 1.11781
threshold=0.47213622927665716 4.6326708793640146 0.97727271914482128 0.95866215229034435 0.84861111640930187 0.88194444775581371 0.96651786565780651 1.0000000180025095e-35 0.85912698507308971 0.96825629472732555 19.500000000000004 0.94590643048286449 20.500000000000004 0.47197359800338751
decision_type=2 2 2 2 2 2 2 2 2 2 2 2 2 2
left_child=-1 2 4 -4 8 -6 -5 12 9 10 -2 -3 13 -7
right_child=1 11 3 6 5 7 -8 -9 -10 -11 -12 -13 -14 -15
leaf_value=-0.012576060740849498 -0.0066521859439535157 0 0.00046732991024517199 0 -0.00026424271784482377 0 -0.013034418921947821 0 0.0016274727356113525 0.00011047029425028124 0 0.012409476792064873 0 0.010484591882942103
leaf_weight=17.00055283477559 15.927004928686076 0.56357354171632579 10.434623064233167 2.0586786157655279 15.01478445860266 2.1715077366971043 7.5250720225303667 3.3368483692684086 9.4985880701351544 9.026557495701125 9.6133405380605819 16.307075256911048 1.8977012878021913 22.340867304606945
leaf_count=34806 12385 129 904 93 4609 331 240 1068 3503 6211 6478 3148 665 2229
internal_value=0 0.00227427 0 -0.00496417 0.00162195 0.00478145 -0.010388 0.00770985 -0.00121548 -0.00286093 -0.00463088 0.0117521 0.00864115 0.00938951
internal_weight=142.717 125.716 108.846 20.0184 88.8272 44.7617 9.58375 29.7469 44.0655 34.5669 25.5403 16.8706 26.4101 24.5124
internal_count=76799 41993 38716 1237 37479 8902 333 4293 28577 25074 18863 3277 3225 2560
is_linear=0
shrinkage=0.02


Tree=198
num_leaves=15
num_cat=0
split_feature=62 53 6 28 57 53 54 55 18 37 35 58 0 44
split_gain=10.8993 5.90161 2.41969 2.54148 2.26438 2.18664 1.52325 2.3011 1.29667 1.07894 1.01333 0.883923 0.908455 0.742307
threshold=0.6700892746448518 4.6326708793640146 0.062361473217606551 0.97780856490135204 -1.6176033020019529 -1.6815741658210752 0.84020122885704052 0.82085561752319347 0.99506169557571422 0.14087302237749103 0.94097220897674572 0.15666440129280093 -6.4999999999999991 0.99920383095741283
decision_type=2 2 2 2 2 2 2 2 2 2 2 2 2 2
left_child=5 2 4 -4 11 -1 7 8 -6 -9 13 12 -2 -11
right_child=1 -3 3 -5 6 -7 -8 9 -10 10 -12 -13 -14 -15
leaf_value=-0.013115229418559107 -0.0070976764772045691 0.011657925005247356 0.0018575933148024656 -0.0094678327174206635 0.0047788718928514686 0 -0.00012875401100509681 0 -0.0041612053877282829 0.01180698524798997 0 0.00027117197335152488 0 0
leaf_weight=18.466997585732319 7.9960365209044539 16.619800924170704 4.3140993756242088 11.176706002035642 4.0575129515709696 5.0463830670923917 8.1659235321203578 1.2984462749955152 8.3700716767452814 20.604822201668874 1.4979718944596232 30.15000788836187 3.3399859042401641 0.70450600334152014
leaf_count=37030 7521 3273 327 435 1058 3163 1337 74 3703 1238 223 15658 1666 93
internal_value=0 0.00261041 0.000199819 -0.0053834 0.00185429 -0.010719 0.00478744 0.00641944 0 0.00934153 0.0102735 -0.00092221 -0.00462414 0.0112003
internal_weight=141.809 118.296 101.676 15.4908 86.1853 23.5134 44.6993 36.5333 12.4276 24.1057 22.8073 41.486 11.336 21.3093
internal_count=76799 36606 33333 762 32571 40193 7726 6389 4761 1628 1554 24845 9187 1331
is_linear=0
shrinkage=0.02


Tree=199
num_leaves=15
num_cat=0
split_feature=55 53 56 8 30 0 64 53 46 43 54 51 31 51
split_gain=10.6142 6.19622 2.81732 1.62691 2.18974 1.61076 1.41056 1.31583 1.20675 1.05846 0.893628 0.865933 0.995878 0.769845
threshold=0.47213622927665716 2.9765726327896123 0.97727271914482128 0.29166667163372045 0.99763408303260814 1.0000000180025095e-35 1.0000000180025095e-35 0.064977832138538374 0.97428438067436229 0.63194444775581371 0.24327270686626437 0.065188031643629088 0.65312498807907116 -0.04907680302858352
decision_type=2 2 2 2 2 2 2 2 2 2 2 2 2 2
left_child=-1 2 3 5 8 10 -3 -4 -5 -6 -2 12 -7 -9
right_child=1 6 7 4 9 11 -8 13 -10 -11 -12 -13 -14 -15
leaf_value=-0.012381152441852165 -0.0053955413434872267 0.010221058736181666 0 0.011536844744351862 -0.0035312106040990094 0.0088863366664782301 0 0 0 0.003208489253859833 0 0 0 -0.010901437629232725
leaf_weight=16.498791599286051 19.418939029517787 28.259919166317562 2.6706168078817418 8.5941111774591246 10.180027303948011 5.8472436579977494 1.1951469104969863 1.4234624903183419 1.8929202702565806 13.317862960386263 20.749946004434605 1.3474042025118249 0.99180396050360276 8.6550114001875027
leaf_count=34806 16991 5435 431 1241 3749 622 1121 32 406 3384 7935 250 218 178
internal_value=0 0.00221174 -0.000159447 0.00107546 0.0041825 -0.000819026 0.00925029 -0.00720843 0.009544 0 -0.00295419 0.00421483 0.00667256 -0.00953443
internal_weight=141.043 124.544 95.0893 82.3403 33.9849 48.3553 29.4551 12.7491 10.487 23.4979 40.1689 8.18645 6.83905 10.0785
internal_count=76799 41993 35437 34796 8780 26016 6556 641 1647 7133 24926 1090 840 210
is_linear=0
shrinkage=0.02


Tree=200
num_leaves=15
num_cat=0
split_feature=55 53 56 61 59 57 0 58 43 64 56 6 11 41
split_gain=10.4047 5.92383 3.13603 2.58468 2.70591 2.56886 3.46118 2.35308 0.91083 0.992947 0.858508 0.834618 0.906603 0.807502
threshold=0.47213622927665716 4.6326708793640146 0.97727271914482128 0.84861111640930187 0.88194444775581371 2.0066758394241337 -1.0000000180025095e-35 0.33295343816280371 0.19097222387790683 1.0000000180025095e-35 0.94590643048286449 2.5091170072555546 20.500000000000004 0.85912698507308971
decision_type=2 2 2 2 2 2 2 2 2 2 2 2 2 2
left_child=-1 2 3 13 -5 6 7 -4 -6 11 -3 12 -10 -2
right_child=1 10 5 4 8 -7 -8 -9 9 -11 -12 -13 -14 -15
leaf_value=-0.01234674101741156 -0.0027566733410657298 0 0 -0.00028903564893139445 0 0.0026524060668728718 0 -0.015996902823626723 0.011558922336778478 0 0.0121463201716988 0 0 0.0019504399888159885
leaf_weight=16.218269910257732 33.945858296166989 0.61164902559539847 1.4886352187022609 14.751806113024939 2.4054774315736749 2.9212620137259355 6.8430592840304607 9.380079400027169 21.947743569209717 3.2376920131282523 15.607709030111437 0.61339805345050891 1.7705622739013041 9.5014772976137447
leaf_count=34806 25074 129 18 4609 303 275 645 299 2302 1068 3148 14 606 3503
internal_value=0 0.00217131 0 0.0019072 0.00506904 -0.00573302 -0.00868962 -0.0134873 0.00807282 0.00895793 0.0113515 0.0100605 0.0106819 -0.00100479
internal_weight=141.245 125.026 108.807 88.174 44.7267 20.633 17.7118 10.8687 29.9749 27.5694 16.2194 24.3317 23.7183 43.4473
internal_count=76799 41993 38716 37479 8902 1237 962 317 4293 3990 3277 2922 2908 28577
is_linear=0
shrinkage=0.02


Tree=201
num_leaves=15
num_cat=0
split_feature=55 53 6 28 7 42 11 64 28 52 62 53 28 56
split_gain=10.1937 5.69979 2.87052 2.81213 2.56281 1.17668 1.57139 1.6427 1.22806 1.80604 0.954245 0.921524 0.91214 0.903065
threshold=0.47213622927665716 4.6326708793640146 0.062361473217606551 0.97780856490135204 1.9183728098869326 0.87083333730697643 6.5000000000000009 1.0000000180025095e-35 0.9961758852005006 0.071986816823482527 0.98750001192092907 1.3570460081100466 0.72352588176727306 0.94590643048286449
decision_type=2 2 2 2 2 2 2 2 2 2 2 2 2 2
left_child=-1 2 4 -4 5 10 7 8 9 -7 12 -8 -2 -3
right_child=1 13 3 -5 -6 6 11 -9 -10 -11 -12 -13 -14 -15
leaf_value=-0.012291960395823887 -0.0089582301394545722 0 0.0017854175686130667 -0.010222048286114518 0.0093644894124315422 0.011938090713750005 -0.0030052075328810498 -0.0013443504916018079 0 0 0.0010575578511311523 0.002569343581724874 0 0.012051703575734101
leaf_weight=15.966515348598476 5.4084991035670145 0.63043975616892289 4.2711689134885118 11.746981401367519 7.8628632689287761 11.797523956018273 23.371998951166461 3.4786356214754042 9.7912332550622505 2.2446173462594734 3.8781010242091716 8.8965256614319497 15.458784779657435 15.366288802790223
leaf_count=34806 4068 129 340 498 723 2076 11436 1814 2529 956 505 4243 9528 3148
internal_value=0 0.00215164 0 -0.00614771 0.00167491 0 0.00177292 0.00491002 0.00689382 0.00964279 -0.0028695 -0.000520277 -0.00475819 0.0112051
internal_weight=140.17 124.204 108.207 16.0182 92.1888 84.3259 59.5805 27.312 23.8334 14.0421 24.7454 32.2685 20.8673 15.9967
internal_count=76799 41993 38716 838 37878 37155 23054 7375 5561 3032 14101 15679 13596 3277
is_linear=0
shrinkage=0.02


Tree=202
num_leaves=15
num_cat=0
split_feature=55 53 6 7 41 28 57 64 32 54 42 45 7 21
split_gain=9.97411 5.63561 2.99617 2.06738 2.89977 1.70255 1.47374 1.44688 1.26291 0.849506 0.79114 0.767208 0.8291 0.7139
threshold=0.47213622927665716 2.9765726327896123 0.048431763425469405 1.9183728098869326 0.58854165673255932 0.9961758852005006 -2.5956828594207759 1.0000000180025095e-35 0.94698306918144237 0.96721947193145763 0.87083333730697643 304.50000000000006 -2.3648837804794307 0.91145834326744091
decision_type=2 2 2 2 2 2 2 2 2 2 2 2 2 2
left_child=-1 2 3 4 9 6 -6 -3 -4 11 -8 12 -2 -12
right_child=1 7 8 -5 5 -7 10 -9 -10 -11 13 -13 -14 -15
leaf_value=-0.012224444230668305 0 0.0099846501870459788 0 0.0083027288624786914 0 0 0 0 -0.010467978519399887 0 0.010332539779311808 0 -0.0075671660943621693 0
leaf_weight=15.724057169110891 3.3688953273522193 27.362876907202011 1.1357555532595123 6.3256728638152699 5.8280656200877301 23.801361250734772 1.2633087586400513 1.2106943913022394 7.7204761002212763 2.9885846076285807 14.61011184464587 3.9649802644853471 22.751705667546055 0.61538623201340747
leaf_count=34806 2327 5435 36 658 3979 9755 396 1121 328 1893 2434 1405 12065 161
internal_value=0 0.0021377 -0.00010311 0.000995346 0 0.00286035 0.00616876 0.00894602 -0.00835887 -0.00425433 0.00852012 -0.00535916 -0.00643618 0.00953714
internal_weight=138.672 122.948 94.3743 85.5181 79.1924 46.1182 22.3169 28.5736 8.85623 33.0742 16.4888 30.0856 26.1206 15.2255
internal_count=76799 41993 35437 35073 34415 16725 6970 6556 364 17690 2991 15797 14392 2595
is_linear=0
shrinkage=0.02


Tree=203
num_leaves=15
num_cat=0
split_feature=62 0 64 57 21 6 61 55 29 26 62 59 6 37
split_gain=9.89614 4.14441 3.12099 3.57268 2.947 1.67873 1.37145 1.22263 0.733504 0.707812 0.688851 0.687971 0.629085 0.62822
threshold=0.6700892746448518 -20.499999999999996 1.0000000180025095e-35 -1.6176033020019529 0.96651786565780651 -5.6912610530853263 0.7035714089870454 0.47213622927665716 0.94097220897674572 0.47197359800338751 0.77991071343421947 0.84523808956146251 21.037943840026859 0.78348213434219371
decision_type=2 2 2 2 2 2 2 2 2 2 2 2 2 2
left_child=6 9 3 13 5 -5 -1 -7 11 -2 -11 -9 -13 -3
right_child=1 2 -4 4 -6 7 -8 8 -10 10 -12 12 -14 -15
leaf_value=-0.012205446584496623 0 -0.0026208577893202722 -0.0042375734006417417 0 -0.0017011525888916007 0 0 0 0 0 -0.0082761595722112141 0.011155300012667872 0 0.002174451231994791
leaf_weight=18.122775707975965 2.8150895615581275 15.32068137712122 6.6236353395543111 1.4416111521422852 4.2230672154546474 0.88733269009389815 3.9804047744510163 0.53872045805473945 1.3407259705491004 5.1619913813992744 8.7830116619843448 52.945931926042249 0.80152525449375289 13.720079862359851
leaf_count=36881 858 10141 3264 23 254 979 3312 227 159 4083 3724 6096 60 6738
internal_value=0 0.00250723 0.0042568 0.00543708 0.00791387 0.00918416 -0.0104761 0.00984051 0.0102964 -0.00468892 -0.00620149 0.0106359 0.010893 0
internal_weight=136.707 114.603 97.8433 91.2197 62.1789 57.9558 22.1032 56.5142 55.6269 16.7601 13.945 54.2862 53.7475 29.0408
internal_count=76799 36606 27941 24677 7798 7544 40193 7521 6542 8665 7807 6383 6156 16879
is_linear=0
shrinkage=0.02


Tree=204
num_leaves=15
num_cat=0
split_feature=62 0 64 55 57 18 21 6 61 46 46 54 26 62
split_gain=9.5735 3.80559 3.16982 3.11466 1.93809 1.77864 1.7594 1.759 1.35813 0.93117 0.784241 0.686499 0.647336 0.65294
threshold=0.6700892746448518 -20.499999999999996 1.0000000180025095e-35 0.87867647409439098 -1.7479034066200254 0.99506169557571422 0.96651786565780651 -5.6912610530853263 0.7035714089870454 0.98760971426963817 0.99715504050254833 0.81527280807495128 0.47197359800338751 0.77991071343421947
decision_type=2 2 2 2 2 2 2 2 2 2 2 2 2 2
left_child=8 12 3 5 -5 -3 7 -6 -1 11 -9 -7 -2 -14
right_child=1 2 -4 4 6 9 -8 10 -10 -11 -12 -13 13 -15
leaf_value=-0.01209799906199702 0 0.0062633427474490149 -0.0043982164496586549 0 0 -0.0065947273226286962 0 0.011231717564848238 0 0.00016691560792714868 0 0 0 -0.0079578874711185299
leaf_weight=17.840092472873952 2.792437548498131 6.1328898398387564 6.6609858393421737 8.4426206447387795 1.3995671204756934 12.380362092317229 3.3875419275427694 44.848154711260577 3.9523785556957582 9.8013306637403712 1.6756131674046617 2.6162017397073205 5.1247951959812772 8.5454163562135346
leaf_count=36881 858 1630 3264 3842 23 9467 167 4413 3312 2811 135 2189 4083 3724
internal_value=0 0.00246997 0.00414748 0.00535249 0.0077838 0 0.00909146 0.0100283 -0.0103635 -0.00248438 0.0107862 -0.00508272 -0.00444871 -0.00591537
internal_weight=135.6 113.808 97.3453 90.6843 59.7535 30.9308 51.3109 47.9233 21.7925 24.7979 46.5238 14.9966 16.4626 13.6702
internal_count=76799 36606 27941 24677 8580 16097 4738 4571 40193 14467 4548 11656 8665 7807
is_linear=0
shrinkage=0.02


Tree=205
num_leaves=15
num_cat=0
split_feature=62 53 8 28 0 53 21 29 58 58 18 52 62 57
split_gain=9.28595 4.58446 2.04859 3.71087 2.60725 2.03123 1.47308 1.19858 1.02874 0.948314 0.900298 0.802274 0.800578 0.752328
threshold=0.6700892746448518 4.6326708793640146 0.75000000000000011 0.97780856490135204 -6.4999999999999991 -1.6815741658210752 0.91145834326744091 0.81696429848670971 0.020376218482851986 0.055675799027085311 0.99926361441612255 0.38745248317718511 0.96651786565780651 2.1530091762542729
decision_type=2 2 2 2 2 2 2 2 2 2 2 2 2 2
left_child=5 2 4 -4 9 -1 7 8 -6 -2 -5 13 -3 -12
right_child=1 12 3 10 6 -7 -8 -9 -10 -11 11 -13 -14 -15
leaf_value=-0.012654902611192708 -0.0057029259888014272 0 0.0035683616422522691 0 0 0 -0.00055877483287255657 0 0.0095969060358280771 0.00018134494293862362 -0.013664681365599863 0 0.011592315486620732 0
leaf_weight=16.79926042091029 5.2432761718118845 0.88200391580175797 7.2011379161849645 5.8475909040134857 0.73461399415464868 4.7114113194329539 2.7058365902630603 4.9503456174279554 24.036465838205913 37.408485895859485 7.7386762282403616 0.70453538279980499 14.309500426628802 0.73381508467718948
leaf_count=37030 6602 154 931 270 1025 3163 626 1774 5980 15560 493 45 3119 27
internal_value=0 0.00244697 0.000238051 -0.00399556 0.00209071 -0.0102559 0.00591906 0.00731986 0.00877605 -0.000639841 -0.00896488 -0.0114753 0.0107056 -0.0125864
internal_weight=134.007 112.496 97.3048 22.2258 75.079 21.5107 32.4273 29.7214 24.7711 42.6518 15.0246 9.17703 15.1915 8.47249
internal_count=76799 36606 33333 1766 31567 40193 9405 8779 7005 22162 835 565 3273 520
is_linear=0
shrinkage=0.02


Tree=206
num_leaves=15
num_cat=0
split_feature=55 53 6 28 8 58 44 11 35 62 56 62 31 51
split_gain=9.14947 4.83441 2.62201 3.20512 2.53529 1.24992 1.17362 1.30362 1.1807 1.08258 1.02205 0.934232 0.804591 1.00024
threshold=0.47213622927665716 4.6326708793640146 0.00013059598495601679 0.97780856490135204 0.29166667163372045 0.86088138818740856 0.9970972239971162 20.500000000000004 0.94097220897674572 0.78348213434219371 0.94590643048286449 0.6700892746448518 0.69097220897674572 0.065188031643629088
decision_type=2 2 2 2 2 2 2 2 2 2 2 2 2 2
left_child=-1 2 4 -4 5 9 7 8 -6 -2 -3 -7 13 -13
right_child=1 10 3 -5 6 11 -8 -9 -10 -11 -12 12 -14 -15
leaf_value=-0.011922288304735651 0 0 0.0025763600889402855 -0.0099960417664423807 0.0085910550672501813 -0.002540483516356782 -0.00035248217148408918 0 0 -0.0066143961920141527 0.011631212191645519 0.0072245715303810212 0 0
leaf_weight=14.918589216031249 9.7425679205989599 0.66026683687959753 4.7537756066813044 12.653449979188734 30.065334665814593 3.8385194274669656 2.0657750608588676 2.2940681129111899 1.9199173268862058 13.474591246522321 14.338946424613823 13.930619516107987 3.8251425534690489 4.9069434643606646
leaf_count=34806 8112 129 359 601 7567 4264 509 1157 559 5093 3148 5275 1456 3764
internal_value=0 0.00208273 0 -0.00557928 0.00176236 -0.000721906 0.0054206 0.00649604 0.00761952 -0.00391327 0.0106133 0.00141196 0.00353432 0.00517657
internal_weight=133.389 118.47 103.471 17.4072 86.0635 49.7184 36.3451 34.2793 31.9853 23.2172 14.9992 26.5012 22.6627 18.8376
internal_count=76799 41993 38716 960 37756 27964 9792 9283 8126 13205 3277 14759 10495 9039
is_linear=0
shrinkage=0.02


Tree=207
num_leaves=15
num_cat=0
split_feature=55 53 6 64 7 48 39 18 20 44 53 51 62 18
split_gain=8.93321 4.77786 2.40925 2.01401 1.60373 1.01731 0.953544 0.770434 1.53041 1.09448 1.12578 0.917798 0.822813 0.748506
threshold=0.47213622927665716 2.5198311805725102 0.25030054152011877 1.0000000180025095e-35 1.9183728098869326 0.98592785000801098 0.70714285969734203 0.99702823162078869 0.9681265950202943 0.46247529983520513 0.96825629472732555 0.066510338336229338 0.98750001192092907 0.997593253850937
decision_type=2 2 2 2 2 2 2 2 2 2 2 2 2 2
left_child=-1 2 4 -3 5 7 -7 8 12 -9 -11 -10 -2 -4
right_child=1 3 13 -5 -6 6 -8 9 11 10 -12 -13 -14 -15
leaf_value=-0.011851325110170872 -0.0057031539873336444 0.00924077321541154 0 -0.0011152037138843726 0.0072166763336149603 -0.0002776694671596272 0.0057379280508224485 0.0014523649299810391 0.0074378181554464098 -0.0065918916141098228 0 0 0.00041942400128686005 -0.010291729395561562
leaf_weight=14.67279620769841 7.5234893488086545 30.820161129879125 1.4906876119785009 1.6197162741664204 6.0427685171416661 4.8447506383527097 11.330404645523229 3.487632255506468 8.1434753307294141 24.190132939816976 10.025319534339358 1.4472150333713205 2.0687073287554085 4.6174268817194379
leaf_count=34806 4709 6905 33 1146 667 2349 2757 2571 1144 14678 4052 354 434 194
internal_value=0 0.00206055 -0.000249679 0.00785689 0.000667256 -8.33374e-05 0.00310201 -0.0016993 0.000356635 -0.00330848 -0.0046859 0.00532611 -0.00295477 -0.00842812
internal_weight=132.325 117.652 85.212 32.4399 79.1039 73.0611 16.1752 56.886 19.1829 37.7031 34.2155 9.59069 9.5922 6.10811
internal_count=76799 41993 33942 8051 33715 33048 5106 27942 6641 21301 18730 1498 5143 227
is_linear=0
shrinkage=0.02


Tree=208
num_leaves=15
num_cat=0
split_feature=55 54 56 8 1 61 63 11 37 44 32 26 58 62
split_gain=8.72991 3.68323 2.61009 2.43413 1.93291 1.77076 1.45796 1.11796 1.03742 0.81945 0.81054 0.716883 0.659237 0.844785
threshold=0.47213622927665716 0.944402575492859 0.97727271914482128 0.29166667163372045 12.500000000000002 0.81041666865348827 1.0000000180025095e-35 20.500000000000004 0.63194444775581371 0.9973009228706361 0.97600737214088451 0.61296501755714428 0.97546309232711803 0.85357144474983226
decision_type=2 2 2 2 2 2 2 2 2 2 2 2 2 2
left_child=-1 2 3 6 12 -5 -2 9 -4 11 -8 -7 -3 -14
right_child=1 4 8 5 -6 7 10 -9 -10 -11 -12 -13 13 -15
leaf_value=-0.011770366630151132 -0.0034553607909229445 0 0 -0.0008688683585026674 0 0 0.0063216029698385324 0 -0.0094677219205307594 0 0 0.0097312628067782701 0 0.011868368272505521
leaf_weight=14.4710608645546 34.477600790913129 1.6603289723862023 3.8955471859953814 5.6505828815861596 6.3219806269626124 3.0826342846339783 5.340349887188494 1.3258405494052556 7.5484934510604944 1.0641733227894281 2.5237454728776356 22.652903940346732 4.0214101113888345 16.892091631794756
leaf_count=34806 21889 546 91 3991 2237 478 573 450 116 172 517 2875 4057 4001
internal_value=0 0.00204704 0 0.00136517 0.00744685 0.00506864 -0.00128105 0.00705103 -0.00694311 0.00805591 0.00337127 0.00877612 0.00966715 0.0104144
internal_weight=130.929 116.458 87.5619 76.1178 28.8958 33.7761 42.3417 28.1256 11.444 26.7997 7.8641 25.7355 22.5738 20.9135
internal_count=76799 41993 31152 30945 10841 7966 22979 3975 207 3525 1090 3353 8604 8058
is_linear=0
shrinkage=0.02


Tree=209
num_leaves=15
num_cat=0
split_feature=55 53 56 48 41 18 58 18 53 16 56 43 55 40
split_gain=8.53875 4.62932 1.79921 2.73622 1.56582 1.27694 1.22639 1.51339 1.21785 1.53506 0.916509 0.890792 0.765309 0.679674
threshold=0.47213622927665716 4.6326708793640146 0.97727271914482128 0.82250541448593151 0.80902779102325451 0.99702823162078869 0.33295343816280371 0.99926361441612255 0.96825629472732555 1.0000000180025095e-35 0.94590643048286449 0.69097220897674572 0.82085561752319347 0.97499999403953563
decision_type=2 2 2 2 2 2 2 2 2 2 2 2 2 2
left_child=-1 2 4 -4 8 -6 -5 -8 9 11 -3 -2 -7 -10
right_child=1 10 3 6 5 12 7 -9 13 -11 -12 -13 -14 -15
leaf_value=-0.011700967358846166 -0.0062889801536249821 0 0.001168716829238594 0 0.0091456210642725591 -0.0030730172840247312 0 -0.014493757757131243 0.0049112832669312182 0.0031536303280663121 0.011429727559424967 0 0.0033360437175934234 0
leaf_weight=14.256223686450538 20.793289050514431 0.64239302653004138 8.9965515742733277 1.151076491922139 9.1493303772767831 5.9559555166088112 2.9525463022146132 5.7318715358414911 14.248403462548596 4.8209410865383679 13.848240375053138 12.204764248730497 9.5128746079681132 5.4269383697610456
leaf_count=34806 14391 129 909 13 1006 3992 144 171 6010 2315 3148 5010 2731 2024
internal_value=0 0.00203143 0 -0.00442592 0.00154845 0.0051543 -0.00968347 -0.011486 0 -0.0023451 0.0104726 -0.00430981 0 0.00300361
internal_weight=129.691 115.435 100.945 18.832 82.1125 24.6182 9.83549 8.68442 57.4943 37.819 14.4906 32.9981 15.4688 19.6753
internal_count=76799 41993 38716 1237 37479 7729 328 315 29750 21716 3277 19401 6723 8034
is_linear=0
shrinkage=0.02


Tree=210
num_leaves=15
num_cat=0
split_feature=62 53 18 17 53 41 11 53 11 11 32 45 58 5
split_gain=8.33871 4.24124 2.15063 3.02106 2.00969 1.87256 1.79835 1.97885 1.34592 1.53544 1.3402 1.09756 1.04885 0.674068
threshold=0.6700892746448518 4.6326708793640146 0.99728628993034374 3.5000000000000004 -1.5711469650268552 0.80902779102325451 6.5000000000000009 -0.64851090312004078 19.500000000000004 21.500000000000004 0.98868349194526683 363.50000000000006 0.97864061594009411 72.835895538330092
decision_type=2 2 2 2 2 2 2 2 2 2 2 2 2 2
left_child=4 2 5 11 -1 -2 7 -5 12 -10 -7 13 -8 -4
right_child=1 -3 3 6 -6 10 8 -9 9 -11 -12 -13 -14 -15
leaf_value=-0.012305597997368863 0 0.010474845730262776 -0.011854887235477516 -0.0019769643493687951 0 0.010615985169216828 -0.0071877937421879401 0.0080479691945336239 0.0052631633290568533 -0.002682433305344178 0 0 0 0
leaf_weight=16.116493076591727 17.496321878388702 14.251187826746898 7.7746595985481672 2.6730506873427684 4.2842424550835849 10.599181838304499 13.491706949422221 14.076602261982769 11.18413042293105 10.216617150723321 0.95960891377035373 2.809974470659653 2.2296233618872057 0.89147867374049372
leaf_count=37166 3772 3273 2376 2236 3027 895 7992 2396 3225 7320 198 561 1912 450
internal_value=0 0.00235033 0.000189563 -0.00151286 -0.00992036 0.00440089 0.0003206 0.00507378 -0.00160883 0.000687433 0.00883099 -0.00860396 -0.00530377 -0.0107392
internal_weight=129.055 108.654 94.403 65.3478 20.4007 29.0551 53.8717 16.7497 37.1221 21.4007 11.5588 11.4761 15.7213 8.66614
internal_count=76799 36606 33333 28468 40193 4865 25081 4632 20449 10545 1093 3387 9904 2826
is_linear=0
shrinkage=0.02


Tree=211
num_leaves=15
num_cat=0
split_feature=62 53 6 24 53 41 56 29 19 11 57 58 7 32
split_gain=8.17316 3.8651 2.14929 2.22399 1.99554 1.77708 1.05983 0.954614 0.830442 0.923703 1.0069 0.821294 0.915291 0.737053
threshold=0.6700892746448518 4.6326708793640146 0.00013059598495601679 0.98237329721450817 -1.5711469650268552 0.60357144474983226 0.94590643048286449 0.88194444775581371 0.86805555224418651 20.500000000000004 -3.1158279180526729 0.97864061594009411 1.9183728098869326 0.94698306918144237
decision_type=2 2 2 2 2 2 2 2 2 2 2 2 2 2
left_child=4 2 5 -4 -1 11 -3 8 9 10 -7 12 -2 -5
right_child=1 6 3 13 -6 7 -8 -9 -10 -11 -12 -13 -14 -15
leaf_value=-0.012252179872113413 -0.0046653418941366761 0 0.0017537096770204447 0 0 0 0.011249840278265538 0 0 0 0.0081811784736706555 0.0020194989168220517 0.0013163892059117677 -0.009686902216759205
leaf_weight=15.935010993107428 22.121220601555255 0.70754525636584453 4.5312170794350104 1.059749636915513 4.2657838376180726 3.7666735234961335 13.454955861299823 4.1666103911375094 1.7470559958164802 3.6020554264578086 30.398487530266724 9.6228057634980342 2.0364790751373212 10.964874586883523
leaf_count=37166 11678 125 359 37 3027 2698 3148 2338 317 2002 7718 5306 412 468
internal_value=0 0.00232864 0.000239288 -0.00477372 -0.00986046 0.00197275 0.0101141 0.00447933 0.0054837 0.00621808 0.00714306 -0.000745336 -0.00301579 -0.00855057
internal_weight=128.381 108.18 94.0172 16.5558 20.2008 77.4614 14.1625 43.6809 39.5143 37.7672 34.1652 33.7805 24.1577 12.0246
internal_count=76799 36606 33333 864 40193 32469 3273 15073 12735 12418 10416 17396 12090 505
is_linear=0
shrinkage=0.02


Tree=212
num_leaves=15
num_cat=0
split_feature=55 53 48 56 58 17 41 18 58 56 51 29 47 39
split_gain=7.97167 4.17059 1.93987 3.00398 1.30249 1.65941 1.15506 1.12826 1.46343 0.984826 0.904347 0.811811 0.788869 0.773124
threshold=0.47213622927665716 4.6326708793640146 0.73676425218582164 0.97727271914482128 0.92962318658828746 1.0000000180025095e-35 0.77638888359069835 0.99926361441612255 0.33295343816280371 0.94590643048286449 -0.0022343356395140286 0.83854165673255932 174.50000000000003 0.85912698507308971
decision_type=2 2 2 2 2 2 2 2 2 2 2 2 2 2
left_child=-1 2 4 6 10 -6 -4 -5 -9 -3 -2 13 -7 -8
right_child=1 9 3 7 5 12 11 8 -10 -11 -12 -13 -14 -15
leaf_value=-0.011457814726141269 0.0034407715206756268 0 -0.0018398842230206091 0 0 0.011113741858735846 0.0065713912856938906 0 -0.013548156152401859 0.011170326417620209 -0.003358428071586721 -0.0001404649778502056 0 0
leaf_weight=13.722032681474955 6.7980659240893173 0.67868352868390225 30.193487100736093 3.0556649521167856 4.0402372533390034 9.5790318558429117 15.460888495726982 1.1568263289518634 6.4386997026813333 13.279616209307278 10.588796621275831 3.6164664943935341 4.7157454709849835 3.7882185845410268
leaf_count=34806 2868 129 13434 155 3886 2841 3472 14 220 3148 5723 1825 2154 2124
internal_value=0 0.00197216 0 -0.00179761 0.00357973 0.00649407 2.94275e-05 -0.0090009 -0.0113533 0.0100965 0 0.003355 0.00901913 0.00501695
internal_weight=127.112 113.39 99.4321 63.7103 35.7219 18.335 53.0591 10.6512 7.59553 13.9583 17.3869 22.8656 14.2948 19.2491
internal_count=76799 41993 38716 21244 17472 8881 20855 389 234 3277 8591 7421 4995 5596
is_linear=0
shrinkage=0.02


Tree=213
num_leaves=15
num_cat=0
split_feature=55 53 48 56 34 58 18 58 41 29 56 39 31 45
split_gain=7.77155 4.29096 1.96467 3.13878 1.3604 1.17267 1.15974 1.48207 1.08899 0.79041 0.753082 0.746378 0.777037 0.711428
threshold=0.47213622927665716 4.6326708793640146 0.73676425218582164 0.97727271914482128 0.60350364446640026 0.050169449299573905 0.99926361441612255 0.33295343816280371 0.77638888359069835 0.83854165673255932 0.94590643048286449 0.85912698507308971 0.48749999701976782 269.50000000000006
decision_type=2 2 2 2 2 2 2 2 2 2 2 2 2 2
left_child=-1 2 4 8 -2 -6 -5 -8 -4 11 -3 12 -10 -7
right_child=1 10 3 6 5 13 7 -9 9 -11 -12 -13 -14 -15
leaf_value=-0.01137113000567205 0 0 -0.0017588714272525254 0 0 0.0088360603001945998 0 -0.013694781335607111 0 -0.00012471994724286086 0.011090216702888329 0 0.0075977746210835308 0
leaf_weight=13.524320823904416 14.206919242547881 0.57777033013553314 29.971865550767689 3.0527681333842338 1.2766877247268009 16.588246404917303 1.1533238128758947 6.6184860866123927 0.78098453969142312 3.5964209409867172 13.101892766768287 3.7623640024321494 14.596949338891134 3.485719874923233
leaf_count=34806 8477 129 13434 155 1825 5997 14 220 165 1825 3148 2124 3307 1173
internal_value=0 0.0019486 0 -0.00185227 0.00357488 0.00619498 -0.00916551 -0.0115227 4.56315e-05 0.00328729 0.0102465 0.00493778 0.00646701 0.00758373
internal_weight=126.295 112.77 99.0907 63.5332 35.5576 21.3507 10.8246 7.77181 52.7086 22.7367 13.6797 19.1403 15.3779 20.074
internal_count=76799 41993 38716 21244 17472 8995 389 234 20855 7421 3277 5596 3472 7170
is_linear=0
shrinkage=0.02


Tree=214
num_leaves=15
num_cat=0
split_feature=55 53 6 36 8 61 58 11 44 62 62 31 51 56
split_gain=7.54956 4.20764 2.39796 2.48875 2.44035 1.54412 1.18202 1.16353 1.0437 1.04272 0.861734 0.753804 0.902038 0.747482
threshold=0.47213622927665716 4.6326708793640146 0.00013059598495601679 0.99922838807106029 0.29166667163372045 0.80694445967674266 0.86088138818740856 20.500000000000004 0.9970972239971162 0.78348213434219371 0.6700892746448518 0.69097220897674572 0.065188031643629088 0.94590643048286449
decision_type=2 2 2 2 2 2 2 2 2 2 2 2 2 2
left_child=-1 2 4 -4 6 -6 9 8 -7 -2 -8 12 -12 -3
right_child=1 13 3 -5 5 7 10 -9 -10 -11 11 -13 -14 -15
leaf_value=-0.011277149796542622 0 0 0 -0.010894307614949028 -0.00020929876330990792 0.0089880038948103123 -0.0024499520186676642 0 0 -0.0066107191372602285 0.0069896368947396301 0 0 0.01101391854800746
leaf_weight=13.309001725127017 9.1961349078555958 0.57737029370764226 9.7164571314133372 7.3305748287602901 5.6461177947094248 26.364267214172294 3.6906589042046134 1.6663564316258987 1.3475894175571728 12.932648360445453 13.393777267785486 3.637032755483232 4.5781829204606757 12.942014596861554
leaf_count=34806 8112 129 670 290 4533 4517 4264 503 239 5093 5275 1456 3764 3148
internal_value=0 0.00190826 0 -0.00541587 0.00168457 0.00533325 -0.00079806 0.00705843 0.00810068 -0.0039479 0.00128671 0.00341683 0.00504475 0.0101647
internal_weight=126.328 113.019 99.4998 17.047 82.4528 35.0243 47.4284 29.3782 27.7119 22.1288 25.2997 21.609 17.972 13.5194
internal_count=76799 41993 38716 960 37756 9792 27964 5259 4756 13205 14759 10495 9039 3277
is_linear=0
shrinkage=0.02


Tree=215
num_leaves=15
num_cat=0
split_feature=55 53 6 28 8 61 58 11 44 35 26 45 40 51
split_gain=7.36934 4.19882 1.9337 2.68753 2.23479 1.44652 1.1756 1.11564 0.986867 0.987816 0.891258 0.798243 0.743981 0.782029
threshold=0.47213622927665716 4.6326708793640146 0.00013059598495601679 0.97780856490135204 0.29166667163372045 0.81041666865348827 0.86088138818740856 20.500000000000004 0.9970972239971162 0.94097220897674572 0.61296501755714428 333.50000000000006 0.69615384936332714 0.065188031643629088
decision_type=2 2 2 2 2 2 2 2 2 2 2 2 2 2
left_child=-1 2 4 -4 6 -6 -2 8 9 10 -7 -12 -8 -14
right_child=1 -3 3 -5 5 7 12 -9 -10 -11 11 -13 13 -15
leaf_value=-0.011198770309352823 -0.0039693848468012752 0.010177149712652614 0.0024042283693745427 -0.0090512118355304903 -0.00020309609965984542 0 -0.0011504343801129911 0 0 0 0.011719239541707482 0 0.0057679493639634875 0
leaf_weight=13.107714175963336 22.088938148528541 13.32844504607783 4.5703168333566309 12.253579552438167 5.6936071015043117 3.2894680467361601 8.508735579845963 1.6550916698033677 1.3368206989543967 1.4523175193535269 18.849493703681222 2.3808131592086275 12.231325375400049 4.3972968494563238
leaf_count=34806 13205 3277 359 601 4573 716 6024 502 238 362 3026 375 4946 3789
internal_value=0 0.00189171 0 -0.00488797 0.00151598 0.00504476 -0.000837345 0.00674927 0.00779469 0.00867137 0.0095495 0.010698 0.0012465 0.0037201
internal_weight=125.144 112.036 98.7078 16.8239 81.8839 34.6576 47.2263 28.964 27.3089 25.9721 24.5198 21.2303 25.1374 16.6286
internal_count=76799 41993 38716 960 37756 9792 27964 5219 4717 4479 4117 3401 14759 8735
is_linear=0
shrinkage=0.02


Tree=216
num_leaves=15
num_cat=0
split_feature=55 54 56 8 43 63 37 12 61 32 25 22 25 58
split_gain=7.18087 2.9728 2.00879 2.30354 1.85829 1.50213 1.20297 1.1215 0.844557 0.770075 0.690557 0.68167 0.626123 0.594208
threshold=0.47213622927665716 0.944402575492859 0.97727271914482128 0.29166667163372045 0.63194444775581371 1.0000000180025095e-35 0.63194444775581371 11.500000000000002 0.80694445967674266 0.97600737214088451 0.93303570151329052 0.66492825746536266 0.89087301492691051 0.90247958898544323
decision_type=2 2 2 2 2 2 2 2 2 2 2 2 2 2
left_child=-1 2 3 5 -5 -2 -4 10 -6 -7 13 -10 -13 -3
right_child=1 7 6 4 8 9 -8 -9 11 -11 -12 12 -14 -15
leaf_value=-0.011107857816930381 -0.00362393106147551 0 0 0 0 0.0062136830301018197 -0.0089933470009083763 0 0 0 0 0.010717853421750944 0 0.010091718198417287
leaf_weight=12.926367186564674 32.978424770979473 0.30381082231179846 3.7012498003023193 13.338771622409693 2.8857111906581876 5.2607190765847909 7.357649549114285 7.0972994976473265 0.71903907058731675 2.541012694931851 1.0958446065415035 15.282045843297961 0.65814174922707103 18.189534386750893
leaf_count=34806 21889 71 91 4155 1829 573 116 3778 178 517 380 1577 227 6612
internal_value=0 0.00186927 0 0.00123713 0.00489418 -0.00136891 -0.00613661 0.00689796 0.00799947 0.00334235 0.00878374 0.00927768 0.0100329 0.0095554
internal_weight=124.336 111.409 84.7228 73.6639 32.8837 40.7802 11.0589 26.6865 19.5449 7.80173 19.5892 16.6592 15.9402 18.4933
internal_count=76799 41993 31152 30945 7966 22979 207 10841 3811 1090 7063 1982 1804 6683
is_linear=0
shrinkage=0.02


Tree=217
num_leaves=15
num_cat=0
split_feature=55 54 1 41 54 57 52 60 37 33 61 29 47 7
split_gain=7.0229 2.8658 1.41857 1.24092 1.38885 1.23227 1.35915 1.89213 1.55011 1.28604 1.03414 0.836881 0.795224 0.754401
threshold=0.47213622927665716 0.944402575492859 12.500000000000002 0.86805555224418651 0.064514297991991057 1.1973950862884524 -0.0023575719678774472 0.43650794029235845 0.57321429252624523 0.98750001192092907 0.84861111640930187 0.52638888359069835 286.50000000000006 -4.465024232864379
decision_type=2 2 2 2 2 2 2 2 2 2 2 2 2 2
left_child=-1 3 -3 5 11 6 8 -8 10 12 -2 -5 13 -9
right_child=1 2 -4 4 -6 -7 7 9 -10 -11 -12 -13 -14 -15
leaf_value=-0.011029805362924498 0 0.0087442585581669115 0 0 0 0.0029881737935277407 3.1507499575136869e-05 0 -0.0027466907547902776 0 0.0081872934275144353 0.0095562043715248807 0 -0.010358901813849179
leaf_weight=12.768499536288799 1.9841011275530052 20.699243420371207 5.7095845121584707 0.6480380823340991 11.012425180990247 8.49544041372428 11.058908918705127 1.2932867548443052 11.032269760675261 1.7675153964519257 6.4190135430944792 6.5774551255526603 3.5827917782335126 20.344217168192706
leaf_count=34806 2490 8604 2237 419 1552 235 5973 404 4900 746 600 2047 1327 10459
internal_value=0 0.00185372 0.00681251 0 0.00372192 -0.00141809 -0.00278824 -0.00481212 0.000263977 -0.00727729 0.00561623 0.00797678 -0.00847524 -0.00958768
internal_weight=123.393 110.624 26.4088 84.2155 18.2379 65.9775 57.4821 38.0467 19.4354 26.9878 8.40311 7.22549 25.2203 21.6375
internal_count=76799 41993 10841 31152 4018 27134 26899 18909 7990 12936 3090 2466 12190 10863
is_linear=0
shrinkage=0.02


Tree=218
num_leaves=15
num_cat=0
split_feature=55 53 48 56 55 41 18 48 36 52 20 53 56 39
split_gain=6.87053 4.00062 1.46138 2.75629 1.17403 1.1454 1.04932 0.926827 0.733006 0.693927 0.931611 0.639739 0.608985 0.510306
threshold=0.47213622927665716 4.6326708793640146 0.73676425218582164 0.97727271914482128 0.85147058963775646 0.73750001192092907 0.99926361441612255 0.98592785000801098 0.95866215229034435 0.042778417468070991 0.96610149741172802 0.84067204594612133 0.94590643048286449 0.73750001192092907
decision_type=2 2 2 2 2 2 2 2 2 2 2 2 2 2
left_child=-1 2 4 5 -2 11 -5 -7 -8 10 -6 -4 -3 -9
right_child=1 12 3 6 9 7 8 13 -10 -11 -12 -13 -14 -15
leaf_value=-0.010948277322286841 0 0 -0.0041055352682639887 0 0 0 0 0 -0.012711038112024151 0 0.0092606187028681803 0 0.010747832197260141 0.0078315395212926638
leaf_weight=12.621101417946191 14.389128199130935 0.51735329114307838 16.20059567693534 3.0250984207596048 4.6741159849116256 16.637077930852687 2.1621238027146301 1.7084105946887556 5.3806794909251039 4.7435584843478855 10.707708159927277 9.2412002333403489 12.392806656789617 7.6532913519768044
leaf_count=34806 13213 129 8214 155 872 6353 102 579 132 1617 1770 4055 3148 1654
internal_value=0 0.00184498 0 -0.00164078 0.00309929 0.000122561 -0.00856052 0.00313286 -0.0108346 0.00565806 0.00715543 -0.00204114 0.010014 0.00651562
internal_weight=122.054 109.433 96.523 62.0085 34.5145 51.4406 10.5679 25.9988 7.5428 20.1254 15.3818 25.4418 12.9102 9.3617
internal_count=76799 41993 38716 21244 17472 20855 389 8586 234 4259 2642 12269 3277 2233
is_linear=0
shrinkage=0.02


Tree=219
num_leaves=15
num_cat=0
split_feature=55 53 48 56 37 58 17 41 31 22 52 57 19 52
split_gain=6.68339 3.96494 1.35516 2.54379 1.27805 1.19835 1.45042 1.01679 0.750417 0.732253 0.612552 0.573539 0.55625 0.543814
threshold=0.47213622927665716 4.6326708793640146 0.73676425218582164 0.82843136787414562 0.63194444775581371 0.92962318658828746 1.0000000180025095e-35 0.94097220897674572 0.86805555224418651 0.95565509796142589 0.38745248317718511 2.0066758394241337 0.55902779102325451 -0.0023575719678774472
decision_type=2 2 2 2 2 2 2 2 2 2 2 2 2 2
left_child=-1 2 5 7 -5 13 -7 12 -8 -9 11 -6 -4 -2
right_child=1 -3 3 4 10 6 8 9 -10 -11 -12 -13 -14 -15
leaf_value=-0.010840774841526629 0.0022378385721443053 0.0099997510261071419 -0.0031059373139429194 0 -0.0087906932724902132 0 0.0094360924494042951 0 0 0.0082132978531551954 0 0 0.0016385499788611709 -0.0029509086594681011
leaf_weight=12.461560915437074 6.3791060747898909 12.722599561107925 10.057008317173318 9.4637871061568166 19.78689336244134 3.9363496559453806 12.397177764134538 0.82533611114922578 1.1813815098721523 4.9690494758324348 0.90924835970508766 0.76111601003503793 14.58545804559253 10.286011945903736
leaf_count=34806 2923 3277 5598 1920 4422 3886 4817 292 178 741 111 31 8129 5668
internal_value=0 0.00183045 0 -0.00159825 -0.00534739 0.00298714 0.00587722 0.00169687 0.00832717 0.00634143 -0.00748789 -0.00817395 0 0
internal_weight=120.722 108.261 95.5379 61.3579 30.921 34.18 17.5149 30.4369 13.5786 5.79439 21.4573 20.548 24.6425 16.6651
internal_count=76799 41993 38716 21244 6484 17472 8881 14760 4995 1033 4564 4453 13727 8591
is_linear=0
shrinkage=0.02


Tree=220
num_leaves=15
num_cat=0
split_feature=61 0 50 28 1 57 23 25 7 52 62 64 22 46
split_gain=6.49155 3.41797 2.49443 2.26134 1.57618 1.78783 0.97905 0.978021 0.864311 0.838457 0.759288 0.828767 0.704273 0.643872
threshold=0.7035714089870454 -20.499999999999996 0.044502923265099532 0.98573461174964916 12.500000000000002 -1.6176033020019529 0.76249998807907116 0.94097220897674572 -1.7799361944198606 0.058537147939205177 0.83541664481163036 1.0000000180025095e-35 0.50330036878585827 0.99700149893760692
decision_type=2 2 2 2 2 2 2 2 2 2 2 2 2 2
left_child=3 12 4 -1 5 -3 -6 8 -4 10 -7 -12 -2 -10
right_child=1 2 7 -5 6 9 -8 -9 13 -11 11 -13 -14 -15
leaf_value=-0.01137577018102927 0 -0.00094332206194725854 0 0 2.391197356909458e-05 0 -0.0062984965948215763 0 0.010826062660879274 0 0.0087617793658621365 0 -0.0061839679961994166 0
leaf_weight=14.663606001990049 2.2938065579110107 12.791406515108969 1.8178357041360929 14.255713484397345 5.0558647153848133 2.0063048889715089 8.2090735785059206 0.90160498998738958 24.013361990815614 1.1892821442379489 20.68323277673699 0.79359504174863005 10.405874264291922 0.59812440009773027
leaf_count=34501 779 9761 967 12561 1147 800 2021 287 5075 259 1714 544 6306 77
internal_value=0 0.00267152 0.00444549 -0.0072709 0.0008151 0.00320622 -0.00323248 0.00876984 0.00952297 0.00603776 0.00699135 0.0079365 -0.00441458 0.0103363
internal_weight=119.679 90.7594 78.0597 28.9193 50.7288 37.4638 13.2649 27.3309 26.4293 24.6724 23.4831 21.4768 12.6997 24.6115
internal_count=76799 29737 22652 47062 16246 13078 3168 6406 6119 3317 3058 2258 7085 5152
is_linear=0
shrinkage=0.02


Tree=221
num_leaves=15
num_cat=0
split_feature=62 53 18 17 53 41 11 53 49 23 11 11 58 32
split_gain=6.40492 3.49465 2.23194 2.10252 1.92602 1.6455 1.2088 1.79028 1.05762 0.902585 0.82502 1.34502 0.655939 0.577257
threshold=0.6700892746448518 4.6326708793640146 0.99683043360710155 3.5000000000000004 -1.5711469650268552 0.80902779102325451 6.5000000000000009 -0.64851090312004078 295.50000000000006 0.98750001192092907 19.500000000000004 21.500000000000004 0.97864061594009411 0.98885056376457225
decision_type=2 2 2 2 2 2 2 2 2 2 2 2 2 2
left_child=4 2 5 8 -1 -2 7 -5 9 -4 12 -12 -8 -7
right_child=1 -3 3 6 -6 13 10 -9 -10 -11 11 -13 -14 -15
leaf_value=-0.011564433480146914 0 0.0098622476524106752 -0.011562847648634876 -0.0022527343982088627 0 0.009852789481117244 -0.0060451649939892473 0.0072384421079064142 0 0 0.004639187712600008 -0.0031030887609642499 0 0
leaf_weight=14.25599836739457 15.031250528521925 12.399844243540427 6.5304086836404149 2.6639711249408728 4.0684168491934534 9.4672381856180401 11.90584903511626 13.079024657250553 5.4314810504583875 1.0690054038132073 10.65498369714078 9.4159428256061783 1.9068204180875898 0.61517034205462628
leaf_count=37166 3683 3273 2353 2236 3027 823 7994 2402 906 300 3225 7321 1921 169
internal_value=0 0.00213756 8.18599e-05 -0.00162491 -0.00904598 0.00470034 1.70522e-06 0.00411426 -0.00715314 -0.00995893 -0.00155255 3.56344e-05 -0.00453755 0.00894788
internal_weight=118.495 100.171 87.7711 62.6575 18.3244 25.1137 49.6266 15.743 13.0309 7.59941 33.8836 20.0709 13.8127 10.0824
internal_count=76799 36606 33333 28658 40193 4675 25099 4638 3559 2653 20461 10546 9915 992
is_linear=0
shrinkage=0.02


Tree=222
num_leaves=15
num_cat=0
split_feature=55 53 37 11 28 42 51 31 56 21 57 59 48 49
split_gain=6.26748 3.63302 1.42804 0.982739 1.41443 2.05297 1.27039 1.08056 0.981305 0.897685 0.794883 0.751115 0.710693 0.876559
threshold=0.47213622927665716 4.6326708793640146 0.84687501192092907 6.5000000000000009 0.9946284592151643 0.30384616553783422 0.1263111010193825 0.72048610448837291 0.76696833968162548 0.91145834326744091 1.8173707723617556 0.70714285969734203 0.73676425218582164 235.50000000000003
decision_type=2 2 2 2 2 2 2 2 2 2 2 2 2 2
left_child=-1 2 3 4 5 -2 7 9 -4 11 -10 -7 -5 -14
right_child=1 -3 8 12 -6 6 -8 -9 10 -11 -12 -13 13 -15
leaf_value=-0.010614933856209872 0 0.0097077100552248243 0 0.0020625304373957315 0 0 0 0 -0.0071125209778256961 0 0 0.013496616304240008 -0.0053042830045523064 0
leaf_weight=12.03224051917641 6.1091913792370187 12.266922382412302 8.656631253477828 12.422441716178581 13.577496679790782 0.62528377033594829 1.5089940457764903 0.63158424340508723 14.42507572701288 0.41491724349907677 1.0402450987894543 12.636880595240655 12.656605458843844 8.6197756473338796
leaf_count=34806 4096 3277 4914 8009 3628 553 836 217 3885 125 27 1656 5876 4894
internal_value=0 0.00179432 0 0.00161129 0.00372624 0.00632145 0.00930855 0.0107997 -0.00346369 0.0118785 -0.00583887 0.0127165 -0.000137507 -0.00267558
internal_weight=117.624 105.592 93.3251 69.2032 35.5043 21.9269 15.8177 14.3087 24.122 13.6771 15.4653 13.2622 33.6988 21.2764
internal_count=76799 41993 38716 29890 11111 7483 3387 2551 8826 2334 3912 2209 18779 10770
is_linear=0
shrinkage=0.02


Tree=223
num_leaves=15
num_cat=0
split_feature=61 11 64 21 28 29 41 11 11 38 58 53 34 24
split_gain=6.183 3.25104 3.30313 2.4273 2.08204 1.49073 1.5385 0.992542 2.35896 1.12128 1.03258 0.729186 0.67874 0.597826
threshold=0.7035714089870454 6.5000000000000009 1.0000000180025095e-35 0.96651786565780651 0.98573461174964916 0.94097220897674572 0.36805555224418646 19.500000000000004 20.500000000000004 0.51086956262588512 0.97864061594009411 -2.3373957872390743 0.50042590498924266 0.28178210556507116
decision_type=2 2 2 2 2 2 2 2 2 2 2 2 2 2
left_child=4 2 3 5 -1 6 -2 10 9 -9 13 -8 -10 -3
right_child=1 7 -4 -5 -6 -7 11 8 12 -11 -12 -13 -14 -15
leaf_value=-0.011167786069362145 0 0 -0.0037657242049779077 -0.001431061165935838 0 0 0 0 0 0.007702621084053932 0.00019457631488582297 0.011899224359792416 -0.0055119786135958892 -0.0075327182912850081
leaf_weight=14.190367377725126 6.4565175341413115 0.56116036281309689 4.0035658128654168 2.8345446106104637 13.991336880020752 1.4417959632301052 0.95184420558325555 2.0268938161243595 1.6712936976400659 12.396588961433734 2.2528753116093858 32.163088509729278 10.385401180075858 11.878439581460041
leaf_count=34501 1303 301 2150 275 12561 303 1029 541 703 2702 1493 5624 6467 6846
internal_value=0 0.00262798 0.00592532 0.00779676 -0.00717274 0.00917501 0.00997952 -0.000885622 0.000678551 0.00572552 -0.00439695 0.0114438 -0.00367023 -0.00654238
internal_weight=117.206 89.024 47.8514 43.8478 28.1817 41.0132 39.5715 41.1727 26.4802 14.4235 14.6925 33.1149 12.0567 12.4396
internal_count=76799 29737 10684 8534 47062 8259 7956 19053 10413 3243 8640 6653 7170 7147
is_linear=0
shrinkage=0.02


Tree=224
num_leaves=15
num_cat=0
split_feature=55 53 37 56 28 40 11 18 62 7 56 59 52 24
split_gain=5.98958 3.24748 1.75477 1.09565 1.00009 1.50681 1.78113 0.833315 0.784648 0.812902 0.739006 0.616342 0.618822 0.542733
threshold=0.47213622927665716 4.6326708793640146 0.84687501192092907 0.76696833968162548 0.9946284592151643 0.85357144474983226 6.5000000000000009 0.99493667483329784 0.96130952239036571 0.44419407844543463 0.94590643048286449 0.70714285969734203 0.12693886458873752 0.98347866535186779
decision_type=2 2 2 2 2 2 2 2 2 2 2 2 2 2
left_child=-1 2 4 -4 5 8 7 -7 9 -2 -3 -9 -13 -5
right_child=1 10 3 13 -6 6 -8 11 -10 -11 -12 12 -14 -15
leaf_value=-0.010460529790211361 -0.0061135766499581384 0 0 0 0 0 0 0 0.002827299576970903 0 0.010244242875330116 0.012509286412086205 0 -0.0074539148504589202
leaf_weight=11.751723527273496 7.0288758585084015 0.58585287630557736 8.5706286614295113 2.6841085013984385 33.24401752842823 0.32269045286011433 6.6999965201684963 0.61319865478435609 7.3463583913580797 1.7207062432680684 11.472243992102449 10.851997403697167 0.80677114493300983 12.912295705915312
leaf_count=34806 7323 129 4914 452 15033 44 3759 418 888 433 3148 1553 439 3460
internal_value=0 0.00175356 0 -0.00380397 0.00182139 0.00391868 0.00690492 0.010017 0 -0.00355622 0.00928482 0.0109232 0.0116812 -0.00627325
internal_weight=116.611 104.86 92.8016 24.167 68.6346 35.3906 19.2947 12.5947 16.0959 8.74958 12.0581 12.272 11.6588 15.5964
internal_count=76799 41993 38716 8826 29890 14857 6213 2454 8644 7756 3277 2410 1992 3912
is_linear=0
shrinkage=0.02


Tree=225
num_leaves=15
num_cat=0
split_feature=61 17 28 50 1 58 25 41 23 17 62 51 46 35
split_gain=6.07205 2.9973 1.92951 1.78399 1.90451 1.677 1.17296 1.13419 0.943365 0.723976 0.706959 0.632634 0.577378 0.600533
threshold=0.7035714089870454 20.500000000000004 0.98573461174964916 0.044502923265099532 12.500000000000002 0.92005226016044628 0.94097220897674572 0.38194444775581365 0.76249998807907116 4.5000000000000009 0.77991071343421947 0.0811331942677498 0.99700149893760692 0.40312500298023229
decision_type=2 2 2 2 2 2 2 2 2 2 2 2 2 2
left_child=2 3 -1 4 5 -2 7 -5 -6 -10 -7 -12 13 -9
right_child=1 -3 -4 6 8 10 -8 12 9 -11 11 -13 -14 -15
leaf_value=-0.011044455840571867 0 -0.0040379922372600205 0 0 0 0 0 0 -0.0091212014929660714 0 0.0086876074118510411 0 0 0.011297742138126423
leaf_weight=13.895693264974399 16.975424287860733 12.230971677818159 13.860756027101159 2.3562880366971575 5.0287933377621803 1.7276335507813225 1.0182358903693955 1.0888311799117278 4.0031498314892797 4.0601274539112637 16.533721896255887 1.0117178379223322 0.61464693946618254 21.114450778622995
leaf_count=34501 7792 7085 12561 541 1147 1641 287 416 510 1511 2987 658 90 5072
internal_value=0 0.00262255 -0.00715044 0.00431559 0.000999091 0.00362897 0.00813103 0.00909883 -0.00351672 -0.00644568 0.00687097 0.00787744 0.0102248 0.0107077
internal_weight=115.52 87.764 27.7564 75.533 49.3406 36.2485 26.1925 25.1742 13.0921 8.06328 19.2731 17.5454 22.8179 22.2033
internal_count=76799 29737 47062 22652 16246 13078 6406 6119 3168 2021 5286 3645 5578 5488
is_linear=0
shrinkage=0.02


Tree=226
num_leaves=15
num_cat=0
split_feature=61 0 64 59 28 19 43 39 11 44 62 11 53 41
split_gain=5.83728 2.93462 2.01168 2.62384 1.89638 1.44375 1.10752 0.889491 0.548719 0.512981 0.509742 0.370636 0.383868 0.291909
threshold=0.7035714089870454 -20.499999999999996 1.0000000180025095e-35 0.88194444775581371 0.98573461174964916 0.96651786565780651 0.18303571641445163 0.97048610448837291 20.500000000000004 0.53194582462310802 0.77991071343421947 19.500000000000004 -0.44160972535610193 0.33854167163372045
decision_type=2 2 2 2 2 2 2 2 2 2 2 2 2 2
left_child=4 9 3 11 -1 6 -5 8 -8 -2 -11 12 -3 -13
right_child=1 2 -4 5 -6 -7 7 -9 -10 10 -12 13 -14 -15
leaf_value=-0.010922124494144521 0 -0.0037971613535292626 -0.0029886030833451739 0 0 -6.8176079178117465e-05 0.010507237325213676 0 0 0 -0.0073852941656666329 0 0 0.0041885949347506765
leaf_weight=13.674539266554349 2.8049376788185318 6.7038870130509194 4.1942555110035746 5.0358155630565298 13.807510631651892 1.0123139001516381 36.87431345953155 1.3689531621712365 0.36618575161264644 3.2359832264719426 6.1317815322399838 0.81490817892699752 12.759926200553311 5.5953330781703698
leaf_count=34501 1495 5871 2177 804 12561 41 4803 214 36 3034 2556 401 6248 2057
internal_value=0 0.00258436 0.00427535 0.00532508 -0.0070375 0.00792949 0.00869112 0.00967413 0.0102238 -0.00400253 -0.00559482 0 -0.00129004 0.00278768
internal_weight=114.381 86.8986 74.7259 70.5316 27.482 44.6576 43.6453 38.6095 37.2405 12.1727 9.36776 25.8741 19.4638 6.41024
internal_count=76799 29737 22652 20475 47062 5898 5857 5053 4839 7085 5590 14577 12119 2458
is_linear=0
shrinkage=0.02


Tree=227
num_leaves=15
num_cat=0
split_feature=62 18 57 56 20 1 61 58 54 54 62 44 6 41
split_gain=5.70804 2.86777 2.8826 2.34297 1.28198 1.12024 1.08748 1.08369 0.952453 0.556177 0.547629 0.471093 0.460635 0.451928
threshold=0.6700892746448518 0.99926361441612255 1.4648166298866274 0.97727271914482128 0.96158763766288768 12.500000000000002 0.74174109101295482 0.33295343816280371 0.99727407097816478 0.049673723056912429 0.71805557608604442 0.83763459324836742 2.5091170072555546 0.19722222536802295
decision_type=2 2 2 2 2 2 2 2 2 2 2 2 2 2
left_child=6 4 3 9 -2 10 -1 -5 11 -3 -6 -9 13 -12
right_child=1 2 -4 7 5 -7 -8 8 -10 -11 12 -13 -14 -15
leaf_value=-0.010395420714801904 0 -0.0037007209527485548 0.0065769638371083617 0 0 0 0 0 0 0.00079695226138645607 0 -0.014267435377918627 0 0.01185275451465297
leaf_weight=14.147724846970961 8.2172600528265303 7.2322485407403283 9.7831739863759122 1.3074122697580595 3.9425728278274681 6.4459114833498452 3.0556411830366406 0.81853679718187766 0.55724567087599997 36.385162624221266 0.3747755064250694 4.6517090674678911 1.529117829784808 15.210339534480225
leaf_count=37522 2539 12471 1274 18 978 828 2671 63 1029 15210 68 169 119 1840
internal_value=0 0.00204555 -0.000262711 -0.00272944 0.00607252 0.00777947 -0.00874353 -0.0097722 -0.0117624 0 0.00950765 -0.0132321 0.0106892 0.0114084
internal_weight=113.659 96.4555 60.7355 50.9523 35.72 27.5027 17.2034 7.3349 6.02749 43.6174 21.0568 5.47025 17.1142 15.5851
internal_count=76799 36606 30234 28960 6372 3833 40193 1279 1261 27681 3005 232 2027 1908
is_linear=0
shrinkage=0.02


Tree=228
num_leaves=15
num_cat=0
split_feature=61 17 64 59 21 28 43 48 62 17 19 44 41 18
split_gain=5.52277 2.83223 1.88009 2.52316 1.88922 1.82546 1.0743 0.524682 0.465799 0.333663 0.532703 0.317111 0.296943 0.286775
threshold=0.7035714089870454 20.500000000000004 1.0000000180025095e-35 0.88194444775581371 0.96651786565780651 0.98573461174964916 0.18303571641445163 0.54556101560592662 0.77991071343421947 19.500000000000004 0.55902779102325451 0.9973009228706361 0.52638888359069835 0.99718704819679271
decision_type=2 2 2 2 2 2 2 2 2 2 2 2 2 2
left_child=5 2 3 9 6 -1 -5 -3 -9 10 -2 -8 -11 -7
right_child=1 7 -4 4 -6 13 11 8 -10 12 -12 -13 -14 -15
leaf_value=-0.010752949900751376 -0.0039358368681328519 0 -0.0028115011302418118 0 -0.00015851346478328965 0.0014950893601253313 0.010317958421706009 0 -0.0072560328847459691 0 9.6810269369744937e-05 0 0.0042776316856921815 -0.0024196769860212694
leaf_weight=13.320484742873306 9.4158898840341916 2.6901679822003635 4.1018360129928615 4.9944487594912053 3.2697548140640711 5.9985609430623299 34.414572432362547 3.1450793977601261 6.2067043400020339 1.8609689453714953 9.8695510820398322 1.732183607200567 4.5241293840681465 7.6297107047375885
leaf_count=34501 6526 1496 2177 803 198 1898 4645 3045 2544 917 5554 252 1580 10663
internal_value=0 0.00251509 0.00418736 0.00520432 0.00776146 -0.0069066 0.0089456 -0.00396353 -0.00557933 0 -0.00125458 0.00996225 0.00262302 0
internal_weight=113.174 86.2253 74.1833 70.0815 44.411 26.9488 41.1412 12.042 9.35178 25.6705 19.2854 36.1468 6.3851 13.6283
internal_count=76799 29737 22652 20475 5898 47062 5700 7085 5589 14577 12080 4897 2497 12561
is_linear=0
shrinkage=0.02


Tree=229
num_leaves=15
num_cat=0
split_feature=55 53 6 28 61 11 34 32 57 53 53 64 62 8
split_gain=5.38763 2.83489 2.26778 2.21117 1.32361 1.07001 1.12137 1.28796 0.860191 0.791246 0.668145 0.637707 0.583909 0.574227
threshold=0.47213622927665716 4.6326708793640146 0.00013059598495601679 0.97780856490135204 0.84861111640930187 20.500000000000004 0.55686739087104808 0.99219512939453136 -2.6121758222579952 0.25634199380874639 -3.1977952718734737 1.0000000180025095e-35 0.96651786565780651 0.75000000000000011
decision_type=2 2 2 2 2 2 2 2 2 2 2 2 2 2
left_child=-1 2 4 -4 9 6 -6 8 -8 10 -2 -10 -3 -5
right_child=1 12 3 13 5 -7 7 -9 11 -11 -12 -13 -14 -15
leaf_value=-0.010100406840418859 0.00015026152194872218 0 0.0013930055651163889 0 0 -0.00045832084163435733 0 0 0.010175036373331238 0.0019083674381269564 -0.004446237878987915 0 0.0097394041059130961 -0.0099644226396847432
leaf_weight=11.10582555518158 2.6272540027894093 0.7772990633020499 4.2603371732875521 1.0456950447914977 5.6055038789818346 4.3438251413681419 2.1351956792423179 5.7033684742345931 19.669634882284306 12.935487038073914 19.194416700327572 2.0292137744727361 10.663063583491748 10.618470369343413
leaf_count=34806 4693 158 359 194 1238 1565 1609 1571 2431 9186 14594 869 3119 407
internal_value=0 0.00168381 0 -0.00535353 0.0017545 0.00407682 0.00533226 0.00671354 0.00837358 -0.000406536 -0.00294986 0.00934466 0.00884261 -0.00902332
internal_weight=112.715 101.609 90.1684 15.9245 74.2439 39.4867 35.1429 29.5374 23.834 34.7572 21.8217 21.6988 11.4404 11.6642
internal_count=76799 41993 38716 960 37756 9283 7718 6480 4909 28473 19287 3300 3277 601
is_linear=0
shrinkage=0.02


Tree=230
num_leaves=15
num_cat=0
split_feature=62 18 57 56 53 53 58 20 1 54 56 38 44 62
split_gain=5.276 3.008 3.46837 2.92171 1.66092 1.64418 1.18288 1.1753 1.24221 1.02744 0.627972 0.529284 0.5184 0.497284
threshold=0.6700892746448518 0.99926361441612255 1.4648166298866274 0.97727271914482128 -1.6815741658210752 -0.49503451585769648 0.33295343816280371 0.96158763766288768 12.500000000000002 0.99727407097816478 0.94590643048286449 0.59545454382896434 0.84095662832260143 0.71805557608604442
decision_type=2 2 2 2 2 2 2 2 2 2 2 2 2 2
left_child=4 7 3 5 -1 10 -5 -2 13 12 -3 -7 -8 -9
right_child=1 2 -4 6 -6 11 9 8 -10 -11 -12 -13 -14 -15
leaf_value=-0.011010114797116832 0 -0.0061057536462615627 0.0070909331171168533 0 0 -0.0002563224765224694 0 0 0 0 0 0.0034753914442504307 -0.015217778165327591 0.010731531728637693
leaf_weight=12.633369000732275 8.1008495967380423 12.419485482983868 9.918206542162805 1.2945886873640109 4.020467688671487 3.0203072525437227 0.83748893349547859 3.8921770281413108 6.4190135297449151 0.54932563194233797 1.5405556846817479 25.782089203650685 5.1261624730977928 16.900696152813907
leaf_count=37030 2539 13236 1274 18 3163 2221 67 978 828 1029 318 11906 165 2027
internal_value=0 0.0019596 -0.00040977 -0.0030853 -0.00851653 0 -0.0107673 0.00612353 0.00775357 -0.0127301 -0.00474931 0.00227253 -0.0141642 0.00958544
internal_weight=112.455 95.8009 60.4882 50.57 16.6538 42.7624 7.80757 35.3127 27.2119 6.51298 13.96 28.8024 5.96365 20.7929
internal_count=76799 36606 30234 28960 40193 27681 1279 6372 3833 1261 13554 14127 232 3005
is_linear=0
shrinkage=0.02


Tree=231
num_leaves=15
num_cat=0
split_feature=55 28 11 18 64 21 57 25 53 56 31 7 29 50
split_gain=5.12266 3.1341 1.98581 2.04506 2.3208 1.75995 1.20723 1.18227 0.595414 0.736479 0.584127 0.495622 0.473362 0.427872
threshold=0.47213622927665716 0.9961758852005006 6.5000000000000009 0.99493667483329784 1.0000000180025095e-35 0.97048610448837291 -2.5956828594207759 0.94097220897674572 2.885846853256226 0.71008405089378368 0.98611110448837291 -0.87519550323486317 0.92678570747375499 -0.18846581876277921
decision_type=2 2 2 2 2 2 2 2 2 2 2 2 2 2
left_child=-1 2 3 -2 5 6 -5 8 9 -3 13 -11 -13 -8
right_child=1 7 -4 4 -6 -7 10 -9 -10 11 -12 12 -14 -15
leaf_value=-0.0099363653230951764 0 0.0010254945103663953 0 0 -0.0006873163220033542 0 0 -0.0072175057459771428 0.0036532049391714673 0 0 -0.0070835601026327868 0 0.013085395237659152
leaf_weight=10.827904807742014 6.1506236569439343 11.088049924328514 20.718725003222062 1.1726799607349736 2.2765623034210867 0.82131214382388762 0.37352260274202365 5.1721819259691975 6.0390198064778806 13.697177632613601 0.63120876168977602 7.4949665093699895 0.81116678062608105 25.175431129904609
leaf_count=34806 4097 7193 10674 1135 1623 112 280 1686 2412 7086 91 1303 91 4210
internal_value=0 0.00163083 0.00463426 0.00706396 0.00894077 0.0105536 0.0115989 -0.00177245 0 -0.00126493 0.0124033 -0.00342243 -0.0059285 0.0128064
internal_weight=112.451 101.623 57.3201 36.6013 30.4507 28.1742 27.3528 44.3026 39.1304 33.0914 26.1802 22.0033 8.30613 25.549
internal_count=76799 41993 22222 11548 7451 5828 5716 19771 18085 15673 4581 8480 1394 4490
is_linear=0
shrinkage=0.02


Tree=232
num_leaves=15
num_cat=0
split_feature=61 17 28 28 59 64 23 48 43 39 34 11 33 62
split_gain=5.03304 3.48132 1.91102 1.69945 1.18534 1.26437 1.01561 0.913391 0.832946 0.893746 0.655098 0.570252 0.558353 0.543444
threshold=0.7035714089870454 20.500000000000004 0.99289518594741832 0.98573461174964916 0.86607143282890331 1.0000000180025095e-35 0.78348213434219371 0.85028338432312023 0.14087302237749103 0.97048610448837291 0.50042590498924266 20.500000000000004 0.81696429848670971 0.77991071343421947
decision_type=2 2 2 2 2 2 2 2 2 2 2 2 2 2
left_child=3 2 4 -1 -2 8 12 -8 -6 11 -3 -10 -4 -12
right_child=1 10 6 -5 5 -7 7 -9 9 -11 13 -13 -14 -15
leaf_value=-0.010461739752632261 0 0 0.0047124574465331219 0 0 0 0.00045410954086638847 -0.0054889206129647393 0.011792402434602604 0 0 0 0 -0.0081780184116002057
leaf_weight=12.756297699443168 8.4049915547802794 2.1850938815005057 14.629353068623461 13.358155935220564 4.7148205342127829 1.886161897698911 5.310782459077017 9.9965239423581789 22.772379894167905 0.52564398109097865 3.2390427287409675 0.2977245767324338 4.7020842394194906 6.8390239296750224
leaf_count=34501 6914 712 4215 12561 813 1297 1556 2276 3405 107 3397 28 2041 2976
internal_value=0 0.00239524 0.0042905 -0.00669098 0.00701099 0.00854445 0 -0.00258669 0.00955145 0.0107786 -0.00481249 0.0114061 0.00312405 -0.00643949
internal_weight=111.618 85.5036 73.2405 26.1145 38.6017 30.1967 34.6387 15.3073 28.3106 23.5957 12.2632 23.0701 19.3314 10.0781
internal_count=76799 29737 22652 47062 12564 5650 10088 3832 4353 3540 7085 3433 6256 6373
is_linear=0
shrinkage=0.02


Tree=233
num_leaves=15
num_cat=0
split_feature=61 0 1 59 23 0 64 54 56 57 42 48 46 62
split_gain=4.9014 3.41145 1.77897 2.42674 1.52613 1.18763 1.09141 0.87415 1.12618 0.847017 1.07749 0.577328 0.552736 0.523121
threshold=0.7035714089870454 -20.499999999999996 12.500000000000002 0.88194444775581371 0.52951389551162731 -5.4999999999999991 1.0000000180025095e-35 0.99665832519531261 0.80476191639900219 0.99996009469032299 0.53589746356010448 0.54556101560592662 0.99612778425216686 0.77991071343421947
decision_type=2 2 2 2 2 2 2 2 2 2 2 2 2 2
left_child=4 11 3 -3 12 -4 9 8 -7 -5 -11 -2 -1 -13
right_child=1 2 5 6 -6 7 -8 -9 -10 10 -12 13 -14 -15
leaf_value=-0.01100208818502404 0 0 0.002694168631475142 0 0 0 0 0 -0.0096923715992831734 0 0.012289528774950001 0 0 -0.0080871862644924276
leaf_weight=11.783937871381568 2.5764968879266226 18.94066346823638 10.784459671132938 6.3031150250953933 13.710619113682695 1.3240132993123541 1.5014847362072021 1.2526039721014965 5.200030356485513 5.5119627754938874 21.695479609952599 3.0022753405410167 0.4002771722480255 6.4222133849561942
leaf_count=33002 1496 11792 3035 1687 13820 467 1548 446 469 842 2366 3045 240 2544
internal_value=0 0.00238002 0.00426341 0.00594863 -0.00662132 0 0.00862815 -0.00483868 -0.00717189 0.00937981 0.0106816 -0.00479937 -0.0103439 -0.00638024
internal_weight=110.41 84.5148 72.5138 53.9527 25.8948 18.5611 35.012 7.77665 6.52404 33.5106 27.2074 12.001 12.1842 9.42449
internal_count=76799 29737 22652 18235 47062 4417 6443 1382 936 4895 3208 7085 33242 5589
is_linear=0
shrinkage=0.02


Tree=234
num_leaves=15
num_cat=0
split_feature=55 53 6 28 41 47 29 42 57 33 37 56 31 51
split_gain=4.80258 2.78683 2.23 2.0126 1.16297 1.22583 1.16679 0.870639 0.662995 0.611864 0.579284 0.767856 0.506677 0.522525
threshold=0.47213622927665716 4.6326708793640146 0.00013059598495601679 0.97780856490135204 0.60912698507308971 267.50000000000006 0.88194444775581371 0.87083333730697643 -2.5956828594207759 0.43303571641445165 0.60912698507308971 0.97727271914482128 0.52638888359069835 -0.04907680302858352
decision_type=2 2 2 2 2 2 2 2 2 2 2 2 2 2
left_child=-1 2 4 -4 -2 6 7 -6 -9 -10 -5 -12 -11 -14
right_child=1 -3 3 10 5 -7 -8 8 9 12 11 -13 13 -15
leaf_value=-0.0097105713743380877 -0.0004363533386603901 0.008829227212604665 0.00103206717093932 0 0 0 0 0 0 0 0 -0.011543252823990009 0 0.011728310992089165
leaf_weight=10.480895649272496 31.122091324892608 10.797421285311428 4.2112257030566971 1.9507478608211375 3.9006535793960273 11.692406396821751 2.7786846061026145 5.4233813742939736 2.12043186554365 0.36303032527939549 1.6365419976864339 7.9557893169258023 0.52578965636712993 14.199056737790661
leaf_count=34806 20295 3277 359 153 2533 5168 1943 3861 933 173 244 204 512 2338
internal_value=0 0.0016063 0 -0.00538916 0.00170917 0.00378876 0.00569918 0.00700646 0.00820399 0.0096612 -0.00885491 -0.0100793 0.010648 0.0111626
internal_weight=109.158 98.6773 87.8798 15.7543 72.1255 41.0034 29.311 26.5323 22.6317 17.2083 11.5431 9.59233 15.0879 14.7248
internal_count=76799 41993 38716 960 37756 17461 12293 10350 7817 3956 601 448 3023 2850
is_linear=0
shrinkage=0.02


Tree=235
num_leaves=15
num_cat=0
split_feature=62 18 57 6 53 53 11 32 51 11 6 51 6 40
split_gain=4.70666 3.27812 2.80341 1.65665 1.6155 1.29248 1.21334 0.81742 0.736171 0.65885 0.600869 0.573771 0.568822 0.520149
threshold=0.6700892746448518 0.99926361441612255 1.4648166298866274 0.013237904757261278 -1.6815741658210752 -0.49503451585769648 20.500000000000004 0.98885056376457225 0.19107072055339816 1.0000000180025095e-35 -5.6912610530853263 -0.065420918166637407 2.5091170072555546 0.38675214350223547
decision_type=2 2 2 2 2 2 2 2 2 2 2 2 2 2
left_child=4 6 3 5 -1 13 7 10 9 -5 -2 -11 -12 -3
right_child=1 2 -4 8 -6 -7 -8 -9 -10 11 12 -13 -14 -15
leaf_value=-0.010696975522095054 0 0 0.0061385702195352948 0 0 0.0014869154295174922 0 0 0 0 0.0097506645730022976 -0.012879653751357594 0 -0.006078090459763718
leaf_weight=12.014634854336689 0.83104418101721123 2.4796380919087779 9.2576220508817624 0.51534490659832854 3.9583004099658856 28.241701970844591 3.7541749448228066 4.3205662888776706 0.93409093909212959 0.9725966290643554 23.667851329155386 4.9650228247919586 1.9772078592213791 10.594952086154079
leaf_count=37030 21 1605 1274 23 3163 14181 1331 799 694 71 4067 513 154 11873
internal_value=0 0.00188372 -0.000665605 -0.0031064 -0.0081597 -0.00024402 0.00627402 0.00749092 -0.00912256 -0.0105303 0.00855122 -0.011648 0.00907454 -0.00469208
internal_weight=108.485 92.5118 57.961 48.7033 15.9729 41.3163 34.5508 30.7967 7.38706 6.45296 26.4761 5.93762 25.6451 13.0746
internal_count=76799 36606 30234 28960 40193 27659 6372 5041 1301 607 4242 584 4221 13478
is_linear=0
shrinkage=0.02


Tree=236
num_leaves=15
num_cat=0
split_feature=55 53 6 23 61 11 32 34 64 57 53 53 56 36
split_gain=4.58364 2.56277 1.84753 1.65709 1.09953 0.985481 1.04316 1.18701 0.853902 0.860179 0.655051 0.646763 0.634245 0.894521
threshold=0.47213622927665716 4.6326708793640146 0.013237904757261278 0.73750001192092907 0.84861111640930187 20.500000000000004 0.99291408061981212 0.55686739087104808 1.0000000180025095e-35 -2.6121758222579952 0.25634199380874639 -3.1977952718734737 0.95119047164917003 0.94049304723739635
decision_type=2 2 2 2 2 2 2 2 2 2 2 2 2 2
left_child=-1 2 4 -4 10 6 7 -6 9 -9 11 -2 -5 -14
right_child=1 -3 3 12 5 -7 -8 8 -10 -11 -12 -13 13 -15
leaf_value=-0.0095556124571646601 0.00021489424543545793 0.0085214976189762186 0 0 0 -0.00060461486502173898 0 0 0 0.0098124302195272788 0.0016422386080045942 -0.0043143160622340802 0 -0.012194130739575792
leaf_weight=10.239988696597718 2.5663862370201924 10.687417564604401 5.7274559866418704 2.2866391676106996 5.2371833921461102 4.1746048401691942 5.6457910169083325 2.0759867831693617 2.2342096493885029 19.899246391807537 12.075282764009897 18.571885171539186 1.2227879060374105 5.2657303145097103
leaf_count=34806 4693 3277 465 211 1109 1569 1599 1641 882 2515 9186 14610 90 146
internal_value=0 0.00157388 0 -0.00505535 0.00154401 0.00366701 0.00490393 0.00626278 0.00781138 0.00880401 -0.000421332 -0.0027816 -0.00876659 -0.0104254
internal_weight=107.911 97.6706 86.9832 14.5026 72.4806 39.267 35.0924 29.4466 24.2094 21.9752 33.2136 21.1383 8.77516 6.48852
internal_count=76799 41993 38716 912 37804 9315 7746 6147 5038 4156 28489 19303 447 236
is_linear=0
shrinkage=0.02


Tree=237
num_leaves=15
num_cat=0
split_feature=55 53 18 35 50 37 64 39 57 57 32 23 30 27
split_gain=4.47644 2.59241 2.02169 1.93631 1.8829 1.67922 1.20233 1.13037 0.743734 0.873883 0.612716 0.552717 0.528341 0.486221
threshold=0.47213622927665716 2.6989655494689946 0.99728628993034374 0.69097220897674572 0.047149864956736572 0.57321429252624523 1.0000000180025095e-35 0.55277779698371898 1.0002314448356631 -2.3653008937835689 0.98868349194526683 0.55277779698371898 0.98601397871971141 0.98750001192092907
decision_type=2 2 2 2 2 2 2 2 2 2 2 2 2 2
left_child=-1 2 3 -2 5 -4 -3 -5 9 -7 11 -9 -13 -11
right_child=1 6 4 7 -6 8 -8 10 -10 13 -12 12 -14 -15
leaf_value=-0.0094768874908523013 -0.00059601012201923034 0.0077373103328444992 0 0 0.0016977404522185678 -0.00059374026274736156 0 0 0 -0.011914424425693305 0 0 0.011829236204336197 0
leaf_weight=10.123648735936511 11.372394175861702 22.566784902239309 8.8439574135300045 1.012812657510948 13.67404073471698 12.673096395788887 1.09376594772766 1.159586119090817 1.5723319276148675 11.333703790973235 1.1480668548465462 0.51797523915592947 9.4665965099338774 0.78637781620636893
leaf_count=34806 5678 6324 5528 245 4872 11981 1129 205 81 4450 265 245 702 288
internal_value=0 0.00155706 -8.1053e-05 0.00358237 -0.00268434 -0.00509623 0.00648418 0.00760553 -0.00727921 -0.00806005 0.00918246 0.0101568 0.0111005 -0.0112224
internal_weight=107.345 97.2215 73.5609 24.6774 48.8835 35.2095 23.6606 13.305 26.3655 24.7932 12.2922 11.1442 9.98457 12.1201
internal_count=76799 41993 34540 7340 27200 22328 7453 1662 16800 16719 1417 1152 947 4738
is_linear=0
shrinkage=0.02


Tree=238
num_leaves=15
num_cat=0
split_feature=61 0 1 58 0 41 62 54 56 29 11 0 48 62
split_gain=4.44219 2.40071 2.0287 1.83907 1.68727 1.5118 1.48254 1.02697 1.26508 0.89994 0.62763 0.557911 0.522878 0.461731
threshold=0.7035714089870454 -20.499999999999996 12.500000000000002 0.92005226016044628 -5.4999999999999991 0.88194444775581371 0.7035714089870454 0.99665832519531261 0.80476191639900219 0.88194444775581371 19.500000000000004 -6.4999999999999991 0.91411891579628002 0.54687500000000011
decision_type=2 2 2 2 2 2 2 2 2 2 2 2 2 2
left_child=5 -2 3 10 12 6 -1 8 -6 13 11 -3 -4 -5
right_child=1 2 4 9 7 -7 -8 -9 -10 -11 -12 -13 -14 -15
leaf_value=-0.010662356404557148 -0.003758957964375947 -0.0039766506606410609 0 0 0 0 0 0 -0.010734862442119861 0 0.0039114386230615196 0.00051963366628784285 0.0049711179802098323 0.010091971529363881
leaf_weight=15.021741252896396 11.063463030279307 8.1821485170312389 3.2958631933324813 0.25630653078406496 1.2801278161095959 5.3645421220007838 4.6715327065867305 1.2127458548784487 5.6132382438554487 2.1211947539304665 8.1261813503842877 8.4665022513399872 7.2187256237211841 25.032178288569412
leaf_count=39094 7085 5669 1555 105 467 3276 4692 446 469 992 1617 2706 1480 7146
internal_value=0 0.00230229 0.00388793 0.00578923 -0.000395437 -0.00638227 -0.00846014 -0.00596056 -0.00825813 0.00888718 0.000214885 -0.000944544 0.0028496 0.00976316
internal_weight=106.926 81.8687 70.8052 52.1845 18.6207 25.0578 19.6933 8.10611 6.89337 27.4097 24.7748 16.6487 10.5146 25.2885
internal_count=76799 29737 22652 18235 4417 47062 43786 1382 936 8243 9992 8375 3035 7251
is_linear=0
shrinkage=0.02


Tree=239
num_leaves=15
num_cat=0
split_feature=55 53 6 23 61 11 32 34 57 53 53 32 11 36
split_gain=4.2733 2.52016 2.0081 1.70802 1.06573 1.00674 1.05665 1.14886 0.732074 0.564296 0.6348 0.554854 0.421701 0.403247
threshold=0.47213622927665716 4.6326708793640146 0.013237904757261278 0.73750001192092907 0.84861111640930187 20.500000000000004 0.99291408061981212 0.55686739087104808 -2.6121758222579952 0.25634199380874639 -3.1977952718734737 0.94288527965545665 19.500000000000004 0.94419601559638988
decision_type=2 2 2 2 2 2 2 2 2 2 2 2 2 2
left_child=-1 2 4 -4 9 6 7 -6 -9 10 -2 -5 -12 -13
right_child=1 -3 3 11 5 -7 -8 8 -10 -11 12 13 -14 -15
leaf_value=-0.0093244710089092717 0.0003428670106048157 0.008483596044314758 0 0 0 -0.00067034563501043544 0 0 0.0087056033347130066 0.0015165721527829325 -0.0054548904823081583 0 0 -0.01109913069056619
leaf_weight=9.8955308601052803 2.5564719239991929 10.345620503681856 5.6418231569332411 0.68568438044167024 5.1489287924996487 4.1383106490575292 5.630017757688619 2.0173622207294128 21.919615261380386 11.695258490690319 13.4709412089942 1.6044941165528124 4.8478256933740331 6.5726619875567849
leaf_count=34806 4693 3277 465 23 1109 1569 1599 1641 3397 9186 10553 131 4057 293
internal_value=0 0.00152546 0 -0.00530662 0.00158758 0.0036742 0.00493683 0.00631565 0.00783455 -0.000353091 -0.00259459 -0.00901363 -0.00417087 -0.00997695
internal_weight=106.171 96.275 85.9294 14.5047 71.4247 38.8542 34.7159 29.0859 23.937 32.5705 20.8752 8.86284 18.3188 8.17716
internal_count=76799 41993 38716 912 37804 9315 7746 6147 5038 28489 19303 447 14610 424
is_linear=0
shrinkage=0.02


Tree=240
num_leaves=15
num_cat=0
split_feature=55 18 17 18 53 1 53 27 62 17 32 39 44 56
split_gain=4.1662 2.60592 3.59206 1.87756 1.48154 1.18187 0.982395 0.896059 0.724388 0.642292 0.545391 0.537059 0.82413 0.555324
threshold=0.47213622927665716 0.99926361441612255 3.5000000000000004 0.95776507258415233 2.5198311805725102 12.500000000000002 4.6326708793640146 0.98750001192092907 0.73975694179534923 6.5000000000000009 0.97090429067611705 0.73750001192092907 0.46247529983520513 0.82843136787414562
decision_type=2 2 2 2 2 2 2 2 2 2 2 2 2 2
left_child=-1 3 6 -2 9 8 7 -3 -5 10 -4 12 -11 -14
right_child=1 2 4 5 -6 -7 -8 -9 -10 11 -12 -13 13 -15
leaf_value=-0.009241722915455497 -0.00012382285727320801 -0.011936891888467718 0 0 0.0061640746166969976 0 0 0 0.010753525979187809 9.6697095660708439e-05 0.0046291187038340186 0 0 -0.0079814997085728839
leaf_weight=9.7806842118679906 8.5208950598534994 7.9131521751514775 3.2281432524541724 5.0156487510939831 11.143056377171886 6.4281775890303825 0.64521229250021939 1.3409087402214934 16.817091587967298 1.951710923902289 7.3021073553099995 8.9860480874376645 9.11868566364865 7.6984351438404692
leaf_count=34806 4931 2643 1313 1419 4508 960 1342 394 2075 1871 2584 5803 8967 3183
internal_value=0 0.00150406 -0.000723702 0.00532376 0.0013177 0.00751556 -0.00901558 -0.0104251 0.00924515 -0.00016517 0.00224458 -0.00221056 -0.00386357 -0.00547612
internal_weight=105.89 96.1093 59.3275 36.7818 49.4282 28.2609 9.89927 9.25406 21.8327 38.2851 10.5303 27.7549 18.7688 16.8171
internal_count=76799 41993 32608 9385 28229 4454 4379 3037 3494 23721 3897 19824 14021 12150
is_linear=0
shrinkage=0.02


Tree=241
num_leaves=15
num_cat=0
split_feature=55 18 17 20 11 1 50 11 11 32 37 62 45 58
split_gain=4.06038 2.89569 4.11715 2.01877 1.79418 1.24579 0.979245 0.917493 1.35147 0.868749 0.831697 0.711853 0.69062 0.623327
threshold=0.47213622927665716 0.99926361441612255 3.5000000000000004 0.96158763766288768 6.5000000000000009 12.500000000000002 0.095998223870992674 19.500000000000004 21.500000000000004 0.95557528734207164 0.55902779102325451 0.63348215818405162 336.50000000000006 0.97864061594009411
decision_type=2 2 2 2 2 2 2 2 2 2 2 2 2 2
left_child=-1 3 6 -2 9 11 10 13 -9 -4 -3 -5 -11 -6
right_child=1 2 4 5 7 -7 -8 8 -10 12 -12 -13 -14 -15
leaf_value=-0.0091569025712616783 -4.1014727319156959e-06 0 0 0 -0.0058395770137447157 0 0 0.0051587138345153098 -0.0024149566004408657 0.0083215872834577313 -0.012434046622404103 0.010355461287908048 0 0
leaf_weight=9.6730276310136087 9.3412364858868369 1.1492286186949048 1.8300473305134826 1.0227767164833554 11.165390355399721 6.2503756372570924 1.0215177321406361 10.758307694315592 8.487784895954972 13.510818810689669 8.00258571895756 20.251697551877442 1.5770408057360317 1.7063138518351468
leaf_count=34806 5271 787 755 539 8797 909 1373 3892 7957 4198 2219 2666 586 2044
internal_value=0 0.00148118 -0.000891563 0.00551002 0.00136484 0.00787172 -0.00963757 -0.00080662 0.000922335 0.00577111 -0.0110909 0.00965846 0.00719707 -0.00431573
internal_weight=105.748 96.0751 59.209 36.8661 49.0357 27.5248 10.1733 32.1178 19.2461 16.9179 9.15181 21.2745 15.0879 12.8717
internal_count=76799 41993 32608 9385 28229 4114 4379 22690 11849 5539 3006 3205 4784 10841
is_linear=0
shrinkage=0.02


Tree=242
num_leaves=15
num_cat=0
split_feature=53 18 27 52 64 56 11 20 54 39 24 27 56 46
split_gain=4.05741 3.74674 3.24124 1.57726 1.16729 1.01099 0.934827 0.847209 1.01849 0.747706 0.714896 0.70834 0.573012 0.659139
threshold=2.6989655494689946 0.9967266619205476 0.66145834326744091 0.09958860278129579 1.0000000180025095e-35 0.80476191639900219 1.0000000180025095e-35 0.99511000514030468 0.75108262896537792 0.92678570747375499 0.32822470366954809 0.98750001192092907 0.82085561752319347 0.99415776133537304
decision_type=2 2 2 2 2 2 2 2 2 2 2 2 2 2
left_child=1 2 12 6 -2 9 -3 -8 10 -4 -9 -12 13 -1
right_child=4 3 5 -5 -6 -7 7 8 -10 -11 11 -13 -14 -15
leaf_value=-0.006420961564282234 0.007702434715108215 0 0.012224379502835517 0 0 0 0 0 0 0 -0.010008783291906732 0 0 0
leaf_weight=6.6391276269332611 21.513123737997379 1.5813607648960886 7.9759976551049458 10.27322894808094 1.0491347312454298 3.2360787416982921 3.2480449476388449 1.323726531189094 7.9471566978136243 0.47241070872769331 32.030800572088992 1.4510600797766517 6.6823449915755191 1.0438033458394782
leaf_count=7743 6324 156 1106 9077 1129 557 1731 1476 4134 377 40199 1243 1375 172
internal_value=0 -0.00209312 0.00304995 -0.00495064 0.00643643 0.00906229 -0.00637813 -0.0069964 -0.00767831 0.0112029 -0.00893919 -0.00946498 -0.00180312 -0.00451012
internal_weight=106.467 83.9051 26.0498 57.8554 22.5623 11.6845 47.5821 46.0008 42.7527 8.44841 34.8056 33.4819 14.3653 7.68293
internal_count=76799 69346 11330 58016 7453 2040 48939 48783 47052 1483 42918 41442 9290 7915
is_linear=0
shrinkage=0.02


Tree=243
num_leaves=15
num_cat=0
split_feature=55 18 17 20 11 1 53 53 23 62 11 11 58 45
split_gain=3.91832 3.14795 5.52943 2.63858 1.82691 1.51799 1.25612 1.21581 1.10712 1.09362 0.75826 1.31393 0.550616 0.518974
threshold=0.47213622927665716 0.99926361441612255 3.5000000000000004 0.96158763766288768 6.5000000000000009 12.500000000000002 -0.69684883952140797 4.6326708793640146 0.98750001192092907 0.73975694179534923 19.500000000000004 21.500000000000004 0.97864061594009411 361.50000000000006
decision_type=2 2 2 2 2 2 2 2 2 2 2 2 2 2
left_child=-1 3 7 -2 6 9 -4 8 -3 -5 12 -12 -6 -8
right_child=1 2 4 5 10 -7 13 -9 -10 -11 11 -13 -14 -15
leaf_value=-0.0090520696052382513 -0.00077847383826757592 -0.01388464471654963 0 0 -0.0053194438108097233 0 0.0088637979325639389 0 0 0.012021493205456674 0.0051428334577947581 -0.0023328035247938499 0 0
leaf_weight=9.5132154040638834 9.658734792714311 8.8659642591883259 2.6706183546193669 4.9322573102945233 11.058339236195026 6.2132128105695292 13.211146884277692 0.64743943455323538 1.3202818500940345 17.130423610920843 10.620081886954724 8.3231340049205738 1.6834717269048258 0.96084924384922565
leaf_count=34806 5271 2642 2496 1287 8797 909 2781 1342 395 1918 3892 7957 2044 262
internal_value=0 0.00143322 -0.00107127 0.00557632 0.001689 0.00832122 0.00606797 -0.0109275 -0.0123372 0.0102439 -0.000539999 0.000958682 -0.0038376 0.00807443
internal_weight=106.809 97.296 59.3613 37.9346 48.5276 28.2759 16.8426 10.8337 10.1862 22.0627 31.685 18.9432 12.7418 14.172
internal_count=76799 41993 32608 9385 28229 4114 5539 4379 3037 3205 22690 11849 10841 3043
is_linear=0
shrinkage=0.02


Tree=244
num_leaves=15
num_cat=0
split_feature=58 48 33 61 47 58 29 54 18 11 25 7 60 37
split_gain=3.90136 3.29333 2.69057 2.06848 1.64751 0.942205 0.882649 0.858358 0.92887 1.03654 0.788567 0.623352 0.623255 0.584166
threshold=0.92005226016044628 0.73951533436775219 0.36805555224418646 0.7035714089870454 203.50000000000003 0.77209585905075084 0.77951389551162731 0.99727407097816478 0.99640932679176342 5.5000000000000009 0.78348213434219371 -2.0565766096115108 0.90833333134651195 0.51249998807907116
decision_type=2 2 2 2 2 2 2 2 2 2 2 2 2 2
left_child=2 3 5 -2 6 -1 -4 8 -3 13 11 -6 -13 -10
right_child=1 7 4 -5 10 -7 -8 -9 9 -11 -12 12 -14 -15
leaf_value=-0.010898764139595125 0 0.00096360254844328106 -0.0064614159333441579 0.011057386638613116 0 0 0 0.0041804714800121635 0 0 -0.00012828481766230458 0.0077456131674080312 0 -0.0082827767759883816
leaf_weight=11.549270871370025 3.5213207489323421 7.3751267775114746 11.727507351837632 17.168935510373558 3.6637345357630737 1.0550192928021704 9.1775094708682428 3.8892290636140379 1.2734057566995058 7.8496005355718799 5.5072717145521883 10.402511668220539 2.5396211970564773 9.9015852852680819
leaf_count=20722 6034 1649 15823 6053 3075 209 4851 1658 688 4811 3346 4063 553 3264
internal_value=0 0.00373844 -0.00346125 0.00876569 0 -0.00965226 -0.00392006 0 -0.00214057 -0.00443221 0.0028119 0.00480676 0.00631292 -0.00713731
internal_weight=106.602 50.9792 55.6224 20.6903 43.0182 12.6043 20.905 30.2889 26.3997 19.0246 22.1131 16.6059 12.9421 11.175
internal_count=76799 24157 52642 12087 31711 20931 20674 12070 10412 8763 11037 7691 4616 3952
is_linear=0
shrinkage=0.02


Tree=245
num_leaves=15
num_cat=0
split_feature=61 18 0 11 11 28 48 53 6 49 50 11 11 59
split_gain=3.82638 3.01005 3.77233 1.6738 1.56938 1.55217 1.26493 1.01058 0.963889 0.952833 0.786447 0.698245 1.24023 0.616037
threshold=0.7035714089870454 0.99926361441612255 -3.4999999999999996 6.5000000000000009 20.500000000000004 0.98573461174964916 0.83187124133110057 -0.69684883952140797 2.3012833595275883 19.500000000000004 0.0916418991982937 19.500000000000004 21.500000000000004 0.73214286565780651
decision_type=2 2 2 2 2 2 2 2 2 2 2 2 2 2
left_child=5 4 3 7 8 -1 -4 -3 9 -2 -8 -5 -13 -11
right_child=1 2 6 11 -6 -7 10 -9 -10 13 -12 12 -14 -15
leaf_value=-0.0097589404268945343 0 0 0 -0.003908629624850014 0 0 -0.012790063055566278 0.0077357944891739104 0 0 0 0.0050345693807274461 -0.0024639218586396754 0.011509121681170457
leaf_weight=11.389704597772836 3.4986543516606714 2.4178760441318472 1.7069483172090238 10.426474352816514 3.3285129538580795 12.609544362619998 6.2475000973463466 13.665905304445912 2.7824640027465639 1.7238631695108804 0.52352744439485821 10.086609838177539 6.7584676822589236 17.436744586731947
leaf_count=34501 697 2036 1578 8104 1102 12561 1075 2939 216 554 479 3135 5940 1882
internal_value=0 0.00213694 -0.0003694 0.00183961 0.00667975 -0.00603896 -0.00932726 0.00600524 0.00827931 0.00937962 -0.0115984 -0.000466559 0.00092782 0.0106917
internal_weight=104.603 80.6035 51.8333 43.3553 28.7702 23.9992 8.47798 16.0838 25.4417 22.6593 6.77103 27.2716 16.8451 19.1606
internal_count=76799 29737 25286 22154 4451 47062 3132 4975 3349 3133 1554 17179 9075 2436
is_linear=0
shrinkage=0.02


Tree=246
num_leaves=15
num_cat=0
split_feature=62 18 0 53 11 53 1 53 62 27 6 6 44 49
split_gain=3.73945 3.17444 3.14815 1.57341 1.41225 1.33601 1.06488 0.940308 0.848493 0.796434 0.670163 0.469447 0.447298 0.725673
threshold=0.6700892746448518 0.99926361441612255 -3.4999999999999996 -1.5711469650268552 20.500000000000004 2.5198311805725102 12.500000000000002 4.6326708793640146 0.71805557608604442 0.98750001192092907 -5.6912610530853263 5.0170249938964853 0.94507083296775829 82.500000000000014
decision_type=2 2 2 2 2 2 2 2 2 2 2 2 2 2
left_child=3 4 5 -1 6 12 8 9 -2 -4 -10 -12 13 -3
right_child=1 2 7 -5 -6 -7 -8 -9 10 -11 11 -13 -14 -15
leaf_value=-0.01008504316975118 0 0.00046349675278061257 -0.01148443804185695 0 0 0.0058359883362638148 0 0 0 0 0.011342173977602092 0 0.0007425099696948184 -0.0047343400339765543
leaf_weight=11.157220854631303 4.0392936073985828 2.475716392234971 7.6776292322538175 3.6476649975920727 3.7216850589138621 10.528717599019727 5.9202219007711383 0.6454914759378888 0.76403109787498635 1.3078415299751212 18.538617195221374 0.94185606719110992 18.369714838763684 13.412473015470821
leaf_count=37166 1753 1866 2668 3027 1331 4194 735 1338 21 419 2480 52 7791 11958
internal_value=0 0.00170883 -0.000892019 -0.00747196 0.0060527 0.00113711 0.00744874 -0.00863887 0.00892185 -0.0100585 0.0101911 0.0108156 -0.000325037 -0.00271964
internal_weight=103.148 88.3433 54.4176 14.8049 33.9257 44.7866 30.204 9.63096 24.2838 8.98547 20.2445 19.4805 34.2579 15.8882
internal_count=76799 36606 30234 40193 6372 25809 5041 4425 4306 3087 2553 2532 21615 13824
is_linear=0
shrinkage=0.02


Tree=247
num_leaves=15
num_cat=0
split_feature=61 0 12 41 62 58 32 6 25 23 57 43 61 48
split_gain=3.83037 2.24056 2.01664 1.39231 1.47393 1.30996 1.2313 1.10822 1.09482 0.952731 0.590019 0.55479 0.575169 0.443792
threshold=0.7035714089870454 -20.499999999999996 11.500000000000002 0.88194444775581371 0.7035714089870454 0.050169449299573905 0.99291408061981212 0.41587489843368536 0.94097220897674572 0.70714285969734203 1.1973950862884524 0.18303571641445163 0.82043650746345531 0.99591001868247997
decision_type=2 2 2 2 2 2 2 2 2 2 2 2 2 2
left_child=3 -2 5 4 -1 -3 8 -4 11 -9 -11 -7 -13 -14
right_child=1 2 7 -5 -6 6 -8 9 -10 10 -12 12 13 -15
leaf_value=-0.010417708763010101 -0.0037402168891628586 -0.00025323287684297311 0.0017317356161755488 0 0 0 0 0 0 -0.0096889139928962465 0 0 0.011358590325198162 0
leaf_weight=13.951483876916432 10.480423085522487 2.1546889183009617 19.88283709730786 5.2835597387547741 4.4179251144541913 4.4134910188295207 7.5175639034441692 1.3917178283736564 1.1534965841383371 3.4369399295283074 0.95699602447348286 2.6990527873003911 23.588836704355348 0.68903694543405336
leaf_count=39094 7085 4086 7391 3276 4692 785 2357 163 297 221 105 2510 4632 105
internal_value=0 0.00217763 0.0037561 -0.00606445 -0.00814798 0.00615276 0.00712119 0 0.00853269 -0.0053259 -0.00807941 0.00929525 0.0102057 0.0109772
internal_weight=102.018 78.3651 67.8847 23.653 18.3694 42.2162 40.0615 25.6685 32.5439 5.78565 4.39394 31.3904 26.9769 24.2779
internal_count=76799 29737 22652 47062 43786 14772 10686 7880 8329 489 326 8032 7247 4737
is_linear=0
shrinkage=0.02


Tree=248
num_leaves=15
num_cat=0
split_feature=53 18 35 53 61 64 47 39 25 55 32 27 54 42
split_gain=3.64281 2.63526 2.17037 1.5863 2.02809 1.0965 1.07433 1.01149 0.74303 0.688037 0.577156 0.496385 0.499499 0.560206
threshold=2.6989655494689946 0.99728628993034374 0.69097220897674572 -0.69684883952140797 0.98750001192092907 1.0000000180025095e-35 47.500000000000007 0.55277779698371898 0.94097220897674572 0.47213622927665716 0.98868349194526683 0.55277779698371898 0.22075273096561435 0.93095237016677868
decision_type=2 2 2 2 2 2 2 2 2 2 2 2 2 2
left_child=1 2 -1 6 -5 8 -3 -4 -2 -9 11 -11 13 -13
right_child=5 3 7 4 -6 -7 -8 9 -10 10 -12 12 -14 -15
leaf_value=-0.0020956466351895707 0.0083086485954383758 0 0 0.0014524585976060469 -0.0075504940444073602 0 -0.0095134618608166133 0 0 0 0 0 0 0.013181768978594625
leaf_weight=12.43627933406515 19.543862836919295 1.1971936264890271 1.0368902632799279 26.846705596115498 6.1556207610192351 1.0054083898830857 18.696459875037363 0.70047069879910751 0.89781172378206875 1.1263605297062884 1.1124941114721867 0.44415091380142069 2.6254664489424613 7.1513180232577724
leaf_count=9100 6083 2526 387 13520 90 1129 41336 970 241 204 265 134 316 498
internal_value=0 -0.00204118 0.00206212 -0.00460762 -0.000504233 0.00620879 -0.00839631 0.00660879 0.0074796 0.00812351 0.00908348 0.0100048 0.0108707 0.0123741
internal_weight=100.976 79.5294 26.6334 52.896 33.0023 21.4471 19.8937 14.1972 20.4417 13.1603 12.4598 11.3473 10.2209 7.59547
internal_count=76799 69346 11874 57472 13610 7453 43862 2774 6324 2387 1417 1152 948 632
is_linear=0
shrinkage=0.02


Tree=249
num_leaves=15
num_cat=0
split_feature=62 18 0 53 11 53 17 1 53 27 62 6 40 44
split_gain=3.5735 2.91491 2.61782 1.467 1.24242 1.23609 1.48237 0.932609 0.857892 0.70784 0.587624 0.616034 0.581813 0.516955
threshold=0.6700892746448518 0.99926361441612255 -3.4999999999999996 -1.5711469650268552 20.500000000000004 -0.49503451585769648 20.500000000000004 12.500000000000002 4.6326708793640146 0.98750001192092907 0.71805557608604442 -5.6912610530853263 0.44722221791744238 0.9954163432121278
decision_type=2 2 2 2 2 2 2 2 2 2 2 2 2 2
left_child=3 4 5 -1 7 12 13 10 9 -4 -2 -12 -3 -7
right_child=1 2 8 -5 -6 6 -8 -9 -10 -11 11 -13 -14 -15
leaf_value=-0.0099011245929745712 0 0 -0.010777648442283612 0 0 0.0060458363962985293 -0.0018856066893257095 0 0 0 0 0.010297566307327406 -0.004952535692542003 0
leaf_weight=10.842922531672228 3.9382324623329685 2.1151676937442963 7.3018777484267012 3.5557373924748381 3.6119603948300201 24.862407865097342 5.7052990268384738 5.8367342731908129 0.63763221347835575 1.2856964931761465 0.75442471454153803 18.889636995585526 8.0178721680131257 3.1944680902415703
leaf_count=37166 1753 1883 2668 3027 1331 9114 4055 735 1338 419 21 2532 9560 1197
internal_value=0 0.00169308 -0.000806747 -0.00737023 0.0059008 0.00100373 0.00317181 0.00720546 -0.00798677 -0.0094028 0.00860381 0.00968447 -0.00281356 0.00522714
internal_weight=100.55 86.1514 53.1204 14.3987 33.031 43.8952 33.7622 29.419 9.22521 8.58757 23.5823 19.6441 10.133 28.0569
internal_count=76799 36606 30234 40193 6372 25809 14366 5041 4425 3087 4306 2553 11443 10311
is_linear=0
shrinkage=0.02


Tree=250
num_leaves=15
num_cat=0
split_feature=62 18 0 53 53 11 32 53 41 45 27 53 6 18
split_gain=3.51773 2.54327 2.12681 1.39426 1.21632 1.15011 0.823454 0.773837 0.655346 0.679653 0.624907 0.543064 0.473524 0.473791
threshold=0.6700892746448518 0.99926361441612255 -3.4999999999999996 -1.6815741658210752 2.5198311805725102 20.500000000000004 0.98885056376457225 4.6326708793640146 0.60357144474983226 82.500000000000014 0.98750001192092907 -0.49503451585769648 -5.6912610530853263 0.99728628993034374
decision_type=2 2 2 2 2 2 2 2 2 2 2 2 2 2
left_child=3 5 4 -1 8 6 12 10 9 -3 -4 -10 -2 -14
right_child=1 2 7 -5 -6 -7 -8 -9 11 -11 -12 -13 13 -15
leaf_value=-0.0098692688303809572 0 0 -0.0099737638195140695 0 0.0055158576160954679 0 0 0 -0.00098114360371961409 -0.0049521064437992252 0 0.0034476771819955776 0.009086211952582338 0
leaf_weight=10.464917003268054 0.75290223670891165 2.0155125886485612 6.9636740595469711 3.7598045222803185 10.208303818180864 3.592712775214749 4.0153625368129715 0.63792450166511194 4.6870994167475173 13.88885135757482 1.2785139710558722 12.790679881512913 22.384268341667855 1.8263866171964718
leaf_count=37030 21 1643 2668 3163 4194 1331 799 1338 4314 10761 419 4897 3908 313
internal_value=0 0.00169253 -0.000627134 -0.00733977 0.000938504 0.00563738 0.00690942 -0.00722762 -0.000431855 -0.00323975 -0.0086448 0.00109345 0.00800264 0.00846498
internal_weight=99.2669 85.0422 52.4706 14.2247 43.5904 32.5716 28.9789 8.88011 33.3821 15.9044 8.24219 17.4778 24.9636 24.2107
internal_count=76799 36606 30234 40193 25809 6372 5041 4425 21615 12404 3087 9211 4242 4221
is_linear=0
shrinkage=0.02


Tree=251
num_leaves=15
num_cat=0
split_feature=62 18 0 53 53 17 11 1 53 62 27 40 5 44
split_gain=3.48149 2.29242 1.98313 1.29955 1.2158 1.44003 1.06526 0.84612 0.739898 0.656499 0.597093 0.58301 0.542576 0.501951
threshold=0.6700892746448518 0.99926361441612255 -3.4999999999999996 -1.6815741658210752 -0.49503451585769648 20.500000000000004 20.500000000000004 12.500000000000002 4.6326708793640146 0.73975694179534923 0.98750001192092907 0.44722221791744238 -2.5297646522521968 0.9973009228706361
decision_type=2 2 2 2 2 2 2 2 2 2 2 2 2 2
left_child=3 6 4 -1 11 13 7 9 10 -2 -4 -3 -11 -6
right_child=1 2 8 -5 5 -7 -8 -9 -10 12 -12 -13 -14 -15
leaf_value=-0.0097660782866538561 0 0 -0.009627422511738544 0 0.0058419515389412733 -0.0018215943798641191 0 0 0 0 0 -0.0049499822788175067 0.0097539520642525579 0
leaf_weight=10.325187167768489 4.0690139401376717 2.0921291512204316 6.9568341218964598 3.7504814947315017 26.33755647022554 5.6051509980934489 3.5841410799857831 5.8124762899860789 0.63875227034441273 0.77652497217060101 1.275842838009339 7.9443047657550778 18.290645157392639 1.4239646112509934
leaf_count=37030 1773 1883 2668 3163 9820 4055 1331 735 1338 23 419 9560 2510 491
internal_value=0 0.00168287 -0.000503186 -0.00733072 0.000990363 0.00315885 0.00542147 0.00664649 -0.00691453 0.00799543 -0.00832135 -0.00279371 0.00916404 0.00519177
internal_weight=98.883 84.8073 52.2745 14.0757 43.4031 33.3667 32.5328 28.9487 8.87143 23.1362 8.23268 10.0364 19.0672 27.7615
internal_count=76799 36606 30234 40193 25809 14366 6372 5041 4425 4306 3087 11443 2533 10311
is_linear=0
shrinkage=0.02


Tree=252
num_leaves=15
num_cat=0
split_feature=62 53 56 37 53 41 64 31 33 54 31 29 54 29
split_gain=3.40433 1.91317 1.78398 2.82616 1.28958 1.28504 1.06418 0.883776 0.960774 0.667643 0.645023 0.734118 0.533304 0.64222
threshold=0.6700892746448518 2.6989655494689946 0.82843136787414562 0.63194444775581371 -1.6815741658210752 0.78348213434219371 1.0000000180025095e-35 0.72361111640930187 0.43303571641445165 0.064514297991991057 0.52638888359069835 0.83854165673255932 0.39209246635437017 0.52638888359069835
decision_type=2 2 2 2 2 2 2 2 2 2 2 2 2 2
left_child=4 2 5 -4 -1 9 -3 8 -7 -2 -10 12 13 -12
right_child=1 6 3 -5 -6 7 -8 -9 10 -11 11 -13 -14 -15
leaf_value=-0.0097088139217380576 -0.0041891141539641633 0.0073476133844905958 0.001775862262384031 -0.0077458931338297574 0 0 0 0 0 0.0015430813397666987 0 0 0 0.012969866758227391
leaf_weight=10.216007100067143 5.4501867457202051 19.778547663530848 13.239881861203687 17.649838174034812 3.7647367123317954 0.97978836923903045 0.98795564969623129 1.0829213290635369 0.79310529841859434 13.399298519758302 0.39637517612572537 0.91752525864467394 1.1797253847871623 8.3073622654665069
leaf_count=37030 10866 5965 2675 5029 3163 791 1129 690 273 6356 252 741 429 1410
internal_value=0 0.00167171 0 -0.00329883 -0.00726369 0.00276147 0.00606103 0.00628234 0.00772733 0 0.00913928 0.0100867 0.0111653 0.0121496
internal_weight=98.1433 84.1625 63.396 30.8897 13.9807 32.5063 20.7665 13.6568 12.5739 18.8495 11.5941 10.801 9.88346 8.70374
internal_count=76799 36606 29512 7704 40193 21808 7094 4586 3896 17222 3105 2832 2091 1662
is_linear=0
shrinkage=0.02


Tree=253
num_leaves=15
num_cat=0
split_feature=61 0 46 41 62 64 58 29 47 22 11 11 6 62
split_gain=3.37099 1.93748 1.50516 1.41675 1.28793 0.939051 1.05466 0.711212 0.54297 0.418209 0.406886 1.61032 0.496397 0.437184
threshold=0.7035714089870454 -20.499999999999996 0.99578943848609935 0.88194444775581371 0.7035714089870454 1.0000000180025095e-35 0.020376218482851986 0.94097220897674572 296.50000000000006 0.50330036878585827 6.5000000000000009 19.500000000000004 -5.6912610530853263 0.54687500000000011
decision_type=2 2 2 2 2 2 2 2 2 2 2 2 2 2
left_child=3 9 5 4 -1 6 -3 10 -4 -2 12 -12 -8 -14
right_child=1 2 8 -5 -6 -7 7 -9 -10 -11 11 -13 13 -15
leaf_value=-0.010096599307882915 0 0 -0.004801008710022479 0 0 0 0 0 3.3675409403135374e-05 -0.0049345400505466548 -0.0021675156976664169 0.0058672618978311761 0 0.0093182051452348359
leaf_weight=13.30582135101759 2.0847073855293257 2.0513824214031038 3.7259260491773594 5.2731048424302562 4.1939637434898023 2.8709137154710325 0.50152105826419102 2.0684743314050129 4.1171476431591145 7.9365431869355234 9.3753161187905789 11.331133009924088 0.29680247284705075 28.301097193905662
leaf_count=39094 779 4542 914 3276 4692 1998 16 624 720 6306 4871 2702 188 6077
internal_value=0 0.00210041 0.00362009 -0.00576098 -0.00796637 0.00486645 0.00556448 0.00626161 -0.00142295 -0.00339698 0.006756 0.00151805 0.00863506 0.00901069
internal_weight=97.4339 74.661 64.6397 22.7729 17.4998 56.7966 53.9257 51.8743 7.84307 10.0213 49.8059 20.7064 29.0994 28.5979
internal_count=76799 29737 22652 47062 43786 21018 19020 14478 1634 7085 13854 7573 6281 6265
is_linear=0
shrinkage=0.02


Tree=254
num_leaves=15
num_cat=0
split_feature=62 18 57 56 53 53 17 1 41 58 44 52 56 6
split_gain=3.29027 1.98902 1.76646 2.02133 1.32571 1.19166 0.960171 0.978198 0.651135 0.518996 0.611944 0.526493 0.46345 0.436402
threshold=0.6700892746448518 0.99926361441612255 1.6713425517082217 0.97727271914482128 -0.49503451585769648 -1.5711469650268552 58.500000000000007 12.500000000000002 0.60357144474983226 0.33295343816280371 0.73763903975486766 0.38745248317718511 0.94590643048286449 -5.6912610530853263
decision_type=2 2 2 2 2 2 2 2 2 2 2 2 2 2
left_child=5 6 3 4 12 -1 7 13 -6 -5 -11 -12 -3 -2
right_child=1 2 -4 9 8 -7 -8 -9 -10 10 11 -13 -14 -15
leaf_value=-0.0094758365558652805 0 -0.0053940638688305485 0.0053516365490920963 0 0 0 0 0 0.0045162212158414176 0 -0.012395565485365389 0 0 0.0081534219920311561
leaf_weight=10.226010589930409 0.74217984458665398 10.98888828609415 7.001379750603518 1.1999026210978616 9.7857156092904933 3.4389355292769315 2.2062753525151484 6.03825136679552 15.195900423694182 0.57661260305030726 4.6181781891827995 0.32085203193855694 1.3715026393729193 22.836728390369899
leaf_count=37166 21 13244 1235 18 6901 3027 1003 789 7238 603 497 180 318 4559
internal_value=0 0.00165444 -0.000372258 -0.00247844 0 -0.00719601 0.00515972 0.00622218 0.00245185 -0.00904526 -0.0103077 -0.011484 -0.00417846 0.00769131
internal_weight=96.5473 82.8824 51.0589 44.0576 37.342 13.6649 31.8234 29.6172 24.9816 6.71555 5.51564 4.93903 12.3604 23.5789
internal_count=76799 36606 30234 28999 27701 40193 6372 5369 14139 1298 1280 677 13562 4580
is_linear=0
shrinkage=0.02


Tree=255
num_leaves=15
num_cat=0
split_feature=61 0 41 50 48 62 41 47 18 57 11 25 58 41
split_gain=3.22279 1.8991 1.44171 1.3092 1.49073 1.26614 0.792953 0.724249 1.34087 1.0726 0.823543 0.631081 0.623405 0.483938
threshold=0.7035714089870454 -20.499999999999996 0.88194444775581371 0.044502923265099532 0.78401875495910656 0.7035714089870454 0.38194444775581365 284.50000000000006 0.99627557396888744 1.0900107622146609 1.0000000180025095e-35 0.94097220897674572 0.22795174270868304 0.38194444775581365
decision_type=2 2 2 2 2 2 2 2 2 2 2 2 2 2
left_child=2 -2 5 4 12 -1 -5 8 -6 10 -10 -8 -3 -12
right_child=1 3 -4 6 7 -7 11 -9 9 -11 13 -13 -14 -15
leaf_value=-0.010064086232669538 -0.0033814201321222298 0 0 0 0.00067723447280051085 0 0.0088511644475209265 0.00051522943466098458 0 0 0 0 0.0057299621544579429 -0.010659655964120763
leaf_weight=13.014372102095882 9.8679618052992719 2.3611284905855454 5.2349769559696133 2.053755716891831 4.1060354277869964 4.1407973592686167 18.453808687057975 7.862749693920704 0.56705564180810952 1.2617748022676103 0.92640265306181291 0.6508836170869462 15.75760382185217 9.5321919159796362
leaf_count=39094 7085 2949 3276 569 413 4692 5578 2534 32 122 402 259 5083 4711
internal_value=0 0.00207172 -0.00566751 0.00359555 0.000472434 -0.00793449 0.00711262 -0.00187157 -0.00411038 -0.00693081 -0.0086718 0.00816822 0.00445185 -0.00982401
internal_weight=95.7915 73.4014 22.3901 63.5334 42.3749 17.1552 21.1584 24.2562 16.3935 12.2874 11.0257 19.1047 18.1187 10.4586
internal_count=76799 29737 47062 22652 16246 43786 6406 8214 5680 5267 5145 5837 8032 5113
is_linear=0
shrinkage=0.02


Tree=256
num_leaves=15
num_cat=0
split_feature=62 18 57 56 11 61 1 54 54 6 62 48 54 55
split_gain=3.12175 1.76692 1.65461 1.87208 0.893772 0.764594 0.753477 0.687693 0.753396 0.412362 0.434459 0.379432 0.375892 0.673348
threshold=0.6700892746448518 0.99926361441612255 1.6713425517082217 0.97727271914482128 20.500000000000004 0.71805557608604442 12.500000000000002 0.39209246635437017 0.99727407097816478 -5.6912610530853263 0.73975694179534923 0.83787915110588085 0.32210768759250646 0.87867647409439098
decision_type=2 2 2 2 2 2 2 2 2 2 2 2 2 2
left_child=5 4 3 12 6 -1 9 -5 11 -2 -11 -9 13 -3
right_child=1 2 -4 7 -6 -7 -8 8 -10 10 -12 -13 -14 -15
leaf_value=-0.0086504415998271116 0 -0.0042741874743012801 0.0052612078751356007 0 0 0 0 0 0 0 0.0089051410519155067 -0.012484955914903907 0.0017784003956728101 0.00038647658832307831
leaf_weight=10.651328752949665 0.74046386126429808 11.631616152897552 6.9293796323217967 0.60710800881497462 3.4624592499476412 2.7415455221162111 5.7456680785435301 1.1716075049407662 0.5284896908851805 3.9814602345359189 17.386270770801275 4.275301581761596 17.384326016066552 7.7326829454868848
leaf_count=37321 21 14640 1235 9 1331 2872 735 94 1036 1773 2512 159 10168 2893
internal_value=0 0.00162426 -0.000271232 -0.00236069 0.00494313 -0.007055 0.00609256 -0.00870533 -0.0100264 0.00740273 0.00787689 -0.0113582 0 -0.00166669
internal_weight=94.9697 81.5768 50.2605 43.3311 31.3163 13.3929 27.8539 6.58251 5.9754 22.1082 21.3677 5.44691 36.7486 19.3643
internal_count=76799 36606 30234 28999 6372 40193 5041 1298 1289 4306 4285 253 27701 17533
is_linear=0
shrinkage=0.02


Tree=257
num_leaves=15
num_cat=0
split_feature=62 53 8 28 41 53 23 50 48 45 25 57 20 7
split_gain=2.99675 1.75321 1.74491 1.28994 1.25866 1.20675 0.734796 0.682687 0.582898 0.543113 0.462865 0.44737 0.442443 0.464275
threshold=0.6700892746448518 4.6326708793640146 0.75000000000000011 0.97780856490135204 0.60357144474983226 -1.6815741658210752 0.64087301492691051 -0.019592767581343647 0.52192106842994701 227.50000000000003 0.89642855525016796 -3.1219260692596431 0.96241387724876415 -4.8233067989349356
decision_type=2 2 2 2 2 2 2 2 2 2 2 2 2 2
left_child=5 2 4 -4 8 -1 -6 -8 -2 -10 11 -9 -13 -14
right_child=1 -3 3 -5 6 -7 7 10 9 -11 -12 12 13 -15
leaf_value=-0.0093481760588212271 0.0015113893074554178 0.0076260119893316195 9.5419260354970549e-05 -0.0071610597826207347 0 0 0 0 -0.0051658752978802026 0 0 0 0 0.0094244275579820052
leaf_weight=9.6759171260418935 7.2545172549407679 8.9124276489892491 5.047256111158279 11.900994878222262 7.5619337103280477 3.5760615495528318 3.4637270974853918 2.5390159967610151 9.0343041858031921 6.4608841675508293 1.3230619052028476 0.65835102448909566 1.0332881208287403 15.875017110973193
leaf_count=37030 4778 3273 931 835 3423 3163 2382 2300 7897 4134 1144 149 650 4710
internal_value=0 0.00159529 0 -0.00435112 0.00198286 -0.00693705 0.00432489 0.0056882 -0.000581301 -0.00306011 0.0067752 0.00741448 0.0082426 0.00878712
internal_weight=94.3168 81.0648 72.1524 16.9483 55.2041 13.252 32.4544 24.8925 22.7497 15.4952 21.4287 20.1057 17.5667 16.9083
internal_count=76799 36606 33333 1766 31567 40193 14758 11335 16809 12031 8953 7809 5509 5360
is_linear=0
shrinkage=0.02


Tree=258
num_leaves=15
num_cat=0
split_feature=53 55 56 37 42 64 47 62 27 46 31 25 31 58
split_gain=2.96113 1.76943 1.37875 2.34655 1.22118 1.0321 0.757846 0.698885 1.04905 1.091 0.627765 0.617937 0.567514 0.406215
threshold=2.6989655494689946 0.47213622927665716 0.82843136787414562 0.63194444775581371 0.87083333730697643 1.0000000180025095e-35 302.50000000000006 0.85912698507308971 0.52638888359069835 0.99468788504600536 0.72048610448837291 0.94097220897674572 0.52638888359069835 0.011834721546620132
decision_type=2 2 2 2 2 2 2 2 2 2 2 2 2 2
left_child=1 -1 4 -4 -3 11 7 8 -6 10 12 -2 -10 -14
right_child=5 2 3 -5 6 -7 -8 -9 9 -11 -12 -13 13 -15
leaf_value=-0.0081246280666123459 0.0077978553748661566 -0.001870086398481699 0.0013811546901172319 -0.0072628485059939678 0 0 0 0 0 0 0 0 0 0.01157965477182628
leaf_weight=8.2532746536007817 18.414295451464575 8.022712334763126 12.994868647892874 17.153707969555398 2.0782078320699027 0.97480157346217211 4.7734766394205499 3.8467421877357983 0.69077942421245175 1.6740439299574053 0.66354455501641574 0.81114334387166209 0.2729493435126632 13.084959775540481
leaf_count=34806 6083 10386 3091 5732 1626 1129 2715 1310 755 1450 711 241 631 6133
internal_value=0 -0.0019275 -1.73659e-05 -0.00317128 0.00205555 0.00570517 0.00424377 0.00559326 0.00685483 0.00831308 0.0097229 0.00703568 0.0104616 0.0111494
internal_weight=93.7095 73.5093 65.256 30.1486 35.1074 20.2002 27.0847 22.3112 18.4645 16.3863 14.7122 19.2254 14.0487 13.3579
internal_count=76799 69346 34540 8823 25717 7453 15331 12616 11306 9680 8230 6324 7519 6764
is_linear=0
shrinkage=0.02


Tree=259
num_leaves=15
num_cat=0
split_feature=62 18 57 56 53 53 0 32 45 6 48 57 7 27
split_gain=2.89622 1.72306 1.61547 1.68702 1.25247 1.15882 0.847024 0.680561 0.568937 0.439853 0.428223 0.416825 0.394717 0.318922
threshold=0.6700892746448518 0.99926361441612255 1.6713425517082217 0.97727271914482128 0.25634199380874639 -1.6815741658210752 -58.499999999999993 0.97918635606765758 82.500000000000014 -5.6912610530853263 0.83787915110588085 -2.6209541559219356 4.8703753948211679 0.55902779102325451
decision_type=2 2 2 2 2 2 2 2 2 2 2 2 2 2
left_child=5 6 3 4 8 -1 -2 9 -3 -8 -5 -11 -12 -6
right_child=1 2 -4 10 13 -7 7 -9 -10 11 12 -13 -14 -15
leaf_value=-0.0092313153331006811 0 0 0.0051679967839171224 0 0 0 0 0 -0.00468437787000323 0 -0.010730154746790389 0.0088619167408786701 0 0.0039098408709358056
leaf_weight=9.489391975704164 2.1282256017275385 1.6921048098920461 6.8052157690835875 1.42049286537076 2.306735181038678 3.5601840370509299 0.73415630409727484 10.065676066920785 15.758731921774595 1.1857009639989069 4.1743177865355392 16.616061055776292 0.84713583158372774 16.335465582695178
leaf_count=37030 1003 1897 1235 755 1188 3163 21 1588 14550 461 273 3299 270 10066
internal_value=0 0.00157808 -0.000301159 -0.00238847 0 -0.00685319 0.00488661 0.00590111 -0.00333427 0.00769481 -0.00843945 0.00824964 -0.00968963 0.00298943
internal_weight=93.1196 80.07 49.3402 42.535 36.093 13.0496 30.7298 28.6016 17.4508 18.5359 6.44195 17.8018 5.02145 18.6422
internal_count=76799 36606 30234 28999 27701 40193 6372 5369 16447 3781 1298 3760 543 11254
is_linear=0
shrinkage=0.02


Tree=260
num_leaves=15
num_cat=0
split_feature=53 55 64 41 25 25 57 51 49 33 30 47 29 55
split_gain=2.83297 1.68764 1.02359 0.85592 0.615635 0.558635 1.06671 0.7173 0.850205 0.710589 0.803491 0.484938 0.506704 0.35753
threshold=2.6989655494689946 0.47213622927665716 1.0000000180025095e-35 0.94097220897674572 0.94097220897674572 0.64087301492691051 -2.3653008937835689 0.18024579435586932 302.50000000000006 0.23749999701976779 0.97431764006614696 273.50000000000006 0.53348213434219371 0.89181286096572887
decision_type=2 2 2 2 2 2 2 2 2 2 2 2 2 2
left_child=1 -1 4 5 13 -3 -7 8 9 -8 -11 12 -5 -2
right_child=2 3 -4 11 -6 6 7 -9 -10 10 -12 -13 -14 -15
leaf_value=-0.0079823171094262416 0 0.00024007699040848993 0 0 0 0 0 0 0 0 -0.01016129506859266 0 0.0069117854251767342 0.0082744022529835769
leaf_weight=8.0851532043889147 1.1476221944558442 18.823110617882776 0.9760300099660516 0.61875048532965493 0.8092253252179934 16.279869076688556 0.88670829470721102 2.562357702638109 4.6498679806245482 1.2056516881420947 12.399839333109412 1.4076827414937723 5.9204586561063479 17.037543795386227
leaf_count=34806 2328 11411 1129 245 241 14561 254 581 1286 312 4335 539 1016 3755
internal_value=0 -0.00189313 0.00560415 -1.02003e-05 0.00695246 -0.00138154 -0.00276434 -0.00518077 -0.00635976 -0.00806354 -0.00903399 0.00384164 0.00553349 0.00772447
internal_weight=92.8099 72.8394 19.9704 64.7543 18.9944 56.8074 37.9843 21.7044 19.1421 14.4922 13.6055 7.94689 6.53921 18.1852
internal_count=76799 69346 7453 34540 6324 32740 21329 6768 6187 4901 4647 1800 1261 6083
is_linear=0
shrinkage=0.02


Tree=261
num_leaves=15
num_cat=0
split_feature=55 53 56 48 23 47 39 51 11 47 50 57 11 50
split_gain=2.73514 1.74426 1.36743 1.84284 1.4028 1.10049 0.844271 0.687356 0.681091 0.886649 0.763101 0.785001 0.532134 0.495944
threshold=0.47213622927665716 4.6326708793640146 0.71008405089378368 0.73676425218582164 0.52638888359069835 296.50000000000006 0.55277779698371898 -0.04907680302858352 1.0000000180025095e-35 296.50000000000006 0.043354818597435958 1.0900107622146609 20.500000000000004 -0.042798645794391625
decision_type=2 2 2 2 2 2 2 2 2 2 2 2 2 2
left_child=-1 2 4 -4 -2 6 -6 -8 -5 10 11 -10 13 -9
right_child=1 -3 3 8 5 -7 7 12 9 -11 -12 -13 -14 -15
leaf_value=-0.0079082510557472157 -0.0015438184690169607 0.0073765027769961272 0.0018954076975858708 0 0 0 0 0 -0.0098520842435687334 0 0 0 0 0.011384963846972261
leaf_weight=8.0188816599911643 4.5770536737436514 8.6667867027390439 18.531861582050624 1.5743023654540582 2.4708658317122199 3.5806875898560966 0.64853976607810082 0.2967528303870467 14.371071135705284 7.4458455750354906 8.2800685670445073 1.1755690716672678 1.3062754179700267 11.222629263751514
leaf_count=34806 6673 3277 7824 145 3246 2558 746 330 6615 2711 1920 49 1458 4441
internal_value=0 0.00130308 0 -0.0017686 0.0034227 0.00581806 0.00763656 0.00904705 -0.0045585 -0.00536218 -0.00687044 -0.00883606 0.00991941 0.0108087
internal_weight=92.1672 84.1483 75.4815 51.3787 24.1028 19.5258 15.9451 13.4742 32.8469 31.2726 23.8267 15.5466 12.8257 11.5194
internal_count=76799 41993 38716 19264 19452 12779 10221 6975 11440 11295 8584 6664 6229 4771
is_linear=0
shrinkage=0.02


Tree=262
num_leaves=15
num_cat=0
split_feature=62 18 57 56 53 53 0 54 54 32 40 12 6 6
split_gain=2.70301 1.64068 1.54197 1.61194 1.30105 1.15445 0.795521 0.667457 0.698664 0.654868 0.467067 0.441168 0.41031 0.396899
threshold=0.6700892746448518 0.99926361441612255 1.6713425517082217 0.97727271914482128 -0.49503451585769648 -1.5711469650268552 -58.499999999999993 0.39209246635437017 0.99727407097816478 0.98885056376457225 0.38675214350223547 13.500000000000002 -5.6912610530853263 2.5091170072555546
decision_type=2 2 2 2 2 2 2 2 2 2 2 2 2 2
left_child=5 6 3 4 10 -1 -2 -5 -9 11 -3 12 -8 -14
right_child=1 2 -4 7 -6 -7 9 8 -10 -11 -12 -13 13 -15
leaf_value=-0.0090194898992815142 0 0 0.005048788144107863 0 0.0024380201399178815 0 0 -0.010927626255341048 0 0 -0.0055821559862475768 0 0.0083375640671906632 0
leaf_weight=9.4885142600896852 2.0818237467856333 2.135206444969298 6.680745622747053 0.60572152980603178 23.769813590368358 3.2658248389470819 0.72932902822504786 5.2625722131269868 0.51341557646992431 3.8612414432463984 9.8275347574299285 1.20559449533357 20.798024410567454 1.7066313871473529
leaf_count=37166 1003 1605 1235 9 14139 3027 21 253 1036 820 11957 146 4229 153
internal_value=0 0.00152959 -0.000300042 -0.00235801 0 -0.00667277 0.00477647 -0.00828196 -0.00963016 0.00575972 -0.00421894 0.00675132 0.00729621 0.00775327
internal_weight=91.932 79.1777 48.795 42.1143 35.7326 12.7543 30.3826 6.38171 5.77599 28.3008 11.9627 24.4396 23.234 22.5047
internal_count=76799 36606 30234 28999 27701 40193 6372 1298 1289 5369 13562 4549 4403 4382
is_linear=0
shrinkage=0.02


Tree=263
num_leaves=15
num_cat=0
split_feature=55 0 50 18 37 57 49 57 41 8 54 41 25 27
split_gain=2.61547 1.24687 1.33904 1.39226 1.30642 1.3376 1.39663 1.38729 0.916343 0.752373 0.612532 0.522837 0.55296 0.518218
threshold=0.47213622927665716 -20.499999999999996 0.047149864956736572 0.99678972363471996 0.55902779102325451 1.0002314448356631 308.50000000000006 -2.3926386833190914 0.81696429848670971 0.15476191043853763 0.99665832519531261 0.38194444775581365 0.94097220897674572 0.98750001192092907
decision_type=2 2 2 2 2 2 2 2 2 2 2 2 2 2
left_child=-1 -2 3 8 -5 6 7 -6 -3 -4 13 -11 -13 -9
right_child=1 2 9 4 5 -7 -8 10 -10 11 -12 12 -14 -15
leaf_value=-0.0077781963206000459 -0.0028814773909225924 0 0 0.0023005112330075532 0 0.0014206252227417285 0 -0.012920122878285777 0.0074823424823938457 0 0 0.0085794164049035459 0 0
leaf_weight=7.8637971793668831 11.298874587209864 11.070682385314287 1.8714176489575063 7.6217860084107079 7.4511242037697256 2.6456872501148601 5.8768185549815817 8.9604463958530705 7.0357455942739753 1.8281490960871476 0.3905259557868711 16.919383500693588 0.55884024151600797 0.44592897428083311
leaf_count=34806 9605 5207 1076 3899 8502 241 2508 3499 849 532 431 5202 209 233
internal_value=0 0.00127082 0.00248933 0 -0.00184599 -0.00421724 -0.00603834 -0.00826666 0.00408648 0.00604405 -0.0114756 0.00711123 0.00793032 -0.0122376
internal_weight=91.8392 83.9754 72.6765 51.4987 33.3923 25.7705 23.1248 17.248 18.1064 21.1778 9.7969 19.3064 17.4782 9.40638
internal_count=76799 41993 32388 25369 19313 15414 15173 12665 6056 7019 4163 5943 5411 3732
is_linear=0
shrinkage=0.02


Tree=264
num_leaves=15
num_cat=0
split_feature=53 41 54 18 64 50 35 7 30 57 62 25 39 25
split_gain=2.63151 1.92292 1.16347 1.05154 1.02041 0.992017 0.79255 0.7824 1.0044 0.723822 0.641416 0.598821 0.566012 0.525116
threshold=2.6989655494689946 0.73750001192092907 0.036072717979550369 0.99718704819679271 1.0000000180025095e-35 0.047149864956736572 0.69097220897674572 -1.4948534965515134 0.9967506229877473 1.1973950862884524 0.67738094925880443 0.94097220897674572 0.34687499701976782 0.88194444775581371
decision_type=2 2 2 2 2 2 2 2 2 2 2 2 2 2
left_child=1 2 9 6 11 -5 -3 -4 -9 -1 -8 -2 -10 -14
right_child=4 3 7 5 -6 -7 10 8 12 -11 -12 -13 13 -15
leaf_value=-0.0097110145441823611 0.0076118003660713262 0 0.0014085948010963097 -0.0041169823966699928 -3.1584741795042561e-05 0.0025946836546937324 0 0.00012945321489576554 0 0 0.008044528761757817 0 -0.008240413956685599 0
leaf_weight=11.158576197244653 17.779858698508185 2.136519010780833 12.915929624050479 12.443819934670502 0.97758310528115444 5.0963439259066936 0.93749854288125689 5.2446317496251149 1.5930526318006748 0.32399549707770425 9.0082062413566728 0.79143252418361854 9.6662858943018346 1.5581709729522106
leaf_count=42421 6083 701 7744 10796 1129 1667 922 1054 347 27 887 241 2267 513
internal_value=0 -0.00182901 -0.0044462 0.00123607 0.0054482 -0.000760536 0.00492247 -0.000730495 -0.00342334 -0.00877415 0.00678187 0.00683953 -0.00592311 -0.00711148
internal_weight=91.6319 72.083 42.4606 29.6224 19.5489 17.5402 12.0822 30.9781 18.0621 11.4826 9.9457 18.5713 12.8175 11.2245
internal_count=76799 69346 54373 14973 7453 12463 2510 11925 4181 42448 1809 6324 3127 2780
is_linear=0
shrinkage=0.02


Tree=265
num_leaves=15
num_cat=0
split_feature=58 32 0 61 64 35 43 32 25 7 57 37 58 57
split_gain=2.53704 1.2571 1.45385 1.64601 1.46233 0.721 0.792769 0.664062 0.655438 0.609871 0.639163 0.518227 0.560336 0.371811
threshold=0.050169449299573905 0.99291408061981212 -20.499999999999996 0.82043650746345531 1.0000000180025095e-35 0.94097220897674572 0.18303571641445163 0.99923896789550792 0.94097220897674572 4.62760353088379 -2.8075568675994869 0.55902779102325451 0.068893954157829299 2.0066758394241337
decision_type=2 2 2 2 2 2 2 2 2 2 2 2 2 2
left_child=7 2 -2 -4 5 6 -5 -1 -8 10 -3 -12 -13 -14
right_child=1 9 3 4 -6 -7 8 -9 -10 -11 11 12 13 -15
leaf_value=-0.0081266643275353483 -0.0019696215861131172 0 0 0 -0.00042229657834695416 0 0.0095806565258514734 0 0 0.00070354866209862464 0 0 -0.008759669149597726 0
leaf_weight=9.7809519689017144 8.351605551294595 3.3785570529526021 16.43771934508186 4.1599793615841909 2.7153128824957085 3.2091191852159673 27.889959667352745 0.98041129147895922 1.1228268982049474 1.9106306919302358 1.5727073514699448 0.44945004462169791 8.3668555881558824 0.35782836187354483
leaf_count=33939 6475 3983 17832 778 1867 524 4795 1090 231 566 630 78 3943 68
internal_value=0 0.00140743 0.00283876 0.00418114 0.0061643 0.00733624 0.00808076 -0.00688781 0.00903588 -0.00212246 -0.00403127 -0.00580958 -0.0070604 -0.00809492
internal_weight=90.6839 79.9226 63.8865 55.5349 39.0972 36.3819 33.1728 10.7614 29.0128 16.036 14.1254 10.7468 9.17413 8.72468
internal_count=76799 41770 32502 26027 8195 6328 5804 35029 5026 9268 8702 4719 4089 4011
is_linear=0
shrinkage=0.02


Tree=266
num_leaves=15
num_cat=0
split_feature=58 53 56 48 23 45 41 11 60 49 11 27 23 55
split_gain=2.48386 1.4884 1.26292 1.58442 1.36936 1.2836 0.795569 0.765525 0.599351 0.736115 0.778925 0.916434 0.53217 0.52854
threshold=0.050169449299573905 4.6326708793640146 0.71008405089378368 0.73676425218582164 0.52638888359069835 267.50000000000006 0.86805555224418651 1.0000000180025095e-35 0.88194444775581371 295.50000000000006 1.0000000180025095e-35 0.98750001192092907 0.13194444775581363 0.47213622927665716
decision_type=2 2 2 2 2 2 2 2 2 2 2 2 2 2
left_child=6 2 4 -4 -2 13 7 -1 -5 10 -10 12 -12 -6
right_child=1 -3 3 8 5 -7 -8 -9 9 -11 11 -13 -14 -15
leaf_value=0 -0.0014317457978416982 0.0070528883158128535 0.0017540456317271691 0 0 0 0 -0.0095042368703051969 0 0 0 0 -0.011087230378247295 0.0089805757050636214
leaf_weight=0.56795945800695236 4.5769665679090421 8.3601270970102615 17.240908166647387 13.718314186020509 0.75031820884669542 4.9945589940789423 1.0712589081858812 9.0442042573868076 0.89891858120973012 4.4862126121988686 0.30050779507291459 0.88610533674909753 10.369964514624369 12.878171242908136
leaf_count=38 6431 3277 6974 7297 2385 4643 653 34338 63 843 9 200 2180 7468
internal_value=0 0.00139685 0 -0.0016576 0.00342527 0.00585483 -0.00682972 -0.00829514 -0.00434209 -0.00629843 -0.00799701 -0.00915644 -0.0104302 0.00821392
internal_weight=90.1445 79.4611 71.1009 47.9009 23.2 18.623 10.6834 9.61216 30.66 16.9417 12.4555 11.5566 10.6705 13.6285
internal_count=76799 41770 38493 17566 20927 14496 35029 34376 10592 3295 2452 2389 2189 9853
is_linear=0
shrinkage=0.02


Tree=267
num_leaves=15
num_cat=0
split_feature=53 41 54 64 20 26 57 7 30 45 28 25 25 33
split_gain=2.45408 1.73446 1.02611 1.00084 0.831812 0.829453 0.717577 0.685231 0.951069 0.641134 0.625562 0.764834 0.582519 0.52529
threshold=2.6989655494689946 0.73750001192092907 0.038422191515564925 1.0000000180025095e-35 0.99689921736717235 0.99602386355400097 1.1973950862884524 -1.4948534965515134 0.9967506229877473 272.50000000000006 0.97225719690322887 0.84687501192092907 0.94097220897674572 0.48749999701976782
decision_type=2 2 2 2 2 2 2 2 2 2 2 2 2 2
left_child=1 2 6 12 9 -6 -1 -4 -9 10 -3 13 -2 -12
right_child=3 4 7 -5 5 -7 -8 8 -10 -11 11 -13 -14 -15
leaf_value=-0.0093763587327588757 0.0074691316778413034 0 0.0012742131111097357 -6.3568905933215623e-05 -0.0042738152475002913 0.0017018679512155633 0 0.0001373754628965542 -0.0057299420049020944 0 0 0 0 0.010156046831062297
leaf_weight=10.956552950886358 17.494353512907772 1.231611953106041 12.564775708604431 0.98353271957966981 9.1448862253537317 8.1892159210055961 0.33624160028557604 5.1677901663715611 12.471107586065045 2.5537950472935327 0.60364156834020821 0.7672477744763454 0.78108858529958425 6.501707219792479
leaf_count=42609 6083 1101 7610 1129 6673 4341 27 1047 3080 725 396 494 241 1243
internal_value=0 -0.00179063 -0.004303 0.00528404 0.00110932 -0.000540403 -0.00840293 -0.000671091 -0.00324271 0.00445262 0.00623654 0.00767723 0.00669665 0.00915614
internal_weight=89.7475 70.4886 41.4965 19.259 28.9921 17.3341 11.2928 30.2037 17.6389 11.658 9.10421 7.8726 18.2754 7.10535
internal_count=76799 69346 54373 7453 14973 11014 42636 11737 4127 3959 3234 2133 6324 1639
is_linear=0
shrinkage=0.02


Tree=268
num_leaves=15
num_cat=0
split_feature=62 0 32 58 64 53 39 25 50 49 57 43 22 61
split_gain=2.394 1.40903 1.16189 1.33458 1.22066 1.08243 0.652731 0.682506 0.447182 0.40895 0.367571 0.416458 0.331222 0.349204
threshold=0.6700892746448518 -20.499999999999996 0.99291408061981212 0.050169449299573905 1.0000000180025095e-35 -1.5711469650268552 0.97048610448837291 0.93303570151329052 0.044502923265099532 316.50000000000006 -3.2474429607391353 0.18303571641445163 0.46632769703865057 0.77991071343421947
decision_type=2 2 2 2 2 2 2 2 2 2 2 2 2 2
left_child=5 12 3 -3 6 -1 7 10 9 -4 -5 -12 -2 -14
right_child=1 2 8 4 -6 -7 -8 -9 -10 -11 11 -13 13 -15
leaf_value=-0.0086962652400246147 0 -0.0016257135235285265 -0.0050451368356028295 0 -0.00029526110465879092 0 0 0 0.00093705178894878006 0 0 0.0081116397708057859 0 -0.0060070324194217428
leaf_weight=9.0271254867348016 1.9536483576284798 3.2250268206244064 6.3768614640448487 1.8571600851719186 3.4349564493104472 3.198956612883193 1.3578943309712475 2.2854477240089173 4.3924555598568977 2.8279148265828553 4.0080585307177961 36.708778460946633 3.3673936415925692 5.1079012870141014
leaf_count=37166 833 5529 3524 1974 2813 3027 403 777 1544 785 1517 9075 4810 3022
internal_value=0 0.00145867 0.00280329 0.00415578 0.00521533 -0.00636569 0.00617358 0.00664422 -0.000624675 -0.00330408 0.00718942 0.0075353 -0.00307439 -0.00438252
internal_weight=89.1296 76.9035 66.4746 52.8773 49.6523 12.2261 46.2173 44.8594 13.5972 9.20478 42.574 40.7168 10.4289 8.47529
internal_count=76799 36606 27941 22088 16559 40193 13746 13343 5853 4309 12566 10592 8665 7832
is_linear=0
shrinkage=0.02


Tree=269
num_leaves=15
num_cat=0
split_feature=62 0 32 58 53 25 39 5 6 53 22 61 57 53
split_gain=2.31852 1.40454 1.10049 1.14873 1.07359 0.600154 0.600786 0.393726 0.396534 0.344573 0.334265 0.351518 0.323398 0.199911
threshold=0.6700892746448518 -20.499999999999996 0.99291408061981212 0.050169449299573905 -1.6815741658210752 0.93303570151329052 0.96651786565780651 -2.5297646522521968 2.4773490428924565 0.25634199380874639 0.46632769703865057 0.77991071343421947 -3.2474429607391353 -5.7451722621917716
decision_type=2 2 2 2 2 2 2 2 2 2 2 2 2 2
left_child=4 10 3 -3 -1 6 7 -5 12 -4 -2 -12 -9 -14
right_child=1 2 9 5 -6 -7 -8 8 -10 -11 11 -13 13 -15
leaf_value=-0.00868234725132375 0 -0.0011463696854502204 -0.0036055013978901667 0 0 0 0 0 0 0 0 -0.00603792430225541 0 0.0073108866402767057
leaf_weight=8.7108654367411855 1.9501933742758399 3.1425540638565499 4.0361435312534004 0.86336829351057431 3.4094342926837262 2.7217725739446896 2.0974656047228555 1.8425427218444301 2.9355827150429823 9.4889056854044593 3.3491562711287752 5.0936535140572232 0.23067686283865541 38.917984341825118
leaf_count=37030 833 5529 2674 47 3163 1005 1036 1954 672 3179 4810 3022 760 11085
internal_value=0 0.00143589 0.00278352 0.00409567 -0.00628344 0.00505837 0.00559771 0.00610274 0.00640058 -0.000524049 -0.00309473 -0.00440965 0.00683947 0.00717281
internal_weight=88.7903 76.67 66.277 52.7519 12.1203 49.6094 46.8876 44.7902 43.9268 13.525 10.393 8.44281 40.9912 39.1487
internal_count=76799 36606 27941 22088 40193 16559 15554 14518 14471 5853 8665 7832 13799 11845
is_linear=0
shrinkage=0.02


Tree=270
num_leaves=15
num_cat=0
split_feature=53 41 58 64 50 19 60 0 50 25 28 7 47 52
split_gain=2.29379 1.6176 1.46805 0.97987 0.862081 0.935577 0.878434 0.679092 0.643638 0.56644 0.524833 0.404202 0.435749 0.305789
threshold=2.6989655494689946 0.60357144474983226 0.7583969533443452 1.0000000180025095e-35 0.047149864956736572 0.059027777984738357 0.88194444775581371 -4.4999999999999991 0.0021907860646024351 0.94097220897674572 0.99441862106323253 1.9183728098869326 379.50000000000006 -0.21080650389194486
decision_type=2 2 2 2 2 2 2 2 2 2 2 2 2 2
left_child=1 2 7 9 5 10 -6 11 -7 -2 -3 12 13 -1
right_child=3 4 -4 -5 6 8 -8 -9 -10 -11 -12 -13 -14 -15
leaf_value=0 0.0073290970521844561 0.0057690394489374854 0 -9.0717827392024501e-05 0.0071926666688042432 0 0 0 -0.0056655669019848569 0 0 0 0 -0.010232615321997074
leaf_weight=0.36091805681190159 17.258165656237914 2.9975333173260905 13.272914291002051 0.97530017631834098 6.2096463191419371 15.803279590527383 3.3830554879496049 1.0043681092502108 9.4625264859114377 0.77824925533059186 1.0660418768175075 1.3432287530822566 0.62499009565726815 13.919415360260244
leaf_count=1925 6083 412 10527 1129 2214 12858 975 1283 6487 241 508 685 417 31055
internal_value=0 -0.00174555 -0.00482394 0.00513014 0.000382796 -0.000733417 0.00447325 -0.00776003 -0.00289794 0.00655714 0.00333163 -0.00863155 -0.00929801 -0.00985813
internal_weight=88.4596 69.4479 30.5258 19.0117 38.9221 29.3294 9.5927 17.2529 25.2658 18.0364 4.06358 16.2486 14.9053 14.2803
internal_count=76799 69346 45892 7453 23454 20265 3189 35365 19345 6324 920 34082 33397 32980
is_linear=0
shrinkage=0.02


Tree=271
num_leaves=15
num_cat=0
split_feature=53 35 56 46 64 54 31 47 44 28 39 25 40 47
split_gain=2.17169 1.31718 1.47749 1.22045 0.960226 0.836944 0.627916 0.762192 0.689519 0.812742 0.556749 0.553124 0.502603 0.56702
threshold=2.6989655494689946 0.67678570747375499 0.82843136787414562 0.46569511294364935 1.0000000180025095e-35 0.71301564574241649 0.72361111640930187 302.50000000000006 0.99478489160537731 0.98296147584915172 0.92083334922790538 0.94097220897674572 0.97499999403953563 319.50000000000006
decision_type=2 2 2 2 2 2 2 2 2 2 2 2 2 2
left_child=1 3 6 -1 11 -5 7 8 9 -3 -11 -2 13 -4
right_child=4 2 12 5 -6 -7 -8 -9 -10 10 -12 -13 -14 -15
leaf_value=0 0.0072076712498800625 0 -0.0066040764670805838 -0.0083576091705048761 -0.00010098887118245913 0 0 0 0 0.0096890134181955058 0 0 0 0
leaf_weight=8.1751045480250486 17.131019668189772 4.9599285187932898 8.449279559041317 15.478912380785006 0.9770047694164522 2.8428347262561138 2.5376433590117804 3.7936326064045707 2.1891085166034818 11.371823571977071 0.60699316068439735 0.77339813219077669 6.8979073984555717 1.862600959422706
leaf_count=10635 6083 3729 2870 33428 1129 1407 2037 2913 2157 6532 761 241 2413 464
internal_value=0 -0.00170076 0 -0.00472294 0.00500512 -0.00698475 0.00326039 0.00446384 0.00587262 0.00701162 0.00889609 0.00643842 -0.00318736 -0.00508135
internal_weight=88.0472 69.1658 42.6689 26.4969 18.8814 18.3217 25.4591 22.9215 19.1279 16.9387 11.9788 17.9044 17.2098 10.3119
internal_count=76799 69346 23876 45470 7453 34835 18129 16092 13179 11022 7293 6324 5747 3334
is_linear=0
shrinkage=0.02


Tree=272
num_leaves=15
num_cat=0
split_feature=58 53 8 1 62 32 17 41 11 11 41 56 25 5
split_gain=2.20324 1.31729 1.4712 1.51555 1.27026 0.767659 0.961638 0.744089 0.735362 0.430202 0.431571 0.435203 0.369047 0.361229
threshold=0.050169449299573905 4.6326708793640146 0.75000000000000011 3.5000000000000004 0.6700892746448518 0.99237224459648143 20.500000000000004 0.86805555224418651 1.0000000180025095e-35 1.0000000180025095e-35 0.41145832836627966 0.59545454382896434 0.89642855525016796 -2.5297646522521968
decision_type=2 2 2 2 2 2 2 2 2 2 2 2 2 2
left_child=7 2 4 -4 -2 6 12 8 -1 -5 -11 -12 13 -6
right_child=1 -3 3 9 5 -7 -8 -9 -10 10 11 -13 -14 -15
leaf_value=0 -0.00300745813524889 0.0067088629318388651 0.0015869155699887742 0 0 0 0 0 -0.0092054728990800215 0 0 -0.009326004956696993 0 0.0066058623391567544
leaf_weight=0.56124424873269063 6.1475835633491434 8.0270765831392037 2.7910065542118927 1.0319538199291844 0.59927578270435944 9.0239426068101221 6.1405479677559915 1.0441662596922459 8.6198965185121761 1.8207284406526003 0.45049445415861455 10.203973383348055 2.2477365976201318 28.876182742615129
leaf_count=38 12883 3277 762 59 35 6135 4744 653 34338 90 153 937 1454 11241
internal_value=0 0.00133094 0 -0.0041225 0.00179079 0.00328557 0.00445091 -0.00651825 -0.00797642 -0.00690413 -0.00768301 -0.00865416 0.00573459 0.00624173
internal_weight=87.5858 77.3605 69.3334 16.2982 53.0353 46.8877 37.8637 10.2253 9.18114 13.5072 12.4752 10.6545 31.7232 29.4755
internal_count=76799 41770 38493 2001 36492 23609 17474 35029 34376 1239 1180 1090 12730 11276
is_linear=0
shrinkage=0.02


Tree=273
num_leaves=15
num_cat=0
split_feature=58 53 56 37 50 27 52 24 57 52 46 33 57 41
split_gain=2.15745 1.35279 1.32474 2.09165 1.41262 0.968966 0.598416 0.573716 0.499065 0.451617 0.366897 0.382858 0.361455 0.348395
threshold=0.020376218482851986 4.6326708793640146 0.82843136787414562 0.63194444775581371 0.010353213641792538 0.52638888359069835 -0.015812711790204045 0.98347866535186779 2.0066758394241337 0.38745248317718511 0.99625816941261303 0.36805555224418646 1.3376275897026064 0.97048610448837291
decision_type=2 2 2 2 2 2 2 2 2 2 2 2 2 2
left_child=13 2 4 6 -2 -6 -4 -5 9 -9 11 -7 -8 -1
right_child=1 -3 3 7 5 10 12 8 -10 -11 -12 -13 -14 -15
leaf_value=-0.0078788005489579364 -8.1010835488826806e-06 0.0066594775285625431 0.0047391105211794099 0 0 0 -0.0029969192242423545 -0.008462216724673793 0 0 0 0.0090469442221762092 0.0014893723814011 0
leaf_weight=7.1673155900016345 19.084096638724077 7.9725664531433713 6.2381361496481977 3.9516519605695093 2.3232986414668622 1.0365452399792019 6.6865758142703253 15.861018036475802 0.9309112753107901 0.73348326269479081 0.61113116666638312 11.740341390524916 2.762601053713297 0.26829184787493421
leaf_count=32667 20254 3277 927 1008 2369 810 2504 5624 36 117 362 6514 236 94
internal_value=0 0.00118899 0 -0.00237249 0.00259434 0.00610457 0.00159823 -0.00600621 -0.0071585 -0.00785663 0.00777965 0.00835547 0 -0.00716017
internal_weight=87.368 79.9324 71.9598 37.1644 34.7954 15.7113 15.6873 21.4771 17.5254 16.5945 13.388 12.7769 9.44918 7.43561
internal_count=76799 44038 40761 10452 30309 10055 3667 6785 5777 5741 7686 7324 2740 32761
is_linear=0
shrinkage=0.02


Tree=274
num_leaves=15
num_cat=0
split_feature=58 0 53 12 64 25 6 18 23 45 0 56 42 41
split_gain=2.13974 1.40586 1.133 1.6486 0.827687 0.570199 0.570305 0.471221 0.934338 0.928636 0.857408 0.705691 0.364141 0.34685
threshold=0.020376218482851986 -20.499999999999996 0.96825629472732555 11.500000000000002 1.0000000180025095e-35 0.94097220897674572 -5.6912610530853263 0.9967266619205476 0.55277779698371898 82.500000000000014 -19.499999999999996 0.83771929144859325 0.93095237016677868 0.97048610448837291
decision_type=2 2 2 2 2 2 2 2 2 2 2 2 2 2
left_child=13 -2 7 4 5 6 -4 8 -3 -9 -11 12 -10 -1
right_child=1 2 3 -5 -6 -7 -8 9 11 10 -12 -13 -14 -15
leaf_value=-0.0078630340025210351 -0.0033726032295859358 -0.00066964328085064844 0 0 0 0 0.0095609895726415182 0.0028740862990419224 0 0 -0.0054906570541975921 0 0.0082470593780641782 0
leaf_weight=7.1210297339403033 10.59675597530804 5.3811929274725108 0.80334555648733186 11.403531005646071 0.53899746542447147 0.73449022239947126 19.076037670512967 1.647867531566592 0.82028315519255368 4.2186829917427522 16.933356213305164 1.4306899029361373 6.3216803603745575 0.26686415465883317
leaf_count=32667 9350 5189 23 3939 1015 239 5550 562 289 2260 14137 330 1155 94
internal_value=0 0.00118274 0.00251782 0.0048669 0.00753025 0.0083547 0.00895509 0 0.00229064 -0.00162348 -0.00366703 0.00554103 0.00733276 -0.00714407
internal_weight=87.2948 79.9069 69.3102 32.5564 21.1529 20.6139 19.8794 36.7538 13.9538 22.7999 21.152 8.57265 7.14196 7.38789
internal_count=76799 44038 34688 10766 6827 5812 5573 23922 6963 16959 16397 1774 1444 32761
is_linear=0
shrinkage=0.02


Tree=275
num_leaves=15
num_cat=0
split_feature=55 0 50 18 57 37 49 57 11 20 61 51 54 32
split_gain=2.05963 1.47297 1.42151 1.1673 1.1449 1.26405 1.19677 1.02965 0.922869 0.777121 0.766522 0.651256 0.585794 0.577175
threshold=0.47213622927665716 -20.499999999999996 0.047149864956736572 0.99678972363471996 1.0002314448356631 0.55902779102325451 308.50000000000006 -2.9523690938949581 1.0000000180025095e-35 0.9681265950202943 0.79665178060531627 0.070747110992670073 0.99665832519531261 0.98885056376457225
decision_type=2 2 2 2 2 2 2 2 2 2 2 2 2 2
left_child=-1 -2 3 9 5 -5 7 -7 -9 -3 -4 13 -10 -11
right_child=1 2 10 4 -6 6 -8 8 12 11 -12 -13 -14 -15
leaf_value=-0.007086340150360586 -0.0034728061769437402 0 0 0.00070683797291162343 0.0028303676541802853 0 0 0 -0.011721979246112832 0.0081292915409245138 0.0074074682557606422 0 0 0
leaf_weight=7.1130174570589579 10.962923635241166 5.1544291893787912 2.3937882889058555 5.6138643114991345 4.1165712038055053 4.0459288424372124 5.732423493594978 0.55568638405020365 11.077675616690609 10.363020250842959 17.838660678387896 0.76547284272965121 0.39261371999236949 0.84621188771234379
leaf_count=34806 9605 4380 1928 3701 439 5698 2508 65 6297 1222 5091 182 605 272
internal_value=0 0.0011514 0.00253492 0 -0.00177713 -0.00377548 -0.00586236 -0.00797839 -0.00994174 0.00378249 0.00622803 0.00588013 -0.0110362 0.00709475
internal_weight=86.9723 79.8593 68.8963 48.6639 31.5348 27.4182 21.8043 16.0719 12.026 17.1291 20.2324 11.9747 11.4703 11.2092
internal_count=76799 41993 32388 25369 19313 18874 15173 12665 6967 6056 7019 1676 6902 1494
is_linear=0
shrinkage=0.02


Tree=276
num_leaves=15
num_cat=0
split_feature=58 0 50 61 48 18 47 34 11 29 62 25 41 46
split_gain=2.103 1.54332 1.51453 0.883488 0.794107 1.01135 1.10295 0.990046 0.825297 0.951171 0.558461 0.482219 0.487288 0.414675
threshold=0.020376218482851986 -20.499999999999996 0.047149864956736572 0.74791666865348827 0.73676425218582164 0.99639636278152477 284.50000000000006 0.60578918457031261 1.0000000180025095e-35 0.90312498807907116 0.96130952239036571 0.94097220897674572 0.38194444775581365 0.99700149893760692
decision_type=2 2 2 2 2 2 2 2 2 2 2 2 2 2
left_child=-1 -2 4 -4 7 -6 8 10 -7 -10 -3 12 -5 -14
right_child=1 2 3 11 5 6 -8 -9 9 -11 -12 -13 13 -15
leaf_value=-0.0071018962968911383 -0.003627923360555757 -0.0041929254773572225 0 0 0.0018785880166704656 0 0 0.0058985486051905747 -0.0094818803689722102 0 0.0016767897831176371 0 0.0095057840739263474 0
leaf_weight=7.3078715354213264 10.624492407928299 4.1064416876051864 1.7586316173274124 1.57836477256206 8.1122765794816605 0.99022667969620926 8.690020453669602 11.25700014520771 10.589699007407033 2.3369125161043476 3.0035073294275207 0.53381776910828094 15.330652832097254 0.45026097917798402
leaf_count=32761 9350 6400 2072 288 1870 97 4548 5276 7872 1154 647 167 4227 70
internal_value=0 0.00117659 0.00258198 0.00645567 0 -0.00144215 -0.00380946 0.00307073 -0.00645237 -0.0077633 0 0.00766919 0.00824766 0.00901626
internal_weight=86.6702 79.3623 68.7378 19.6517 49.0861 30.7191 22.6069 18.3669 13.9168 12.9266 7.10995 17.8931 17.3593 15.7809
internal_count=76799 44038 34688 6824 27864 15541 13671 12323 9123 9026 7047 4752 4585 4297
is_linear=0
shrinkage=0.02


Tree=277
num_leaves=15
num_cat=0
split_feature=62 0 53 53 1 18 54 11 29 6 61 48 31 50
split_gain=1.92405 1.79041 1.10254 0.860453 1.42139 1.26595 0.712999 0.571856 0.528598 0.490005 0.483986 0.360125 0.437683 0.266797
threshold=0.6700892746448518 -20.499999999999996 -1.5711469650268552 0.96825629472732555 11.500000000000002 0.9967266619205476 0.079604841768741622 16.500000000000004 0.52638888359069835 -5.6912610530853263 0.85565477609634411 0.98805376887321483 0.19097222387790683 0.2532337754964829
decision_type=2 2 2 2 2 2 2 2 2 2 2 2 2 2
left_child=2 10 -1 5 9 6 8 11 -3 -5 -2 12 -7 -11
right_child=1 3 -4 4 -6 7 -8 -9 -10 13 -12 -13 -14 -15
leaf_value=-0.0083064754709537246 0 0 0 0 0 0 0 0 0.0083437997373100176 0.009315590701550993 -0.0062674366823811823 0 -0.0061702967510974659 0
leaf_weight=8.4821002607550309 5.7844231238605044 0.90286663935785139 3.1150056115020552 0.7969819979043703 15.417769011399285 0.42590536746411345 4.944248573781806 5.474276408314835 5.2434339923402149 13.848785362080891 4.6690196107410884 4.1525721841435361 11.346804458326913 1.8976485679650057
leaf_count=37166 7236 1360 3027 23 4504 229 813 3586 531 5220 1429 1446 9576 653
internal_value=0 0.00131862 -0.00580742 0.00288281 0.00490661 0 0.00443444 -0.00230314 0.00698242 0.00799937 -0.0038949 -0.00406802 -0.00528042 0.00865152
internal_weight=86.5018 74.9047 11.5971 64.4513 31.9612 32.4901 11.0905 21.3996 6.1463 16.5434 10.4534 15.9253 11.7727 15.7464
internal_count=76799 36606 40193 27941 10400 17541 2704 14837 1891 5896 8665 11251 9805 5873
is_linear=0
shrinkage=0.02


Tree=278
num_leaves=15
num_cat=0
split_feature=0 61 50 41 37 18 57 11 49 54 44 25 19 62
split_gain=1.96892 2.83318 1.57685 1.34203 0.766958 0.974834 1.18986 0.584053 0.629779 0.568597 0.493674 0.485161 0.504232 0.422079
threshold=-20.499999999999996 0.78958335518836986 0.043354818597435958 0.88194444775581371 0.55902779102325451 0.99926361441612255 1.0002314448356631 1.0000000180025095e-35 288.50000000000006 0.81527280807495128 0.44566416740417486 0.94097220897674572 0.56696429848670971 0.92678570747375499
decision_type=2 2 2 2 2 2 2 2 2 2 2 2 2 2
left_child=10 3 4 9 13 -6 7 -7 -9 -2 -1 12 -4 -3
right_child=1 2 11 -5 5 6 -8 8 -10 -11 -12 -13 -14 -15
leaf_value=0 -0.0070991331802644228 0 0.0093416001008923624 0.0010237893580746634 0.0017810364781497676 0 0.00075935351484467204 -0.0092275882385223738 0 0 -0.0068101437068671901 0 0 0.0057737361675128272
leaf_weight=2.2237857644458918 14.334711550317481 4.8556607864593371 15.817862074981354 5.6965503499013712 8.2077646281104517 0.53138371255772909 2.3524909108273269 8.6657866211808123 2.7708260183790108 1.5368100788746222 10.852081677747263 0.53447419385702133 2.0441873018626202 6.2242968816981374
leaf_count=1981 34783 2456 4877 3715 896 34 200 4962 1281 2365 17114 245 484 1406
internal_value=0 0.00139631 0.00404636 -0.00336913 0.000183734 -0.00110631 -0.0042097 -0.00668783 -0.0076608 -0.00608828 -0.00560398 0.00792602 0.00848398 0.00387879
internal_weight=86.6487 73.5728 52.0047 21.5681 33.6082 22.5283 14.3205 11.968 11.4366 15.8715 13.0759 18.3965 17.862 11.08
internal_count=76799 57704 16841 40863 11235 7373 6477 6277 6243 37148 19095 5606 5361 3862
is_linear=0
shrinkage=0.02


Tree=279
num_leaves=15
num_cat=0
split_feature=58 0 50 48 34 25 19 7 40 25 45 11 57 62
split_gain=1.98226 1.69041 1.51681 0.821273 1.05272 0.528523 0.533953 0.497485 0.485231 0.725631 0.796009 0.712778 0.513543 0.479362
threshold=0.020376218482851986 -20.499999999999996 0.071381300687789931 0.73676425218582164 0.60578918457031261 0.92083334922790538 0.56696429848670971 -2.2256580591201778 0.97499999403953563 0.86805555224418651 316.50000000000006 1.0000000180025095e-35 1.6713425517082217 0.96130952239036571
decision_type=2 2 2 2 2 2 2 2 2 2 2 2 2 2
left_child=-1 -2 3 4 13 6 7 -4 9 10 11 -5 -13 -3
right_child=1 2 5 8 -6 -7 -8 -9 -10 -11 -12 12 -14 -15
leaf_value=-0.0069316205264083868 -0.0039119386111283929 -0.0038870090494572914 0 0 0.00608845008135656 0 0 0.0094211589334923258 0 0 0 -0.009448081118387788 0 0.0014346062876399743
leaf_weight=7.1660316903771664 10.679336762671481 4.3162722595752738 0.45132889663818687 0.69644332344978721 11.746832323664419 0.63764824057216252 2.0100358119225357 12.690379055307853 17.123956747084776 2.9612090148548296 3.9102569565784497 8.1103844594954317 0.46206019516466845 3.0914074666688975
leaf_count=32761 9350 6556 187 55 5729 190 546 4010 9070 1133 1581 4876 62 693
internal_value=0 0.00114328 0.0026241 0.000123324 0.00323577 0.00702196 0.00776344 0.00876868 -0.00117479 -0.00328467 -0.00517263 -0.00726349 -0.00856893 0
internal_weight=86.0536 78.8876 68.2082 52.4188 19.1545 15.7894 15.1517 13.1417 33.2643 16.1404 13.1791 9.26889 8.57244 7.40768
internal_count=76799 44038 34688 29755 12978 4933 4743 4197 16777 7707 6574 4993 4938 7249
is_linear=0
shrinkage=0.02


Tree=280
num_leaves=15
num_cat=0
split_feature=55 0 50 18 57 37 49 57 20 7 52 54 23 37
split_gain=1.89398 1.42632 1.27157 1.02749 1.10003 1.20172 1.2183 1.00846 0.73395 0.719971 0.591067 0.51253 0.471649 0.450562
threshold=0.47213622927665716 -20.499999999999996 0.047149864956736572 0.99678972363471996 1.0002314448356631 0.55902779102325451 308.50000000000006 -2.3926386833190914 0.9681265950202943 -1.7799361944198606 0.057302882894873626 0.99665832519531261 0.98750001192092907 0.97048610448837291
decision_type=2 2 2 2 2 2 2 2 2 2 2 2 2 2
left_child=-1 -2 3 8 5 -5 7 -7 -3 -4 -10 12 -9 -11
right_child=1 2 9 4 -6 6 -8 11 10 13 -12 -13 -14 -15
leaf_value=-0.0068351926550815501 -0.0034374229685408581 0 0 0.00067583157368201444 0.00285464529774121 0 0 -0.012085160372140276 0.0068154031927125189 0.0077802964264661236 0 0 0 0
leaf_weight=6.9409762483219302 10.817557947233579 5.0681535419562378 2.1624832756497225 5.4660819041600979 4.053377396441646 6.7004584095157069 5.6325761144144044 8.1328187934686813 11.087134331410194 16.840050231108766 0.73557222838644598 0.35605950409626608 0.41725691216561323 0.97351592892482486
leaf_count=34806 9605 4380 1315 3701 439 8502 2508 3497 1508 5301 168 431 235 403
internal_value=0 0.00111524 0.00249962 0 -0.00163436 -0.00365714 -0.00572573 -0.00790625 0.00360296 0.0060116 0.00566337 -0.0106865 -0.0114017 0.00713407
internal_weight=85.3841 78.4431 67.6255 47.6495 30.7586 26.7053 21.2392 15.6066 16.8909 19.976 11.8227 8.90614 8.55008 17.8136
internal_count=76799 41993 32388 25369 19313 18874 15173 12665 6056 7019 1676 4163 3732 5704
is_linear=0
shrinkage=0.02


Tree=281
num_leaves=15
num_cat=0
split_feature=55 0 50 8 32 62 52 7 41 64 37 28 54 31
split_gain=1.84783 1.29364 1.19565 0.738668 0.67667 0.970786 1.13247 0.898612 0.57906 0.548558 0.53385 0.51199 0.406527 0.392749
threshold=0.47213622927665716 -20.499999999999996 0.047149864956736572 0.15476191043853763 0.99291408061981212 0.92678570747375499 0.0099842385388910788 -2.3843631744384761 0.38194444775581365 1.0000000180025095e-35 0.97048610448837291 0.9961758852005006 0.068685501813888564 0.70714285969734203
decision_type=2 2 2 2 2 2 2 2 2 2 2 2 2 2
left_child=-1 -2 4 -4 5 7 9 11 -5 -7 -10 12 -3 -9
right_child=1 2 3 8 -6 6 -8 13 10 -11 -12 -13 -14 -15
leaf_value=-0.0067615851557934785 -0.0032152392642751716 0.0065835394871266726 0 0 -0.0029867483683304759 0.0083587010488316588 0 -0.004349764281488715 0.008599388985650722 0 0 0 0 0
leaf_weight=6.899317821483236 10.666495258676148 4.645577602072076 1.7575145347582317 1.7564643659388846 9.7372068990025564 9.9188841446830303 3.2925399621090028 13.041661404802662 15.412330004224714 0.31538030784213411 0.93585748854093331 2.0115111895702285 0.77959704706881883 3.9299943514961333
leaf_count=34806 9605 1313 1076 532 5174 1691 865 12319 5024 91 387 1785 349 1782
internal_value=0 0.00110306 0.0024255 0.00584191 0 0.00164341 0.00498294 0 0.00694885 0.00747379 0.00786381 0.00308444 0.0052475 -0.00304385
internal_weight=85.1003 78.201 67.5345 19.8622 47.6724 37.9351 13.5268 24.4083 18.1047 10.2343 16.3482 7.43669 5.42517 16.9717
internal_count=76799 41993 32388 7019 25369 20195 2647 17548 5943 1782 5411 3447 1662 14101
is_linear=0
shrinkage=0.02


Tree=282
num_leaves=15
num_cat=0
split_feature=55 0 50 18 57 37 49 57 20 8 51 32 41 37
split_gain=1.82094 1.1789 1.11827 1.04293 1.1101 1.21724 1.23061 0.999718 0.742717 0.727661 0.616316 0.596658 0.5494 0.519737
threshold=0.47213622927665716 -20.499999999999996 0.047149864956736572 0.99678972363471996 1.0002314448356631 0.55902779102325451 308.50000000000006 -2.3926386833190914 0.9681265950202943 0.15476191043853763 0.070747110992670073 0.98885056376457225 0.38194444775581365 0.97048610448837291
decision_type=2 2 2 2 2 2 2 2 2 2 2 2 2 2
left_child=-1 -2 3 8 5 -5 7 -7 -3 -4 11 -10 -11 -14
right_child=1 2 9 4 -6 6 -8 -9 10 12 -12 -13 13 -15
leaf_value=-0.0067233711530518634 -0.0029986270370034279 0 0 0.00068185411100015608 0.0028492203377309087 0 0 -0.010733348304180068 0.0079708765817309585 0 0 0 0.0084234956772064381 0
leaf_weight=6.8503439273144968 10.547131204426476 5.0347278214530915 1.7666620512482065 5.4423710812025154 4.036771062472325 6.613432586264028 5.6056117559619443 8.9028018358694663 10.235452793156577 1.7513144221302379 0.75019688462998679 0.8560355984536735 15.297095772109969 0.93561431502530545
leaf_count=34806 9605 4380 1076 3701 439 8502 2508 4163 1222 532 182 272 5024 387
internal_value=0 0.00109845 0.00236754 0 -0.00166625 -0.00369735 -0.00578136 -0.0079754 0.00361936 0.00568111 0.00568926 0.00688016 0.00679759 0.00769087
internal_weight=84.6256 77.7752 67.2281 47.4774 30.601 26.5642 21.1218 15.5162 16.8764 19.7507 11.8417 11.0915 17.984 16.2327
internal_count=76799 41993 32388 25369 19313 18874 15173 12665 6056 7019 1676 1494 5943 5411
is_linear=0
shrinkage=0.02


Tree=283
num_leaves=15
num_cat=0
split_feature=55 0 50 18 37 49 0 20 8 51 29 54 41 37
split_gain=1.77633 1.09858 1.09426 1.05925 1.08721 0.914933 1.0134 0.747131 0.713337 0.614051 0.536019 0.555674 0.527436 0.512687
threshold=0.47213622927665716 -20.499999999999996 0.047149864956736572 0.99678972363471996 0.55902779102325451 302.50000000000006 -12.499999999999998 0.9681265950202943 0.15476191043853763 0.070747110992670073 0.92678570747375499 0.99665832519531261 0.38194444775581365 0.97048610448837291
decision_type=2 2 2 2 2 2 2 2 2 2 2 2 2 2
left_child=-1 -2 3 7 -5 6 -6 -3 -4 -9 11 -8 -10 -14
right_child=1 2 8 4 5 -7 10 9 12 -11 -12 -13 13 -15
leaf_value=-0.0066518953471945861 -0.0028565411949384102 0 0 0.0020203058745115253 0 0 -0.01016243248633383 0.0068681306616847513 0 0 0 0 0.0083169108595555191 0
leaf_weight=6.8083417814209488 10.443438740236159 5.0371666567298261 1.7775591734425713 6.9318988462928273 6.3455771805147423 6.2896196416095327 9.4193093411358824 11.199614524952263 1.7500790312733467 0.74816599484984259 1.2224803449680628 0.44882125557342156 15.201927697071369 0.93610478234040861
leaf_count=34806 9605 4380 1076 3899 5565 2785 5829 1494 532 182 622 613 5024 387
internal_value=0 0.00108377 0.00231037 0 -0.00170658 -0.00398403 -0.00591055 0.00361837 0.00559367 0.00568732 -0.0083424 -0.00934613 0.00670735 0.0075835
internal_weight=84.5601 77.7518 67.3083 47.6427 30.6577 23.7258 17.4362 16.9849 19.6657 11.9478 11.0906 9.86813 17.8881 16.138
internal_count=76799 41993 32388 25369 19313 15414 12629 6056 7019 1676 7064 6442 5943 5411
is_linear=0
shrinkage=0.02


Tree=284
num_leaves=15
num_cat=0
split_feature=55 53 56 37 42 47 51 62 35 57 52 28 52 57
split_gain=1.73182 1.14103 2.17005 2.31634 1.4393 1.03793 0.71516 0.722837 0.644027 0.589758 0.563243 0.51442 0.478532 0.45618
threshold=0.47213622927665716 4.6326708793640146 0.82843136787414562 0.63194444775581371 0.87083333730697643 302.50000000000006 -0.04907680302858352 0.86805555224418651 0.58854165673255932 2.0066758394241337 -0.015812711790204045 0.98385649919509899 0.38745248317718511 -3.2474429607391353
decision_type=2 2 2 2 2 2 2 2 2 2 2 2 2 2
left_child=-1 2 4 10 -2 6 -6 8 -8 11 -4 -5 -13 -10
right_child=1 -3 3 9 5 -7 7 -9 13 -11 -12 12 -14 -15
leaf_value=-0.0065798802192836492 -0.001201783360188925 0.0062308982765579158 0.0044747193097942894 0 0 0 0 0 0 0 -1.2823874366240766e-05 -0.0092834077691067527 0 0.010495777988826576
leaf_weight=6.7693981630645785 7.428315151591959 7.243668718427215 5.9631326939961573 4.1078779132694825 0.95410518302196834 4.3878131014698729 1.2218287526502631 3.14327651457097 1.5486738112322296 1.1280423325806612 9.5796284972184349 15.484794921912908 0.63797876663375142 15.157746559279976
leaf_count=34806 11030 3277 953 1271 1656 2993 1695 1294 2363 50 2887 5711 122 6691
internal_value=0 0.00106606 0 -0.00306501 0.00333993 0.00549923 0.00700834 0.00780876 0.00895903 -0.00678283 0.00123294 -0.00752169 -0.00869055 0.00976052
internal_weight=84.7563 77.9869 70.7432 36.9015 33.8418 26.4134 22.0256 21.0715 17.9282 21.3587 15.5428 20.2307 16.1228 16.7064
internal_count=76799 41993 38716 10994 27722 16692 13699 12043 10749 7154 3840 7104 5833 9054
is_linear=0
shrinkage=0.02


Tree=285
num_leaves=15
num_cat=0
split_feature=58 32 17 61 64 53 60 41 11 59 22 35 37 47
split_gain=1.73769 1.62983 1.18123 1.19329 1.27245 0.722378 0.761259 0.66694 0.642258 0.584476 0.532328 0.630675 0.457363 0.474371
threshold=0.050169449299573905 0.99291408061981212 20.500000000000004 0.82043650746345531 1.0000000180025095e-35 5.2272062301635751 0.58571431040763866 0.86805555224418651 1.0000000180025095e-35 0.28174604475498205 0.52913096547126781 0.94097220897674572 0.55902779102325451 469.50000000000006
decision_type=2 2 2 2 2 2 2 2 2 2 2 2 2 2
left_child=7 2 3 -2 10 6 -3 8 -1 -8 -5 -12 -11 -14
right_child=1 5 -4 4 -6 -7 9 -9 -10 12 11 -13 13 -15
leaf_value=0 0 0 -0.0013836411881852858 0 -0.00014905492714675913 0.0003988171144052022 0 0 -0.0086121557457522896 0 0.0086702076224597097 0 -0.0097301972691981528 0
leaf_weight=0.53006223716146994 15.938549007346408 3.2263356598432429 7.5082736534759524 5.0191406926478512 2.5087962423694981 1.8107593342356256 0.6561679681926752 0.98908765628129991 7.8732085582669242 1.3387017618661037 25.785577334259873 2.7914830716872521 7.7609530590480045 0.80918102890518628
leaf_count=38 17832 3991 6475 1113 1867 658 563 653 34338 551 4692 523 3339 166
internal_value=0 0.00118632 0.00292289 0.00414267 0.00588054 -0.0029671 -0.00483742 -0.00594551 -0.00741205 -0.00671079 0.00701785 0.00788565 -0.00778517 -0.00880737
internal_weight=84.5463 75.1539 59.5518 52.0435 36.105 15.6021 13.7913 9.39236 8.40327 10.565 33.5962 28.5771 9.90884 8.57013
internal_count=76799 41770 32502 26027 8195 9268 8610 35029 34376 4619 6328 5215 4056 3505
is_linear=0
shrinkage=0.02


Tree=286
num_leaves=15
num_cat=0
split_feature=58 32 17 61 64 53 57 41 11 43 35 37 58 25
split_gain=1.68827 1.47373 1.16607 1.21817 1.28057 0.676822 0.863117 0.659634 0.636427 0.584665 0.603734 0.557415 0.604725 0.533732
threshold=0.050169449299573905 0.99291408061981212 20.500000000000004 0.82043650746345531 1.0000000180025095e-35 5.2272062301635751 -2.8075568675994869 0.86805555224418651 1.0000000180025095e-35 0.18303571641445163 0.94097220897674572 0.55902779102325451 0.068893954157829299 0.94097220897674572
decision_type=2 2 2 2 2 2 2 2 2 2 2 2 2 2
left_child=7 2 3 -2 9 6 -3 8 -1 -5 13 -8 -13 -11
right_child=1 5 -4 4 -6 -7 11 -9 -10 10 -12 12 -14 -15
leaf_value=0 0 0 -0.001439709114126301 0 -0.00021728153830776305 0.00039322046900337743 0 0 -0.0085636788123106388 0.0089935138712504935 0 0 -0.0089213868321014536 0
leaf_weight=0.52878339933522145 15.778615648500816 3.0242406276402098 7.498231355571078 3.8891525990657092 2.5157955708509681 1.8086733734835423 1.5447453383367236 0.98783066591840984 7.750069467326739 25.829041369335762 2.7753921977837299 0.41445795403524144 8.7043429625000481 1.020127285421039
leaf_count=38 17832 3983 6475 781 1867 658 668 653 34338 4795 521 78 3881 231
internal_value=0 0.00117017 0.00283002 0.00405593 0.00581437 -0.00275265 -0.00461086 -0.00588462 -0.00735778 0.00696695 0.00775101 -0.00666677 -0.00790809 0.00849344
internal_weight=84.0695 74.8028 59.3064 51.8081 36.0295 15.4965 13.6878 9.26668 8.27885 33.5137 29.6246 10.6635 9.1188 26.8492
internal_count=76799 41770 32502 26027 8195 9268 8610 35029 34376 6328 5547 4627 3959 5026
is_linear=0
shrinkage=0.02


Tree=287
num_leaves=15
num_cat=0
split_feature=58 32 17 62 64 53 57 41 11 25 39 60 46 45
split_gain=1.64107 1.40048 1.13704 0.927949 1.13791 0.663679 0.910113 0.651771 0.629222 0.579802 0.488667 0.488644 0.397407 0.262321
threshold=0.050169449299573905 0.99291408061981212 20.500000000000004 0.6700892746448518 1.0000000180025095e-35 3.137619256973267 -2.8075568675994869 0.86805555224418651 1.0000000180025095e-35 0.93303570151329052 0.97048610448837291 0.58571431040763866 0.46569511294364935 468.50000000000006
decision_type=2 2 2 2 2 2 2 2 2 2 2 2 2 2
left_child=7 2 3 -2 9 6 -3 8 -1 10 -5 -8 -13 -14
right_child=1 5 -4 4 -6 -7 11 -9 -10 -11 -12 12 13 -15
leaf_value=0 -4.0525037130164621e-06 0 -0.001419635790876196 0.0068303116219650215 -0.00030434161896630889 0 0 0 -0.0084989260509266088 0 0 0 -0.0097568238221579784 0
leaf_weight=0.52733351126152772 5.1735120779585477 2.9480479750054647 7.4674496807474489 39.928863093446125 3.2148469788735374 3.5498421979282275 1.675024943412607 0.98600553322739948 7.6755583454964835 2.2350883146336846 1.0366467820313108 0.16500824814738724 6.0982978468282454 1.0074702195952339
leaf_count=38 9468 3743 6475 12566 2813 1391 1610 653 34338 811 369 147 2180 197
internal_value=0 0.00115531 0.00278117 0.00399824 0.00494804 -0.00265356 -0.00473445 -0.00581622 -0.00729184 0.00592444 0.00644746 -0.00702775 -0.00829956 -0.00899766
internal_weight=83.689 74.5001 59.0564 51.589 46.4154 15.4437 11.8938 9.1889 8.20289 43.2006 40.9655 8.9458 7.27078 7.10577
internal_count=76799 41770 32502 26027 16559 9268 7877 35029 34376 13746 12935 4134 2524 2377
is_linear=0
shrinkage=0.02


Tree=288
num_leaves=15
num_cat=0
split_feature=55 57 56 54 37 23 52 46 18 23 57 51 56 49
split_gain=1.60397 1.05344 1.01294 2.04447 1.14162 1.0476 1.0315 0.737393 0.739523 0.858919 0.821538 0.680525 0.454013 0.418197
threshold=0.47213622927665716 1.1973950862884524 0.82843136787414562 0.99665832519531261 0.55902779102325451 0.61805555224418651 -0.030144438147544857 0.99671593308448803 0.99676898121833812 0.98750001192092907 -2.8344782590866084 0.40171128511428839 0.71008405089378368 85.500000000000014
decision_type=2 2 2 2 2 2 2 2 2 2 2 2 2 2
left_child=-1 2 5 4 -4 -2 -7 8 -6 10 -10 13 -8 -12
right_child=1 -3 3 -5 7 6 12 -9 9 -11 11 -13 -14 -15
leaf_value=-0.006383843453438902 -0.001128686693836023 0.0053342005628081576 0 0.0044042585193171382 0 -0.0003932610082761764 0.0075410147223103057 0 0 0 0 0 0 -0.013148025398412368
leaf_weight=6.5537239475352171 8.8783781053180046 10.94507440887355 8.0189037431655397 4.0998885246772252 4.1610486878453274 2.3930015981313764 13.697795378966481 2.8958100724375972 2.7246773481274458 0.88288153339817732 0.14524716011146033 0.50895911490806689 7.3072014064910027 10.245744783374901
leaf_count=34806 10233 1509 2150 3055 814 2349 9620 428 2922 368 57 129 5508 2851
internal_value=0 0.00103123 0 -0.00232393 -0.00474074 0.00217299 0.00438413 -0.00669108 -0.00783022 -0.00932353 -0.0103589 -0.0119164 0.00596189 -0.0127204
internal_weight=83.4583 76.9046 65.9595 33.6832 29.5833 32.2764 23.398 21.5644 18.6686 14.5075 13.6246 10.9 21.005 10.391
internal_count=76799 41993 40484 12774 9719 27710 17477 7569 7141 6327 5959 3037 15128 2908
is_linear=0
shrinkage=0.02


Tree=289
num_leaves=15
num_cat=0
split_feature=57 35 18 50 47 36 46 53 41 32 11 57 41 45
split_gain=1.73087 2.43945 1.13274 0.968957 0.885828 0.739816 0.701045 0.606964 0.563322 0.598826 0.562115 0.609925 0.528455 0.416079
threshold=1.1973950862884524 0.61805555224418651 0.9967479705810548 0.04084098897874356 286.50000000000006 0.74352261424064647 0.46569511294364935 3.969574093818665 0.78348213434219371 0.98885056376457225 1.0000000180025095e-35 -3.1654136180877681 0.61805555224418651 248.50000000000003
decision_type=2 2 2 2 2 2 2 2 2 2 2 2 2 2
left_child=1 6 8 4 5 -4 -1 -8 -3 -10 -7 -12 -5 -2
right_child=13 2 3 12 -6 10 7 -9 9 -11 11 -13 -14 -15
leaf_value=0 0.0068754225866652832 0 0 0 0 0 -0.0086472383404244575 0 0.0077623528850274091 0 0 -0.0087074189641337292 0.0047291952620089461 0
leaf_weight=6.8807822491176038 8.4494830113308108 5.8479382708546828 1.3825011676526688 3.1159524746299194 8.9458200252820443 0.47463045253425562 14.304634820084626 0.60716922321444222 8.505241151347942 0.89754353307216739 2.7003563121133984 11.779671575177415 6.962354084668732 2.6395638259837133
leaf_count=10483 1163 1927 1012 2210 5783 55 32883 500 1643 310 4490 10953 3036 351
internal_value=0 -0.00127192 0.000772643 -0.000653526 -0.00307263 -0.00531443 -0.00609565 -0.00785001 0.00459301 0.006508 -0.0065955 -0.00741145 0.00243053 0.00558327
internal_weight=83.4936 72.4046 50.612 35.3613 25.283 16.3372 21.7926 14.9118 15.2507 9.40278 14.9547 14.48 10.0783 11.089
internal_count=76799 75285 31419 27539 22293 16510 43866 33383 3880 1953 15498 15443 5246 1514
is_linear=0
shrinkage=0.02


Tree=290
num_leaves=15
num_cat=0
split_feature=57 35 54 18 50 47 36 41 32 11 57 52 48 62
split_gain=1.68898 2.44987 1.0868 1.04615 0.916688 0.852808 0.715414 0.556167 0.584166 0.542273 0.595864 0.509932 0.476944 0.46698
threshold=1.1973950862884524 0.61805555224418651 0.96721947193145763 0.9967479705810548 0.04084098897874356 286.50000000000006 0.74352261424064647 0.78348213434219371 0.98885056376457225 1.0000000180025095e-35 -3.1654136180877681 -0.069434665143489824 0.99249061942100536 0.62817460298538219
decision_type=2 2 2 2 2 2 2 2 2 2 2 2 2 2
left_child=1 2 11 7 5 6 -5 -3 13 -8 -11 -1 -2 -9
right_child=12 3 -4 4 -6 -7 9 8 -10 10 -12 -13 -14 -15
leaf_value=0 0.0065867443821063364 0 0 0 0.0024251803511148211 0 0 0 0 0 -0.0085301187402968166 -0.0084752961572975346 0 0.00850305555107643
leaf_weight=2.1307097610956616 10.079608569980333 5.8618139006575793 2.7997414505989573 1.3783740201652168 10.052860508483716 8.9162467288824683 0.46982715042940881 0.45448908620073414 0.8973297058155375 2.6954523731446889 11.717775285639616 16.776025789333293 0.95481157808899375 7.9997151482330082
leaf_count=7736 1420 1927 2094 1012 5246 5783 55 546 310 4490 10953 34036 94 1097
internal_value=0 -0.00125854 -0.00610282 0.000793404 -0.000555627 -0.00294678 -0.00516495 0.00445861 0.00637267 -0.00643693 -0.00724382 -0.00761903 0.00552356 0.0076216
internal_weight=83.1848 72.1504 21.7065 50.4439 35.2305 25.1777 16.2614 15.2133 9.35153 14.8831 14.4132 18.9067 11.0344 8.4542
internal_count=76799 75285 43866 31419 27539 22293 16510 3880 1953 15498 15443 41772 1514 1643
is_linear=0
shrinkage=0.02


Tree=291
num_leaves=15
num_cat=0
split_feature=57 35 18 50 46 45 41 53 32 0 41 48 48 62
split_gain=1.66955 2.40616 0.951693 0.892165 0.763619 0.699485 0.607156 0.587626 0.575677 0.541653 0.692437 0.475683 0.469652 0.461634
threshold=1.1973950862884524 0.61805555224418651 0.9967479705810548 0.04084098897874356 0.46569511294364935 296.50000000000006 0.78348213434219371 3.969574093818665 0.98885056376457225 -17.499999999999996 0.44097222387790685 0.51834598183631908 0.99249061942100536 0.62817460298538219
decision_type=2 2 2 2 2 2 2 2 2 2 2 2 2 2
left_child=1 4 6 5 -1 9 -3 -6 13 -4 -11 -12 -2 -8
right_child=12 2 3 -5 7 -7 8 -9 -10 10 11 -13 -14 -15
leaf_value=0 0.0065471546315338412 0 0 0.0024524636607318566 -0.0086646199784939249 0 0 0 0 0 0 -0.0088249667558890198 0 0.0084324544823965036
leaf_weight=6.8136856570995432 10.066924457993078 5.8522103973118638 6.2764799710266734 10.051038180165959 14.211736091945109 8.693324372229652 0.4541079308764856 0.58806280947101264 0.89637951257918835 0.93592831282240396 0.44209768202472233 8.7647084089248875 0.94986821509701336 7.9537193119358562
leaf_count=10483 1420 1927 6980 5246 32883 5502 546 500 310 750 793 8268 94 1097
internal_value=0 -0.0012539 0.000776718 -0.000480667 -0.00606345 -0.00286753 0.00427813 -0.00789102 0.00630615 -0.00481895 -0.00666058 -0.00800095 0.00549348 0.00755157
internal_weight=82.9503 71.9335 50.32 35.1636 21.6135 25.1125 15.1564 14.7998 9.30421 16.4192 10.1427 9.20681 11.0168 8.40783
internal_count=76799 75285 31419 27539 43866 22293 3880 33383 1953 16791 9811 9061 1514 1643
is_linear=0
shrinkage=0.02


Tree=292
num_leaves=15
num_cat=0
split_feature=58 48 34 50 45 0 56 47 58 57 54 12 50 11
split_gain=1.53274 0.96192 1.03194 0.847818 0.687224 0.649927 0.648294 0.727488 0.906888 0.863481 0.630405 0.490104 0.448161 0.440239
threshold=0.050169449299573905 0.73676425218582164 0.59027019143104564 0.095998223870992674 269.50000000000006 -20.499999999999996 0.82843136787414562 296.50000000000006 0.29136009514331823 1.6713425517082217 0.99754378199577343 12.500000000000002 0.19683370739221576 1.0000000180025095e-35
decision_type=2 2 2 2 2 2 2 2 2 2 2 2 2 2
left_child=11 2 -2 6 12 -5 -3 8 -8 10 13 -1 -4 -10
right_child=1 3 4 5 -6 -7 7 -9 9 -11 -12 -13 -14 -15
leaf_value=-0.0069023142360572056 0 0 0.0084595730548834552 0 0 0.0053171054317861441 0 0 0 0 0 0 0 -0.010623878231866479
leaf_weight=7.8575328361916927 9.5691351293385214 18.020481438535171 11.893488394296584 1.1379253363556916 3.5001714906647967 8.0415818334663509 2.4406603257048145 6.0556735332093004 0.37368562165647468 1.0668282627120778 0.52963503898718123 1.0833299182841072 1.4210843997561813 9.4925053005808859
leaf_count=34009 8420 15396 7361 310 1513 1767 660 1647 23 198 518 1020 789 3168
internal_value=0 0.00112145 0.00381224 -0.000128189 0.00614048 0.00319614 -0.001971 -0.00401255 -0.00588948 -0.00767589 -0.00907676 -0.00566623 0.00759827 -0.00999627
internal_weight=82.4837 73.5429 26.3839 47.159 16.8147 9.17951 37.9795 19.959 13.9033 11.4627 10.3958 8.94086 13.3146 9.86619
internal_count=76799 41770 18083 23687 9663 2077 21610 6214 4567 3907 3709 35029 8150 3191
is_linear=0
shrinkage=0.02


Tree=293
num_leaves=15
num_cat=0
split_feature=61 41 0 62 64 11 11 21 22 29 41 29 58 43
split_gain=1.43088 1.19236 1.10798 1.05419 0.853428 0.748947 1.76503 1.08188 0.750161 0.578336 0.382909 0.385656 0.345159 0.318246
threshold=0.7035714089870454 0.88194444775581371 -20.499999999999996 0.7035714089870454 1.0000000180025095e-35 6.5000000000000009 19.500000000000004 0.97048610448837291 0.52913096547126781 0.20714285969734195 0.33854167163372045 0.94097220897674572 0.97864061594009411 0.81696429848670971
decision_type=2 2 2 2 2 2 2 2 2 2 2 2 2 2
left_child=1 3 -2 -1 5 7 9 8 -4 -7 -10 -12 -11 -3
right_child=2 13 4 -5 -6 6 -8 -9 10 12 11 -13 -14 -15
leaf_value=-0.0086661916786566033 -0.0026249738951619715 0.0034559831789048802 0 0 -0.0014344668272171087 0 0.0048512555621686663 -6.3045014695389454e-05 0 -0.0064920238524075538 0.008538728740047425 0 0 -0.00046633792419942824
leaf_weight=10.489982017101285 8.2170293262815886 3.5336231158971705 4.4945900656484872 3.5388310903517768 2.8993119854494571 0.7792676969847897 10.55685806573274 1.8318972063170793 1.0024399590856798 8.7122952667923492 22.572444190342143 0.769563774028028 0.9223882386304475 1.8049441126604504
leaf_count=39094 7085 1579 1483 4692 2177 441 3461 197 322 6662 6166 287 1456 1697
internal_value=0 -0.00396895 0.0015002 -0.00651244 0.00283705 0.00373105 0 0.00544268 0.00657349 -0.00410063 0.00767985 0.0081226 -0.00561334 0.000186241
internal_weight=82.1255 19.3674 62.7581 14.0288 54.5411 51.6417 20.9708 30.6709 28.839 10.414 24.3444 23.342 9.63468 5.33857
internal_count=76799 47062 29737 43786 22652 20475 12020 8455 8258 8559 6775 6453 8118 3276
is_linear=0
shrinkage=0.02


Tree=294
num_leaves=15
num_cat=0
split_feature=55 53 56 37 27 46 49 61 45 62 37 58 58 57
split_gain=1.41233 0.946282 1.72018 1.8568 1.3795 0.80863 0.734569 0.7056 0.655164 0.602654 0.486845 0.467833 0.448019 0.34654
threshold=0.47213622927665716 4.6326708793640146 0.82843136787414562 0.55902779102325451 0.52638888359069835 0.99482533335685741 282.50000000000006 0.89174106717109691 448.50000000000006 0.86805555224418651 0.94097220897674572 0.011834721546620132 0.068893954157829299 1.6713425517082217
decision_type=2 2 2 2 2 2 2 2 2 2 2 2 2 2
left_child=-1 2 4 -4 -2 6 9 -5 12 10 11 -6 -9 -14
right_child=1 -3 3 7 5 -7 -8 8 -10 -11 -12 -13 13 -15
leaf_value=-0.0060321142384096348 -0.0018376831516962219 0.0057498844735966431 0.0016077452090348093 0 0 0 0 0 0 0 0 0.0096807698401977556 -0.010535991808632164 0
leaf_weight=6.3591511700928995 5.6247556598391375 6.8335869615093534 11.4603052415232 11.774389744196014 0.32864371371944123 3.5418824156931796 3.8395946094315141 0.67576726569313805 0.63523788713064355 3.4536832895446414 0.85750870280753666 15.471736178087665 10.013240565735028 0.85423374400852559
leaf_count=34806 7855 3277 2536 6947 818 2817 3226 502 41 1402 822 10782 927 41
internal_value=0 0.000978381 0 -0.00279553 0.00298146 0.00501 0.00619861 -0.00575865 -0.00826063 0.00739608 0.00853681 0.00917382 -0.00920371 -0.00989656
internal_weight=81.7237 75.3646 68.531 35.4132 33.1178 27.493 23.9512 23.9529 12.1785 20.1116 16.6579 15.8004 11.5432 10.8675
internal_count=76799 41993 38716 10994 27722 19867 17050 8458 1511 13824 12422 11600 1470 968
is_linear=0
shrinkage=0.02


Tree=295
num_leaves=15
num_cat=0
split_feature=61 41 0 50 62 41 48 53 54 46 39 25 53 43
split_gain=1.41779 1.23778 1.05675 1.11024 1.01091 0.661135 0.535412 0.562307 0.464313 0.52432 0.736333 0.417194 0.41538 0.32233
threshold=0.7035714089870454 0.88194444775581371 -20.499999999999996 0.044502923265099532 0.7035714089870454 0.38194444775581365 0.82250541448593151 -0.053274817764759057 0.24327270686626437 0.99671593308448803 0.55277779698371898 0.94097220897674572 4.2241942882537851 0.81696429848670971
decision_type=2 2 2 2 2 2 2 2 2 2 2 2 2 2
left_child=1 4 -2 6 -1 -5 7 -4 -8 10 -10 -7 -12 -3
right_child=2 13 3 5 -6 11 8 -9 9 -11 12 -13 -14 -15
leaf_value=-0.0086771360647612938 -0.0025127536606539169 0.0035069290095152894 0 0 0 0.0077693404383892281 0 0.0047745088284583013 0 0 -0.0079415540608883776 0 0 -0.00034122053089002903
leaf_weight=10.39338389684872 8.1130698312590521 3.4961315756781906 7.1532379608343044 1.830756253579241 3.546702813855517 15.506036132640475 6.631341497625729 9.5879614237073838 1.6943451109655132 2.4117489482123338 7.541188281042194 0.50305857479907068 1.2695903475123484 1.7962285581788817
leaf_count=39094 7085 1579 4889 569 4692 5578 3797 3859 682 355 2304 259 360 1697
internal_value=0 -0.00395966 0.00150012 0.00281121 -0.00657492 0.00610957 0 0.00254039 -0.00151519 -0.00351926 -0.00510612 0.00719654 -0.00689167 0.000309764
internal_weight=81.4748 19.2324 62.2423 54.1293 13.9401 17.8399 36.2894 16.7412 19.5482 12.9169 10.5051 16.0091 8.81078 5.29236
internal_count=76799 47062 29737 22652 43786 6406 16246 8748 7498 3701 3346 5837 2664 3276
is_linear=0
shrinkage=0.02


Tree=296
num_leaves=15
num_cat=0
split_feature=58 48 26 50 33 25 18 45 59 7 11 0 23 32
split_gain=1.47219 0.902883 0.822558 0.741049 0.731908 0.907888 0.625418 0.908158 1.20288 0.708874 0.567556 0.565892 0.503995 0.485258
threshold=0.050169449299573905 0.73676425218582164 0.10347398743033411 0.095998223870992674 0.80902779102325451 0.84687501192092907 0.99639636278152477 296.50000000000006 0.88194444775581371 4.62760353088379 1.0000000180025095e-35 -20.499999999999996 0.98750001192092907 0.99923896789550792
decision_type=2 2 2 2 2 2 2 2 2 2 2 2 2 2
left_child=13 2 -2 6 5 -4 -3 8 -8 10 -10 -5 -12 -1
right_child=1 3 4 11 -6 -7 7 -9 9 -11 12 -13 -14 -15
leaf_value=-0.0067742235737808668 0 0.00031795192078841689 0.0084417419178406013 0 0 0 0 0 0 0 -0.011769057143351178 0.0049911737500886438 0 0
leaf_weight=7.934141239129529 4.8714822880847377 9.9113549893972941 13.25387429199691 1.0708418808371787 5.7588046205182755 1.8808224252979915 9.4523959296957436 9.1096548724563018 0.69775849778670629 0.60375927100904014 7.1350415323663583 7.8668392950294201 0.6273661147633901 0.81802162299436521
leaf_count=33939 4673 2836 6962 310 4731 1717 9467 5308 79 237 3280 1767 403 1090
internal_value=0 0.00111011 0.00374044 -8.58368e-05 0.00531319 0.00698578 -0.00185231 -0.00340421 -0.0054738 -0.00880599 -0.00994558 0.00300589 -0.0109073 -0.00558432
internal_weight=80.9922 72.24 25.765 46.475 20.8935 15.1347 37.5373 27.626 18.5163 9.06393 8.46017 8.93768 7.76241 8.75216
internal_count=76799 41770 18083 23687 13410 8679 21610 18774 13466 3999 3762 2077 3683 35029
is_linear=0
shrinkage=0.02


Tree=297
num_leaves=15
num_cat=0
split_feature=58 53 56 48 23 50 57 56 43 52 61 7 32 26
split_gain=1.37866 0.877838 1.40044 1.42884 0.807441 0.670321 0.704539 0.615593 0.851373 0.572171 0.499782 0.565216 0.473528 0.342733
threshold=0.050169449299573905 4.6326708793640146 0.97727271914482128 0.82250541448593151 0.63194444775581371 -0.020750764757394787 1.1973950862884524 0.71008405089378368 0.82321429252624523 -0.030144438147544857 0.96651786565780651 4.62760353088379 0.99923896789550792 0.99602386355400097
decision_type=2 2 2 2 2 2 2 2 2 2 2 2 2 2
left_child=12 2 4 -4 5 -2 13 8 9 -6 -5 -12 -1 -7
right_child=1 -3 3 10 7 6 -8 -9 -10 -11 11 -13 -14 -15
leaf_value=-0.0066177875796113164 0.0025022733114133193 0.0056792160998623935 0 0 0 -0.0058268093799900521 6.3189464688144986e-05 0 0 0.0085339928576455143 -0.010922352303812206 0 0 0
leaf_weight=7.8297243343658902 2.7364193667563113 6.7206979507009228 5.9417231549014087 1.2281524835270827 0.92426397583584829 11.669422271055733 1.9889534304966208 20.579592570266868 2.4589247528701881 10.700282981160859 4.7305365784122841 1.1294744376791639 0.81874321182021947 0.95296087244969463
leaf_count=33939 1697 3277 909 52 1660 11274 52 11809 3076 7446 201 73 1090 244
internal_value=0 0.00107728 0 -0.00447935 0.00163777 -0.000566762 -0.00315402 0.00337098 0.00584249 0.00754495 -0.00831237 -0.00955194 -0.00542214 -0.00503153
internal_weight=80.4099 71.7614 65.0407 13.0299 52.0108 17.3478 14.6113 34.6631 14.0835 11.6245 7.08816 5.86001 8.64847 12.6224
internal_count=76799 41770 38493 1235 37258 13267 11570 23991 12182 9106 326 274 35029 11518
is_linear=0
shrinkage=0.02


Tree=298
num_leaves=15
num_cat=0
split_feature=62 53 18 57 56 53 54 54 27 45 0 6 12 7
split_gain=1.40273 1.11208 1.05303 0.987986 1.9789 1.01955 0.57349 0.648571 0.462637 0.459141 0.448857 0.522471 0.358613 0.330819
threshold=0.6700892746448518 -1.5711469650268552 0.99926361441612255 2.0066758394241337 0.97727271914482128 0.25634199380874639 0.39209246635437017 0.99727407097816478 0.55902779102325451 82.500000000000014 -58.499999999999993 2.3012833595275883 13.500000000000002 4.8703753948211679
decision_type=2 2 2 2 2 2 2 2 2 2 2 2 2 2
left_child=1 -1 10 4 5 9 -6 13 -7 -4 -2 12 -12 -8
right_child=2 -3 3 -5 6 8 7 -9 -10 -11 11 -13 -14 -15
leaf_value=-0.0078335344872406849 0 0 0 0.0042292692344085966 0 0 -0.011730895814382485 0 0.0045719435346788127 -0.0039901440030337557 0.0060900814415016892 0 0 0
leaf_weight=7.6536305836702905 1.6653892071690304 3.2399669389415067 1.4438274104004474 4.7198775808028577 0.50907372846268018 2.1326517522429667 4.6371096713664883 0.47037100773923146 14.417675776536269 13.654358667200084 21.492232132166471 2.2797700601986426 1.107542645477223 0.65920931863729482
leaf_count=37166 1003 3027 1900 1148 9 1195 241 1048 10087 14560 4979 216 174 46
internal_value=0 -0.00503918 0.00118349 -0.000251979 -0.00204958 0 -0.00859299 -0.00973408 0.00333945 -0.00256321 0.00395524 0.00470033 0.00555474 -0.0109305
internal_weight=80.0827 10.8936 69.1891 42.6442 37.9243 31.6485 6.27576 5.76669 16.5503 15.0982 26.5449 24.8795 22.5998 5.29632
internal_count=76799 40193 36606 30234 29086 27742 1344 1335 11282 16460 6372 5369 5153 287
is_linear=0
shrinkage=0.02


Tree=299
num_leaves=15
num_cat=0
split_feature=62 53 18 57 61 48 53 54 60 32 58 50 39 25
split_gain=1.34228 1.08352 0.978256 0.961775 1.82812 1.41674 0.82851 0.497517 0.497191 0.445571 0.764482 0.319002 0.232051 0.214777
threshold=0.6700892746448518 -1.5711469650268552 0.99926361441612255 2.0066758394241337 0.88194444775581371 0.43619211018085485 -0.74572041630744923 0.99727407097816478 0.43650794029235845 0.97479653358459484 0.92962318658828746 0.32980920374393469 0.14087302237749103 0.71651786565780651
decision_type=2 2 2 2 2 2 2 2 2 2 2 2 2 2
left_child=1 -1 9 4 6 -6 -4 8 -7 10 -2 12 -10 -8
right_child=2 -3 3 -5 5 7 13 -9 11 -11 -12 -13 -14 -15
leaf_value=-0.0077230391665954459 0 0 -0.00213559362200922 0.0042130073718293594 0.00055298421115564198 0 0 0 0 0 0.0072566960834748563 0 -0.010722730308814758 0.0045570371024392696
leaf_weight=7.5616739781407869 3.925227929767062 3.2264204439961759 6.9621633723522782 4.707762593689039 1.0473841733501092 1.6716214720163378 5.2270923104515559 0.4485513219333378 0.21957551168997902 11.060103148971391 11.514759020811653 0.46795224152265369 11.078637434982737 10.712590903891394
leaf_count=37166 1088 3027 10819 1148 620 1191 3727 1039 112 2134 3150 59 2495 9024
internal_value=0 -0.00494588 0.00115694 -0.000207268 -0.00199827 -0.00639174 0.000688954 -0.00836167 -0.00901051 0.00382824 0.00546088 -0.00995082 -0.0104175 0.00350565
internal_weight=79.8315 10.7881 69.0434 42.5433 37.8356 14.9337 22.9018 13.8863 13.4378 26.5001 15.44 11.7662 11.2982 15.9397
internal_count=76799 40193 36606 30234 29086 5516 23570 4896 3857 6372 4238 2666 2607 12751
is_linear=0
shrinkage=0.02


Tree=300
num_leaves=15
num_cat=0
split_feature=61 41 0 50 36 59 64 41 28 25 54 43 28 47
split_gain=1.27747 1.15362 0.953523 1.0067 0.625499 0.692111 0.710731 0.458266 0.408205 0.387645 0.363297 0.302001 0.322803 0.285598
threshold=0.7035714089870454 0.88194444775581371 -20.499999999999996 0.044502923265099532 0.99922838807106029 0.84523808956146251 1.0000000180025095e-35 0.38194444775581365 0.99923077225685131 0.94097220897674572 0.0100476136431098 0.81696429848670971 0.98548090457916271 296.50000000000006
decision_type=2 2 2 2 2 2 2 2 2 2 2 2 2 2
left_child=1 8 -2 4 5 -4 10 -5 -1 -9 -7 12 -3 -6
right_child=2 11 3 7 13 6 -8 9 -10 -11 -12 -13 -14 -15
leaf_value=-0.0077447078425953979 -0.0023453903599831966 0 -0.00055525290992004491 0 -0.0040905277226661553 0 0 0.007284792714837624 0 0 0.0058330237293245093 -0.00028618355974806151 0.0050421368941072613 0
leaf_weight=9.5830060427088046 7.8662096467360234 0.58933429417265815 6.5328804819009774 1.7150815215181889 7.1362667698404021 0.41479245104893081 1.1512794790287433 15.254588981537378 3.9147507016277805 0.49403289352631041 17.399964377333163 1.7673326805443137 2.8307128793094307 2.8747427063863142
leaf_count=35943 7085 516 6669 569 3805 754 803 5578 7843 259 3233 1697 1063 982
internal_value=0 -0.00379876 0.00143827 0.0027085 0 0.00198385 0.00392772 0.00586897 -0.00636862 0.00671562 0.0052535 0.000243746 0.00340495 -0.00268126
internal_weight=79.525 18.6851 60.8398 52.9736 35.5099 25.4989 18.966 17.4637 13.4978 15.7486 17.8148 5.18738 3.42005 10.011
internal_count=76799 47062 29737 22652 16246 11459 4790 6406 43786 5837 3987 3276 1579 4787
is_linear=0
shrinkage=0.02


Tree=301
num_leaves=15
num_cat=0
split_feature=62 53 18 0 53 0 48 53 32 58 40 19 25 27
split_gain=1.2898 1.02031 0.946389 1.02507 0.754857 0.865409 0.529385 0.497931 0.424661 0.756468 0.415272 0.334217 0.254584 0.230609
threshold=0.6700892746448518 -1.5711469650268552 0.99926361441612255 -3.4999999999999996 -0.49503451585769648 -20.499999999999996 0.99140092730522167 3.969574093818665 0.97479653358459484 0.92962318658828746 0.44722221791744238 0.77951389551162731 0.94097220897674572 0.98750001192092907
decision_type=2 2 2 2 2 2 2 2 2 2 2 2 2 2
left_child=1 -1 8 4 10 -6 11 13 9 -2 -4 12 -7 -5
right_child=2 -3 3 7 5 6 -8 -9 -10 -11 -12 -13 -14 -15
leaf_value=-0.0075729386674777176 0 0 0 -0.0075177934589814232 -0.00080973857533856906 0.0064221583496631577 0 0 0 0.0071650891665067662 -0.0041192748474387832 0 0 0
leaf_weight=7.4151437060468179 3.8904353791785988 3.1678533789581707 1.6139508913302032 4.9804713812654873 4.3024900229247569 18.447937819068116 3.08762645337083 0.91234613555934618 11.037688030301977 11.433375077510391 6.6047975844276152 0.44022574729387898 0.80455880803492519 1.050706382687167
leaf_count=37166 1088 3027 1883 2560 4055 8630 892 1454 2134 3150 9560 156 633 411
internal_value=0 -0.00487911 0.00113468 -0.000201992 0.000789252 0.00278076 0.0044972 -0.00525934 0.00376891 0.00537002 -0.00206256 0.00552244 0.00600842 -0.00669937
internal_weight=79.1896 10.583 68.6066 42.2451 35.3016 27.0828 22.7803 6.94352 26.3615 15.3238 8.21875 19.6927 19.2525 6.03118
internal_count=76799 40193 36606 30234 25809 14366 10311 4425 6372 4238 11443 9419 9263 2971
is_linear=0
shrinkage=0.02


Tree=302
num_leaves=15
num_cat=0
split_feature=61 23 56 53 37 46 31 47 44 32 11 46 23 59
split_gain=1.25317 1.00932 0.937201 1.65292 1.76637 0.801696 0.699321 0.519937 0.462089 0.425694 0.399872 0.338588 0.544571 0.409376
threshold=0.7035714089870454 0.66145834326744091 0.82843136787414562 4.6326708793640146 0.55902779102325451 0.99415776133537304 0.52951389551162731 444.50000000000006 0.9927927851676942 0.9386882781982423 1.0000000180025095e-35 0.99671593308448803 0.98750001192092907 0.28174604475498205
decision_type=2 2 2 2 2 2 2 2 2 2 2 2 2 2
left_child=1 5 6 4 -4 -1 -2 10 9 -8 -6 12 13 -12
right_child=2 -3 3 -5 7 -7 8 -9 -10 -11 11 -13 -14 -15
leaf_value=-0.0082598581368936701 0 0 0.0017753174854810902 0.0055181076423891163 0 0 0 0 0 0.0076959311007883374 0 0 0 -0.0088075550691491811
leaf_weight=8.9468263418707483 6.4630213851605758 8.2613932031149471 10.839726867940042 6.5831841551826065 0.96694130562537495 1.3475731408043419 0.61515124666766396 1.1980459849219176 1.8489633121625946 12.37316363589798 0.96491596561646353 1.7613841684033094 0.87849055712285817 15.982534704406135
leaf_count=35855 6896 10659 2024 3252 44 548 560 174 1516 8888 506 278 329 5270
internal_value=0 -0.00377181 0.00142854 0 -0.00250059 -0.00666084 0.00425584 -0.00558823 0.00602348 0.00699183 -0.00633514 -0.00689997 -0.00751284 -0.0082225
internal_weight=79.0313 18.5558 60.4755 39.1752 32.592 10.2944 21.3003 21.7523 14.8373 12.9883 20.5543 19.5873 17.8259 16.9475
internal_count=76799 47062 29737 11877 8625 36403 17860 6601 10964 9448 6427 6383 6105 5776
is_linear=0
shrinkage=0.02


Tree=303
num_leaves=15
num_cat=0
split_feature=62 18 57 61 54 45 53 53 46 41 27 60 52 11
split_gain=1.24873 1.01964 0.964513 1.19173 1.23916 1.33122 0.959515 0.840742 0.587222 0.571327 0.55907 0.592859 0.576116 0.464895
threshold=0.6700892746448518 0.9967479705810548 1.6713425517082217 0.88194444775581371 0.99727407097816478 75.500000000000014 -1.5711469650268552 0.19549659639596942 0.99671593308448803 0.86805555224418651 0.98750001192092907 0.43650794029235845 0.4114071279764176 1.0000000180025095e-35
decision_type=2 2 2 2 2 2 2 2 2 2 2 2 2 2
left_child=6 9 3 7 5 -5 -1 -3 10 -2 11 -7 13 -13
right_child=1 2 -4 4 -6 8 -8 -9 -10 -11 -12 12 -14 -15
leaf_value=-0.0074345519081641196 0 -0.0017960533225847215 0.0042165994392203907 7.3401500937595886e-05 0.00062459564394687079 0 0 0.0038483738171675927 0 0.0072173897523945861 0 0 0 -0.012760095715851389
leaf_weight=7.2829273676616122 14.076608886964097 12.442752599669804 5.699636113125961 0.83028111962539952 1.7229330656300579 1.5070281520293036 3.1267686650644464 11.565302305087242 2.0412439660503869 7.0108568870473382 0.56323856756898827 0.40087312122340968 0.3665649493850659 10.027977036196715
leaf_count=37166 4327 14345 1239 457 1478 1119 3027 9663 195 1059 177 10 61 2476
internal_value=0 0.00111669 -8.53608e-05 -0.00181919 -0.00509805 -0.00704341 -0.00482702 0.000210462 -0.00870602 0.00422469 -0.00976764 -0.0104774 -0.0115065 -0.0121822
internal_weight=78.665 68.2553 47.1678 41.4682 17.4601 15.7372 10.4097 24.0081 14.9069 21.0875 12.8657 12.3024 10.7954 10.4289
internal_count=76799 36606 31220 29981 5973 4495 40193 24008 4038 5386 3843 3666 2547 2486
is_linear=0
shrinkage=0.02


Tree=304
num_leaves=15
num_cat=0
split_feature=55 53 56 37 50 27 24 57 58 46 62 32 28 48
split_gain=1.2179 0.835493 1.71284 1.73495 1.1556 0.760128 0.539524 0.406574 0.366981 0.35242 0.273872 0.310867 0.254296 0.247897
threshold=0.47213622927665716 4.6326708793640146 0.82843136787414562 0.64087301492691051 0.010353213641792538 0.52638888359069835 0.98347866535186779 2.0066758394241337 0.011834721546620132 0.99625816941261303 0.89087301492691051 0.93943381309509288 0.99923077225685131 0.73676425218582164
decision_type=2 2 2 2 2 2 2 2 2 2 2 2 2 2
left_child=12 2 4 13 -2 -6 -5 -8 -7 10 11 -10 -1 -4
right_child=1 -3 3 6 5 8 7 -9 9 -11 -12 -13 -14 -15
leaf_value=-0.0065048594674535706 0 0.0054513825567877932 0.002695428341334532 0 0 0 -0.0079769151183658148 0 0 0 0 0.0097911906752834506 0 0
leaf_weight=5.3156033174682298 16.635926125703921 6.5260653402892776 8.2863982533417566 3.6704924936220786 1.9539179385237719 0.33004033572615199 14.874891144181673 0.81783051675302054 0.40563815810127835 0.55752741951073481 1.6831128855283175 10.124394602371465 0.56039154226527887 6.8231938521985276
leaf_count=32092 17665 3277 1936 1185 1891 1024 5838 36 250 341 595 5956 2714 1999
internal_value=0 0.000922149 0 -0.00282683 0.00302365 0.00608255 -0.00620026 -0.00736012 0.00746459 0.00800469 0.00855988 0.00930353 -0.00570717 0.000733705
internal_weight=78.5654 72.6894 66.1634 34.4728 31.6906 15.0546 19.3632 15.6927 13.1007 12.7707 12.2131 10.53 5.87599 15.1096
internal_count=76799 41993 38716 10994 27722 10057 7059 5874 8166 7142 6801 6206 34806 3935
is_linear=0
shrinkage=0.02


Tree=305
num_leaves=15
num_cat=0
split_feature=62 18 57 61 54 49 53 53 49 41 60 52 23 11
split_gain=1.2149 1.07491 0.988068 1.11209 1.21638 1.31366 0.898511 0.833728 0.743771 0.578841 0.554689 0.547866 0.430853 0.46199
threshold=0.6700892746448518 0.9967479705810548 1.6713425517082217 0.88194444775581371 0.99727407097816478 75.500000000000014 -1.5711469650268552 0.19549659639596942 295.50000000000006 0.86805555224418651 0.43650794029235845 0.4114071279764176 0.98750001192092907 1.0000000180025095e-35
decision_type=2 2 2 2 2 2 2 2 2 2 2 2 2 2
left_child=6 9 3 7 5 -5 -1 -3 10 -2 -7 12 13 -12
right_child=1 2 -4 4 -6 8 -8 -9 -10 -11 11 -13 -14 -15
leaf_value=-0.0072997205020494029 0 -0.0019485081812373331 0.0042011354199953544 6.6815692470550725e-05 0.00060838649695567934 0 0 0.003747366044892972 0 0.0072983162011610314 0 0 0 -0.012836079989089904
leaf_weight=7.1624082226267074 14.028034477058101 12.462218541585573 5.6636461892521757 0.83001641633473155 1.7154440148824495 1.5060490246978577 3.090007375298228 11.490666199528276 2.6914219275604401 7.0979924223283879 0.40804803831269509 0.36489645761867073 0.39632267065280835 9.5216540773808429
leaf_count=37166 4327 14345 1239 461 1478 1063 3027 9663 572 1059 11 56 98 2234
internal_value=0 0.00109845 -0.000153349 -0.00189081 -0.00502824 -0.00696183 -0.00478644 4.42286e-05 -0.00862031 0.00429731 -0.0100113 -0.0110136 -0.0116834 -0.0122425
internal_weight=78.4288 68.1764 47.0504 41.3867 17.4339 15.7184 10.2524 23.9529 14.8884 21.126 12.197 10.6909 10.326 9.9297
internal_count=76799 36606 31220 29981 5973 4495 40193 24008 4034 5386 3462 2399 2343 2245
is_linear=0
shrinkage=0.02


Tree=306
num_leaves=15
num_cat=0
split_feature=55 53 56 49 50 27 57 49 11 57 18 58 52 23
split_gain=1.18422 0.812221 1.67706 1.17748 1.15484 0.74379 0.694031 0.528517 0.756412 0.590265 0.655333 0.752245 0.693101 0.578797
threshold=0.47213622927665716 4.6326708793640146 0.82843136787414562 91.500000000000014 0.010353213641792538 0.52638888359069835 1.6713425517082217 295.50000000000006 1.0000000180025095e-35 -2.561603188514709 0.99687987565994274 0.076727874577045455 0.38745248317718511 0.98750001192092907
decision_type=2 2 2 2 2 2 2 2 2 2 2 2 2 2
left_child=-1 2 4 -4 -2 -6 7 8 -5 -10 -11 -12 13 -13
right_child=1 -3 3 6 5 -7 -8 -9 9 10 11 12 -14 -15
leaf_value=-0.0056510975948748958 0 0.0053846491500048133 0.0015359291082840381 0 0 0.0074240092417077472 0 0 0 0 0 -0.013066180919452197 0 0
leaf_weight=5.7770507955233361 16.576803625275719 6.4695088179396398 5.6621652235426145 0.99467717687731294 1.9512263634842373 13.058386754328238 2.7876663047354659 5.4537624924432739 4.330744689570575 3.7093371543705862 0.64810211089933645 9.7833489446984405 0.4721799316248515 0.51209792779263885
leaf_count=34806 17665 3277 1195 73 1891 8166 181 1718 4354 641 320 2227 99 186
internal_value=0 0.00090926 0 -0.00280225 0.00299485 0.00605906 -0.00463222 -0.00563137 -0.00676123 -0.00767265 -0.00900356 -0.0105653 -0.0115167 -0.0123403
internal_weight=78.1871 72.41 65.9405 34.3541 31.5864 15.0096 28.6919 25.9043 20.4505 19.4558 15.1251 11.4157 10.7676 10.2954
internal_count=76799 41993 38716 10994 27722 10057 9799 9618 7900 7827 3473 2832 2512 2413
is_linear=0
shrinkage=0.02


Tree=307
num_leaves=15
num_cat=0
split_feature=62 18 0 53 53 11 11 11 53 0 32 40 5 58
split_gain=1.16648 1.04883 1.3327 0.876067 0.820843 0.960142 0.61479 0.758661 0.579479 0.43796 0.471777 0.425112 0.34444 0.33305
threshold=0.6700892746448518 0.99926361441612255 -3.4999999999999996 -1.5711469650268552 -0.49503451585769648 6.5000000000000009 19.500000000000004 20.500000000000004 3.969574093818665 -58.499999999999993 0.97479653358459484 0.44722221791744238 -6.7466869354248038 0.97864061594009411
decision_type=2 2 2 2 2 2 2 2 2 2 2 2 2 2
left_child=3 9 4 -1 11 -6 13 -8 -4 -2 12 -3 -11 -7
right_child=1 2 8 -5 5 6 7 -9 -10 10 -12 -13 -14 -15
leaf_value=-0.0072068932183697197 0 0 -0.0074853281258224682 0 0.0062986386534860626 -0.0049134900939640401 0.0054329374084201619 -0.00028147492924514978 0 0 0 -0.004199889986986137 0.0070098274079402282 0
leaf_weight=7.0613064689919138 1.6214643538542102 1.5887652586748098 6.2012292597082697 3.0460292785173806 10.021645313556293 5.2259191667362783 6.0961513659149187 4.1187466304145346 0.9019982521986093 0.51670887577347713 10.680343188731966 6.554643670257974 13.374238932284241 1.0726847906080363
leaf_count=37166 1003 1883 2971 3027 2719 3374 2305 4052 1454 17 1952 9560 3400 1916
internal_value=0 0.00107527 -0.000371886 -0.00471246 0.000875543 0.00294697 0 0.00220861 -0.00600094 0.00387913 0.00462269 -0.0021353 0.00642863 -0.00348962
internal_weight=78.0819 67.9745 41.7818 10.1073 34.6786 26.5351 16.5135 10.2149 7.10323 26.1928 24.5713 8.14341 13.8909 6.2986
internal_count=76799 36606 30234 40193 25809 14366 11647 6357 4425 6372 5369 11443 3417 5290
is_linear=0
shrinkage=0.02


Tree=308
num_leaves=15
num_cat=0
split_feature=55 57 56 18 37 23 52 18 57 46 31 62 52 42
split_gain=1.13074 0.775306 1.16384 1.38119 1.1944 0.939685 0.764412 0.654112 0.522846 0.501498 0.603261 0.727826 0.479653 0.493278
threshold=0.47213622927665716 2.0066758394241337 0.82843136787414562 0.99926361441612255 0.55902779102325451 0.52638888359069835 -0.030144438147544857 0.99519807100296032 -2.8344782590866084 0.99270960688591015 0.72361111640930187 0.86805555224418651 0.38745248317718511 0.42261904478073126
decision_type=2 2 2 2 2 2 2 2 2 2 2 2 2 2
left_child=-1 2 5 7 -5 -2 -7 -4 -6 10 11 -8 13 -10
right_child=1 -3 3 4 8 6 9 -9 12 -11 -12 -13 -14 -15
leaf_value=-0.0055401623313632862 -0.0011403359775136877 0.0054483344609629622 -0.0010465702047165943 0 0 0 0.0085599099306156428 0.0041782245410472907 0 0 0 0 0 -0.0096159994389269001
leaf_weight=5.7005780056415452 5.2389886602613869 5.5519243770941094 6.222807799443216 4.4994882603459727 2.6930501824499542 3.0847826584267777 15.507548289252563 8.1876185433884512 0.51763287265748203 3.3456964236465856 1.1954139196513995 2.7381808131704011 0.72257188738876799 12.744098507173476
leaf_count=34806 7865 1259 1482 1362 3494 2622 11611 1726 175 2912 1374 1359 565 4187
internal_value=0 0.000887867 0 -0.0022475 -0.00515791 0.00256335 0.00430911 0.000916314 -0.00719983 0.00554586 0.00649884 0.00733437 -0.00827385 -0.00896477
internal_weight=77.9504 72.2498 66.6979 35.5873 21.1768 31.1106 25.8716 14.4104 16.6774 22.7868 19.4411 18.2457 13.9843 13.2617
internal_count=76799 41993 40734 12991 9783 27743 19878 3208 8421 17256 14344 12970 4927 4362
is_linear=0
shrinkage=0.02


Tree=309
num_leaves=15
num_cat=0
split_feature=62 18 17 47 54 53 17 53 27 41 44 40 27 51
split_gain=1.15086 0.992835 0.892442 1.15963 1.09487 0.865641 0.946448 0.838877 0.704825 0.583858 0.56676 0.430905 0.377196 0.35739
threshold=0.6700892746448518 0.9967479705810548 3.5000000000000004 322.50000000000006 0.99727407097816478 -0.49503451585769648 20.500000000000004 -1.5711469650268552 0.98750001192092907 0.86805555224418651 0.9954163432121278 0.44722221791744238 0.52951389551162731 -0.061535106971859925
decision_type=2 2 2 2 2 2 2 2 2 2 2 2 2 2
left_child=7 9 3 4 8 11 10 -1 13 -2 12 -4 -7 -3
right_child=1 2 5 -5 -6 6 -8 -9 -10 -11 -12 -13 -14 -15
leaf_value=-0.0071339526098760236 0 0 0 0 0 0 -0.00081745025549721307 0 0 0.0071235497243642134 0 -0.0042156812816444835 0.0067319648957973833 -0.01154562833721008
leaf_weight=6.9671390824987594 14.025299653229014 0.51129690009520246 1.5905959578858508 4.4329616757404438 1.0583695068580707 3.4606461055063944 4.1534501854348482 3.0184257373221044 0.68948762271520525 7.0891396674687703 2.4910958832351744 6.5652898088214897 16.539995633871513 5.3320237377984077
leaf_count=37166 4327 369 1887 1083 1380 1091 4056 3027 304 1059 1197 9579 8047 2227
internal_value=0 0.00106539 -0.000120731 -0.00408326 -0.00731631 0.000985191 0.00307487 -0.00470045 -0.00949088 0.00413802 0.0048343 -0.00212937 0.00582433 -0.0108104
internal_weight=77.9252 67.9397 46.8252 12.0241 7.59118 34.8011 26.6452 9.98556 6.53281 21.1144 22.4917 8.15589 20.0006 5.84332
internal_count=76799 36606 31220 5363 4280 25857 14391 40193 2900 5386 10335 11466 9138 2596
is_linear=0
shrinkage=0.02


Tree=310
num_leaves=15
num_cat=0
split_feature=57 35 56 54 47 8 39 23 42 62 11 47 46 44
split_gain=1.1264 1.38048 1.15168 1.42917 0.707925 0.686165 0.639109 0.596436 0.729388 0.735075 0.577767 0.635873 0.539316 0.48805
threshold=1.6713425517082217 0.48749999701976782 0.82843136787414562 0.99727407097816478 302.50000000000006 0.75000000000000011 0.89087301492691051 0.52638888359069835 0.87083333730697643 0.85912698507308971 1.0000000180025095e-35 329.50000000000006 0.99468788504600536 0.42495422065258032
decision_type=2 2 2 2 2 2 2 2 2 2 2 2 2 2
left_child=1 13 4 5 6 -4 7 -3 -9 12 -7 -12 -10 -1
right_child=-2 2 3 -5 -6 10 -8 8 9 -11 11 -13 -14 -15
leaf_value=0 0.0051941020361077747 0 0 0.0034477616934102469 0 0 0 0 0.0098224459281245364 0 -0.0095210738972421292 0 0 -0.0075346063768497815
leaf_weight=5.5438668490833134 7.1326330464853518 2.3634063261342915 13.813390492970033 3.4280380069121739 5.599847948999467 0.72787853932823132 2.4057706513840449 2.8940014018621723 12.67339348995529 2.6124316529840135 7.8926783685074025 2.1864269808029348 1.2660391483077535 7.3695742786162555
leaf_count=8442 1361 2002 8052 2693 4689 41 2827 5164 9449 1163 671 163 1718 28364
internal_value=0 -0.000943808 0.000119583 -0.00201569 0.00294455 -0.00432 0.00439288 0.00545733 0.00643936 0.00767778 -0.00696798 -0.00800959 0.00896352 -0.0055823
internal_weight=77.9094 70.7767 57.8633 28.0484 29.8149 24.6204 24.215 21.8093 19.4459 16.5519 10.807 10.0791 13.9394 12.9134
internal_count=76799 75438 38632 11620 27012 8927 22323 19496 17494 12330 875 834 11167 36806
is_linear=0
shrinkage=0.02


Tree=311
num_leaves=15
num_cat=0
split_feature=50 18 11 55 57 46 46 11 64 54 23 27 57 11
split_gain=1.1618 1.26182 1.20144 1.13944 0.984394 0.982014 1.17223 0.890934 0.660065 0.608953 0.600285 0.469525 0.409864 0.394634
threshold=0.033548770472407348 0.9967479705810548 6.5000000000000009 0.62828946113586437 1.0002314448356631 0.99671593308448803 0.46569511294364935 1.0000000180025095e-35 1.0000000180025095e-35 0.99665832519531261 0.98750001192092907 0.66145834326744091 -3.1895459890365596 19.500000000000004
decision_type=2 2 2 2 2 2 2 2 2 2 2 2 2 2
left_child=1 11 3 -2 5 6 -3 -8 -5 10 12 -1 -9 -4
right_child=2 4 13 8 -6 -7 7 9 -10 -11 -12 -13 -14 -15
leaf_value=0 0 0 -0.0037157630559020399 0.0091579929577656049 0.00055998351577425936 0 0 0 0 0 0 0.003892125659765783 -0.010563129326061209 0.00081322680702119305
leaf_weight=10.64892359020587 1.3899578331793261 1.8913013002147696 3.7108310124563095 10.923344908916985 3.2945578284707144 4.6987192107762885 0.96969112415536329 2.9981639968123224 0.98982132219498531 0.55288018318242294 1.0724785885831796 8.0681888183271422 18.832701562255803 8.0756891742485077
leaf_count=8749 2087 5657 4108 2874 411 1997 116 7695 1142 1385 1325 2054 32128 5071
internal_value=0 -0.00164222 0.00307197 0.00621173 -0.00389326 -0.00517145 -0.00650426 -0.00773124 0.00809442 -0.008566 -0.00910377 0.00125419 -0.0097103 0
internal_weight=78.1173 53.0276 25.0896 13.3031 34.3105 31.0159 26.3172 24.4259 11.9132 23.4562 22.9033 18.7171 21.8309 11.7865
internal_count=76799 61517 15282 6103 50714 50303 48306 42649 4016 42533 41148 10803 39823 9179
is_linear=0
shrinkage=0.02


Tree=312
num_leaves=15
num_cat=0
split_feature=50 18 0 57 47 46 55 18 48 27 37 41 57 35
split_gain=1.32757 1.17345 0.985259 0.980799 0.961161 1.23578 0.743203 0.779156 0.810312 0.480431 0.44553 0.463789 0.419088 0.408887
threshold=0.033548770472407348 0.9967479705810548 -20.499999999999996 1.0002314448356631 286.50000000000006 0.46569511294364935 0.68301436305046093 0.99479845166206371 0.99249061942100536 0.66145834326744091 0.97361111640930187 0.38194444775581365 -3.1158279180526729 0.059027777984738357
decision_type=2 2 2 2 2 2 2 2 2 2 2 2 2 2
left_child=1 9 -2 4 5 -3 -4 -8 10 -1 11 -9 -13 -7
right_child=2 3 6 -5 -6 13 7 8 -10 -11 -12 12 -14 -15
leaf_value=-7.7668459773242172e-05 -0.00099463475955862226 0 0 0.00055082029721141004 0 0 0 0 0 0.0038105064421051944 0 0 0.010304494519587305 -0.0087610575170468993
leaf_weight=10.718930846624064 3.1546778987890347 1.8606002661058543 3.0061321902467197 3.2845084183863937 9.1162357761336335 0.33679666416401488 0.88183930892047158 1.459936767078031 1.7275500538980839 8.0139670839180308 0.72413976262214497 0.6076414996532663 13.665366282028103 19.840711998038387
leaf_count=8749 3404 5655 4866 411 6495 317 140 443 462 2054 281 1101 4585 37836
internal_value=0 -0.00175445 0.00327574 -0.00389496 -0.00516501 -0.00694928 0.0050105 0.00627735 0.00729109 0.00100395 0.00841979 0.00899947 0.00976061 -0.00835386
internal_weight=78.399 53.1718 25.2273 34.4389 31.1543 22.0381 22.0726 19.0665 18.1846 18.7329 16.4571 15.7329 14.273 20.1775
internal_count=76799 61517 15282 50714 50303 43808 11878 7012 6872 10803 6410 6129 5686 38153
is_linear=0
shrinkage=0.02


Tree=313
num_leaves=15
num_cat=0
split_feature=50 11 55 18 48 47 11 64 28 20 11 11 18 43
split_gain=1.75248 1.55454 1.32132 1.23349 0.922194 1.34483 0.945026 0.781386 0.677149 0.467418 0.388932 0.582533 0.387797 0.402859
threshold=0.033548770472407348 6.5000000000000009 0.62828946113586437 0.9967479705810548 0.52192106842994701 286.50000000000006 1.0000000180025095e-35 1.0000000180025095e-35 0.9975639581680299 0.96985355019569408 19.500000000000004 20.500000000000004 0.99479845166206371 0.32916666567325598
decision_type=2 2 2 2 2 2 2 2 2 2 2 2 2 2
left_child=3 2 -2 9 -5 6 -6 12 -8 -1 -3 -12 -4 -14
right_child=1 10 7 4 5 -7 8 -9 -10 -11 11 -13 13 -15
leaf_value=-0.00058366574051596314 0 -0.0037052676519120911 0 5.2871029213577239e-05 0 0 -0.010852415601542861 0 0 0.0033287968776022359 0.0044351163976113928 -0.0010243189760805618 0 0.01123100205623162
leaf_weight=7.5814539866087243 1.3849906548748574 3.6897221595195324 0.54893987535251376 3.5480042327340007 1.3848529910083076 9.426768432088009 12.329811886853804 0.98768539122465959 8.0756842589903499 11.074101234890803 4.7438625015715825 3.3143397614594505 0.24264754999603511 10.713960428296557
leaf_count=7148 2087 4108 47 7868 148 6427 26061 1142 10210 3655 1606 3465 33 2794
internal_value=0 0.00373521 0.0071823 -0.00201695 -0.00415466 -0.00533995 -0.00751906 0.00907546 -0.0085549 0.00084404 0 0.000765046 0.0101809 0.0107451
internal_weight=79.0468 25.6261 13.8782 53.4207 34.7651 31.2171 21.7903 12.4932 20.4055 18.6556 11.7479 8.0582 11.5055 10.9566
internal_count=76799 15282 6103 61517 50714 42846 36419 4016 36271 10803 9179 5071 2874 2827
is_linear=0
shrinkage=0.02


Tree=314
num_leaves=15
num_cat=0
split_feature=41 54 6 57 33 11 49 54 57 62 6 62 64 32
split_gain=1.47479 1.89044 0.895529 1.5103 0.880863 1.12978 1.01683 0.751487 0.670819 0.604032 0.597364 0.516037 0.452923 0.442131
threshold=0.86805555224418651 0.049673723056912429 0.41587489843368536 2.0066758394241337 0.43303571641445165 6.5000000000000009 291.50000000000006 0.99665832519531261 1.1973950862884524 0.96651786565780651 2.0985386371612553 0.6700892746448518 1.0000000180025095e-35 0.96761861443519603
decision_type=2 2 2 2 2 2 2 2 2 2 2 2 2 2
left_child=1 8 13 7 -2 6 10 -4 9 -1 11 -6 -13 -3
right_child=4 2 3 -5 5 -7 -8 -9 -10 -11 -12 12 -14 -15
leaf_value=-0.008898363270649863 0 0 -0.009085062695857949 0.0017164486047294705 0 0 0 0 0 0 0 0.012223220639605386 0 0.0031731909074224868
leaf_weight=11.01802308049127 2.6326968284274725 12.825261571157169 6.0526747124313243 2.5073581809683674 0.46989877115174472 3.3060382422117973 2.1235936843595473 0.7404024300049058 0.52294953479577166 0.45442506100062097 0.65393291709006085 8.172429603874658 0.82258260644084735 26.212681844248436
leaf_count=48302 1897 4115 258 876 1029 2107 984 640 45 439 168 1438 681 13820
internal_value=0 -0.00154423 0 -0.00350841 0.00412922 0.0058879 0.00800679 -0.00750431 -0.00694703 -0.00800958 0.0097888 0.0106836 0.0114191 0.00185003
internal_weight=78.5149 60.3338 48.3384 9.30044 18.1812 15.5485 12.2424 6.79308 11.9954 11.4724 10.1188 9.46491 8.99501 39.0379
internal_count=76799 68495 19709 1774 8304 6407 4300 898 48786 48741 3316 3148 2119 17935
is_linear=0
shrinkage=0.02


Tree=315
num_leaves=15
num_cat=0
split_feature=50 58 0 55 48 6 62 64 47 57 20 41 33 36
split_gain=1.6018 1.23036 1.07399 1.14551 0.938023 0.796975 0.717485 0.655563 0.561062 0.477055 0.475273 0.353232 0.39108 0.351911
threshold=0.033548770472407348 0.22795174270868304 -6.4999999999999991 0.62828946113586437 0.73676425218582164 0.41587489843368536 0.62991073727607738 1.0000000180025095e-35 52.500000000000007 1.1973950862884524 0.99667221307754528 0.43303571641445165 0.94722220301628124 0.99668323993682872
decision_type=2 2 2 2 2 2 2 2 2 2 2 2 2 2
left_child=1 8 -2 -4 6 -6 -3 11 -1 10 -7 -5 -13 -8
right_child=2 4 3 7 5 9 13 -9 -10 -11 -12 12 -14 -15
leaf_value=0 0 -0.00049267146069015917 0 0 0 0 0.0057290241851193618 0 -0.0077174770140365345 0 -0.0088493298788232151 0.010374834652037954 0 0
leaf_weight=0.80037738114515278 11.244982473133406 1.4432056908540314 1.3845119387588045 0.38699885404821266 21.812062696705201 0.68012333411752379 12.258403523124796 1.2073067911514961 8.7935119122785164 0.90642454187036481 4.0910319533250004 10.321018549055221 0.85686311699646545 2.4585683759432859
leaf_count=2871 9141 4524 2078 135 15492 55 5609 1170 29615 111 266 2482 276 2974
internal_value=0 -0.00192863 0.00358587 0.00632442 0 -0.00221245 0.00298516 0.00812239 -0.00656979 -0.00620183 -0.0075918 0.00918632 0.00969318 0.00475649
internal_weight=78.6454 53.2437 25.4017 14.1567 43.6498 27.4896 16.1602 12.7722 9.59389 5.67758 4.77116 11.5649 11.1779 14.717
internal_count=76799 61517 15282 6141 29031 15924 13107 4063 32486 432 321 2893 2758 8583
is_linear=0
shrinkage=0.02


Tree=316
num_leaves=15
num_cat=0
split_feature=57 35 56 54 8 46 47 42 23 57 39 49 52 54
split_gain=1.82972 1.75513 1.50955 1.12608 1.45474 0.874457 0.795 0.792052 0.772532 0.636901 0.567379 0.540891 0.5197 0.446021
threshold=2.0066758394241337 0.55902779102325451 0.82843136787414562 0.99727407097816478 0.75000000000000011 0.46569511294364935 302.50000000000006 0.87083333730697643 0.52638888359069835 -2.6037787199020381 0.89087301492691051 295.50000000000006 -0.056510457769036286 0.98973765969276439
decision_type=2 2 2 2 2 2 2 2 2 2 2 2 2 2
left_child=1 5 6 4 -4 -1 7 -3 -9 -10 -11 12 -6 -7
right_child=-2 2 3 -5 11 13 -8 8 9 10 -12 -13 -14 -15
leaf_value=0 0.0069368566180950551 0 0 0.0025815119896241772 0 -0.008591504141567485 0 0 0 0.010241702327918907 0 0 -0.010021206979506203 0
leaf_weight=6.4163673018747458 6.0741754660284633 3.2666072536258133 12.649760100078314 2.9202160012500817 0.69305336526667716 10.971111077980364 5.2930265208742631 1.5519708553429179 5.7209407238738192 10.826054496754287 1.6057542750681921 2.1947571268465262 8.4990225079836801 0.43686967754911243
leaf_count=10100 1259 5040 7330 2429 94 29889 4408 588 7573 4931 1734 191 554 679
internal_value=0 -0.00113303 0.000322761 -0.0022112 -0.00421098 -0.00567089 0.00354942 0.00504315 0.00635676 0.0074288 0.00919485 -0.00784724 -0.00912622 -0.00789748
internal_weight=79.1197 73.0455 55.2212 26.9568 24.0366 17.8243 28.2644 22.9713 19.7047 18.1527 12.4318 11.3868 9.19208 11.408
internal_count=76799 75540 34872 10598 8169 40668 24274 19866 14826 14238 6665 839 648 30568
is_linear=0
shrinkage=0.02


Tree=317
num_leaves=15
num_cat=0
split_feature=41 54 43 11 33 6 57 54 57 62 32 38 27 46
split_gain=1.92892 1.84445 1.17427 1.26387 1.13188 1.04755 1.6394 0.800574 0.661447 0.612519 0.489593 0.453132 0.432387 0.406988
threshold=0.86805555224418651 0.049673723056912429 0.82321429252624523 6.5000000000000009 0.42678572237491613 0.41587489843368536 2.0066758394241337 0.99665832519531261 1.1973950862884524 0.96651786565780651 0.96761861443519603 0.95553359389305126 0.55902779102325451 0.98919337987899791
decision_type=2 2 2 2 2 2 2 2 2 2 2 2 2 2
left_child=1 8 3 4 -2 10 7 -7 9 -1 11 -3 -12 -13
right_child=2 5 -4 -5 -6 6 -8 -9 -10 -11 12 13 -14 -15
leaf_value=-0.0090179560230294019 0 0.0015049519281447961 0 0 0.01134704853044948 -0.0095663378687452869 0.0016409980047161058 0 0 0 0 -0.0052384629070880212 0.0042261674260715204 0
leaf_weight=10.944758494472802 1.2975136226332349 6.5685307446656207 6.626167767480637 2.2973334935468293 8.4370992998756247 6.3889556422473088 2.4695489306413947 0.73715288145649527 0.50798785714141637 0.44376359015950662 4.4884848714355057 4.4176405167381745 21.723526667889018 2.0496088427571522
leaf_count=48302 755 2301 4217 1340 1992 258 876 640 45 439 1821 1235 11999 579
internal_value=0 -0.00176892 0.00467013 0.00735414 0.00957694 0 -0.0040692 -0.00800437 -0.00708945 -0.00812632 0.00176593 0 0.00319986 -0.00334318
internal_weight=79.3981 60.74 18.6581 12.0319 9.73461 48.8434 9.59566 7.12611 11.8965 11.3885 39.2478 13.0358 26.212 6.46725
internal_count=76799 68495 8304 4087 2747 19709 1774 898 48786 48741 17935 4115 13820 1814
is_linear=0
shrinkage=0.02


Tree=318
num_leaves=15
num_cat=0
split_feature=50 58 11 55 48 64 21 6 62 11 39 18 41 11
split_gain=1.91663 1.63441 1.605 1.32502 1.10621 0.826833 0.806105 0.717469 0.660837 0.720266 0.457496 0.411379 0.429422 0.388697
threshold=0.033548770472407348 0.22795174270868304 6.5000000000000009 0.62828946113586437 0.73676425218582164 1.0000000180025095e-35 0.47048610448837286 0.41587489843368536 0.96651786565780651 1.0000000180025095e-35 0.55277779698371898 0.99479845166206371 0.43303571641445165 19.500000000000004
decision_type=2 2 2 2 2 2 2 2 2 2 2 2 2 2
left_child=1 8 3 -2 6 11 -3 -6 9 -1 -9 -5 -13 -4
right_child=2 4 13 5 7 -7 -8 10 -10 -11 -12 12 -14 -15
leaf_value=0 0 0 -0.0037001273558309885 0 0 0 0.0058177890203106424 0 0 -0.0097032182279928846 -0.0074258284572175579 0 0.011504102097198344 0.00081430296277470939
leaf_weight=0.50204799729362726 1.3582052096071517 6.0934779349813679 3.6299693049577382 0.54018948716111204 21.517905528324267 0.9865404424635934 10.146537055853058 0.88855974668695026 0.86783799449403964 8.6591455536267841 4.8701868978077982 0.39124350160454824 10.662800482639794 7.9974243341489455
leaf_count=87 2087 5808 4108 47 15492 1142 7299 84 507 31892 348 134 2693 5071
internal_value=0 -0.00210445 0.00391248 0.00738026 0 0.00923657 0.00333132 -0.00232051 -0.0073578 -0.00856741 -0.00607944 0.0103744 0.0109527 0
internal_weight=79.1121 53.5457 25.5664 13.939 43.5167 12.5808 16.24 27.2767 10.029 9.16119 5.75875 11.5942 11.054 11.6274
internal_count=76799 61517 15282 6103 29031 4016 13107 15924 32486 31979 432 2874 2827 9179
is_linear=0
shrinkage=0.02


Tree=319
num_leaves=15
num_cat=0
split_feature=50 11 18 55 57 47 44 11 64 57 27 27 52 18
split_gain=2.39418 1.84726 1.77494 1.44024 1.26 1.45302 1.42514 1.15077 0.891909 0.653925 0.623441 0.543272 0.545142 0.443752
threshold=0.033548770472407348 6.5000000000000009 0.9967479705810548 0.62828946113586437 1.0002314448356631 286.50000000000006 0.47299727797508245 1.0000000180025095e-35 1.0000000180025095e-35 -3.0967580080032344 0.66145834326744091 0.98750001192092907 -0.045997999608516686 0.99479845166206371
decision_type=2 2 2 2 2 2 2 2 2 2 2 2 2 2
left_child=2 3 10 -2 5 6 -4 -8 13 -9 -1 12 -11 -5
right_child=1 -3 4 8 -6 -7 7 9 -10 11 -12 -13 -14 -15
leaf_value=-0.00022444656012575139 0 0 0 0 0.00061064311378647039 0 0 0 0 0 0.0043510344065262685 0 -0.013431969577340871 0.011575245145069161
leaf_weight=10.480707899459505 1.3561242773089386 11.576007940630459 1.8946927657471011 0.54044068386064914 3.2332404465778373 8.9582630313902865 0.92477856596997554 3.5043278176313022 0.98340397558604387 1.930448713847922 8.3196349345644176 0.59990877268637532 14.132946756694748 11.444537148827292
leaf_count=8749 2087 9179 5776 47 411 6495 88 10555 1142 6819 2054 739 19831 2827
internal_value=0 0.00434823 -0.00234604 0.00798882 -0.00487905 -0.00621487 -0.00833938 -0.00972255 0.00984916 -0.0107093 0.0012687 -0.0119468 -0.0124845 0.0109919
internal_weight=79.8795 25.9005 53.9789 14.3245 35.1786 31.9454 22.9871 21.0924 12.9684 20.1676 18.8003 16.6633 16.0634 11.985
internal_count=76799 15282 61517 6103 50714 50303 43808 38032 4016 37944 10803 27389 26650 2874
is_linear=0
shrinkage=0.02


Tree=320
num_leaves=15
num_cat=0
split_feature=50 58 33 47 46 48 21 47 18 47 0 52 50 49
split_gain=1.64401 1.49756 1.10316 0.95271 1.01081 0.883238 0.724446 0.598465 0.561923 0.969062 0.616013 0.564886 0.464143 0.377779
threshold=0.033548770472407348 0.22795174270868304 0.60357144474983226 172.50000000000003 0.9922829568386079 0.73676425218582164 0.47048610448837286 52.500000000000007 0.99643492698669445 284.50000000000006 -5.4999999999999991 -0.045997999608516686 0.27022856473922735 209.50000000000003
decision_type=2 2 2 2 2 2 2 2 2 2 2 2 2 2
left_child=1 7 -2 -4 12 6 -3 -1 -7 10 -10 -12 -5 -9
right_child=2 5 3 4 -6 8 -8 13 9 -11 11 -13 -14 -15
leaf_value=0 0 0 0 0.010742036474372517 0 0 0.0054173079460988569 -0.0093883735563510522 0 0 0 -0.010530821510806681 0 0
leaf_weight=0.78496083868549149 10.056015504436347 6.0794537311358026 3.9973395429287839 8.9405297417097209 1.4424476228155061 7.6087593039287666 10.071886701188303 6.8420031756559165 7.1200412276180067 7.5865730520404204 0.63273934687003919 4.0625300196406879 0.91838950400915642 2.149416802493306
leaf_count=2871 7508 5808 3332 3362 669 2240 7299 25489 6742 4611 550 1781 411 4126
internal_value=0 -0.00196116 0.00363313 0.00624027 0.00826251 0 0.0030206 -0.00703193 -0.00204376 -0.00372748 -0.00633229 -0.00925085 0.00990419 -0.00817587
internal_weight=78.2931 52.9384 25.3547 15.2987 11.3014 43.162 16.1513 9.77638 27.0106 19.4019 11.8153 4.69527 9.85892 8.99142
internal_count=76799 61517 15282 7774 4442 29031 13107 32486 15924 13684 9073 2331 3773 29615
is_linear=0
shrinkage=0.02


Tree=321
num_leaves=15
num_cat=0
split_feature=50 58 11 55 64 49 41 62 11 5 0 46 18 53
split_gain=1.27991 1.50024 1.27878 1.15829 0.732432 0.708721 0.633375 0.622037 0.668961 0.579385 0.503548 0.720608 0.924982 0.482769
threshold=0.033548770472407348 0.22795174270868304 6.5000000000000009 0.62828946113586437 1.0000000180025095e-35 176.50000000000003 0.18303571641445163 0.96651786565780651 1.0000000180025095e-35 3.6031000614166264 -5.4999999999999991 0.99683043360710155 0.99643492698669445 4.2241942882537851
decision_type=2 2 2 2 2 2 2 2 2 2 2 2 2 2
left_child=1 7 3 -2 -5 6 -3 8 -1 -8 -7 12 -12 -14
right_child=2 5 -4 4 -6 10 9 -9 -10 -11 11 -13 13 -15
leaf_value=0 0 0 0 0.0094091853863557274 0 0 0.0063615621697752098 0 -0.0092198180869486248 0 0 0 -0.0092659255085888355 0
leaf_weight=0.49526387625519142 1.3560752677944972 4.8390770747914784 11.643103124197749 11.076970044488913 0.98471033545138276 13.392658276708062 9.6728456203109072 0.85476237701641444 8.2444538968297802 1.8388819634888012 2.9966296982297527 2.9268484578301477 6.3548621858258221 0.8377154226782294
leaf_count=87 2087 4725 9179 2874 1142 12273 6384 507 31892 500 789 593 3499 268
internal_value=0 -0.00173688 0.0032209 0.00642979 0.00828188 0 0.00284978 -0.00685353 -0.00808268 0.00489184 -0.00167356 -0.00383123 -0.00582636 -0.00819655
internal_weight=77.5149 52.454 25.0609 13.4178 12.0617 42.8595 16.3508 9.59448 8.73972 11.5117 26.5087 13.1161 10.1892 7.19258
internal_count=76799 61517 15282 6103 4016 29031 11609 32486 31979 6884 17422 5149 4556 3767
is_linear=0
shrinkage=0.02


Tree=322
num_leaves=15
num_cat=0
split_feature=35 8 53 57 41 41 42 25 33 46 53 57 26 31
split_gain=1.0206 1.7738 1.59881 1.50047 0.944574 0.917806 0.695594 0.684608 0.819798 0.637651 0.545909 0.531274 0.507092 0.441249
threshold=0.67083334922790538 0.75000000000000011 5.2272062301635751 1.1973950862884524 0.55277779698371898 0.57321429252624523 0.79285714030265819 0.89642855525016796 0.36805555224418646 0.46569511294364935 3.969574093818665 -3.1158279180526729 0.99466660618782055 0.52638888359069835
decision_type=2 2 2 2 2 2 2 2 2 2 2 2 2 2
left_child=3 4 5 9 -2 -3 -6 8 -8 -1 12 -10 -11 -13
right_child=1 2 -4 -5 6 -7 7 -9 11 10 -12 13 -14 -15
leaf_value=0 0 0 0.0027424009501378736 0.0022368659332295568 0 -0.0083341210849566614 0 0 0 -0.0085350038500633281 0 0 0 0.0094544705741352805
leaf_weight=6.3233456459124744 6.5100380950880199 3.0873338344199501 3.6557049686380187 5.3594172897737726 2.1766514421410674 8.1624523315022071 1.7034959038733237 2.1200065808193349 2.1168285664753155 13.181676926482846 0.70925728904876528 0.81194926757597841 1.4813762613289334 19.652753823292642
leaf_count=10868 7903 255 1907 818 1911 829 1656 1877 2995 34070 677 639 1480 8914
internal_value=0 0.00163673 -0.00240441 -0.00273936 0.00418036 -0.00613114 0.00559387 0.00645442 0.00729628 -0.00525987 -0.00684737 0.00820894 -0.00764864 0.00896203
internal_weight=77.0523 49.9972 14.9055 27.0551 35.0917 11.2498 28.5817 26.405 24.285 21.6957 15.3723 22.5815 14.6631 20.4647
internal_count=76799 28886 2991 47913 25895 1084 17992 16081 14204 47095 36227 12548 35550 9553
is_linear=0
shrinkage=0.02


Tree=323
num_leaves=15
num_cat=0
split_feature=62 18 57 61 45 7 53 11 53 58 57 62 55 7
split_gain=1.0719 1.39912 0.986062 1.77225 1.86476 1.06511 0.933026 0.78267 0.757917 0.6212 0.439314 0.252973 0.239002 0.206162
threshold=0.6700892746448518 0.9967479705810548 1.6713425517082217 0.98750001192092907 296.50000000000006 4.8703753948211679 -0.79740718007087696 3.5000000000000004 -1.5711469650268552 0.90247958898544323 1.0900107622146609 0.97048610448837291 0.47213622927665716 -2.2499008178710933
decision_type=2 2 2 2 2 2 2 2 2 2 2 2 2 2
left_child=8 7 3 6 5 10 11 9 -1 -2 -5 -3 -11 -8
right_child=1 2 -4 4 -6 -7 13 -9 -10 12 -12 -13 -14 -15
leaf_value=-0.0069604210205041588 0 -0.0041405630378837516 0.0038079355213780923 -0.013472362452808133 0 0 0 0 0 0 0 0 0.0080548641069107044 0.0033968052587349151
leaf_weight=6.5084080022970721 0.62971231961637464 8.2991973870225557 5.4288946772321642 5.5861549660694418 3.2562721905505896 0.85022232061055536 2.1692205676063159 7.738617862411501 2.9216475814091609 0.23368920947359662 1.4409444380871717 0.59132426507676505 12.737854138424153 18.529867638246294
leaf_count=37166 41 12587 1239 461 517 759 2199 2349 3027 271 50 86 2725 13322
internal_value=0 0.00101985 -0.000507093 -0.00218513 -0.00718745 -0.010635 0 0.00469035 -0.0046239 0.00674238 -0.012261 -0.00318408 0.00770291 0.00276722
internal_weight=76.922 67.492 46.1521 40.7232 11.1336 7.87732 29.5896 21.3399 9.43006 13.6013 7.0271 8.89052 12.9715 20.6991
internal_count=76799 36606 31220 29981 1787 1270 28194 5386 40193 3037 511 12673 2996 15521
is_linear=0
shrinkage=0.02


Tree=324
num_leaves=15
num_cat=0
split_feature=62 8 53 25 35 55 53 11 41 57 31 12 49 36
split_gain=1.07808 1.21471 2.60242 1.36051 1.32766 0.822853 0.746232 0.564256 0.959127 0.50654 0.540904 0.389612 0.331115 0.211125
threshold=0.6700892746448518 0.75000000000000011 4.6326708793640146 0.48611110448837286 0.83854165673255932 0.59545454382896434 -1.5711469650268552 1.0000000180025095e-35 0.57321429252624523 -2.5789315700531001 0.84687501192092907 13.500000000000002 293.50000000000006 0.91768920421600353
decision_type=2 2 2 2 2 2 2 2 2 2 2 2 2 2
left_child=6 4 3 -3 13 -6 -1 -5 -9 -7 -11 12 -10 -2
right_child=1 2 -4 7 5 9 -8 8 11 10 -12 -13 -14 -15
leaf_value=-0.0069612270560671938 -0.0011584315131620466 0 0.0046618949822564209 0 0 0 0 0 -0.012955931006106279 0.0111293976686067 0 0 0 0.0014304060979879901
leaf_weight=6.4563323725692481 12.041364986241204 2.3193263256398522 5.5744202194046002 0.94572267214607464 2.1248576983361991 1.965961309364501 2.9014299909395049 3.3277885288262032 6.7242615636987431 7.1167266169395571 1.0167570862176942 0.81780255885678421 1.7263214011145462 21.785667196147642
leaf_count=37166 9128 855 3153 46 1533 3039 3027 214 470 1672 165 37 144 16150
internal_value=0 0.001021 -0.00181979 -0.00613999 0.00297445 0.00721386 -0.00464926 -0.00827335 -0.0091252 0.00881789 0.010062 -0.0111304 -0.0118545 0
internal_weight=76.8447 67.487 21.4356 15.8612 46.0513 12.2243 9.35776 13.5419 12.5962 10.0994 8.13348 9.26839 8.45058 33.827
internal_count=76799 36606 4919 1766 31687 6409 40193 911 865 4876 1837 651 614 25278
is_linear=0
shrinkage=0.02


Tree=325
num_leaves=15
num_cat=0
split_feature=62 18 17 53 17 53 11 44 53 43 6 40 37 45
split_gain=0.985719 1.07333 1.30229 0.803153 0.958104 0.71513 0.631635 0.604475 0.593468 0.571649 0.46102 0.42187 0.291638 0.272456
threshold=0.6700892746448518 0.99926361441612255 3.5000000000000004 -0.49503451585769648 20.500000000000004 -1.5711469650268552 3.5000000000000004 0.9954163432121278 3.969574093818665 0.85912698507308971 -5.6912610530853263 0.44722221791744238 0.98750001192092907 361.50000000000006
decision_type=2 2 2 2 2 2 2 2 2 2 2 2 2 2
left_child=5 6 8 11 7 -1 9 12 -3 10 -2 -4 13 -5
right_child=1 2 3 4 -6 -7 -8 -9 -10 -11 -12 -13 -14 -15
leaf_value=-0.0067478899037988881 0 -0.0074166990155084891 0 0.0067836135059687911 -0.00099528248323533337 0 0 0 0 0 0.0073114673581161672 -0.0042216242884750444 0 0
leaf_weight=6.3731471033693179 0.47246389958309265 6.5645705595597965 1.5075691789943437 17.214965052753556 4.0359595852060002 2.8995988254646363 8.0474496241927209 2.364011740712157 0.88253957670622174 2.8152850034321082 14.588282581635214 6.4658474308348559 0.66684165114747784 0.95521935566830407
leaf_count=37166 18 2971 1883 8286 4055 3027 2441 1197 1454 810 3103 9560 286 542
internal_value=0 0.000985113 -0.000510145 0.000781413 0.00291844 -0.00445442 0.00385129 0.00478939 -0.00593428 0.00545777 0.00662975 -0.00218126 0.00586475 0.00631991
internal_weight=75.8538 66.581 40.6575 33.2104 25.237 9.27275 25.9235 21.201 7.44711 17.876 15.0607 7.97342 18.837 18.1702
internal_count=76799 36606 30234 25809 14366 40193 6372 10311 4425 3931 3121 11443 9114 8828
is_linear=0
shrinkage=0.02


Tree=326
num_leaves=15
num_cat=0
split_feature=62 18 17 53 17 53 44 53 18 43 35 37 58 45
split_gain=0.976565 0.917055 1.18614 0.737796 0.954388 0.689888 0.596682 0.562308 0.475537 0.537386 0.314113 0.291185 0.284175 0.269138
threshold=0.6700892746448518 0.99926361441612255 3.5000000000000004 -0.49503451585769648 20.500000000000004 -1.5711469650268552 0.9954163432121278 3.969574093818665 0.99493667483329784 0.82321429252624523 0.64087301492691051 0.98750001192092907 0.22795174270868304 361.50000000000006
decision_type=2 2 2 2 2 2 2 2 2 2 2 2 2 2
left_child=5 8 7 12 6 -1 11 -3 -2 10 -10 13 -4 -5
right_child=1 2 3 4 -6 -7 -8 -9 9 -11 -12 -13 -14 -15
leaf_value=-0.0066853467720122441 0 -0.0070939375526540864 -0.0038729847571635756 0.0067473737877475782 -0.001019052097472698 0 0 0 0 0 0.0074140257374328625 0 0 0
leaf_weight=6.3282898663992437 10.459145562575943 6.4546076974165763 4.3437590584644559 17.161899043108875 4.0295538982136341 2.8792128652958127 2.3533349176250331 0.88125969644079294 1.3856238038729305 3.3585724453259891 10.510817358480379 0.66675611663958889 3.5438943727813239 0.95335934537069889
leaf_count=37166 3747 2971 7316 8286 4055 3027 1197 1454 390 953 1282 286 4127 542
internal_value=0 0.000984741 -0.000355659 0.000840344 0.00288069 -0.00444159 0.00475902 -0.00561613 0.00363272 0.00528637 0.00665492 0.00582863 -0.00194786 0.00628589
internal_weight=75.3101 66.1026 40.3884 33.0526 25.1649 9.2075 21.1353 7.33587 25.7142 15.255 11.8964 18.782 7.88765 18.1153
internal_count=76799 36606 30234 25809 14366 40193 10311 4425 6372 2625 1672 9114 11443 8828
is_linear=0
shrinkage=0.02


Tree=327
num_leaves=15
num_cat=0
split_feature=62 18 11 53 46 17 53 53 17 11 50 23 19 23
split_gain=0.961422 0.829047 0.742629 0.983887 0.828693 0.767341 0.670136 0.594796 0.95171 0.592836 0.440682 0.422662 0.421693 0.409834
threshold=0.6700892746448518 0.9967479705810548 5.5000000000000009 4.2241942882537851 0.99683043360710155 5.5000000000000009 -1.5711469650268552 -0.053274817764759057 20.500000000000004 6.5000000000000009 -0.036494627594947808 0.98750001192092907 0.73611110448837291 0.3964285701513291
decision_type=2 2 2 2 2 2 2 2 2 2 2 2 2 2
left_child=6 9 3 4 5 10 -1 -4 12 -2 -3 -12 13 -9
right_child=1 2 7 -5 -6 -7 -8 8 -10 -11 11 -13 -14 -15
leaf_value=-0.0066239067118205224 0.0054501528897142092 0 -0.00090166880088546981 0.0007597020146307813 0 0 0 0 -0.00069026223395808768 0 -0.010860195926174418 0 0 0.0066510646927453359
leaf_weight=6.282986738474845 14.48701954034914 0.48962935497729443 9.4343773268865352 2.6588393197725955 2.9487437190819028 1.9100928961756833 2.8630239565727607 0.80655943525198814 3.7352386780548832 6.1816423114746604 6.7624097548505233 0.6608507646151337 0.59164946061901069 15.122944433496739
leaf_count=37166 3298 368 12106 1961 375 630 3027 286 3595 2088 3286 397 237 7979
internal_value=0 0.000979366 -7.79163e-05 -0.00334822 -0.00568693 -0.00759696 -0.00441521 0.00111858 0.00315008 0.00380753 -0.00925678 -0.0100408 0.00524081 0.0059608
internal_weight=74.936 65.79 45.1213 15.4306 12.7717 9.82298 9.14601 29.6908 20.2564 20.6687 7.91289 7.42326 16.5212 15.9295
internal_count=76799 36606 31220 7017 5056 4681 40193 24203 12097 5386 4051 3683 8502 8265
is_linear=0
shrinkage=0.02


Tree=328
num_leaves=15
num_cat=0
split_feature=62 0 8 53 41 27 42 53 50 37 57 41 33 29
split_gain=0.926358 0.797615 0.757493 1.60007 1.23566 0.66987 0.918164 0.643926 0.586486 0.552386 0.537302 0.518693 0.448671 0.343907
threshold=0.6700892746448518 -20.499999999999996 0.75000000000000011 4.6326708793640146 0.57321429252624523 0.61805555224418651 0.79285714030265819 -1.5711469650268552 -0.027440963312983509 0.43303571641445165 -3.1158279180526729 0.52638888359069835 0.36805555224418646 0.88194444775581371
decision_type=2 2 2 2 2 2 2 2 2 2 2 2 2 2
left_child=7 -2 5 4 -4 -3 -7 -1 -8 -6 -10 -12 -13 -14
right_child=1 2 3 -5 9 6 8 -9 10 -11 11 12 13 -15
leaf_value=-0.0065143064442126719 -0.0024814436759232178 0 0.0002531840308693676 0.0047336610582009494 0 0 0 0 0 -0.0082306135790374841 0 0 0.010014756220540291 0
leaf_weight=6.2193409091153153 8.148436487720117 11.53454094978906 4.0311851882065666 5.4872939694105289 0.7027098295570785 2.5358031230143778 2.0825580321052284 2.8473336214001392 2.7230282732707591 8.8648184694102365 1.7384586957446142 1.5779661268197767 14.986443104928641 1.1979035539270615
leaf_count=37166 8665 7921 819 3152 194 1642 1894 3027 4014 659 903 867 4829 1047
internal_value=0 0.000961553 0.00213161 0 -0.0041818 0.00362385 0.00505231 -0.00434561 0.00627094 -0.00717866 0.00708199 0.00796355 0.00873208 0.00944351
internal_weight=74.6778 65.6111 57.4627 19.086 13.5987 38.3767 26.8422 9.06667 24.3064 9.56753 22.2238 19.5008 17.7623 16.1843
internal_count=76799 36606 27941 4824 1672 23117 15196 40193 13554 853 11660 7646 6743 5876
is_linear=0
shrinkage=0.02


Tree=329
num_leaves=15
num_cat=0
split_feature=62 0 64 32 58 53 43 25 48 32 59 43 55 47
split_gain=0.885104 0.781529 0.912098 0.970849 0.874957 0.632874 0.526556 0.536411 0.436816 0.446005 0.271569 0.299725 0.277193 0.248361
threshold=0.6700892746448518 -20.499999999999996 1.0000000180025095e-35 0.99291408061981212 0.050169449299573905 -1.5711469650268552 0.88194444775581371 0.93303570151329052 0.99591001868247997 0.91507610678672802 0.70714285969734203 0.18303571641445163 0.47213622927665716 271.50000000000006
decision_type=2 2 2 2 2 2 2 2 2 2 2 2 2 2
left_child=5 -2 3 4 -3 -1 7 8 9 -6 -11 -12 -13 -5
right_child=1 2 -4 13 6 -7 -8 -9 -10 10 11 12 -14 -15
leaf_value=-0.0064229866128230504 -0.0024618509544115891 0 -0.0022620328647890947 -0.002578617457550328 0 0 0 0 0 0 0 0 0.009119547618845588 0.0006680894153693411
leaf_weight=6.1649591467805731 8.1299522973790754 2.4031537037440094 3.7708724477752176 7.1374718693118648 3.1035177269395744 2.8409373921113001 4.1345388186682603 1.8151818826845545 1.2391499774821557 5.2590083052314212 0.73607045431754414 0.27308269791319872 22.468075993260754 4.9649483906723617
leaf_count=37166 8665 5529 3264 3798 1480 3027 1596 718 248 3933 106 425 5240 1604
internal_value=0 0.000940516 0.00210518 0.00313439 0.0045053 -0.00425633 0.00538155 0.00607015 0.00662337 0.00705459 0.00768645 0.00853467 0.00886986 0
internal_weight=74.4409 65.435 57.3051 53.5342 41.4318 9.0059 39.0286 34.8941 33.0789 31.8398 28.7362 23.4772 22.7412 12.1024
internal_count=76799 36606 27941 24677 19275 40193 13746 12150 11432 11184 9704 5771 5665 5402
is_linear=0
shrinkage=0.02


Tree=330
num_leaves=15
num_cat=0
split_feature=62 56 23 48 47 50 57 50 6 58 51 59 11 32
split_gain=0.857008 0.883655 1.09207 0.960232 0.828525 0.912668 0.755477 0.681611 0.632787 0.626072 0.501962 0.454501 0.382236 0.382212
threshold=0.6700892746448518 0.71008405089378368 0.61805555224418651 0.82250541448593151 296.50000000000006 0.043354818597435958 1.0900107622146609 -0.013138817623257635 2.8736087083816533 0.92962318658828746 -0.01875081472098827 0.88194444775581371 1.0000000180025095e-35 0.99124085903167736
decision_type=2 2 2 2 2 2 2 2 2 2 2 2 2 2
left_child=13 2 -2 9 5 6 8 -4 11 10 -3 -5 -13 -1
right_child=1 3 7 4 -6 -7 -8 -9 -10 -11 -12 12 -14 -15
leaf_value=-0.0055224246349757852 0 0.0023074633283456905 0 0 0.00013604066429321305 0 0 0.0077520013292127809 0 0.0045414554961442314 -0.0032881169406393206 0 -0.011966655537814168 0
leaf_weight=7.2206096198319738 5.087770773030118 2.354441857328311 2.0160757096159641 4.4641936805019249 6.7394572915172821 7.0066509172302167 1.2933575601437031 11.706680800555654 0.60286860432279432 10.974671261905312 6.9643201473750214 0.21039002503675863 5.9245401165426301 1.7528451061643862
leaf_count=35765 7639 552 2579 3588 2450 2158 118 6453 69 6167 3613 17 1203 4428
internal_value=0 0.000925741 0.00400826 -0.000121085 -0.00282124 -0.0047412 -0.00702024 0.00641018 -0.00832993 0.0020994 0 -0.00928154 -0.0113696 -0.00419278
internal_weight=74.3189 65.3454 18.8105 46.5349 26.2415 19.502 12.4953 13.7228 11.202 20.2934 9.31876 10.5991 6.13493 8.97345
internal_count=76799 36606 16671 19935 9603 7153 4995 9032 4877 10332 4165 4808 1220 40193
is_linear=0
shrinkage=0.02


Tree=331
num_leaves=15
num_cat=0
split_feature=62 56 53 23 48 52 56 53 7 58 18 29 52 58
split_gain=0.87156 1.02722 1.2419 1.18205 1.17973 1.03002 0.914613 0.647229 0.501616 0.4219 0.313711 0.312708 0.304463 0.317739
threshold=0.6700892746448518 0.71008405089378368 4.6326708793640146 0.61805555224418651 0.82250541448593151 -0.030144438147544857 0.97727271914482128 -1.5711469650268552 4.62760353088379 0.33295343816280371 0.99688959121704113 0.89087301492691051 -0.014411079231649635 0.92962318658828746
decision_type=2 2 2 2 2 2 2 2 2 2 2 2 2 2
left_child=7 3 4 -2 12 -5 -6 -1 9 -8 -11 -7 -3 -14
right_child=1 2 -4 5 6 11 8 -9 -10 10 -12 -13 13 -15
leaf_value=-0.0064400422719019532 0 0.0032691736269747293 0.0046650389346332595 0 0 0.0088669449576328514 0 0 0 0 -0.011708392736453618 0 -0.0029182035923254286 0.00093662133759730591
leaf_weight=6.13014303987711 5.0476452525917948 4.8938015952171563 5.8083272786052467 1.2635330661159994 15.728006121045839 11.832001477171154 0.846505475230514 2.8290353313514061 1.1309535147083805 1.200685324041842 4.2953974373012898 0.77946568004699734 6.5844906651150268 6.0077486074087574
leaf_count=37166 7639 1103 3264 1073 7933 6691 13 3027 74 73 168 1268 3535 3772
internal_value=0 0.000932369 -0.000241932 0.00426126 -0.00215347 0.00672303 -0.00477186 -0.00423084 -0.00853181 -0.00969535 -0.0106711 0.00831383 0.000466549 0
internal_weight=74.3777 65.4186 46.4959 18.9226 40.6876 13.875 23.2015 8.95918 7.47354 6.34259 5.49608 12.6115 17.486 12.5922
internal_count=76799 36606 19935 16671 16671 9032 8261 40193 328 254 241 7959 8410 7307
is_linear=0
shrinkage=0.02


Tree=332
num_leaves=15
num_cat=0
split_feature=50 18 47 48 37 35 11 29 29 53 51 11 8 23
split_gain=0.972353 1.19298 0.967499 1.19981 0.786422 0.691124 0.689581 0.660511 0.621754 0.602381 0.471015 0.391249 0.559735 0.369553
threshold=0.047149864956736572 0.9967479705810548 286.50000000000006 0.46627490222454077 0.77951389551162731 0.69097220897674572 1.0000000180025095e-35 0.89087301492691051 0.92678570747375499 4.2241942882537851 0.065188031643629088 20.500000000000004 0.15476191043853763 0.98750001192092907
decision_type=2 2 2 2 2 2 2 2 2 2 2 2 2 2
left_child=1 5 3 -3 -2 -1 -5 11 9 13 -7 12 -6 -8
right_child=4 2 -4 6 7 10 8 -9 -10 -11 -12 -13 -14 -15
leaf_value=-0.0005338063931524307 0 0.00025880769943152019 0 0 0 0.005572131202515168 -0.0096183432513636796 0 0 0 0 0 0.008680887599310157 0
leaf_weight=8.7971917157503885 8.2452266619170604 2.3046711841325331 9.5640888561133561 1.3667139875942691 0.86616940786233954 9.444574673786061 18.143370256404079 0.75389610045203959 2.3389953720088661 0.7969469181389276 0.84234816157413739 0.97990134638439563 9.3035740926516137 0.60982933314062293
leaf_count=8637 7237 5727 6883 159 514 1915 37709 614 1949 347 612 626 2894 976
internal_value=0 -0.0013973 -0.00360176 -0.00535432 0.0031503 0.00138766 -0.00683331 0.00555823 -0.00764533 -0.00854211 0.00431706 0.00683624 0.00764959 -0.00919684
internal_weight=74.3575 54.2087 35.1246 25.5605 20.1488 19.0841 23.2559 11.9035 21.8891 19.5501 10.2869 11.1496 10.1697 18.7532
internal_count=76799 64914 53750 46867 11885 11164 41140 4648 40981 39032 2527 4034 3408 38685
is_linear=0
shrinkage=0.02


Tree=333
num_leaves=15
num_cat=0
split_feature=50 58 37 48 18 47 21 29 53 29 46 6 46 41
split_gain=0.883885 1.08205 0.741021 0.706036 0.818053 0.994928 0.715706 0.683295 0.661397 0.640238 0.603611 0.476132 0.419491 0.40003
threshold=0.047149864956736572 0.22795174270868304 0.77951389551162731 0.78401875495910656 0.99639636278152477 284.50000000000006 0.47048610448837286 0.90312498807907116 1.3570460081100466 0.89087301492691051 0.31918984651565557 2.3578233718872075 0.79772034287452709 0.52951389551162731
decision_type=2 2 2 2 2 2 2 2 2 2 2 2 2 2
left_child=1 8 -2 6 -5 7 -3 11 10 13 -1 12 -6 -4
right_child=2 3 9 4 5 -7 -8 -9 -10 -11 -12 -13 -14 -15
leaf_value=0 0 0 0 0.0011204147591529845 0 0 0.0051229583736257947 0 0 0 -0.0082730302921239941 0 -0.0095450164963290333 0.0076600759552145816
leaf_weight=0.75667088478075761 8.2328072288394214 6.0926972017136931 1.7472506143863 7.9408043901653427 0.41554006680189637 7.3693454748326976 11.315388158903714 1.9809361260486174 0.88523074988916128 0.7541513640112506 8.3008735115586187 0.46487236381472108 8.6520793007307457 9.3208410815836924
leaf_count=3119 7237 6148 1070 2143 512 4506 9155 1288 239 614 30660 91 7053 2964
internal_value=0 -0.00133125 0.00301011 0 -0.00161313 -0.00391386 0.00282215 -0.00655074 -0.00565198 0.00536392 -0.0070839 -0.00803655 -0.00884918 0.00664428
internal_weight=74.2295 54.1744 20.0551 44.2317 26.8236 18.8828 17.4081 11.5134 9.94278 11.8222 9.05754 9.53249 9.06762 11.0681
internal_count=76799 64914 11885 30896 15593 13450 15303 8944 34018 4648 33779 7656 7565 4034
is_linear=0
shrinkage=0.02


Tree=334
num_leaves=15
num_cat=0
split_feature=62 56 23 52 54 37 61 57 47 32 45 7 33 29
split_gain=0.785006 0.997721 1.15215 1.00145 0.969853 1.3853 0.950264 0.839699 0.427059 0.357496 0.352507 0.340802 0.312333 0.345533
threshold=0.6700892746448518 0.71008405089378368 0.61805555224418651 -0.030144438147544857 0.99665832519531261 0.55902779102325451 0.86180555820465099 2.0066758394241337 444.50000000000006 0.99124085903167736 336.50000000000006 4.8703753948211679 0.30902777612209326 0.88194444775581371
decision_type=2 2 2 2 2 2 2 2 2 2 2 2 2 2
left_child=9 2 -2 -4 5 -3 -7 8 11 -1 12 -8 -5 -14
right_child=1 4 3 10 -6 6 7 -9 -10 -11 -12 -13 13 -15
leaf_value=-0.0053272950151300345 0 0.0017401371890489921 0 0 0.0042970761863515899 0 -0.0092296954798930138 0 0 0 0 0 0.010052466492704779 0
leaf_weight=7.1075452851539449 5.0810475380221787 12.207864462374344 1.2568291375355354 0.66396704198222778 4.4784805984845653 14.420933300963043 12.942924129572924 0.92660671597695987 0.46333043765480475 1.7325264616279126 1.1245238459559903 0.70869432093968576 9.9961803534356442 0.72239072189586373
leaf_count=35765 7639 3282 1073 459 4048 9726 2525 249 50 4428 1019 55 5263 1218
internal_value=0 0.000886883 0.00418156 0.0066302 -0.00026759 -0.00192203 -0.00430498 -0.00692121 -0.00811865 -0.00403092 0.0082053 -0.00869845 0.00889472 0.00944096
internal_weight=73.8338 64.9938 18.8449 13.7639 46.1488 41.6704 29.4625 15.0416 14.1149 8.84007 12.5071 13.6516 11.3825 10.7186
internal_count=76799 36606 16671 9032 19935 15887 12605 2879 2630 40193 7959 2580 6940 6481
is_linear=0
shrinkage=0.02


Tree=335
num_leaves=15
num_cat=0
split_feature=53 56 23 48 56 47 53 33 7 58 38 46 62 18
split_gain=0.766693 1.35425 1.81582 1.45468 0.930532 1.05107 0.83563 0.599677 0.525312 0.455913 0.428479 0.403409 0.380779 0.323157
threshold=4.6326708793640146 0.97727271914482128 0.52638888359069835 0.82250541448593151 0.71008405089378368 296.50000000000006 -0.95097410678863514 0.36805555224418646 4.62760353088379 0.33295343816280371 0.82971012592315685 0.99625816941261303 0.97048610448837291 0.99688959121704113
decision_type=2 2 2 2 2 2 2 2 2 2 2 2 2 2
left_child=1 2 6 -3 5 7 12 -4 9 -5 -9 -12 -1 -11
right_child=-2 3 4 8 -6 -7 -8 10 -10 13 11 -13 -14 -15
leaf_value=-0.0075604707790746578 0.004542972605080544 0 0 0 0 0 0 0 0 0 0.0097196606274060088 0 0 -0.012105490362817502
leaf_weight=7.759828393831862 5.7066585598640804 5.4354288301256002 1.6107044137800155 0.84158639144152392 23.44179468193397 3.2767352216528698 5.076955807584457 1.5379337174504115 1.1363694064420995 1.1925201892590847 11.429360757068705 0.3625204920258519 0.41437676317946159 4.4858901466068346
leaf_count=36706 3277 909 2110 13 15985 3460 2021 3037 74 73 8408 469 89 168
internal_value=0 -0.000769659 0.000325992 -0.00537076 0.00277901 0.00544631 -0.00419934 0.00729756 -0.00890189 -0.010072 0.00832302 0.00916856 -0.00674998 -0.0110708
internal_weight=73.7087 68.002 54.9102 13.0918 41.659 18.2173 13.2512 14.9405 7.65637 6.52 13.3298 11.7919 8.17421 5.67841
internal_count=76799 73522 72285 1237 33469 17484 38816 14024 328 254 11914 8877 36795 241
is_linear=0
shrinkage=0.02


Tree=336
num_leaves=15
num_cat=0
split_feature=53 56 23 48 56 47 42 53 7 61 39 62 62 55
split_gain=0.755571 1.45375 1.75168 1.497 0.892467 1.0412 0.805159 0.804973 0.538213 0.54835 0.383619 0.367665 0.359142 0.362357
threshold=4.6326708793640146 0.97727271914482128 0.52638888359069835 0.82250541448593151 0.71008405089378368 296.50000000000006 0.93095237016677868 -0.95097410678863514 4.62760353088379 0.96651786565780651 0.55277779698371898 0.97048610448837291 0.85912698507308971 0.47213622927665716
decision_type=2 2 2 2 2 2 2 2 2 2 2 2 2 2
left_child=1 2 7 -3 5 6 -4 11 9 -5 -8 -1 13 -12
right_child=-2 3 4 8 -6 -7 10 -9 -10 -11 12 -13 -14 -15
leaf_value=-0.0073859027730322395 0.0045140790839884861 0 0 0 0 0 0 0 0 -0.011527438510219756 0 0 0 0.010673243044439784
leaf_weight=7.6550106249242109 5.6848442467062332 5.4393920317706925 2.3830983563866548 1.2152172212281582 23.3748558771631 3.2732488325036675 1.2571851879133653 5.0786425830801845 1.1376369770950985 5.4105217731485027 0.51327862916514 0.41221136862714036 0.96081605176914386 9.8313303875265756
leaf_count=36706 3277 909 4789 52 15985 3460 2109 2021 74 202 2149 89 349 4628
internal_value=0 -0.000764058 0.000393101 -0.00552055 0.00279573 0.0054052 0.00724925 -0.00404973 -0.00907 -0.0102437 0.00868428 -0.00658016 0.00943286 0.0101089
internal_weight=73.6273 67.9424 54.7397 13.2028 41.5938 18.219 14.9457 13.1459 7.76338 6.62574 12.5626 8.06722 11.3054 10.3446
internal_count=76799 73522 72285 1237 33469 17484 14024 38816 328 254 9235 36795 7126 6777
is_linear=0
shrinkage=0.02


Tree=337
num_leaves=15
num_cat=0
split_feature=0 0 18 53 48 23 46 57 57 18 11 53 55 48
split_gain=0.759594 1.38694 1.09293 0.889834 0.970645 0.967204 1.24779 1.15015 1.1247 0.820805 0.545442 0.464253 0.379599 0.309501
threshold=-20.499999999999996 -19.499999999999996 0.9967479705810548 4.6326708793640146 0.46627490222454077 0.98750001192092907 0.99671593308448803 -3.0319143533706661 1.4648166298866274 0.99493667483329784 1.0000000180025095e-35 -2.4551782608032222 0.47213622927665716 0.99591001868247997
decision_type=2 2 2 2 2 2 2 2 2 2 2 2 2 2
left_child=-1 11 9 4 -4 6 7 -6 10 -3 -9 -2 -11 -13
right_child=1 2 3 -5 5 -7 -8 8 -10 12 -12 13 -14 -15
leaf_value=-0.0038176164277866731 0 0 0.00064082926825817315 0.0015638270115625971 0 0 0 0 0 0 -0.011337953916034758 0.0072740272219211323 0.0060981617701887769 0
leaf_weight=9.8408789993009105 0.68859597882419521 7.1736721754095951 2.43871000984291 3.0536681765506719 4.4287328754903745 2.2693633377939468 3.7154658416875455 0.69447347772621526 1.2665340911735246 0.53636556173842009 16.368819182200696 10.39257265213109 10.358957045279565 0.39827779316146994
leaf_count=19095 4478 6367 3948 2162 10179 1499 1451 87 94 1007 21148 3577 1649 58
internal_value=0 0.000908282 -0.000201441 -0.00257869 -0.0039824 -0.00526265 -0.00641333 -0.00793967 -0.00960327 0.00256843 -0.0107598 0.005749 0.00525244 0.00669091
internal_weight=73.6251 63.7842 52.3048 34.2358 31.1821 28.7434 26.474 22.7586 18.3298 18.069 17.0633 11.4794 10.8953 10.7909
internal_count=76799 57704 49591 40568 38406 34458 32959 31508 21329 9023 21235 8113 2656 3635
is_linear=0
shrinkage=0.02


Tree=338
num_leaves=15
num_cat=0
split_feature=33 54 51 23 56 57 32 47 46 42 57 54 11 6
split_gain=1.04371 1.13097 2.03542 1.09683 1.33028 1.04194 1.11182 1.01885 0.686055 0.686107 0.478286 0.397001 0.394311 0.339934
threshold=0.46651785075664526 0.96721947193145763 -1.0000000180025095e-35 0.52638888359069835 0.82843136787414562 1.1973950862884524 0.97090429067611705 302.50000000000006 0.99482533335685741 0.93541666865348827 -2.6037787199020381 0.98973765969276439 20.500000000000004 0.31697881221771246
decision_type=2 2 2 2 2 2 2 2 2 2 2 2 2 2
left_child=1 2 -1 11 7 6 -4 8 9 -5 -11 -2 13 -12
right_child=3 -3 5 4 -6 -7 -8 -9 -10 10 12 -13 -14 -15
leaf_value=0.00050126847677278122 -0.004290717812596127 0.0013144790699431183 -0.012268443631752482 0 0 0 0 0 0 0 0.012056374646672209 0 0 0
leaf_weight=6.3459767018509927 6.5696351547326222 4.0464957623071305 8.8226196291450361 3.0357370747819994 21.141949353511336 1.1226073820726004 2.5074812526502219 4.4085105753993039 1.2377355608582536 3.1318759082548739 9.9432672162620204 1.0640464559364771 0.47666957660658305 0.15726570596780298
leaf_count=12947 11530 2300 16591 5571 9256 80 3261 3797 1973 4942 3221 862 450 18
internal_value=0 -0.00304053 -0.00524312 0.00156009 0.00311166 -0.00883967 -0.0102792 0.00589507 0.00756288 0.0084697 0.00977261 -0.00249398 0.0111088 0.0116648
internal_weight=74.0119 22.8452 18.7987 51.1667 43.533 12.4527 11.3301 22.3911 17.9826 16.7448 13.7091 7.63368 10.5772 10.1005
internal_count=76799 35179 32879 41620 29228 19932 19852 19972 16175 14202 8631 12392 3689 3239
is_linear=0
shrinkage=0.02


Tree=339
num_leaves=15
num_cat=0
split_feature=32 50 58 49 62 19 25 5 17 41 7 51 47 11
split_gain=1.06491 0.794943 0.936986 0.983242 0.723378 0.576399 0.54396 0.522289 0.483502 0.482252 0.455766 0.449023 0.429774 0.37406
threshold=0.93943381309509288 0.033548770472407348 0.21497031301259997 176.50000000000003 0.97048610448837291 0.56696429848670971 0.93303570151329052 4.1820507049560556 53.500000000000007 0.38194444775581365 -3.4802763462066646 -0.0022343356395140286 316.50000000000006 20.500000000000004
decision_type=2 2 2 2 2 2 2 2 2 2 2 2 2 2
left_child=4 2 -2 7 11 6 9 8 -4 -3 -11 -1 13 -12
right_child=1 5 3 -5 -6 -7 -8 -9 -10 10 12 -13 -14 -15
leaf_value=0 -0.0050583535374681471 0 0.0071980694059573334 -0.00063347457222910424 0 0 0 0 0 0 0.0087388431313403965 -0.0081033427738819944 0 0
leaf_weight=1.3636089760555021 6.3449701956640174 2.0779926934230941 8.7574138833479047 24.210061723888884 3.8287761469709949 2.3798566987645691 0.94266266022850587 1.8305536112034122 0.90021594822428674 0.60370079820769262 13.26599004564604 5.3374340831628597 1.2082902998045018 1.0048066181602724
leaf_count=4095 25054 2530 4707 17016 818 1268 704 478 1560 540 6867 9477 661 1024
internal_value=0 0.00109653 0 0.00088361 -0.00441158 0.00376042 0.0049257 0.00473272 0.0061157 0.00581544 0.00672464 -0.00678378 0.00738547 0.00810714
internal_weight=74.0563 63.5265 42.0432 35.6982 10.5298 21.4833 19.1034 11.4882 9.65763 18.1608 16.0828 6.70104 15.4791 14.2708
internal_count=76799 62409 48815 23761 14390 13594 12326 6745 6267 11622 9092 13572 8552 7891
is_linear=0
shrinkage=0.02


Tree=340
num_leaves=15
num_cat=0
split_feature=32 50 62 18 29 57 51 37 4 47 11 51 43 25
split_gain=1.37777 0.892168 0.813001 0.619555 0.816148 0.744513 0.63994 0.607939 0.985704 0.583463 0.517174 0.509123 0.507695 0.454997
threshold=0.93943381309509288 0.047149864956736572 0.97048610448837291 0.9967479705810548 0.68303570151329052 1.0002314448356631 0.069356180727481856 0.77951389551162731 1.0000000180025095e-35 286.50000000000006 1.0000000180025095e-35 -0.0022343356395140286 0.85912698507308971 0.83854165673255932
decision_type=2 2 2 2 2 2 2 2 2 2 2 2 2 2
left_child=2 3 11 4 6 9 12 -3 -9 10 -5 -1 -2 -12
right_child=1 7 -4 5 -6 -7 -8 8 -10 -11 13 -13 -14 -15
leaf_value=0 0.0083513854828540218 0 0 0 0 0.0016124924224296992 0 0.0080138348261754727 0 0 -0.0070051577891682062 -0.0087696418418932026 0 0
leaf_weight=1.357104477036273 5.948476310289605 7.0051093895956482 3.8610145007160099 0.86042975118472043 6.796959128513663 3.6111172087103105 0.57290926319024027 10.211305088152582 1.4040317090375545 8.6969984374127289 13.84078416768307 5.5989992303411764 0.55529128757052593 4.1305204811087597
leaf_count=4095 1532 6089 818 84 2185 429 557 4003 463 6750 33927 9477 328 6062
internal_value=0 0.00125366 -0.00496999 0 0.00237345 -0.00184789 0.00561647 0.0042734 0.00618039 -0.00340552 -0.00495349 -0.00740513 0.00719993 -0.00580231
internal_weight=74.4511 63.6339 10.8171 45.0135 13.8736 31.1399 7.07668 18.6204 11.6153 27.5287 18.8317 6.9561 6.50377 17.9713
internal_count=76799 62409 14390 51854 4602 47252 2417 10555 4466 46823 40073 13572 1860 39989
is_linear=0
shrinkage=0.02


Tree=341
num_leaves=15
num_cat=0
split_feature=32 50 58 48 62 19 25 51 61 11 45 36 7 46
split_gain=0.999375 0.676784 0.768781 1.00873 0.633314 0.551604 0.518973 0.424403 0.404355 0.542406 0.401114 0.558134 0.328913 0.290977
threshold=0.93943381309509288 0.033548770472407348 0.21497031301259997 0.73676425218582164 0.97048610448837291 0.56696429848670971 0.93303570151329052 -0.0022343356395140286 0.74791666865348827 20.500000000000004 269.50000000000006 0.99668323993682872 -1.7799361944198606 0.99683043360710155
decision_type=2 2 2 2 2 2 2 2 2 2 2 2 2 2
left_child=4 2 -2 10 7 6 8 -1 -3 12 11 -4 -10 -14
right_child=1 5 3 -5 -6 -7 -8 -9 9 -11 -12 -13 13 -15
leaf_value=0 -0.0045949670945473909 0 0.0076498320597852536 -0.00071405726705242969 0 0 0 -0.0077979611706844587 0 0 0 0 0.0084354832973880505 0
leaf_weight=1.3607493439483276 6.1592731061082295 2.5671687521742212 6.6870147829135913 24.186005144866158 3.89850534046127 2.3637979477869058 0.94086009983857266 5.2210179838170898 1.1257789027076857 1.2584722685919576 2.6610354316430849 2.150501037261165 12.749230717674426 0.34752620019389802
leaf_count=4095 25054 4788 3967 15365 818 1268 704 9477 1015 1065 1486 2943 4669 85
internal_value=0 0.00106553 0 0.000833744 -0.00427893 0.00351554 0.00468752 -0.00649744 0.00557547 0.00646763 0.00474938 0.00603964 0.00738471 0.00800846
internal_weight=73.6769 63.1967 41.8438 35.6846 10.4803 21.3528 18.989 6.58177 18.0482 15.481 11.4986 8.83752 14.2225 13.0968
internal_count=76799 62409 48815 23761 14390 13594 12326 13572 11622 6834 8396 6910 5769 4754
is_linear=0
shrinkage=0.02


Tree=342
num_leaves=15
num_cat=0
split_feature=17 17 18 53 48 60 46 23 18 57 54 57 55 44
split_gain=0.940312 1.436 1.02928 0.843433 0.941884 0.829305 0.973844 1.06822 0.772809 0.525129 0.474639 0.418433 0.372491 0.311766
threshold=20.500000000000004 19.500000000000004 0.9967479705810548 4.6326708793640146 0.46627490222454077 0.43650794029235845 0.99671593308448803 0.98750001192092907 0.99493667483329784 2.0066758394241337 0.017957371659576896 -3.0319143533706661 0.47213622927665716 0.99663865566253673
decision_type=2 2 2 2 2 2 2 2 2 2 2 2 2 2
left_child=1 2 8 4 -4 -6 7 9 -1 11 -3 -7 -10 -12
right_child=-2 10 3 -5 5 6 -8 -9 12 -11 13 -13 -14 -15
leaf_value=0 -0.0042432300143842167 0 0.00062801798154981704 0.0014843719090912638 0 0 0 0 0 0 0.0074439704954496208 -0.010739516187232815 0.0059436302256983603 0
leaf_weight=7.0693481201938111 9.8526181898471332 0.61041679074764843 2.3935895513111545 3.0076731859180645 6.3229678456125411 2.0379069346531766 3.5810586725481235 1.3499992106585512 0.54057829624525666 0.56840391867080953 10.334418964745051 14.392287060887611 10.492645288938546 0.6435022250843766
leaf_count=6367 19095 4793 3948 2162 13435 4329 1156 1016 1007 60 3138 14462 1649 182
internal_value=0 0.00101656 -0.000137355 -0.00249456 -0.00388535 -0.0051675 -0.0066337 -0.00809876 0.00252337 -0.0093319 0.0058951 -0.00990767 0.00509955 0.00681855
internal_weight=73.1974 63.3448 51.7565 33.6539 30.6462 28.2526 21.9297 18.3486 18.1026 16.9986 11.5883 16.4302 11.0332 10.9779
internal_count=76799 57704 49591 40568 38406 34458 21023 19867 9023 18851 8113 18791 2656 3320
is_linear=0
shrinkage=0.02


Tree=343
num_leaves=15
num_cat=0
split_feature=0 0 11 64 55 50 42 18 60 46 53 11 34 53
split_gain=0.988555 1.28796 0.896539 1.01585 1.38823 0.93099 0.972045 0.579468 0.531919 0.511652 0.472637 0.456286 0.453788 0.438714
threshold=-20.499999999999996 -19.499999999999996 6.5000000000000009 1.0000000180025095e-35 0.62828946113586437 -0.027440963312983509 0.79285714030265819 0.99493667483329784 0.26785714924335485 0.49675311148166662 -3.1977952718734737 5.5000000000000009 0.54416766762733471 -2.4551782608032222
decision_type=2 2 2 2 2 2 2 2 2 2 2 2 2 2
left_child=-1 13 3 4 10 -6 -7 -8 -9 -4 -3 -12 -10 -2
right_child=1 2 9 -5 5 6 7 8 12 -11 11 -13 -14 -15
leaf_value=-0.0043439398833082276 0 0 0 -0.0035691591775556088 0 0 0 0 0 -0.0053311919273618174 -0.0060103387326414124 0 0.0093807865540952891 0.0065611743712137406
leaf_weight=9.8914431790071813 0.66612391527132686 2.2025341958210376 1.441509547878012 3.8461962099299845 2.9940762250353172 4.8111736021364804 0.97100759387468372 0.59218280413369484 0.49280126433677907 11.146955484545968 4.4779677680094272 0.56969013188245288 18.17320826046307 10.824513578303138
leaf_count=19095 4478 6661 3301 4222 1364 1892 116 591 156 20566 5455 745 4522 3635
internal_value=0 0.00104509 -2.10484e-05 0.00101512 0.00273244 0.00486128 0.00612071 0.0076395 0.00832751 -0.00398523 -0.00173837 -0.00438937 0.00890153 0.00565753
internal_weight=73.1014 63.2099 51.7193 39.1308 35.2846 28.0344 25.0404 20.2292 19.2582 12.5885 7.25019 5.04766 18.666 11.4906
internal_count=76799 57704 49591 25724 21502 8641 7277 5385 5269 23867 12861 6200 4678 8113
is_linear=0
shrinkage=0.02


Tree=344
num_leaves=15
num_cat=0
split_feature=0 0 18 18 53 48 60 46 27 11 57 57 54 39
split_gain=1.07815 1.20851 0.955653 0.786661 0.763792 0.874202 0.708626 0.875149 0.982617 0.54096 0.488644 0.524844 0.443432 0.440814
threshold=-20.499999999999996 -19.499999999999996 0.9967479705810548 0.99493667483329784 4.6326708793640146 0.46627490222454077 0.43650794029235845 0.99671593308448803 0.98750001192092907 1.0000000180025095e-35 -3.0319143533706661 1.4648166298866274 0.017957371659576896 0.89642855525016796
decision_type=2 2 2 2 2 2 2 2 2 2 2 2 2 2
left_child=-1 12 3 -3 5 -4 -7 8 9 -8 -11 -12 -2 -5
right_child=1 2 4 13 -6 6 7 -9 -10 10 11 -13 -14 -15
leaf_value=-0.0045236945259325822 0 0 0.0005885102703443709 0.0064046331653731525 0.001409405519923977 0 0 0 0 0 -0.011130184409785389 0 0.0064674496360793681 0
leaf_weight=9.9587595266088993 0.60666498860882612 7.0389155216901171 2.377801704932156 9.1952937658297724 2.9763454774283664 6.229461540483956 0.81939861305546458 3.552413182012514 1.3300781334960436 2.056041461217327 13.095084331426266 0.78715493453273744 10.811013774140518 2.0061949724754404
leaf_count=19095 4793 6367 3948 1747 2162 13435 91 1156 1012 4329 14376 59 3320 909
internal_value=0 0.0010978 0 0.00262053 -0.00227908 -0.00364412 -0.00491124 -0.00626606 -0.00766659 -0.0088663 -0.00953167 -0.0104479 0.00555154 0.0051779
internal_weight=72.8406 62.8819 51.4642 18.2404 33.2238 30.2474 27.8696 21.6402 18.0878 16.7577 15.9383 13.8822 11.4177 11.2015
internal_count=76799 57704 49591 9023 40568 38406 34458 21023 19867 18855 18764 14435 8113 2656
is_linear=0
shrinkage=0.02


Tree=345
num_leaves=15
num_cat=0
split_feature=0 0 11 64 55 50 42 46 53 54 34 44 44 37
split_gain=1.19502 1.09882 0.989796 1.05019 1.43672 0.955644 0.982933 0.533106 0.439991 0.430021 0.363081 0.291993 0.290793 0.283167
threshold=-20.499999999999996 -19.499999999999996 6.5000000000000009 1.0000000180025095e-35 0.62828946113586437 -0.027440963312983509 0.79285714030265819 0.49675311148166662 -3.1977952718734737 0.017957371659576896 0.54416766762733471 0.44566416740417486 0.99663865566253673 0.19097222387790683
decision_type=2 2 2 2 2 2 2 2 2 2 2 2 2 2
left_child=11 9 3 4 8 -6 -7 -4 -3 -2 -8 -1 13 -11
right_child=1 2 7 -5 5 6 10 -9 -10 12 -12 -13 -14 -15
leaf_value=0 0 0 0 -0.0033521676906489231 0 0 0 -0.0054226835475929078 -0.0042033359167060131 0 0.0082899034903827721 -0.0057230491977582525 0 0.0074797601747763976
leaf_weight=1.7778776188251857 0.60610275977705796 2.183482112060112 1.4486338321951269 3.7344553563095806 2.9624293546057769 4.7768850159591265 0.48892994401922152 11.008726078856624 5.0147752787113467 0.38852486073664927 19.747089455130663 8.2900125234543776 0.64433652706429789 9.714587032725829
leaf_count=1981 4793 6661 3301 4222 1364 1892 173 20566 6200 54 5212 17114 182 3084
internal_value=0 0.0011612 0 0.00131682 0.002998 0.00512169 0.00637181 -0.00403196 -0.00159854 0.00539165 0.00788394 -0.00474325 0.00630513 0.00693205
internal_weight=72.7868 62.719 51.3654 38.908 35.1736 27.9753 25.0129 12.4574 7.19826 11.3536 20.236 10.0679 10.7474 10.1031
internal_count=76799 57704 49591 25724 21502 8641 7277 23867 12861 8113 5385 19095 3320 3138
is_linear=0
shrinkage=0.02


Tree=346
num_leaves=15
num_cat=0
split_feature=0 0 18 41 53 48 39 23 57 45 57 11 54 35
split_gain=1.50914 0.987197 1.09394 1.00137 0.712619 0.845689 0.688143 0.643935 0.650664 0.781161 0.94196 0.439919 0.420756 0.419225
threshold=-20.499999999999996 -19.499999999999996 0.9967479705810548 0.86805555224418651 4.6326708793640146 0.46627490222454077 0.88194444775581371 0.98750001192092907 -3.0319143533706661 316.50000000000006 2.0066758394241337 6.5000000000000009 0.017957371659576896 0.64087301492691051
decision_type=2 2 2 2 2 2 2 2 2 2 2 2 2 2
left_child=-1 12 3 -3 5 -4 11 8 -7 10 -10 13 -2 -5
right_child=1 2 4 6 -6 7 -8 -9 9 -11 -12 -13 -14 -15
leaf_value=-0.0052844477064963495 0 0 0.00060437322229555084 0 0.0013386808443642715 0 0 0 -0.0095804715463016828 0 0 0 0.0062160622622507919 0.01015993574514513
leaf_weight=10.317163907162238 0.60273605385259443 10.957457969130475 2.3768590217503087 0.38500523042148316 2.9479414272318527 4.5459749298049728 1.512521302072855 2.0643290840953332 14.727804429265465 5.3638049922678865 0.83760745907420719 0.42006894134192396 10.682704564675076 5.3217257054611764
leaf_count=19095 4793 7464 3948 120 2162 10474 792 1499 19933 2489 63 113 3320 534
internal_value=0 0.00131206 0 0.00314041 -0.00215504 -0.00350051 0.0066787 -0.00477405 -0.00567201 -0.00683571 -0.00846647 0.00840914 0.00530675 0.009322
internal_weight=73.0637 62.7465 51.4611 18.5968 32.8643 29.9164 7.63932 27.5395 25.4752 20.9292 15.5654 6.1268 11.2854 5.70673
internal_count=76799 57704 49591 9023 40568 38406 1559 34458 32959 22485 19996 767 8113 654
is_linear=0
shrinkage=0.02


Tree=347
num_leaves=15
num_cat=0
split_feature=0 0 11 42 33 23 32 46 49 62 54 58 17 48
split_gain=1.15664 0.991918 0.90587 0.779826 0.888097 1.2076 1.60041 0.521641 0.471334 0.467101 0.409396 0.365164 0.319804 0.27528
threshold=-20.499999999999996 -19.499999999999996 6.5000000000000009 0.79285714030265819 0.48749999701976782 0.52638888359069835 0.99291408061981212 0.49675311148166662 335.50000000000006 0.98750001192092907 0.017957371659576896 0.98565670847892772 6.5000000000000009 0.99591001868247997
decision_type=2 2 2 2 2 2 2 2 2 2 2 2 2 2
left_child=11 10 3 9 -5 -6 8 -4 12 -3 -2 -1 -7 -12
right_child=1 2 7 4 5 6 -8 -9 -10 -11 13 -13 -14 -15
leaf_value=-0.0057559955219657353 0 -0.0045361178512663934 0 0 -0.00019910713885605677 0.010549114593734903 0 -0.0052405214425984264 0 0 0.0066434498779728126 0 0 0
leaf_weight=8.631375346454659 0.6021398726602446 4.3660545779594022 1.4528189572770305 9.8044106207848944 3.2888199641436158 12.200734144589431 5.458488163328183 10.975555157016741 0.97663002625631712 2.7187908775385949 10.253038079192262 1.3829734832324891 0.16098058060015397 0.39021606247843088
leaf_count=16399 4793 7341 3301 7363 2147 4999 2183 20566 631 911 3264 2696 149 56
internal_value=0 0.00114199 0 0.00129701 0.00296651 0.00489695 0.00676361 -0.0038301 0.00946043 -0.00182734 0.00516958 -0.00467479 0.0101859 0.00607604
internal_weight=72.663 62.6487 51.4033 38.9749 31.8901 22.0857 18.7968 12.4284 13.3383 7.08485 11.2454 10.0143 12.3617 10.6433
internal_count=76799 57704 49591 25724 17472 10109 7962 23867 5779 8252 8113 19095 5148 3320
is_linear=0
shrinkage=0.02


Tree=348
num_leaves=15
num_cat=0
split_feature=0 0 11 11 18 55 49 53 44 44 18 45 54 53
split_gain=0.933926 1.00819 0.865693 0.738178 0.880297 0.97544 0.778858 0.715078 0.689494 0.519916 0.500144 0.497138 0.403217 0.393378
threshold=-20.499999999999996 -19.499999999999996 6.5000000000000009 5.5000000000000009 0.99926361441612255 0.62828946113586437 151.50000000000003 -3.1977952718734737 0.97664460539817821 0.50040000677108776 0.99493667483329784 147.50000000000003 0.017957371659576896 3.969574093818665
decision_type=2 2 2 2 2 2 2 2 2 2 2 2 2 2
left_child=-1 12 3 4 5 7 -6 -3 -7 -4 -10 -5 -2 -8
right_child=1 2 9 11 6 8 13 -9 10 -11 -12 -13 -14 -15
leaf_value=-0.0042288069883929151 0 0.0010066322399044196 0 0 0 0 -0.0071897926244929092 -0.005321883591791139 0 -0.0052549671363829554 0.0081803336462371277 0.0062010483399041472 0.0060156508805649612 0
leaf_weight=9.8087630004144994 0.59965665753020303 1.4196900254701184 1.4637345255562184 1.1814364253089005 2.6960522277411227 6.8944864780587505 7.2563218485549879 3.8824402032789767 0.33240305062645337 10.895104535296467 6.7388245365946204 7.4124544946180322 10.61750578941246 0.8390835197897103
leaf_count=19095 4793 731 3310 3483 3429 2183 5050 4851 38 20557 975 3928 3320 1056
internal_value=0 0.00102675 0 0.00114714 0 0.00178888 -0.00388159 -0.00158018 0.00459939 -0.003845 0.00714979 0.00477363 0.00511305 -0.00619645
internal_weight=72.038 62.2292 51.012 38.6532 30.0593 19.2678 10.7915 5.30213 13.9657 12.3588 7.07123 8.59389 11.2172 8.09541
internal_count=76799 57704 49591 25724 18313 8778 9535 5582 3196 23867 1013 7411 8113 6106
is_linear=0
shrinkage=0.02


Tree=349
num_leaves=15
num_cat=0
split_feature=0 0 11 64 55 32 46 18 53 11 54 29 53 32
split_gain=0.82366 1.00023 0.823259 0.831129 1.42763 0.686561 0.547042 0.492732 0.470705 0.474904 0.398642 0.331657 0.33828 0.319556
threshold=-20.499999999999996 -19.499999999999996 6.5000000000000009 1.0000000180025095e-35 0.62828946113586437 0.99291408061981212 0.49675311148166662 0.99493667483329784 -3.1977952718734737 5.5000000000000009 0.017957371659576896 0.94097220897674572 -2.3373957872390743 0.91507610678672802
decision_type=2 2 2 2 2 2 2 2 2 2 2 2 2 2
left_child=-1 10 3 4 8 7 -4 -6 -3 -10 -2 12 -9 -14
right_child=1 2 6 -5 5 -7 -8 11 9 -11 -12 -13 13 -15
leaf_value=-0.0039871463039202271 0 0 0 -0.002943666832618009 0 0 -0.0052793661373559944 0 -0.0061208589990484974 0 0.0059556974755889435 0 0 0.008463583006793814
leaf_weight=9.6906161914650948 0.59961659206487539 2.140704875321255 1.4753154248544422 3.8191592470066089 3.9946877234469929 5.817377664851846 10.847494085075594 0.3495106985146873 4.4828713795720949 0.58651464490253591 10.583031147826658 0.55109388213895627 0.4148900399231924 16.397133163915896
leaf_count=19095 4793 6661 3301 4222 1321 1637 20566 1018 5455 745 3320 232 65 4368
internal_value=0 0.000963633 0 0.00105477 0.00263322 0.00483914 -0.00379729 0.0061424 -0.00191224 -0.00446152 0.00505281 0.00719744 0.00764692 0.00806326
internal_weight=71.75 62.0594 50.8768 38.5539 34.7348 27.5247 12.3228 21.7073 7.21009 5.06939 11.1826 17.7126 17.1615 16.812
internal_count=76799 57704 49591 25724 21502 8641 23867 7004 12861 6200 8113 5683 5451 4433
is_linear=0
shrinkage=0.02


Tree=350
num_leaves=15
num_cat=0
split_feature=0 0 11 64 55 50 42 18 60 46 53 11 54 21
split_gain=0.742596 0.992868 0.78336 0.886794 1.3665 0.848052 0.838245 0.595219 0.533945 0.518465 0.454432 0.467489 0.393939 0.322606
threshold=-20.499999999999996 -19.499999999999996 6.5000000000000009 1.0000000180025095e-35 0.62828946113586437 -0.027440963312983509 0.79285714030265819 0.99493667483329784 0.26785714924335485 0.49675311148166662 -3.1977952718734737 5.5000000000000009 0.017957371659576896 0.35044643282890325
decision_type=2 2 2 2 2 2 2 2 2 2 2 2 2 2
left_child=-1 12 3 4 10 -6 -7 -8 -9 -4 -3 -12 -2 -10
right_child=1 2 9 -5 5 6 7 8 13 -11 11 -13 -14 -15
leaf_value=-0.0037974758009208993 0 0 0 -0.0032200535771304928 0 0 0 0 0 -0.0051757493707411733 -0.0060191297137374335 0 0.0059065593922139536 0.0090553636701538025
leaf_weight=9.5942443016067482 0.59814122242414569 2.1407976126272317 1.4542228649238484 3.789999049774905 2.905056085930485 4.7248393096133467 0.96430672164570808 0.59794807686557305 0.29139896394554199 10.823266205804655 4.4414475097455641 0.58804220717274791 10.555270047714655 17.904835134426321
leaf_count=19095 4793 6661 3301 4222 1364 1892 116 591 56 20566 5455 745 3320 4622
internal_value=0 0.000916206 0 0.000976854 0.00262384 0.00478377 0.00598086 0.00739036 0.00811724 -0.00374294 -0.00179691 -0.00434904 0.00500577 0.00871377
internal_weight=71.3738 61.7796 50.6262 38.3487 34.5587 27.3884 24.4833 19.7585 18.7942 12.2775 7.17029 5.02949 11.1534 18.1962
internal_count=76799 57704 49591 25724 21502 8641 7277 5385 5269 23867 12861 6200 8113 4678
is_linear=0
shrinkage=0.02


Tree=351
num_leaves=15
num_cat=0
split_feature=62 8 53 25 35 41 28 45 11 50 53 46 29 25
split_gain=0.687813 1.37079 2.16592 1.23318 0.833584 0.840076 0.711638 0.607637 0.570253 0.537796 0.51124 0.502496 0.344698 0.312857
threshold=0.6700892746448518 0.75000000000000011 4.6326708793640146 0.48611110448837286 0.67083334922790538 0.52638888359069835 0.9824868142604829 271.50000000000006 1.0000000180025095e-35 -0.044731937348842614 -1.5711469650268552 0.99671593308448803 0.52638888359069835 0.89642855525016796
decision_type=2 2 2 2 2 2 2 2 2 2 2 2 2 2
left_child=10 4 3 -3 -2 -6 -7 9 -5 -8 -1 -10 -11 -14
right_child=1 2 -4 8 5 6 7 -9 11 12 -12 -13 13 -15
leaf_value=-0.0058218941714251503 0 0 0.0037179148631312814 0 0 0 0 0 -0.01015772619903616 0 0 0 0.010684292970852514 0
leaf_weight=5.6750700985226086 13.50969532589488 2.1486624399894962 4.8918589436734683 0.90738929043436556 4.1616472075834308 4.9591958447376809 0.47049005532063048 6.079061631903186 10.121676903871046 0.45052874550310207 2.7796726830401894 1.7083852633732011 11.671209161554541 1.4939199787586392
leaf_count=37166 13088 855 3153 46 4498 3343 570 3682 759 188 3027 106 4970 1348
internal_value=0 0.000847796 -0.00230477 -0.00621078 0.00302639 0.00466455 0.00591921 0.007205 -0.00823194 0.00885465 -0.00381658 -0.00911833 0.00951992 0.00997453
internal_weight=71.0285 62.5737 19.778 14.8861 42.7957 29.2861 25.1244 20.1652 12.7375 14.0861 8.45474 11.8301 13.6157 13.1651
internal_count=76799 36606 4919 1766 31687 18599 14101 10758 911 7076 40193 865 6506 6318
is_linear=0
shrinkage=0.02


Tree=352
num_leaves=15
num_cat=0
split_feature=62 8 53 1 35 41 28 47 11 53 46 50 12 29
split_gain=0.655397 1.36125 2.14963 1.21957 0.841489 0.831363 0.716629 0.69359 0.567711 0.498587 0.497492 0.407717 0.407267 0.387268
threshold=0.6700892746448518 0.75000000000000011 4.6326708793640146 3.5000000000000004 0.67083334922790538 0.52638888359069835 0.9824868142604829 269.50000000000006 1.0000000180025095e-35 -1.5711469650268552 0.99671593308448803 -0.044731937348842614 13.500000000000002 0.52638888359069835
decision_type=2 2 2 2 2 2 2 2 2 2 2 2 2 2
left_child=9 4 3 -3 -2 -6 -7 11 -5 -1 12 -8 -10 -13
right_child=1 2 -4 8 5 6 7 -9 10 -11 -12 13 -14 -15
leaf_value=-0.0057270029404503384 0 0 0.0036960145856367622 0 0 0 0 0 -0.010806237689140628 0 0 0 0 0.0098839441949892509
leaf_weight=5.6236907918846537 13.490570518184766 2.1448591291277834 4.8803584616971412 0.90814081440112104 4.1488025716330439 4.9578217376974889 0.4117338811602228 5.6985620461728095 9.4177508404600268 2.7772198676939297 1.7080295021769405 0.48882316498747513 0.76774119936089924 13.477280107365003
leaf_count=37166 13088 856 3153 46 4498 3343 591 3539 720 3027 106 191 38 6437
internal_value=0 0.000827188 -0.00230721 -0.00618801 0.00300734 0.00466033 0.00590867 0.0072036 -0.00818992 -0.00373289 -0.00907292 0.00887142 -0.0101034 0.00938223
internal_weight=70.9014 62.5005 19.8269 14.9465 42.6736 29.183 25.0342 20.0764 12.8017 8.40091 11.8935 14.3778 10.1855 13.9661
internal_count=76799 36606 4919 1766 31687 18599 14101 10758 910 40193 864 7219 758 6628
is_linear=0
shrinkage=0.02


Tree=353
num_leaves=15
num_cat=0
split_feature=40 52 28 25 57 56 0 54 52 56 59 57 44 17
split_gain=0.775466 1.02908 1.17136 1.05966 0.921549 1.09835 1.59118 1.4783 0.833021 0.454355 0.427751 0.352408 0.307633 0.283707
threshold=0.97499999403953563 0.057302882894873626 0.99701046943664562 0.84687501192092907 1.6713425517082217 0.94868421554565441 -1.0000000180025095e-35 0.060437984764575965 0.024760463275015358 0.47213622927665716 0.88194444775581371 1.1973950862884524 0.9970972239971162 19.500000000000004
decision_type=2 2 2 2 2 2 2 2 2 2 2 2 2 2
left_child=4 2 3 8 5 7 10 11 9 -2 -7 -1 -11 -9
right_child=1 -3 -4 -5 -6 6 -8 13 -10 12 -12 -13 -14 -15
leaf_value=-0.0061758828783059286 0 -0.0011120981351298669 0 0 0.0025866524829050992 0 0 0 0 0.011540853859661027 -0.011824612782367129 0 0 0.0040213295243503363
leaf_weight=8.2269390667149764 0.32287135237152753 7.7768206762905256 7.1978418051867257 1.7531792647691862 4.0907530968370329 0.74546320737863414 4.0802925905009015 10.78032317566158 2.645632558827173 8.7966945438415642 4.9530926245188311 0.3448061711314957 0.28512303475872691 9.3865110493170487
leaf_count=41695 2796 6262 6390 478 900 82 919 5474 1974 2456 559 24 109 6681
internal_value=0 0.00224432 0.00452589 0.00707766 -0.00161864 -0.00305346 -0.00717475 0 0.00877228 0.0104726 -0.0108692 -0.00531455 0.0110986 0.00236153
internal_weight=71.3863 28.7782 21.0013 13.8035 42.6082 38.5174 9.77885 28.7386 12.0503 9.40469 5.69856 8.57175 9.08182 20.1668
internal_count=76799 20465 14203 7813 56334 55434 1560 53874 7335 5361 641 41719 2565 12155
is_linear=0
shrinkage=0.02


Tree=354
num_leaves=15
num_cat=0
split_feature=62 8 53 25 35 41 28 45 11 41 53 29 44 50
split_gain=0.620487 1.13777 1.98929 1.13016 0.787298 0.882289 0.743792 0.583432 0.542562 0.596745 0.483366 0.342999 0.331358 0.305952
threshold=0.6700892746448518 0.75000000000000011 4.6326708793640146 0.48611110448837286 0.67083334922790538 0.52638888359069835 0.9824868142604829 271.50000000000006 1.0000000180025095e-35 0.57321429252624523 -1.5711469650268552 0.52638888359069835 0.47299727797508245 -0.044731937348842614
decision_type=2 2 2 2 2 2 2 2 2 2 2 2 2 2
left_child=10 4 3 -3 12 -6 -7 11 -5 -10 -1 -8 -2 -13
right_child=1 2 -4 8 5 6 7 -9 9 -11 -12 13 -14 -15
leaf_value=-0.0056233498164001052 0.0016479367810593797 0 0.0036683668619522103 0 0 0 0 0 0 -0.010347342169088749 0 0 -0.0025272329668262657 0.0095863465679101312
leaf_weight=5.5479943453669858 4.7694498297037162 2.1243222999291929 4.8696389855358566 0.90286955069677688 4.2302763207826528 4.9712979119281071 0.47784887395391962 6.0459267353103305 3.3102783084532339 8.4322874984463834 2.7052378223415872 0.3399659967662999 8.748001946993325 13.127065515431688
leaf_count=37166 4149 855 3153 46 4498 3343 224 3682 214 651 3027 534 8939 6318
internal_value=0 0.000803276 -0.00201836 -0.00584802 0.00280577 0.00441745 0.00575658 0.00708976 -0.00780439 -0.00868457 -0.00365212 0.008713 0 0.00918652
internal_weight=70.6025 62.3492 19.6394 14.7698 42.7098 29.1924 24.9621 19.9908 12.6454 11.7426 8.25323 13.9449 13.5175 13.467
internal_count=76799 36606 4919 1766 31687 18599 14101 10758 911 865 40193 7076 13088 6852
is_linear=0
shrinkage=0.02


Tree=355
num_leaves=15
num_cat=0
split_feature=62 8 53 25 41 35 25 11 41 53 55 50 59 1
split_gain=0.599253 0.920155 1.80989 1.03984 0.760197 0.748982 0.668844 0.506872 0.567929 0.480346 0.413706 0.640096 0.325078 0.293109
threshold=0.6700892746448518 0.75000000000000011 4.6326708793640146 0.48611110448837286 0.52638888359069835 0.67083334922790538 0.69097220897674572 1.0000000180025095e-35 0.57321429252624523 -1.5711469650268552 0.62828946113586437 -0.027440963312983509 0.17708333581686023 13.500000000000002
decision_type=2 2 2 2 2 2 2 2 2 2 2 2 2 2
left_child=9 4 3 -3 -2 -6 -7 -5 -9 -1 -8 -12 -13 -14
right_child=1 2 -4 7 5 6 10 8 -10 -11 11 12 13 -15
leaf_value=-0.0055721400020309455 0 0 0.0036443923212658943 0 0 0 0 0 -0.0098718317249436201 0 0 0 0.010094798851964884 0
leaf_weight=5.5104197434222879 11.66900684487018 2.1169695471967342 4.8578513998199915 0.90341843977512226 6.0008692306175844 6.5336354914343273 3.8065732348318333 3.2949874531150263 8.2567581762286846 2.7129490122297284 1.4504384727260973 0.63664269961190356 11.418875021745404 0.89755020079974279
leaf_count=37166 11945 855 3153 46 5641 4140 2170 214 651 3027 1293 835 5121 542
internal_value=0 0.000794047 -0.0016789 -0.00545092 0.00261139 0.00412115 0.00544356 -0.00737053 -0.00824009 -0.00359086 0.00692275 0.0080112 0.00903751 0.00954465
internal_weight=70.0669 61.8436 19.43 14.5721 42.4136 30.7446 24.7437 12.4552 11.5517 8.22337 18.2101 14.4035 12.9531 12.3164
internal_count=76799 36606 4919 1766 31687 19742 14101 911 865 40193 9961 7791 6498 5663
is_linear=0
shrinkage=0.02


Tree=356
num_leaves=15
num_cat=0
split_feature=55 56 33 53 8 1 47 25 11 41 33 50 54 51
split_gain=0.584713 0.77085 0.926675 0.891667 1.14195 1.08819 0.786289 0.545492 0.519298 0.605393 0.407332 0.35778 0.268347 0.197495
threshold=0.47213622927665716 0.71008405089378368 0.36805555224418646 4.6326708793640146 0.75000000000000011 4.5000000000000009 296.50000000000006 0.89642855525016796 1.0000000180025095e-35 0.57321429252624523 0.97048610448837291 -0.042798645794391625 0.99665832519531261 -0.04907680302858352
decision_type=2 2 2 2 2 2 2 2 2 2 2 2 2 2
left_child=-1 2 -2 4 -3 -6 7 10 -7 -10 11 -4 -11 -13
right_child=1 3 6 -5 5 8 -8 -9 9 12 -12 13 -14 -15
leaf_value=-0.0042013776802938196 -0.00055690860948266914 0 0 0.0037778219297999152 0 0 0 0 0 -0.010638286963102348 0 0 0 0.0091503571981422019
leaf_weight=4.4404366953385752 2.8782963309936376 25.713247005509857 0.47346725211810081 5.2118331664323696 1.8880975031497644 0.90511123805845173 2.8440671900389125 0.88683909949213635 3.2938547273988643 7.4703854596427846 0.78237056850230224 0.20487394500378364 0.42862344867353375 12.343781639816818
leaf_count=34806 5716 18168 1224 3267 160 55 2546 1360 229 562 886 383 90 7347
internal_value=0 0.000664579 0.00349195 -0.000340228 -0.0020085 -0.00554462 0.00534854 0.00684524 -0.00752155 -0.00841463 0.00770342 0.00835459 -0.0101347 0.00887752
internal_weight=69.7653 65.3248 20.4137 44.9112 39.6993 13.9861 17.5354 14.6913 12.098 11.1929 13.8045 13.0221 7.89901 12.5487
internal_count=76799 41993 19462 22531 19264 1096 13746 11200 936 881 9840 8954 652 7730
is_linear=0
shrinkage=0.02


Tree=357
num_leaves=15
num_cat=0
split_feature=62 56 53 37 28 33 47 53 52 25 29 32 39 39
split_gain=0.576595 0.630717 0.948006 1.63208 0.702127 0.569561 0.568442 0.469243 0.367172 0.338849 0.338366 0.346011 0.336537 0.319364
threshold=0.6700892746448518 0.82843136787414562 4.6326708793640146 0.64087301492691051 0.98296147584915172 0.95416665077209484 267.50000000000006 -1.5711469650268552 -0.015812711790204045 0.89642855525016796 0.52638888359069835 0.93943381309509288 0.54285714030265819 0.94722220301628124
decision_type=2 2 2 2 2 2 2 2 2 2 2 2 2 2
left_child=7 4 3 8 -2 12 9 -1 -3 10 -6 -12 -5 -14
right_child=1 2 -4 5 6 -7 -8 -9 -10 -11 11 -13 13 -15
leaf_value=-0.0054994810067592595 0 0.00384708392961252 0.0037529632623244974 0 0 0 0 0 0 0 0 0.0079122407588276232 -0.0085871631421181576 0
leaf_weight=5.4508900426205837 5.7955256861148454 4.9611467219601764 5.1944432173922896 3.0174008447711484 0.326587180935351 3.0132355494242793 5.1258773795957486 2.6826099558566057 7.9500748115806363 1.4731515600537921 0.51564292003604251 12.284159627700772 10.963551850724794 0.81356262727968065
leaf_count=37166 9448 815 3251 1708 307 836 4041 3027 2680 1909 367 7465 3531 248
internal_value=0 0.000781229 -0.000317083 -0.00236943 0.00298485 -0.00579967 0.00462061 -0.00353275 0.00123068 0.00607813 0.00681045 0.00734731 -0.00698139 -0.00798381
internal_weight=69.5679 61.4344 35.9134 30.719 25.5209 17.8078 19.7254 8.1335 12.9112 14.5995 13.1264 12.7998 14.7945 11.7771
internal_count=76799 36606 13069 9818 23537 6323 14089 40193 3495 10048 8139 7832 5487 3779
is_linear=0
shrinkage=0.02


Tree=358
num_leaves=15
num_cat=0
split_feature=62 8 53 25 35 25 44 22 53 11 46 12 25 29
split_gain=0.566262 0.653029 1.538 0.897313 0.651585 0.53415 0.612325 0.641062 0.46544 0.4536 0.342997 0.340998 0.306931 0.308031
threshold=0.6700892746448518 0.75000000000000011 4.6326708793640146 0.48611110448837286 0.67083334922790538 0.69097220897674572 0.99648505449295055 0.95565509796142589 -1.5711469650268552 1.0000000180025095e-35 0.99671593308448803 13.500000000000002 0.88194444775581371 0.57321429252624523
decision_type=2 2 2 2 2 2 2 2 2 2 2 2 2 2
left_child=8 4 3 -3 -2 -6 7 -7 -1 -5 11 -11 13 -9
right_child=1 2 -4 9 5 6 -8 12 -10 10 -12 -13 -14 -15
leaf_value=-0.0054688575711305107 0 0 0.0035714089174813356 0 0 0 0 0 0 -0.0091417146604824313 0 0 0 0.0092526609765956457
leaf_weight=5.424307572852511 13.348990163584174 2.096187883472342 4.8169132070843252 0.90214387011655972 8.0302572527284628 4.4267945090991878 2.5224275783407384 1.3218728126303165 2.6797432653838769 8.7418761154076456 1.7711560414645635 0.7761445582109453 2.0349433528785985 10.36689775256127
leaf_count=37166 13088 855 3153 46 5344 4735 1697 257 3027 721 106 38 1653 4913
internal_value=0 0.000776446 -0.00119254 -0.00485419 0.00232508 0.00383761 0.00516931 0.00625623 -0.00350369 -0.00669622 -0.00754796 -0.00844905 0.00773787 0.00854187
internal_weight=69.2607 61.1566 19.1044 14.2875 42.0522 28.7032 20.6729 18.1505 8.10405 12.1913 11.2892 9.51802 13.7237 11.6888
internal_count=76799 36606 4919 1766 31687 18599 13255 11558 40193 911 865 759 6823 5170
is_linear=0
shrinkage=0.02


Tree=359
num_leaves=15
num_cat=0
split_feature=55 56 53 37 27 47 24 62 21 52 47 33 38 62
split_gain=0.555047 0.584975 0.976329 1.53017 0.775814 0.690824 0.570467 0.446 0.45162 0.353612 0.348724 0.32841 0.385435 0.331555
threshold=0.47213622927665716 0.82843136787414562 4.6326708793640146 0.64087301492691051 0.52638888359069835 302.50000000000006 0.98347866535186779 0.86805555224418651 0.94097220897674572 -0.015812711790204045 444.50000000000006 0.36805555224418646 0.82971012592315685 0.54687500000000011
decision_type=2 2 2 2 2 2 2 2 2 2 2 2 2 2
left_child=-1 4 3 9 -2 7 -5 8 11 -3 -8 -6 -13 -14
right_child=1 2 -4 6 5 -7 10 -9 -10 -11 -12 12 13 -15
leaf_value=-0.0041067744102964163 -0.00047067726968253934 0.0036812668803992018 0.0037049832147395463 0 0 0 -0.0076534415311099958 0 0 0 0 0 0 0.0091507573536103708
leaf_weight=4.3642774239492601 5.0760316548394284 4.903498555882833 5.1604050454934614 3.5386703099484302 1.3160485404623692 4.6160324173733889 13.344401570879198 2.8026944411431023 0.54719730753277041 8.0230145943701263 1.1984597370246781 1.5925295210690791 0.32526208728631978 12.314616293939251
leaf_count=34806 7860 971 3252 1185 1319 3585 5678 1595 589 2964 196 3606 909 8284
internal_value=0 0.00065038 -0.000435721 -0.00246957 0.00268274 0.00429843 -0.00573174 0.00569556 0.00664081 0.000998538 -0.00698867 0.00729261 0.00791616 0.00869465
internal_weight=69.1231 64.7589 36.1684 31.008 28.5904 23.5144 18.0815 18.8983 16.0957 12.9265 14.5429 15.5485 14.2324 12.6399
internal_count=76799 41993 14246 10994 27747 19887 7059 16302 14707 3935 5874 14118 12799 9193
is_linear=0
shrinkage=0.02


Tree=360
num_leaves=15
num_cat=0
split_feature=56 56 48 53 60 47 23 52 11 27 58 45 57 57
split_gain=0.499111 0.54692 0.811114 0.834523 1.09009 0.784513 0.695217 0.669163 0.599526 0.546384 0.431481 0.395498 0.317107 0.263506
threshold=0.47213622927665716 0.71008405089378368 0.73676425218582164 4.6326708793640146 0.88194444775581371 300.50000000000006 0.61805555224418651 -0.030144438147544857 1.0000000180025095e-35 0.98750001192092907 0.92962318658828746 336.50000000000006 1.6713425517082217 1.1973950862884524
decision_type=2 2 2 2 2 2 2 2 2 2 2 2 2 2
left_child=13 6 10 4 -4 8 -2 -8 -6 12 -3 -9 -10 -1
right_child=1 2 3 -5 5 -7 7 11 9 -11 -12 -13 -14 -15
leaf_value=-0.0049628639729231835 0 0 0 0.0013880695968809908 0 0 0 0.0071595359629620407 -0.010891600679382852 0 0.0043027818692821301 0 0 0
leaf_weight=4.2553427922121037 5.5134122558363314 7.364479697918795 11.015269758373964 3.1461868614060213 0.77872197641408902 3.8580475435628623 1.3202043515002539 11.528301957984235 8.6901659365307697 0.61141061538546715 8.4409910820982059 1.3653343280880097 0.83972713364710294 0.32035404536145495
leaf_count=34803 6846 4162 8697 1621 66 845 1813 8606 2138 199 5556 1381 63 3
internal_value=0 0.000623977 -0.00012473 -0.00242857 -0.00400585 -0.00664718 0.00303253 0.00496941 -0.00843855 -0.00940395 0.00222874 0.00630783 -0.0102434 -0.00385265
internal_weight=69.048 64.4723 44.745 28.9395 25.7933 14.7781 19.7273 14.2138 10.92 10.1413 15.8055 12.8936 9.52989 4.5757
internal_count=76799 41993 23347 13629 12008 3311 18646 11800 2466 2400 9718 9987 2201 34806
is_linear=0
shrinkage=0.02


Tree=361
num_leaves=15
num_cat=0
split_feature=62 0 11 11 64 55 21 58 18 22 18 55 54 5
split_gain=0.57264 0.589459 0.745344 1.07693 0.722915 0.952099 0.550581 0.496266 0.436938 0.427042 0.383946 0.375503 0.354064 0.259981
threshold=0.6700892746448518 -20.499999999999996 19.500000000000004 6.5000000000000009 1.0000000180025095e-35 0.82085561752319347 0.97048610448837291 0.97864061594009411 0.99522101879119884 0.53201672434806835 0.99506169557571422 0.77525252103805553 0.005595885682851077 149.46171569824222
decision_type=2 2 2 2 2 2 2 2 2 2 2 2 2 2
left_child=-1 -2 3 4 5 10 8 11 -7 -10 -3 -5 -12 -11
right_child=1 2 -4 7 -6 6 -8 -9 9 13 12 -13 -14 -15
leaf_value=-0.0035273198545726588 -0.0020936547553423476 0.0015704080405237332 0.0055337899801951697 0 -0.0013570798373684309 0 0 0 0 0.0081095086847275 0 -0.0071008369431820343 -0.0047617908708250719 0
leaf_weight=8.0644677702143763 7.5223927965355406 2.350896566537358 9.7158885564847406 3.8404757894870709 3.2117984970691387 3.3729367131745738 1.5947084027238805 1.4788467685066269 1.0732119736703705 15.876655232444136 0.71235197502392278 4.8208853671003453 5.0020751223569277 0.26171016416719872
leaf_count=40193 8665 1013 3975 5371 3166 747 143 2152 354 4031 1327 3009 2506 147
internal_value=0 0.000783332 0.00188256 0 0.00212943 0.00349063 0.00534828 -0.00379861 0.00618399 0.00712656 0 -0.00533544 -0.00320395 0.00777984
internal_weight=68.8993 60.8348 53.3124 43.5966 33.4563 30.2445 22.1792 10.1402 20.5845 17.2116 8.06532 8.66136 5.71443 16.1384
internal_count=76799 36606 27941 23966 13434 10268 5422 10532 5279 4532 4846 8380 3833 4178
is_linear=0
shrinkage=0.02


Tree=362
num_leaves=15
num_cat=0
split_feature=62 8 53 25 23 43 53 11 50 29 24 39 58 18
split_gain=0.578217 0.57879 1.39745 0.831742 0.629721 0.541642 0.474995 0.432573 0.322558 0.326093 0.33786 0.319445 0.333372 0.327475
threshold=0.6700892746448518 0.75000000000000011 4.6326708793640146 0.48611110448837286 0.63194444775581371 0.47048610448837286 -1.5711469650268552 1.0000000180025095e-35 -0.027440963312983509 0.89087301492691051 0.96368375420570385 0.95714285969734203 0.050169449299573905 0.958684802055359
decision_type=2 2 2 2 2 2 2 2 2 2 2 2 2 2
left_child=6 4 3 -3 -2 -6 -1 -5 -7 10 -10 12 -12 -14
right_child=1 2 -4 7 5 8 -8 -9 9 -11 11 -13 13 -15
leaf_value=-0.0055320866881625394 0 0 0.0034566109945275824 0 0 0 0 -0.0072413533894691772 0 0 0 0 0 0.0081293157844035228
leaf_weight=5.3902942921797585 14.698309636104112 2.071829938621252 4.7520897778176723 0.89703922792614221 1.6793694989009988 2.408366558543551 2.6500744437335015 11.138049970142673 3.0037844930666386 2.0133755819488206 1.137386801352483 0.50225388242870295 0.57141086826961363 15.728889388853059
leaf_count=37166 11838 855 3153 46 2470 2488 3027 865 2375 2477 1431 584 202 7822
internal_value=0 0.000789083 -0.00101839 -0.00459361 0.00225013 0.00382723 -0.0035467 -0.00639344 0.00470126 0.00530901 0.00590629 0.00667117 0.00711673 0.00767094
internal_weight=68.6425 60.6022 18.859 14.1069 41.7431 27.0448 8.04037 12.0351 25.3655 22.9571 20.9437 17.9399 17.4377 16.3003
internal_count=76799 36606 4919 1766 31687 19849 40193 911 17379 14891 12414 10039 9455 8024
is_linear=0
shrinkage=0.02


Tree=363
num_leaves=15
num_cat=0
split_feature=62 0 11 11 32 58 56 53 43 29 41 25 19 60
split_gain=0.5509 0.558683 0.789957 1.06362 0.51354 0.488446 0.529894 0.467798 0.34495 0.465966 0.906705 0.228571 0.249907 0.19714
threshold=0.6700892746448518 -20.499999999999996 19.500000000000004 6.5000000000000009 0.99291408061981212 0.97864061594009411 0.68301436305046093 -1.5711469650268552 0.85912698507308971 0.83854165673255932 0.80902779102325451 0.31696428358554846 0.29563492536544805 0.26785714924335485
decision_type=2 2 2 2 2 2 2 2 2 2 2 2 2 2
left_child=7 -2 3 4 8 6 -5 -1 9 10 -3 -4 -13 -12
right_child=1 2 11 5 -6 -7 -8 -9 -10 -11 13 12 -14 -15
leaf_value=-0.0054556159827461913 -0.0020068860672667051 0 0 0 0 0 -0.0069463314274955633 0 0 0 0 0 0.0067716162718217156 0.0086482638384129291
leaf_weight=5.3465819280374935 7.4818094996207938 11.06393553198337 0.52540017290925689 2.0342832977905783 6.5305212817961538 1.4580807594420537 6.6696920957688235 2.64868873998239 3.5006233383996905 3.6990880754492528 0.14250911106409958 0.66905697088532079 8.538597468914757 8.3026221544678247
leaf_count=37166 8665 5525 577 3519 2180 2152 4861 3027 2375 1274 37 150 3248 2043
internal_value=0 0.000769127 0.00184701 0 0.00207467 -0.00383379 -0.00533891 -0.00346812 0.00335141 0.00413536 0.00514962 0.00558065 0.0061477 0.00830643
internal_weight=68.6115 60.6162 53.1344 43.4014 33.2393 10.1621 8.70398 7.99527 26.7088 23.2082 19.5091 9.73305 9.20765 8.44513
internal_count=76799 36606 27941 23966 13434 10532 8380 40193 11254 8879 7605 3975 3398 2080
is_linear=0
shrinkage=0.02


Tree=364
num_leaves=15
num_cat=0
split_feature=61 28 46 17 37 18 22 47 6 29 58 47 64 11
split_gain=0.535784 0.747309 0.677742 0.661287 0.640061 0.68134 0.518001 0.387967 0.300884 0.300539 0.310821 0.261721 0.29426 0.262995
threshold=0.7035714089870454 0.98573461174964916 0.9935310184955598 20.500000000000004 0.80902779102325451 0.99843871593475353 0.68445521593093883 444.50000000000006 1.7352753877639773 0.94097220897674572 0.011834721546620132 311.50000000000006 1.0000000180025095e-35 20.500000000000004
decision_type=2 2 2 2 2 2 2 2 2 2 2 2 2 2
left_child=1 -1 3 6 -4 -6 -2 -7 9 10 -8 12 13 -12
right_child=2 -3 4 -5 5 7 8 -9 -10 -11 11 -13 -14 -15
leaf_value=-0.0058604803968991103 0 0 0.00036489587832304652 -0.00046192225055494086 0 -0.0082021084566531767 0 0 0 0 0.0075717464825589944 0 0 0
leaf_weight=6.1789049579158499 9.0253389957501877 10.18151873552574 4.2976739216746846 5.6192425075942074 1.3548703785872929 3.8316831006950451 0.40873499888767639 0.76187858667799435 2.4554439165540307 1.1287516585575748 18.235028770880501 3.8474568928245381 1.0350843794540185 0.24679146062771806
leaf_count=34501 6127 12561 1975 6363 154 1201 1986 45 718 655 7886 1651 943 33
internal_value=0 -0.00256513 0.00101138 0.00241271 -0.00164122 -0.00482121 0.0035511 -0.00703335 0.00468548 0.00523604 0.00568579 0.00607107 0.00679366 0.00725588
internal_weight=68.6084 16.3604 52.248 42.0019 10.2461 5.94843 36.3826 4.59356 27.3573 24.9018 23.7731 23.3644 19.5169 18.4818
internal_count=76799 47062 29737 26362 3375 1400 19999 1246 13872 13154 12499 10513 8862 7919
is_linear=0
shrinkage=0.02


Tree=365
num_leaves=15
num_cat=0
split_feature=62 8 53 41 41 23 11 25 28 47 53 50 58 43
split_gain=0.501104 0.545824 1.36216 0.81676 0.778103 0.841379 0.693291 0.507891 0.447605 0.502852 0.444488 0.288845 0.27824 0.264317
threshold=0.6700892746448518 0.75000000000000011 4.6326708793640146 0.57321429252624523 0.52638888359069835 0.52951389551162731 1.0000000180025095e-35 0.44097222387790685 0.9824868142604829 269.50000000000006 -1.5711469650268552 -0.044731937348842614 0.7583969533443452 0.92083334922790538
decision_type=2 2 2 2 2 2 2 2 2 2 2 2 2 2
left_child=10 4 3 -3 12 -6 -5 -8 -7 11 -1 -10 -2 -13
right_child=1 2 -4 6 5 8 7 -9 9 -11 -12 13 -14 -15
leaf_value=-0.0052828059628333467 -0.0030052113820761852 0 0.0034011925018654627 0 0 0 0 -0.009097296817096142 0 0 0 0.0083833042115633357 0.0001331760514470957 0
leaf_weight=5.2532488234166967 5.5017936790388813 4.8836678164552749 4.7283187389421064 0.72408173061557946 4.1070258194695297 4.857675327369182 0.47394177597106946 8.0118214765216162 0.40124491466213541 6.1771848272173875 2.6365345055082798 14.001427053822219 6.0049920156902772 0.51698624232994994
leaf_count=37166 6403 894 3153 45 2641 3968 166 661 705 4087 3027 7727 5542 614
internal_value=0 0.000733657 -0.00100392 -0.00454231 0.0021694 0.00380996 -0.0068559 -0.00819201 0.00515145 0.00612355 -0.00332048 0.0075658 -0.000315483 0.00797985
internal_weight=68.2799 60.3902 18.8218 14.0935 41.5683 30.0615 9.20984 8.48576 25.9545 21.0968 7.88978 14.9197 11.5068 14.5184
internal_count=76799 36606 4919 1766 31687 19742 872 827 17101 13133 40193 9046 11945 8341
is_linear=0
shrinkage=0.02


Tree=366
num_leaves=15
num_cat=0
split_feature=55 56 53 37 27 24 45 42 57 21 52 45 33 38
split_gain=0.49209 0.600501 0.936511 1.40787 0.790275 0.68331 0.540423 0.554519 0.477409 0.356815 0.323955 0.311436 0.319026 0.328755
threshold=0.47213622927665716 0.82843136787414562 4.6326708793640146 0.64087301492691051 0.52638888359069835 0.98347866535186779 336.50000000000006 0.87083333730697643 -2.6037787199020381 0.94097220897674572 -0.015812711790204045 448.50000000000006 0.21651785820722583 0.24404761940240863
decision_type=2 2 2 2 2 2 2 2 2 2 2 2 2 2
left_child=-1 4 3 10 -2 -5 7 -6 -9 -10 -3 12 -7 -14
right_child=1 2 -4 5 6 11 -8 8 9 -11 -12 -13 13 -15
leaf_value=-0.0038951169082294822 -0.00053072624981487335 0.003481509583842377 0.0035332008091563754 0 0 0 0 0 0.0084597518894648401 0 0 0 0 -0.008614120615199965
leaf_weight=4.2048982885974047 4.9064026091023178 4.7746721124567557 5.0742826768355362 3.5098871496420552 2.5914696524660092 0.52704263580926536 3.5100160960600979 5.0996040391137383 11.734576458250093 0.36998307367048333 7.8999801162331114 1.2719179866671773 0.28317223977046246 12.427393948146346
leaf_count=34806 7860 971 3252 1185 4702 132 2610 7769 4554 252 2964 243 277 5222
internal_value=0 0.000614879 -0.000499583 -0.00249448 0.00269824 -0.00559983 0.00433351 0.00541355 0.00645045 0.007919 0.000817156 -0.007013 -0.00764388 -0.00815263
internal_weight=68.1853 63.9804 35.7683 30.6941 28.2121 18.0194 23.3056 19.7956 17.2042 12.1046 12.6747 14.5095 13.2376 12.7106
internal_count=76799 41993 14246 10994 27747 7059 19887 17277 12575 4806 3935 5874 5631 5499
is_linear=0
shrinkage=0.02


Tree=367
num_leaves=15
num_cat=0
split_feature=62 56 53 37 36 24 53 56 54 44 25 33 45 52
split_gain=0.492505 0.593098 0.852754 1.32781 0.733446 0.656404 0.444163 0.373303 0.356894 0.354487 0.358963 0.333938 0.398196 0.304632
threshold=0.6700892746448518 0.82843136787414562 4.6326708793640146 0.64087301492691051 0.92319980263710033 0.98347866535186779 -1.5711469650268552 0.93933823704719555 0.15110272914171222 0.99457257986068737 0.88194444775581371 0.34687499701976782 336.50000000000006 -0.015812711790204045
decision_type=2 2 2 2 2 2 2 2 2 2 2 2 2 2
left_child=6 4 3 13 -2 -5 -1 -7 -9 10 -6 -10 -13 -3
right_child=1 2 -4 5 9 7 -8 8 11 -11 -12 12 -14 -15
leaf_value=-0.0052635415889169456 0 0.0034085573802899033 0.0034931536747359248 0 0.0063112068636405859 0 0 0 0 0 0 -0.010795481863048226 0 0
leaf_weight=5.2367468105064736 7.3769853098144749 4.7415970603510686 5.0536366867681854 3.4807661161521546 14.267962558939418 4.0426346346594082 2.6375665983714498 0.97926883287163846 0.92825879529118438 2.4203309587219328 1.0238172779681907 6.4079071689420726 1.8153759898195856 7.7832822968875934
leaf_count=37166 9077 815 3251 1131 10563 2849 3027 573 141 2115 1782 1403 226 2680
internal_value=0 0.000727696 -0.000327002 -0.00231085 0.00289195 -0.00538563 -0.00329359 -0.00679513 -0.0081109 0.00476779 0.0056179 -0.00886645 -0.00960114 0.000863671
internal_weight=68.1961 60.3218 35.2327 30.1791 25.0891 17.6542 7.87431 14.1734 10.1308 17.7121 15.2918 9.15154 8.22328 12.5249
internal_count=76799 36606 13069 9818 23537 6323 40193 5192 2343 14460 12345 1770 1629 3495
is_linear=0
shrinkage=0.02


Tree=368
num_leaves=15
num_cat=0
split_feature=62 56 53 37 36 24 53 56 57 28 8 32 25 42
split_gain=0.44828 0.582098 0.853022 1.32906 0.71912 0.663629 0.429145 0.391537 0.372543 0.344846 0.431385 0.438481 0.33516 0.329079
threshold=0.6700892746448518 0.82843136787414562 4.6326708793640146 0.64087301492691051 0.92319980263710033 0.98347866535186779 -1.5711469650268552 0.93933823704719555 2.0066758394241337 0.98296147584915172 0.10555555671453477 0.98948475718498241 0.90312498807907116 0.87083333730697643
decision_type=2 2 2 2 2 2 2 2 2 2 2 2 2 2
left_child=6 4 3 -3 -2 -5 -1 -7 -9 -6 -11 12 13 -12
right_child=1 2 -4 5 9 7 -8 8 -10 10 11 -13 -14 -15
leaf_value=-0.0051197158271210031 0 0.00085564277794409303 0.0034729760268720272 0 0 0 0 -0.0088456186174069272 0 0 0 0 0 0.0091149604017922003
leaf_weight=5.156685177398912 7.3651098381949422 12.504677868337696 5.0394321100293373 3.4728695273770436 3.4034513267156425 4.0449346396335395 2.6379302972763981 9.4804422395072798 0.68380642936972513 0.57366285797570427 1.1372697496622066 3.2705558396605729 0.6580049340118429 8.6387007291550599
leaf_count=37166 9077 3495 3251 1131 3058 2849 3027 2309 34 271 1774 4411 1148 3798
internal_value=0 0.000693187 -0.000347199 -0.00232539 0.00284876 -0.00539512 -0.00315201 -0.00681097 -0.00815144 0.00471078 0.00567658 0.00643821 0.0076998 0.00834289
internal_weight=68.0675 60.2729 35.2262 30.1867 25.0468 17.6821 7.79462 14.2092 10.1642 17.6816 14.2782 13.7045 10.434 9.77597
internal_count=76799 36606 13069 9818 23537 6323 40193 5192 2343 14460 11402 11131 6720 5572
is_linear=0
shrinkage=0.02


Tree=369
num_leaves=15
num_cat=0
split_feature=62 56 53 37 28 24 47 53 56 57 25 29 32 52
split_gain=0.441379 0.627548 0.872319 1.34604 0.692004 0.678392 0.448805 0.426454 0.412107 0.378178 0.368522 0.341252 0.310386 0.305457
threshold=0.6700892746448518 0.82843136787414562 4.6326708793640146 0.64087301492691051 0.98296147584915172 0.98347866535186779 267.50000000000006 -1.5711469650268552 0.93933823704719555 2.0066758394241337 0.89642855525016796 0.52638888359069835 0.93943381309509288 -0.015812711790204045
decision_type=2 2 2 2 2 2 2 2 2 2 2 2 2 2
left_child=7 4 3 13 -2 -5 10 -1 -7 -10 11 -6 -13 -3
right_child=1 2 -4 5 6 8 -8 -9 9 -11 -12 12 -14 -15
leaf_value=-0.005097779606176414 0 0.0033983139236141956 0.0034476801817138465 0 0 0 0 0 -0.0089428690072127243 0 0 0 0.0077464582289395465 0
leaf_weight=5.1355491102569877 5.6416515994733372 4.7300825574384362 5.021392578180893 3.4677834205831468 0.33298407022812426 4.0356578692017147 5.1204547929987703 2.6364690618829627 9.5810760623980933 0.68334136682096946 1.4976821560499036 0.48345691655504097 11.993225138047363 7.7492235608388018
leaf_count=37166 9448 815 3251 1131 307 2849 4041 3027 2309 34 1909 367 7465 2680
internal_value=0 0.000686796 -0.000419283 -0.00239397 0.0029302 -0.00546085 0.00457087 -0.00313075 -0.0068859 -0.00824909 0.00585995 0.00666157 0.00722105 0.000825755
internal_weight=68.11 60.338 35.2686 30.2472 25.0695 17.7679 19.4278 7.77202 14.3001 10.2644 14.3073 12.8097 12.4767 12.4793
internal_count=76799 36606 13069 9818 23537 6323 14089 40193 5192 2343 10048 8139 7832 3495
is_linear=0
shrinkage=0.02


Tree=370
num_leaves=15
num_cat=0
split_feature=55 56 53 37 23 24 46 45 42 62 52 57 56 54
split_gain=0.464701 0.727596 0.974036 1.43678 0.902017 0.726252 0.527646 0.405232 0.582151 0.503806 0.315523 0.300601 0.352035 0.437355
threshold=0.47213622927665716 0.82843136787414562 4.6326708793640146 0.64087301492691051 0.52638888359069835 0.98347866535186779 0.99482533335685741 325.50000000000006 0.87083333730697643 0.86805555224418651 -0.015812711790204045 2.0066758394241337 0.93933823704719555 0.15110272914171222
decision_type=2 2 2 2 2 2 2 2 2 2 2 2 2 2
left_child=-1 4 3 10 -2 -5 7 8 -6 -10 -3 12 -7 -14
right_child=1 2 -4 5 6 11 -8 -9 9 -11 -12 -13 13 -15
leaf_value=-0.0037999070199084758 -0.00072104261687673218 0.0034092474244072253 0.0034253720624042266 0 0 0 0 0 0.0084896640673899869 0 0 0 0 -0.0099525215227320649
leaf_weight=4.1315740537961565 4.8657357732204245 4.7404508530808016 5.0056718787172931 3.4801062281731001 2.3540366742900085 4.2873255220965794 2.7759638085053657 2.9036313146298189 13.223004146019774 2.1975478357408074 7.8258416357330152 0.70150757304509248 1.0312779874075193 8.7542960077216758
leaf_count=34806 7865 971 3252 1185 4355 3326 2819 2150 9393 1165 2964 36 707 1805
internal_value=0 0.000594534 -0.000696854 -0.00266963 0.00289193 -0.00574666 0.00462 0.00557769 0.00642647 0.00748477 0.00072377 -0.00718635 -0.00768562 -0.00908542
internal_weight=68.278 64.1464 35.8265 30.8208 28.3199 18.2545 23.4542 20.6782 17.7746 15.4206 12.5663 14.7744 14.0729 9.78557
internal_count=76799 41993 14246 10994 27747 7059 19882 17063 14913 10558 3935 5874 5838 2512
is_linear=0
shrinkage=0.02


Tree=371
num_leaves=15
num_cat=0
split_feature=0 0 11 53 46 1 24 35 56 23 62 49 24 50
split_gain=0.448238 1.31967 1.23335 0.665663 0.636215 0.592969 0.501263 0.441225 0.381724 0.600468 0.544895 0.347813 0.312523 0.280947
threshold=-20.499999999999996 -19.499999999999996 6.5000000000000009 -0.22947936505079267 0.49675311148166662 12.500000000000002 0.98977851867675792 0.70714285969734203 0.52786380052566539 0.52638888359069835 0.92678570747375499 248.50000000000003 0.9521634876728059 0.047149864956736572
decision_type=2 2 2 2 2 2 2 2 2 2 2 2 2 2
left_child=-1 7 3 8 -4 6 -5 -2 9 -3 13 -6 -9 -10
right_child=1 2 4 5 11 -7 -8 12 10 -11 -12 -13 -14 -15
leaf_value=-0.0030167741929468584 0 -0.0016682583614181339 0 0 -0.0075669433363425046 0 0.0069511955626644787 0 -0.006252341379284143 0.0044967388101725177 0 0 0.007921914068130937 0
leaf_weight=8.8991076070910804 3.8955350561482174 1.9289102166151142 1.3510686405097647 6.7438723785017016 7.9152520919280942 6.5156525584943656 8.1017058740453631 0.59795818587735983 5.7469195888993436 3.6887196501054405 1.9797783251406142 3.1562448135775867 6.6252712699924814 1.2452140322102421
leaf_count=19095 5674 8291 3301 2819 16433 1426 2325 263 6870 2912 600 4133 2176 481
internal_value=0 0.000721349 -0.000400674 0.000986662 -0.0048688 0.00320874 0.00492183 0.00552745 -0.000862735 0.000251129 -0.00324286 -0.00628964 0.00716445 -0.00525179
internal_weight=68.3912 59.4921 48.3733 35.9508 12.4226 21.3612 14.8456 11.1188 14.5895 5.61763 8.97191 11.0715 7.22323 6.99213
internal_count=76799 57704 49591 25724 23867 6570 5144 8113 19154 11203 7951 20566 2439 7351
is_linear=0
shrinkage=0.02


Tree=372
num_leaves=15
num_cat=0
split_feature=18 41 56 54 61 48 43 22 58 35 62 44 62 27
split_gain=0.497351 0.710107 0.663502 1.55046 1.02085 0.998106 0.661866 0.654696 0.279238 0.273797 0.231282 0.223766 0.211698 0.398495
threshold=0.9967479705810548 0.86805555224418651 0.97727271914482128 0.99309137463569652 0.7035714089870454 0.93093368411064159 0.85912698507308971 0.68445521593093883 0.011834721546620132 0.64087301492691051 0.7035714089870454 0.9973009228706361 0.92678570747375499 0.66145834326744091
decision_type=2 2 2 2 2 2 2 2 2 2 2 2 2 2
left_child=1 12 4 5 10 -4 9 -6 -9 -3 -2 -10 13 -1
right_child=2 6 3 -5 7 -7 -8 8 11 -11 -12 -13 -14 -15
leaf_value=-0.0041620225666488021 -0.0050783963535654128 0 0 0.0010682198232700342 -0.00041485776985174721 -0.010603567243357741 0 0 0.0048704565400973319 0.0079962957190170512 0 0 0.0013772444808541045 0
leaf_weight=5.7815667306283576 5.5896927918668089 0.42165465809239222 3.3540980154430127 3.3493759035209214 4.8820556959822197 4.9493500404951192 1.6871108150426151 0.5539582039464247 19.861866751496567 5.3041255415832893 2.3926782161438496 1.2624139424187877 4.951370497971765 4.0614173069238859
leaf_count=8437 33638 180 407 2356 5632 173 745 2713 13767 750 4620 891 1128 1362
internal_value=0 0.00209692 -0.00115133 -0.00424367 0 -0.00785522 0.00534959 0.00229111 0.00389912 0.00729494 -0.00393658 0.00441294 0 -0.00191876
internal_weight=68.4027 22.2072 46.1955 11.6528 34.5427 8.30345 7.41289 26.5603 21.6782 5.72578 7.98237 21.1243 14.7944 9.84298
internal_count=76799 12602 64197 2936 61261 580 1675 23003 17371 930 38258 14658 10927 9799
is_linear=0
shrinkage=0.02


Tree=373
num_leaves=15
num_cat=0
split_feature=41 43 29 54 23 0 62 41 57 62 57 57 5 62
split_gain=0.648308 1.16649 0.922394 0.887774 0.715439 0.487951 1.05623 0.629578 0.357337 0.345778 0.402441 0.336618 0.27347 0.266604
threshold=0.86805555224418651 0.82321429252624523 0.83854165673255932 0.049673723056912429 0.94097220897674572 -20.499999999999996 0.91145834326744091 0.85357144474983226 -2.5956828594207759 0.96651786565780651 1.1973950862884524 1.0900107622146609 -2.5297646522521968 0.69687500596046459
decision_type=2 2 2 2 2 2 2 2 2 2 2 2 2 2
left_child=3 2 8 9 5 -5 -7 12 -2 10 -1 13 -8 -10
right_child=1 -3 -4 4 -6 6 7 -9 11 -11 -12 -13 -14 -15
leaf_value=-0.0068220087354706636 0 -0.00085568234345363204 0 -0.00070738222868442307 -0.0041680084846520311 0 0 0 0 0 0 0 0.007255787341914061 0.0096837706888034374
leaf_weight=8.6542037087997361 0.64915294771094423 5.7510026321392607 1.6465892599471761 6.5726378610379461 4.1760991737173745 17.155794521427197 0.62051816596067411 0.66949670099711589 0.36572332726018419 0.3959409215317472 0.38109877041279183 0.26418513759563289 13.212590252699556 7.8825614817787937
leaf_count=48302 789 4217 791 5642 1470 8643 32 85 973 439 45 72 3837 1462
internal_value=0 0.00280358 0.00600628 -0.00112257 0 0.00142635 0.00269324 0.00571744 0.00791075 -0.0051112 -0.00594936 0.0086263 0.00676961 0.00919416
internal_weight=68.3976 16.5592 10.8082 51.8384 42.4071 38.231 31.6584 14.5026 9.16162 9.43124 9.0353 8.51247 13.8331 8.24828
internal_count=76799 8304 4087 68495 19709 18239 12597 3954 3296 48786 48347 2507 3869 2435
is_linear=0
shrinkage=0.02


Tree=374
num_leaves=15
num_cat=0
split_feature=40 46 54 54 33 37 26 47 26 46 54 11 45 56
split_gain=0.701565 0.773807 0.787744 0.753364 1.03055 0.68938 0.533765 0.501192 0.432262 0.470597 0.397929 0.463204 0.389665 0.335348
threshold=0.97499999403953563 0.99210005998611461 0.060437984764575965 0.079604841768741622 0.43303571641445165 0.69097220897674572 0.99918434023857128 273.50000000000006 0.99466660618782055 0.78760004043579113 0.99626898765563976 1.0000000180025095e-35 157.50000000000003 0.77525252103805553
decision_type=2 2 2 2 2 2 2 2 2 2 2 2 2 2
left_child=1 2 -1 4 -2 -3 -7 12 9 -5 11 -11 -6 -14
right_child=3 5 -4 8 7 6 -8 -9 -10 10 -12 -13 13 -15
leaf_value=-0.0037725462296344615 0 0 0.0018860982754083525 0 0 0 -0.0089348228851300199 0 0.001971417628737543 0 0 -0.0071612622033040817 0.0099991306610758713 0
leaf_weight=7.1420546337626538 1.62866977978729 2.3231042184397648 24.99733008462681 2.8380794608619926 0.36758081473112536 1.979827206498612 4.4811034094941533 1.1496537207005983 7.6468366775561654 0.42547683237353329 0.62773763482437051 5.6486935179491411 6.6714409573082776 0.65091734734687623
leaf_count=39514 4494 1673 12405 2247 2121 1010 1732 2012 3580 16 453 1537 3126 879
internal_value=0 -0.00156762 0 0.00216781 0.00515501 -0.00520299 -0.00722692 0.0074385 0 -0.00264804 -0.00471197 -0.00595342 0.00856205 0.00927755
internal_weight=68.5785 40.9234 32.1394 27.6551 10.4683 8.78403 6.46093 8.83959 17.1868 9.53999 6.70191 6.07417 7.68994 7.32236
internal_count=76799 56334 51919 20465 12632 4415 2742 8138 7833 4253 2006 1553 6126 4005
is_linear=0
shrinkage=0.02


Tree=375
num_leaves=15
num_cat=0
split_feature=41 54 33 57 60 49 47 33 54 46 47 57 25 48
split_gain=0.91835 1.11985 0.844462 0.76951 1.07393 1.14352 1.06697 1.22747 0.769524 0.624803 0.416687 0.337768 0.332908 0.328367
threshold=0.86805555224418651 0.064514297991991057 0.43303571641445165 1.6713425517082217 0.90833333134651195 295.50000000000006 153.50000000000003 0.23749999701976779 0.99754378199577343 0.95077833533287059 273.50000000000006 -2.6750427484512325 0.60912698507308971 0.51834598183631908
decision_type=2 2 2 2 2 2 2 2 2 2 2 2 2 2
left_child=3 2 -2 4 9 6 -6 -8 13 -1 11 -4 -13 -9
right_child=1 -3 10 -5 5 -7 7 8 -10 -11 -12 12 -14 -15
leaf_value=-0.0021941786680738334 0 0 0 0.002344356773842982 0 0 0 0 0 0.002858641291972414 0 0 0.010908125321768611 -0.012253015100066669
leaf_weight=11.662933964495325 0.73766627227337522 9.3084643316251441 0.29866119454118312 4.9736935222699676 6.4595532402468114 3.8913803683853976 1.1913129850529447 0.43034555640224148 0.52235694115006559 12.58799992940021 0.53061387422030737 0.50508652109283403 5.4574479548405179 10.261922394661267
leaf_count=39312 1161 3848 560 1228 9060 1378 646 246 550 12194 993 442 1300 3881
internal_value=0 0.00331277 0.00698821 -0.00133889 -0.00253742 -0.00511094 -0.00690911 -0.009253 -0.0108708 0 0.00871428 0.00956796 0.0102019 -0.0117924
internal_weight=68.8194 16.8379 7.52948 51.9815 47.0078 22.7569 18.8655 12.4059 11.2146 24.2509 6.79181 6.2612 5.96253 10.6923
internal_count=76799 8304 4456 68495 67267 15761 14383 5323 4677 51506 3295 2302 1742 4127
is_linear=0
shrinkage=0.02


Tree=376
num_leaves=15
num_cat=0
split_feature=41 54 33 54 24 60 53 49 33 29 29 53 40 62
split_gain=0.812522 1.02131 0.801697 0.740166 0.616673 0.823698 0.955876 0.612796 0.737251 0.896033 0.566233 0.521905 0.384393 0.330105
threshold=0.86805555224418651 0.064514297991991057 0.43303571641445165 0.049673723056912429 0.9863247573375703 0.76388889551162731 3.6203135251998906 302.50000000000006 0.31696428358554846 0.91145834326744091 0.52638888359069835 2.5198311805725102 0.19375000149011615 0.96651786565780651
decision_type=2 2 2 2 2 2 2 2 2 2 2 2 2 2
left_child=3 2 -2 13 -5 -6 7 8 -7 11 -4 12 -10 -1
right_child=1 -3 10 4 5 6 -8 -9 9 -11 -12 -13 -14 -15
leaf_value=-0.0057211275244042539 0 0 0 0.0026892546569644033 0.00088543140038039052 0 0 0 0 0 0.009467209352494281 0 -0.012010239416505633 0
leaf_weight=8.9283851110333181 0.73590788159026743 9.2934387015220619 0.45579075359228216 15.256312228107161 9.8953096118093544 1.0603644122002176 3.8986425430066438 3.1981555142383504 0.21936465557518925 1.2156143481097377 6.2486966809997284 0.745221547611436 7.1788774009073677 0.39190778207739718
leaf_count=48347 1161 3848 622 5973 8872 193 1319 617 64 458 2673 502 1711 439
internal_value=0 0.0031249 0.00665881 -0.0012573 0 -0.0015782 -0.00404907 -0.00616766 -0.00768736 -0.00899737 0.00837378 -0.0105413 -0.0114616 -0.00488412
internal_weight=68.722 16.7338 7.4404 51.9882 42.6679 27.4116 17.5162 13.6176 10.4194 9.35908 6.70449 8.14346 7.39824 9.32029
internal_count=76799 8304 4456 68495 19709 13736 4864 3545 2928 2735 3295 2277 1775 48786
is_linear=0
shrinkage=0.02


Tree=377
num_leaves=15
num_cat=0
split_feature=41 43 29 61 55 57 25 0 50 58 58 23 57 57
split_gain=0.928193 1.42313 0.95143 0.90942 0.695809 1.07824 1.2144 1.24762 0.57314 0.552041 0.405148 0.393983 0.379136 0.366333
threshold=0.86805555224418651 0.82321429252624523 0.83854165673255932 0.7035714089870454 0.93933823704719555 1.6713425517082217 0.83854165673255932 -1.0000000180025095e-35 -0.063184227794408784 0.068893954157829299 0.036441607400774963 0.68303570151329052 -2.5956828594207759 1.0900107622146609
decision_type=2 2 2 2 2 2 2 2 2 2 2 2 2 2
left_child=3 2 12 11 10 6 7 8 -6 -10 -5 -1 -2 -14
right_child=1 -3 -4 4 5 -7 -8 -9 9 -11 -12 -13 13 -15
leaf_value=-0.0068072988857485308 0 -0.00099155896245988959 0 0 0 0.0021599259291892885 0.00040314690201600058 0 0 -0.011126740813016598 0.0037602066765437753 0 0.0097854836533031158 0
leaf_weight=6.5519759359310665 0.64034043881724656 5.7477115270482946 1.6183826129768011 1.6326500727964255 0.60682822430681227 4.6307122430307563 3.7268983189806013 5.1362730629589377 0.6238484957102618 8.4458541004332783 16.926063141344457 4.1340036643669009 8.6662100226321854 0.26582877508008174
leaf_count=35686 789 4217 791 5981 55 1214 1122 1135 288 2150 13188 7676 2435 72
internal_value=0 0.00332497 0.00671961 -0.00133964 0 -0.00183949 -0.00433128 -0.00664491 -0.00936374 -0.0102595 0.00262589 -0.00515724 0.00851627 0.00921741
internal_weight=69.3536 16.9385 11.1908 52.4151 41.7291 23.1704 18.5397 14.8128 9.67653 9.0697 18.5587 10.686 9.57238 8.93204
internal_count=76799 8304 4087 68495 25133 5964 4750 3628 2493 2438 19169 43362 3296 2507
is_linear=0
shrinkage=0.02


Tree=378
num_leaves=15
num_cat=0
split_feature=17 17 11 11 44 23 35 32 54 49 18 62 58 45
split_gain=0.803814 1.48504 1.60521 0.859596 0.693472 0.481674 0.464042 0.383124 0.700472 0.5542 0.542585 0.794097 0.335327 0.311983
threshold=20.500000000000004 19.500000000000004 6.5000000000000009 5.5000000000000009 0.52114969491958629 0.52951389551162731 0.70714285969734203 0.97176280617713939 0.99665832519531261 86.500000000000014 0.99738562107086193 0.69687500596046459 0.97864061594009411 468.50000000000006
decision_type=2 2 2 2 2 2 2 2 2 2 2 2 2 2
left_child=1 2 3 7 -4 -5 -3 10 9 -9 11 -1 13 -6
right_child=-2 6 4 5 12 -7 -8 8 -10 -11 -12 -13 -14 -15
leaf_value=0 -0.0039957761564083753 0 0 0 -0.008314162277170101 0.0065575434330719306 0.0076141725851653387 0 0.00081069502572955407 -0.0057183275897650298 -0.00068468181033157563 0.0060195959929967933 0 0
leaf_weight=1.2144327916141708 9.2077026025015112 3.8179375803579187 1.4463829350399908 1.1191826817116615 8.9015196325549333 7.4063161585024773 7.4646669885764823 0.70705189000636792 2.0060924520639665 11.673057790080746 3.389898213993777 8.6864246062600596 1.5152703554817879 0.49106601163885066
leaf_count=3773 19095 5674 3804 3828 17643 3583 2439 316 1528 5917 4377 2402 2209 211
internal_value=0 0.000968926 -0.000260989 0.00138593 -0.00539289 0.00524325 0.00597628 0 -0.00231532 -0.00447971 0.00137932 0.00385195 -0.00684997 -0.00770985
internal_weight=69.047 59.8393 48.5567 36.2025 12.3542 8.5255 11.2826 27.677 14.3862 12.3801 13.2908 9.90086 10.9079 9.39259
internal_count=76799 57704 49591 25724 23867 7411 8113 18313 7761 6233 10552 6175 20063 17854
is_linear=0
shrinkage=0.02


Tree=379
num_leaves=15
num_cat=0
split_feature=0 0 11 42 43 23 48 44 33 33 35 58 0 58
split_gain=0.89089 1.28452 1.45727 0.767342 0.807266 1.0341 1.01118 0.669714 0.446243 0.523167 0.428522 0.329727 0.311672 0.305771
threshold=-20.499999999999996 -19.499999999999996 6.5000000000000009 0.79285714030265819 0.82321429252624523 0.51249998807907116 0.99229282140731823 0.52114969491958629 0.97361111640930187 0.48749999701976782 0.70714285969734203 0.98565670847892772 -6.4999999999999991 0.97864061594009411
decision_type=2 2 2 2 2 2 2 2 2 2 2 2 2 2
left_child=11 10 3 -3 5 -5 8 -4 9 -7 -2 -1 -11 -9
right_child=1 2 7 4 -6 6 -8 13 -10 12 -12 -13 -14 -15
leaf_value=-0.0052769474986757896 0 -0.0016580849269081622 0 0 0 0 0 -0.0073851894474145129 0 0 0.0072599464001697322 0 0.010424759510775051 0
leaf_weight=8.0066413863353301 3.8087774469429387 6.4539222153960045 1.4546395747986469 5.0716396849484289 6.6052098349289272 3.2582841477305928 2.2642603512927044 9.1832438118501596 0.62961300015968014 0.15769342378916817 7.3282799097792122 1.2963692106231963 11.534417207072691 1.5068749961128549
leaf_count=16399 5674 8252 3804 5162 5059 2008 793 17854 299 158 2439 2696 3993 2209
internal_value=0 0.00103057 -8.37625e-05 0.00145388 0.00314307 0.00478057 0.00664594 -0.00507176 0.00815539 0.00874929 0.00567342 -0.00418831 0.0100543 -0.006556
internal_weight=68.5599 59.2569 48.1198 35.975 29.5211 22.9159 17.8443 12.1448 15.58 14.9504 11.1371 9.30301 11.6921 10.6901
internal_count=76799 57704 49591 25724 17472 12413 7251 23867 6458 6159 8113 19095 4151 20063
is_linear=0
shrinkage=0.02


Tree=380
num_leaves=15
num_cat=0
split_feature=0 0 11 41 43 62 46 23 32 41 53 58 58 45
split_gain=1.13675 1.14523 1.31579 0.783544 1.57326 1.09843 0.621193 0.552186 0.465086 0.393176 0.38945 0.373437 0.292026 0.295133
threshold=-20.499999999999996 -19.499999999999996 6.5000000000000009 0.86805555224418651 0.82321429252624523 0.85357144474983226 0.49675311148166662 0.96651786565780651 0.93943381309509288 0.85357144474983226 -2.4551782608032222 0.98565670847892772 0.97864061594009411 468.50000000000006
decision_type=2 2 2 2 2 2 2 2 2 2 2 2 2 2
left_child=11 10 3 5 8 -3 -4 9 -5 -7 -2 -1 13 -8
right_child=1 2 6 4 -6 7 12 -9 -10 -11 -12 -13 -14 -15
leaf_value=-0.0057995379581045501 0 -0.0040444532555215223 0 0 -0.00049419848353890027 0.005587971896619629 -0.0075987054544145336 0 0.008971797488793596 0 0.0063502580539548268 0 0 0
leaf_weight=8.2515064787887678 0.60319714363799803 11.498804529095196 1.3258077816947196 0.42639298800759107 4.6739325902371993 9.4903709148315976 8.6584861298751967 1.0659977471850659 8.2986337157656163 0.50744479406148535 10.481910566815484 1.2969663345820652 1.5210244210570625 0.49876796128501233
leaf_count=16399 4478 16238 3301 159 3213 3247 18093 203 2584 80 3635 2696 2262 211
internal_value=0 0.0011744 0 0.00156729 0.00453186 0 -0.00470551 0.00275167 0.00815353 0.00458703 0.00551063 -0.00468744 -0.00615288 -0.00697505
internal_weight=68.5992 59.0508 47.9657 35.9616 13.399 22.5626 12.0041 11.0638 8.72503 9.99782 11.0851 9.54847 10.6783 9.15725
internal_count=76799 57704 49591 25724 5956 19768 23867 3530 2743 3327 8113 19095 20566 18304
is_linear=0
shrinkage=0.02


Tree=381
num_leaves=15
num_cat=0
split_feature=0 0 11 46 11 18 53 18 45 23 35 62 24 46
split_gain=0.909101 1.10405 1.18708 0.601325 0.554459 0.443483 0.635229 0.617705 0.542653 0.406903 0.390568 0.369847 0.335316 0.326686
threshold=-20.499999999999996 -19.499999999999996 6.5000000000000009 0.49675311148166662 5.5000000000000009 0.9967479705810548 4.2241942882537851 0.99493667483329784 82.500000000000014 0.52951389551162731 0.70714285969734203 0.69687500596046459 0.9521634876728059 0.99683043360710155
decision_type=2 2 2 2 2 2 2 2 2 2 2 2 2 2
left_child=-1 10 4 -4 5 7 8 -3 -7 -6 -2 -9 -12 -10
right_child=1 2 3 -5 9 6 -8 11 13 -11 12 -13 -14 -15
leaf_value=-0.0042223018684620656 0 -0.00042253542649371614 0 -0.0060069837836885451 0 0 0.00050117833170097573 0 -0.0068938761834556892 0.0057538636812157571 0 0.0053623981152418742 0.0076810326955045628 0
leaf_weight=9.330402356674993 3.7940058545404991 3.7694830845512106 1.318957740439372 10.572467717027164 1.115201877272282 0.90491083549432261 2.2563623760033797 0.58622568855139334 7.8488396317170537 7.0702509679620107 0.61031215788557336 9.1463821443417128 6.635593300094115 2.9442968644300436
leaf_count=19095 5674 4715 3301 20566 3828 713 1945 984 7738 3583 263 1566 2176 652
internal_value=0 0.00105152 0 -0.00456425 0.0013806 0 -0.00225122 0.0018635 -0.00437544 0.00446737 0.00533846 0.00434816 0.00685971 -0.00568482
internal_weight=67.9037 58.5733 47.5334 11.8914 35.642 27.4565 13.9544 13.5021 11.698 8.18545 11.0399 9.73261 7.24591 10.7931
internal_count=76799 57704 49591 23867 25724 18313 11048 7265 9103 7411 8113 2550 2439 8390
is_linear=0
shrinkage=0.02


Tree=382
num_leaves=15
num_cat=0
split_feature=0 0 0 32 23 43 48 62 42 48 28 41 45 54
split_gain=0.716774 1.03041 0.869901 0.626605 0.827991 1.01376 0.889051 0.529234 0.509231 0.471967 0.433827 0.354517 0.339311 0.570397
threshold=-20.499999999999996 -19.499999999999996 -6.4999999999999991 0.99291408061981212 0.52638888359069835 0.85912698507308971 0.99229282140731823 0.96130952239036571 0.87083333730697643 0.52192106842994701 0.94846922159194957 0.98750001192092907 272.50000000000006 0.97186678647995006
decision_type=2 2 2 2 2 2 2 2 2 2 2 2 2 2
left_child=-1 10 9 4 7 6 8 11 -6 -3 -2 -4 13 -10
right_child=1 2 3 -5 5 -7 -8 -9 12 -11 -12 -13 -14 -15
leaf_value=-0.0037743893097965222 0 0 -0.0053477374342773675 -0.0016151975759837749 0 0 0 0.0015772048386985568 0.010548144222367465 -0.0054445734664019772 0.0063062822329011036 0 0 0
leaf_weight=9.1460061126267629 1.8964841530535057 1.9866496906804503 4.4536872983203484 6.9611460666169469 1.3597217422936907 3.7424592706611284 1.7514627825917148 3.4460402548556885 10.248618542767188 9.587278343288288 9.1524222655666545 0.57547764610535512 2.0149857726678428 1.3310981332078871
leaf_count=19095 4187 3865 10629 3129 1166 3391 741 1154 3177 20023 3926 43 1178 1095
internal_value=0 0.000930295 -1.92417e-05 0.0010251 0.00268657 0.00463799 0.0064817 -5.13066e-05 0.00784616 -0.0040384 0.00509666 -0.00392958 0.00869007 0.00954003
internal_weight=67.6535 58.5075 47.4586 35.8847 28.9236 20.4483 16.7059 8.47521 14.9544 11.5739 11.0489 5.02916 13.5947 11.5797
internal_count=76799 57704 49591 25703 22574 10748 7357 11826 6616 23888 8113 10672 5450 4272
is_linear=0
shrinkage=0.02


Tree=383
num_leaves=15
num_cat=0
split_feature=17 17 11 42 43 23 48 46 28 33 33 35 47 58
split_gain=0.59044 1.00971 0.893614 0.596239 0.789864 0.707432 0.850523 0.56841 0.427759 0.371829 0.439606 0.339314 0.320295 0.307393
threshold=20.500000000000004 19.500000000000004 6.5000000000000009 0.79285714030265819 0.82321429252624523 0.51249998807907116 0.99229282140731823 0.49675311148166662 0.94846922159194957 0.97361111640930187 0.48749999701976782 0.70714285969734203 461.50000000000006 0.97864061594009411
decision_type=2 2 2 2 2 2 2 2 2 2 2 2 2 2
left_child=1 2 3 -1 5 -5 9 -4 -3 10 -7 -10 13 -9
right_child=-2 8 7 4 -6 6 -8 12 11 -11 -12 -13 -14 -15
leaf_value=-0.0016196232105066693 -0.0034406307252653791 0 0 0 -0.00029084571853356302 0 0 -0.0071613050989491368 0 0 0.0090856058216885315 0.0074679229820393683 0 0
leaf_weight=6.3963194274283515 9.0151092752018922 1.9062532939612982 1.3404150505573387 4.8544753204639681 6.7249885512312622 3.2208759161192129 2.2335849839000721 8.4877151141513369 2.5430318721018903 0.61276100514032883 11.267577319496921 6.5709223454859966 0.51846974374757415 1.4919965632493593
leaf_count=8252 19095 4187 3301 5162 5059 2008 793 18103 1742 299 4151 2184 244 2219
internal_value=0 0.000845521 -9.14214e-05 0.000997042 0.00261407 0.00438087 0.00588633 -0.00409456 0.0049973 0.00731736 0.0078735 0.00620852 -0.00557165 -0.00628781
internal_weight=67.1845 58.1694 47.1492 35.3106 28.9143 22.1893 17.3348 11.8386 11.0202 15.1012 14.4885 9.11395 10.4982 9.97971
internal_count=76799 57704 49591 25724 17472 12413 7251 23867 8113 6458 6159 3926 20566 20322
is_linear=0
shrinkage=0.02


Tree=384
num_leaves=15
num_cat=0
split_feature=0 0 11 11 44 28 18 53 45 41 62 27 35 47
split_gain=0.509884 0.995191 0.803988 0.572456 0.546709 0.424045 0.401217 0.670841 0.560878 0.449259 0.678683 0.372711 0.332656 0.315953
threshold=-20.499999999999996 -19.499999999999996 6.5000000000000009 5.5000000000000009 0.52114969491958629 0.94846922159194957 0.9967479705810548 4.2241942882537851 82.500000000000014 0.86805555224418651 0.98750001192092907 0.52951389551162731 0.70714285969734203 461.50000000000006
decision_type=2 2 2 2 2 2 2 2 2 2 2 2 2 2
left_child=-1 5 3 6 -4 -2 9 8 -8 10 -3 -5 -7 -6
right_child=1 2 4 11 13 12 7 -9 -10 -11 -12 -13 -14 -15
leaf_value=-0.0032061276515498102 0 -0.0043570773069428635 0 0 -0.0061556273201735946 0 0 0.00044731463740824102 -0.0058901942001141827 0.0040968455975136523 0.0023340493126330357 0.0054164006859830109 0.0073883745776504922 0
leaf_weight=8.9328487315212879 1.9122282522023386 4.4120248078261266 1.4675062543374213 1.1067308182346076 9.7957592299517238 2.5411277195012172 0.89469478070486985 2.2492045341432449 10.837584653260818 5.640691012823936 3.0638583714799097 6.9545075847654516 6.5533270359001108 0.52158172762074251
leaf_count=19095 4187 5022 3804 3826 19819 1742 713 1945 8390 1332 911 3585 2184 244
internal_value=0 0.000786483 -0.000141654 0.000861941 -0.00393829 0.00492729 0 -0.0024702 -0.00458918 0.00127027 0 0.00415729 0.00614017 -0.00542702
internal_weight=66.8837 57.9508 46.9441 35.1593 11.7848 11.0067 27.0981 13.9815 11.7323 13.1166 7.47588 8.06124 9.09445 10.3173
internal_count=76799 57704 49591 25724 23867 8113 18313 11048 9103 7265 5933 7411 3926 20063
is_linear=0
shrinkage=0.02


Tree=385
num_leaves=15
num_cat=0
split_feature=17 17 11 42 43 23 48 44 28 64 35 60 32 22
split_gain=0.478355 0.971116 0.818665 0.576544 0.7134 0.629973 0.789403 0.558354 0.41957 0.33294 0.325382 0.304459 0.291848 0.329352
threshold=20.500000000000004 19.500000000000004 6.5000000000000009 0.79285714030265819 0.82321429252624523 0.51249998807907116 0.99229282140731823 0.52114969491958629 0.94846922159194957 1.0000000180025095e-35 0.70714285969734203 0.26785714924335485 0.99291408061981212 0.52913096547126781
decision_type=2 2 2 2 2 2 2 2 2 2 2 2 2 2
left_child=1 2 3 -1 5 -5 9 -4 -3 11 -10 -7 13 -13
right_child=-2 8 7 4 -6 6 -8 -9 10 -11 -12 12 -14 -15
leaf_value=-0.0016956045220518465 -0.0031100171698233304 0 0 0 -0.00015569688813803808 0 0 -0.0054958552104408124 0 0 0.0073086452186130746 0 0 0.0094415375580710909
leaf_weight=6.4109279721199064 8.8819118736359979 1.9160698419118478 1.4670639807161467 4.8068076957820329 6.6330370851330818 0.41429405791472973 2.2251706344272852 10.227150440292688 2.5407267336668138 1.318088814990461 6.5342556256955504 0.30924730078322582 2.13617624706285 10.72392445569494
leaf_count=8252 19095 4187 3804 5162 5059 574 793 20063 1742 1869 2184 108 805 3102
internal_value=0 0.000763854 -0.000149917 0.000868698 0.00250812 0.00419332 0.00561529 -0.00398585 0.00486016 0.00701086 0.00607264 0.00766614 0.00812496 0.0089615
internal_weight=66.5449 57.6629 46.6719 34.9777 28.5667 21.9337 17.1269 11.6942 10.9911 14.9017 9.07498 13.5836 13.1693 11.0332
internal_count=76799 57704 49591 25724 17472 12413 7251 23867 8113 6458 3926 4589 4015 3210
is_linear=0
shrinkage=0.02


Tree=386
num_leaves=15
num_cat=0
split_feature=0 0 11 11 44 24 53 18 46 23 49 35 44 58
split_gain=0.423824 0.966312 0.69891 0.551154 0.526449 0.417505 0.387814 0.61035 0.522367 0.358329 0.33021 0.318411 0.253344 0.240656
threshold=-20.499999999999996 -19.499999999999996 6.5000000000000009 5.5000000000000009 0.52114969491958629 0.9495108723640443 4.6326708793640146 0.9967479705810548 0.4763574898242951 0.52951389551162731 248.50000000000003 0.70714285969734203 0.99648505449295055 0.96736550331115734
decision_type=2 2 2 2 2 2 2 2 2 2 2 2 2 2
left_child=13 5 3 6 -4 -2 7 -3 -9 -5 -6 -7 -13 -1
right_child=1 2 4 9 10 11 -8 8 -10 -11 -12 12 -14 -15
leaf_value=-0.0040756880646059517 0 0 0 0 -0.0065121392684800751 0 0.0023802310129876774 0 -0.0054832202173486153 0.0052611244375022131 0 0.007893282921495208 0 0
leaf_weight=6.9937975519037519 1.9253524257251218 11.563341132212376 1.4689461082662081 1.1040822522420501 7.2274875604279014 2.5319227980885426 3.1722781561984439 0.9252224489398494 11.312948852540329 6.8952592836228632 3.0075037227184112 6.0586560279443802 0.46648802929848887 1.8339606383260614
leaf_count=15845 4195 6526 3804 3828 15960 1736 2555 875 8357 3583 4103 1929 253 3250
internal_value=0 0.000718047 -0.00019114 0.000704467 -0.00373336 0.00482073 -1.7365e-05 -0.00177921 -0.00421411 0.00401075 -0.00522916 0.00603544 0.00725689 -0.00293336
internal_weight=66.4872 57.6595 46.6771 34.9731 11.7039 10.9824 26.9738 23.8015 12.2382 7.99934 10.235 9.05707 6.52514 8.82776
internal_count=76799 57704 49591 25724 23867 8113 18313 15758 9232 7411 20063 3918 2182 19095
is_linear=0
shrinkage=0.02


Tree=387
num_leaves=15
num_cat=0
split_feature=0 0 0 32 62 33 41 43 64 51 44 29 28 44
split_gain=0.410273 0.953815 0.621678 0.486897 0.659511 0.68208 0.63071 0.643755 0.550653 0.485669 0.480577 0.424904 0.416717 0.270709
threshold=-20.499999999999996 -19.499999999999996 -6.4999999999999991 0.99291408061981212 0.85357144474983226 0.43303571641445165 0.85357144474983226 0.85912698507308971 1.0000000180025095e-35 0.072146087884902968 0.52114969491958629 0.94097220897674572 0.94846922159194957 0.99648505449295055
decision_type=2 2 2 2 2 2 2 2 2 2 2 2 2 2
left_child=-1 12 10 4 5 -4 -7 9 11 -8 -3 -6 -2 -14
right_child=1 2 3 -5 8 6 7 -9 -10 -11 -12 -13 13 -15
leaf_value=-0.0028886514376125932 0 0 -0.004000207480246252 -0.0016319751013734191 0.0070410676817701879 0 0.008045785786014014 0 0 0 -0.0051233805770195748 0 0.0066614080794026231 0
leaf_weight=8.7968822520086842 1.9236884277795514 1.990239436590399 5.1920533098730202 6.9593115852942438 9.6749049074110172 5.2999486815369874 5.0768755548613171 1.2784962069320043 0.59531319266079741 0.63025734074085438 9.2998055496120724 0.49572820251523886 8.4765313774678326 0.58253802448871361
leaf_count=19095 4187 3873 10572 3129 3094 5300 980 1192 849 450 20015 137 3637 289
internal_value=0 0.000707735 -0.000194819 0.000597728 0.00221337 0 0.00200772 0.0048577 0.00495655 0.00679969 -0.00358923 0.00618441 0.00478531 0.00600182
internal_weight=66.2726 57.4757 46.4929 35.2029 28.2436 17.4776 12.2856 6.98563 10.7659 5.70713 11.29 10.1706 10.9828 9.05907
internal_count=76799 57704 49591 25703 22574 18494 7922 2622 4080 1430 23888 3231 8113 3926
is_linear=0
shrinkage=0.02


Tree=388
num_leaves=15
num_cat=0
split_feature=55 23 0 27 44 60 7 49 62 41 50 58 35 19
split_gain=0.377947 0.686778 0.654045 0.806004 0.546832 0.527963 0.485464 0.449322 0.269665 0.255266 0.236029 0.236367 0.230544 0.290002
threshold=0.47213622927665716 0.78348213434219371 -20.499999999999996 0.52638888359069835 0.99500623345375072 0.90833333134651195 4.62760353088379 135.50000000000003 0.97361111640930187 0.97361111640930187 0.40396268665790563 0.011834721546620132 0.76249998807907116 0.059027777984738357
decision_type=2 2 2 2 2 2 2 2 2 2 2 2 2 2
left_child=-1 2 -2 8 9 -3 7 -7 -4 10 11 -5 -9 -14
right_child=1 5 3 4 -6 6 -8 12 -10 -11 -12 -13 13 -15
leaf_value=-0.0034523729095484634 -0.00056969292686467367 0.0002642432671865679 -0.0023219211749970488 0 0 0 0 0 0.0016739925684952875 0 0 0.0070710487321673536 0 -0.0073213128421781761
leaf_weight=3.950469641910785 5.7977608502469584 8.1459119808941978 7.0386306709124238 0.23886291573536667 2.5219094516087344 1.0906181015679965 1.4834543044626123 1.1686395933875235 4.4833155376336435 0.66614015605773502 0.31377960592180798 19.612829821735886 0.81644113106813065 8.7954586161995376
leaf_count=34806 6543 8639 7659 1032 1801 296 726 482 1357 162 84 10610 191 2411
internal_value=0 0.000546524 0.00224825 0.00345004 0.00520025 -0.0013816 -0.003605 -0.00493029 0 0.00611164 0.0064828 0.00678483 -0.00599224 -0.00663206
internal_weight=66.1242 62.1738 40.6732 34.8755 23.3535 21.5005 13.3546 11.8712 11.5219 20.8316 20.1655 19.8517 10.7805 9.6119
internal_count=76799 41993 29248 22705 13689 12745 4106 3380 9016 11888 11726 11642 3084 2602
is_linear=0
shrinkage=0.02


Tree=389
num_leaves=15
num_cat=0
split_feature=61 56 53 33 7 62 22 19 44 58 27 61 42 7
split_gain=0.372532 0.863147 1.68494 1.34749 0.721766 0.61245 0.522645 0.496677 0.433772 0.388786 0.321002 0.317897 0.261231 0.263168
threshold=0.7035714089870454 0.97727271914482128 4.6326708793640146 0.38194444775581365 -4.6534199714660636 0.7035714089870454 0.6692161262035371 0.44722221791744238 0.99686026573181163 0.011834721546620132 0.96651786565780651 0.96651786565780651 0.57738095521926891 -1.9752615094184873
decision_type=2 2 2 2 2 2 2 2 2 2 2 2 2 2
left_child=4 6 3 -3 -1 10 -2 -8 9 -9 -6 -5 -11 -14
right_child=1 2 -4 11 5 -7 7 8 -10 12 -12 -13 13 -15
leaf_value=0.00046015662468190991 0 0 0.0035532074203673426 0 -0.0073683834372491232 0 0 0 0 0 0 -0.0094122142289037609 0 0.0073263360334715893
leaf_weight=4.4621851873653204 6.0728364549620428 4.3628778949860161 4.3520411029239758 0.97253900810664884 7.1181389901828407 3.1101591173453462 3.6013369342708783 0.52385627140870994 1.6831546210705699 1.1158365528808669 0.88833670943722598 7.1431558037002105 3.5999934263450184 16.806070513847764
leaf_count=2900 6021 732 3134 104 38526 5040 955 2789 1165 667 596 393 4596 9181
internal_value=0 0.000858225 -0.00153473 -0.00548859 -0.00217546 -0.00465836 0.00286347 0.00396731 0.00490402 0.00560506 -0.00652095 -0.00863004 0.00611933 0.00654091
internal_weight=65.8125 50.2337 16.8306 12.4786 15.5788 11.1166 33.4031 27.3302 23.7289 22.0458 8.00648 8.11569 21.5219 20.4061
internal_count=76799 29737 4363 1229 47062 44162 25374 19353 18398 17233 39122 497 14444 13777
is_linear=0
shrinkage=0.02


Tree=390
num_leaves=15
num_cat=0
split_feature=56 56 54 37 57 61 11 49 46 33 58 55 25 53
split_gain=0.359926 0.628516 0.799459 1.45715 0.520705 0.707487 0.5116 0.293982 0.246733 0.241138 0.236091 0.229511 0.250601 0.215387
threshold=0.47213622927665716 0.82843136787414562 0.99665832519531261 0.55902779102325451 1.8173707723617556 0.97048610448837291 5.5000000000000009 316.50000000000006 0.99270960688591015 0.38194444775581365 0.011834721546620132 0.94590643048286449 0.89642855525016796 -3.1388624906539913
decision_type=2 2 2 2 2 2 2 2 2 2 2 2 2 2
left_child=-1 6 3 -3 5 -5 13 9 10 -7 -8 12 -12 -2
right_child=1 2 -4 4 -6 7 8 -9 -10 -11 11 -13 -14 -15
leaf_value=-0.0033398751773478243 0.0019074505509459432 0.0015782453413802377 0.0032941703884146528 0 0 0 0 0 0 -0.010654109816351396 0.0064758692676676896 0 0 -0.0018956638394014625
leaf_weight=4.1072730688650827 1.6648628090149475 9.393940307546929 3.6684006884752298 11.073912751567153 1.7607816321160488 0.91715422606284835 0.3460126080622129 1.7195157190108146 2.2153778913418583 5.9314925534217764 13.144579105682618 0.7137229464970013 0.81284150120245691 8.2019535588840444
leaf_count=34806 1202 2683 3684 7511 292 82 1862 67 3115 248 13486 179 1644 5938
internal_value=0 0.000541051 -0.000630637 -0.00241536 -0.0051814 -0.00603648 0.00273455 -0.00897422 0.00435515 -0.00995127 0.00503571 0.00548826 0.00596048 0
internal_weight=65.6718 61.5645 34.4652 30.7968 21.4029 19.6421 27.0994 8.56816 17.2325 6.84865 15.0172 14.6711 13.9574 9.86682
internal_count=76799 41993 14567 10883 8200 7908 27426 397 20286 330 17171 15309 15130 7140
is_linear=0
shrinkage=0.02


Tree=391
num_leaves=15
num_cat=0
split_feature=56 56 54 37 57 61 23 45 46 45 42 62 57 33
split_gain=0.361727 0.59732 0.778386 1.41686 0.51077 0.697502 0.45427 0.437697 0.391386 0.298446 0.329171 0.402692 0.212984 0.212602
threshold=0.47213622927665716 0.82843136787414562 0.99665832519531261 0.55902779102325451 1.8173707723617556 0.97048610448837291 0.52951389551162731 336.50000000000006 0.99482533335685741 325.50000000000006 0.87083333730697643 0.86805555224418651 1.1973950862884524 0.35357142984867101
decision_type=2 2 2 2 2 2 2 2 2 2 2 2 2 2
left_child=12 6 3 -3 5 -5 -2 13 9 10 -8 -12 -1 -7
right_child=1 2 -4 4 -6 7 8 -9 -10 -11 11 -13 -14 -15
leaf_value=-0.0044045901426327128 0 0.001557089436554901 0.0032859026400659285 0 0 0 0 0 0 0 0.0071048012644310474 0 0 -0.010648221659630365
leaf_weight=3.808462392856085 4.1148023149689861 9.4001604292188876 3.6636779165037288 11.048853280144616 1.7611309165240516 0.89238272854709055 2.2409191639460539 1.6271775106179118 2.6974835901755787 2.9968773440837131 12.721650725141215 2.2056049063339751 0.29236833083996305 6.0584155603100953
leaf_count=34803 6651 2683 3684 7511 292 75 4413 66 3081 2321 9813 1147 3 256
internal_value=0 0.000543266 -0.000581084 -0.00235859 -0.00509594 -0.00594636 0.00268597 -0.00885144 0.00378065 0.00463419 0.00539243 0.00616886 -0.00334887 -0.0100018
internal_weight=65.53 61.4291 34.4518 30.7881 21.388 19.6268 26.9773 8.57798 22.8625 20.1651 17.1682 14.9273 4.10083 6.9508
internal_count=76799 41993 14567 10883 8200 7908 27426 397 20775 17694 15373 10960 34806 331
is_linear=0
shrinkage=0.02


Tree=392
num_leaves=15
num_cat=0
split_feature=61 56 53 33 7 62 54 57 26 19 7 42 27 49
split_gain=0.375266 0.761934 1.52895 1.18503 0.655943 0.564323 0.505834 0.507237 0.504078 0.443127 0.370362 0.411101 0.331523 0.251129
threshold=0.7035714089870454 0.94868421554565441 4.6326708793640146 0.38194444775581365 -4.6534199714660636 0.7035714089870454 0.46456353366374975 2.0066758394241337 0.66707119345664989 0.44722221791744238 -1.9462186098098753 0.57738095521926891 0.96651786565780651 145.50000000000003
decision_type=2 2 2 2 2 2 2 2 2 2 2 2 2 2
left_child=4 8 3 -3 -1 12 -5 13 -2 -10 -11 -12 -6 -8
right_child=1 2 -4 6 5 -7 7 -9 9 10 11 -13 -14 -15
leaf_value=0.00021184667575123849 0 0 0.0035300813304691304 0 -0.0072131504816417566 0 0 0 0 0 0 0.006347587833375851 0 -0.01047574139636845
leaf_weight=4.374829430226554 5.9756297797648577 4.4542992840652031 4.3477596125649134 0.85142686513063193 6.9940059263562926 3.0760911357053828 0.61572595604957303 0.62137745168183744 3.524377383901995 4.3738927412009643 0.98714897937384449 17.783169298330677 0.89672325244555384 6.5751593825534655
leaf_count=2900 5936 743 3134 66 38526 5040 73 91 953 6556 657 11200 596 328
internal_value=0 0.000859706 -0.00127689 -0.00503523 -0.00219759 -0.00453656 -0.00792623 -0.00894965 0.0027832 0.00388713 0.00477037 0.00568924 -0.00632383 -0.00989449
internal_weight=65.4516 50.11 17.4657 13.118 15.3416 10.9668 8.66369 7.81226 32.6442 26.6686 23.1442 18.7703 7.89073 7.19089
internal_count=76799 29737 4435 1301 47062 44162 558 492 25302 19366 18413 11857 39122 401
is_linear=0
shrinkage=0.02


Tree=393
num_leaves=15
num_cat=0
split_feature=61 56 54 57 0 7 62 26 61 27 43 7 33 44
split_gain=0.365376 0.73372 1.34895 1.16493 0.732906 0.638829 0.532669 0.503336 0.427908 0.309211 0.309087 0.404965 0.396617 0.329861
threshold=0.7035714089870454 0.94868421554565441 0.99309137463569652 1.6713425517082217 -1.0000000180025095e-35 -4.6534199714660636 0.7035714089870454 0.88743153214454662 0.97048610448837291 0.96651786565780651 0.58854165673255932 -1.9462186098098753 0.60357144474983226 0.9973009228706361
decision_type=2 2 2 2 2 2 2 2 2 2 2 2 2 2
left_child=5 7 3 4 8 -1 9 -2 -3 -7 -9 -12 -13 -14
right_child=1 2 -4 -5 -6 6 -8 10 -10 -11 11 12 13 -15
leaf_value=0.00016408729975449454 0 0 0.0030448819812359442 5.8182085468866583e-05 0 -0.007077711415777792 0 0 -0.010714627081599688 0 0 0 0.0081772181086797839 0
leaf_weight=4.3637617300053071 10.329950192086242 1.046769174732616 4.7692320580372316 2.5531984172484945 3.9363423137256204 6.9178723437114495 3.046082306081189 6.4371560381405315 5.1767542812467582 0.88534136730640955 3.2433727348766288 3.1951768451440321 9.0730528968833788 0.35002749786326681
leaf_count=2900 11791 100 3112 485 608 38526 5040 5586 130 596 2982 1599 3164 180
internal_value=0 0.000846529 -0.00123275 -0.0048707 -0.00737606 -0.00217647 -0.00449378 0.00273858 -0.0096318 -0.00622437 0.00412503 0.0052168 0.00632227 0.00757679
internal_weight=65.3241 50.111 17.4823 12.7131 10.1599 15.2131 10.8493 32.6287 6.22352 7.80321 22.2988 15.8616 12.6183 9.42308
internal_count=76799 29737 4435 1323 838 47062 44162 25302 230 39122 13511 7925 4943 3344
is_linear=0
shrinkage=0.02


Tree=394
num_leaves=15
num_cat=0
split_feature=54 56 27 57 0 33 41 57 42 25 54 8 49 53
split_gain=0.352356 1.08682 1.43847 1.36415 0.810185 0.457042 0.387081 0.501108 0.538494 0.377985 0.456043 0.426123 0.336138 0.336104
threshold=0.99665832519531261 0.97727271914482128 0.52638888359069835 2.0066758394241337 -1.0000000180025095e-35 0.42678572237491613 0.56696429848670971 -2.8888527154922481 0.93541666865348827 0.89642855525016796 0.5499061942100526 0.10555555671453477 157.50000000000003 -0.95097410678863514
decision_type=2 2 2 2 2 2 2 2 2 2 2 2 2 2
left_child=1 2 13 4 -3 -4 -7 -8 -9 10 11 -10 -13 -1
right_child=-2 3 5 -5 -6 6 7 8 9 -11 -12 12 -14 -15
leaf_value=-0.0052311768439778153 0.0033734881274073408 -0.0097944597092329555 0 0.00096026446235976946 0 0 0 0 0 0 0 0 0.0098084807830083262 0
leaf_weight=6.6492937597450874 3.7110193128191886 6.5564931460030484 4.8185844137042286 2.1425003388339965 4.6383617567335014 8.1401388529768592 3.7500550574034142 2.996700010082356 1.1095496025282106 0.8102337843922659 3.654632912561282 0.63649028081181214 11.116305955825963 4.5301742990213851
leaf_count=36779 4366 275 5200 614 704 9802 6411 2747 480 650 1373 643 4897 1858
internal_value=0 -0.000527115 0.00051394 -0.00464708 -0.00732561 0.00282294 0.00368921 0.00470726 0.00570396 0.00673774 0.00730687 0.00850871 0.00926127 -0.0036264
internal_weight=65.2605 61.5495 48.2122 13.3374 11.1949 37.0327 32.2141 24.074 20.3239 17.3272 16.517 12.8623 11.7528 11.1795
internal_count=76799 72433 70840 1593 979 32203 27003 17201 10790 8043 7393 6020 5540 38637
is_linear=0
shrinkage=0.02


Tree=395
num_leaves=15
num_cat=0
split_feature=61 56 53 33 7 26 61 57 7 19 44 42 28 61
split_gain=0.365771 0.758805 1.50364 1.22592 0.605911 0.506335 0.503671 0.367405 0.313841 0.528007 0.429067 0.393509 0.310026 0.204979
threshold=0.7035714089870454 0.94868421554565441 4.6326708793640146 0.38194444775581365 -4.6534199714660636 0.88743153214454662 0.97048610448837291 1.6713425517082217 -1.9462186098098753 0.44722221791744238 0.9970972239971162 0.63961037993431102 0.99923077225685131 0.77817460894584667
decision_type=2 2 2 2 2 2 2 2 2 2 2 2 2 2
left_child=4 5 3 -3 -1 -2 -5 -8 -7 -10 11 -11 -6 -13
right_child=1 2 -4 6 12 8 7 -9 9 10 -12 13 -14 -15
leaf_value=2.4557375079159757e-05 0 0 0.0034854174073535686 0 -0.0057917366324309084 0 -0.010102308756387802 0 0 0 0 0 0 0.0077960980744301847
leaf_weight=4.3328244817203077 10.274839576546809 4.4486831446156456 4.3290460162970694 1.8419006571602929 7.0694641348428586 4.6259496128227502 6.1595438932599791 0.77199948073211988 1.574253744993263 0.83783983377952509 0.95633016179545016 0.7401334679307191 3.66025547886602 13.634576204950916
leaf_count=2900 11791 743 3134 185 35534 4944 271 102 291 363 654 1347 8628 5912
internal_value=0 0.000843844 -0.00128266 -0.00499341 -0.00218759 0.00276851 -0.00794069 -0.00926566 0.00415239 0.00505366 0.00603246 0.00675899 -0.00442997 0.00740531
internal_weight=65.2576 50.1951 17.5512 13.2221 15.0625 32.6439 8.77344 6.93154 22.3691 17.7431 16.1689 15.2125 10.7297 14.3747
internal_count=76799 29737 4435 1301 47062 25302 558 373 13511 8567 8276 7622 44162 7259
is_linear=0
shrinkage=0.02


Tree=396
num_leaves=15
num_cat=0
split_feature=61 56 53 48 7 54 62 22 43 7 19 7 18 44
split_gain=0.352372 0.777941 1.51636 1.13354 0.591528 0.540158 0.521938 0.509229 0.35093 0.418243 0.40637 0.317611 0.363485 0.265524
threshold=0.7035714089870454 0.94868421554565441 4.6326708793640146 0.82250541448593151 -4.6534199714660636 0.46456353366374975 0.7035714089870454 0.88005101680755626 0.58854165673255932 -1.9462186098098753 0.44722221791744238 4.62760353088379 0.99688959121704113 0.9970972239971162
decision_type=2 2 2 2 2 2 2 2 2 2 2 2 2 2
left_child=4 7 3 -3 -1 -5 -6 -2 -9 -10 -11 12 -7 -12
right_child=1 2 -4 5 6 11 -8 8 9 10 13 -13 -14 -15
leaf_value=6.519831285843088e-07 0 0 0.0034700525263889671 0 -0.0061098010947637097 0 0 0 0 0 0.007716423578727624 0 -0.011081828764722025 0
leaf_weight=4.3206435457655052 10.192408470350754 5.274927918491815 4.3210609168222609 0.75802781623496951 7.6595945500970384 1.1179461356932732 3.0096152751264071 6.435788975249582 3.2262572587615095 1.0455540969887795 11.246473560658611 1.2987728274674735 4.8566502513804153 0.51142702927063588
leaf_count=2900 11612 921 3134 58 39122 72 5040 5654 3019 203 4496 74 176 318
internal_value=0 0.000826136 -0.00133572 -0.00503193 -0.00215215 -0.00802312 -0.0043767 0.00277929 0.00416044 0.00531429 0.00642577 -0.0091064 -0.0100508 0.00722895
internal_weight=65.2751 50.2853 17.6274 13.3063 14.9899 8.0314 10.6692 32.6579 22.4655 16.0297 12.8035 7.27337 5.9746 11.7579
internal_count=76799 29737 4435 1301 47062 380 44162 25302 13690 8036 5017 322 248 4814
is_linear=0
shrinkage=0.02


Tree=397
num_leaves=15
num_cat=0
split_feature=54 56 23 57 0 33 41 57 42 11 8 44 41 25
split_gain=0.34457 1.16238 1.41676 1.39496 0.874701 0.439378 0.417076 0.525688 0.544537 0.449402 0.385063 0.33381 0.414321 0.323011
threshold=0.99665832519531261 0.97727271914482128 0.52638888359069835 2.0066758394241337 -1.0000000180025095e-35 0.42678572237491613 0.56696429848670971 -2.8888527154922481 0.93541666865348827 20.500000000000004 0.10555555671453477 0.46764378249645239 0.98750001192092907 0.89642855525016796
decision_type=2 2 2 2 2 2 2 2 2 2 2 2 2 2
left_child=1 2 11 4 -3 -4 -7 -8 -9 10 -10 -1 -13 -12
right_child=-2 3 5 -5 -6 6 7 8 9 -11 13 12 -14 -15
leaf_value=0 0.0033398871296380075 -0.0099677105320271873 0 0.00096855630233628521 0 0 0 0 0 0 0.0085732138398728463 -0.0061001199679730942 0 0
leaf_weight=3.3503922037612011 3.6893791758634498 6.7306790054899457 4.7834549392539421 2.1463653328128194 4.6551716939720782 8.0946341611775079 3.7100499961848064 2.9727200744166629 1.1772284283943069 0.95326782657502818 14.678187469892006 7.1053660438249153 0.58042165024744452 0.62584136132613899
leaf_count=9280 4366 275 5193 614 704 9799 6409 2748 558 797 6154 29315 58 529
internal_value=0 -0.000520702 0.000581534 -0.00475857 -0.0074276 0.00285928 0.00369525 0.00475062 0.00577024 0.00680152 0.00746955 -0.00353692 -0.00494528 0.00810214
internal_weight=65.2532 61.5638 48.0316 13.5322 11.3859 36.9954 32.2119 24.1173 20.4072 17.4345 16.4813 11.0362 7.68579 15.304
internal_count=76799 72433 70840 1593 979 32187 26994 17195 10786 8038 7241 38653 29373 6683
is_linear=0
shrinkage=0.02


Tree=398
num_leaves=15
num_cat=0
split_feature=18 11 11 48 60 7 50 57 5 52 56 32 62 6
split_gain=0.347359 0.748379 1.02717 0.675581 0.811878 1.11039 0.653017 0.546869 0.468148 0.413356 0.396718 0.356 0.315604 0.226754
threshold=0.9967479705810548 19.500000000000004 21.500000000000004 0.46627490222454077 0.58571431040763866 4.62760353088379 -0.0024294828763231631 2.3737875223159794 59.708045959472663 -0.045997999608516686 0.48809523880481726 0.98105165362358104 0.7035714089870454 25.082250595092777
decision_type=2 2 2 2 2 2 2 2 2 2 2 2 2 2
left_child=6 3 12 -2 -5 7 10 8 9 -6 -1 -12 -3 -11
right_child=1 2 -4 4 5 -7 -8 -9 -10 13 11 -13 -14 -15
leaf_value=0 0.00052265101454217677 0 -0.0015927658834949583 0 0 0 0 0 0 -0.0096415436164264939 0.0073974724876927009 0 0.0062354982724652395 0
leaf_weight=0.60361085724071273 2.3434761404889768 0.6808725413376332 5.6727212221776426 7.4394988148258134 2.0430198997837712 2.0948713827322072 13.976212419986949 0.61723505642566934 1.4974858836937972 14.607665627161278 4.9129277519409698 1.6719703937924348 6.9821981129166488 0.18347857322623973
leaf_count=2496 4228 4528 15994 17822 2914 1737 8535 209 787 13085 1079 492 2879 14
internal_value=0 -0.00098194 0.00137928 -0.00286272 -0.00403488 -0.00567268 0.00178374 -0.00720373 -0.00786089 -0.00857512 0.00497248 0.00612416 0.0053354 -0.0093816
internal_weight=65.3272 44.1625 13.3358 30.8267 28.4833 21.0438 21.1647 18.9489 18.3316 16.8342 7.18851 6.5849 7.66307 14.7911
internal_count=76799 64197 23401 40796 36568 18746 12602 17009 16800 16013 4067 1571 7407 13099
is_linear=0
shrinkage=0.02


Tree=399
num_leaves=15
num_cat=0
split_feature=61 61 54 57 53 7 62 33 7 35 29 52 56 45
split_gain=0.359201 1.00411 1.38945 1.64952 0.895797 0.570861 0.495949 0.402563 0.333551 0.427312 0.643886 0.480465 0.331059 0.329575
threshold=0.7035714089870454 0.98750001192092907 0.99665832519531261 1.6713425517082217 -0.89899209141731251 -4.6534199714660636 0.7035714089870454 0.60357144474983226 -1.9824067354202268 0.67678570747375499 0.55902779102325451 -0.022699655033648011 0.93933823704719555 413.50000000000006
decision_type=2 2 2 2 2 2 2 2 2 2 2 2 2 2
left_child=5 7 3 4 -3 -1 -7 -2 -9 -10 -11 -12 -6 -13
right_child=1 2 -4 -5 12 6 -8 8 9 10 11 13 -14 -15
leaf_value=0 0 0 0.0033009007794422506 0.0011926271066879152 0 -0.0060329030689440276 0 0 0 0 0 0.0092552722208118342 -0.0099758929300747499 0
leaf_weight=4.2947554205964016 12.804737551460446 0.99669161561177944 3.3477781957985817 3.0819739999042204 1.5173036636952026 7.5881271317543888 2.9591385406301924 3.33459222516717 3.2333179076138157 1.9410390575480949 0.96467752703756637 9.5397877275126977 9.5847466667528352 0.3489163891499637
leaf_count=2900 10241 419 2760 668 36 39122 5040 4816 3149 721 617 5593 488 229
internal_value=0 0.000826966 -0.00167055 -0.00481516 -0.00779254 -0.00218443 -0.00435347 0.00307296 0.00448753 0.00537103 0.00649578 0.0078236 -0.00915759 0.00872265
internal_weight=65.5376 50.6956 18.5285 15.1807 12.0987 14.842 10.5473 32.1671 19.3623 16.0277 12.7944 10.8534 11.1021 9.8887
internal_count=76799 29737 4371 1611 943 47062 44162 25366 15125 10309 7160 6439 524 5822
is_linear=0
shrinkage=0.02


end of trees

feature_importances:
operation_classifier_probability=580
operation_rank_score=423
shift_rank_score=318
typed_operation_classifier_percentile=307
operation_rank_percentile=265
typed_operation_rank_percentile=234
support_samplePairs_attempt_ratio=227
max_evidence_shift_baseline_distance=218
shift_classifier_probability=192
support_referenceTransition_referenceCount_attempt_percentile=180
shift_years=179
operation_classifier_percentile=178
support_weighted_rawGain=119
shift_rank_percentile=111
support_cofechaTransition_samplePairs_attempt_ratio=102
max_runtime_score_margin=95
support_difference_pairs_side_balance=92
support_newerDifferencePairs_attempt_ratio=91
event_type_missingRing=82
support_olderSamplePairs_attempt_percentile=77
support_difference_pairs_minimum=74
support_piecewise_pairs_side_balance=73
support_raw_pairs_minimum=69
support_newerDifferencePairs_attempt_percentile=68
support_newerSamplePairs_attempt_percentile=66
support_piecewise_newerPairs_attempt_percentile=66
support_raw_pairs_side_balance=66
support_samplePairs_attempt_percentile=64
max_evidence_operation_probability=63
support_piecewise_pairs_minimum=58
shift_abs=52
support_cofechaTransition_samplePairs_attempt_percentile=51
support_weighted_differenceGain=50
candidate_count=49
max_evidence_operation_rank_reciprocal=49
support_newerSamplePairs_attempt_ratio=49
support_weighted_combinedGain=49
support_olderDifferencePairs_attempt_percentile=47
support_piecewise_olderPairs_attempt_percentile=45
support_perReference_referenceCount_attempt_percentile=45
support_referenceChange_referenceCount_attempt_percentile=36
support_referenceTransition_referenceCount_attempt_ratio=36
max_runtime_score=34
support_rawTransition_samplePairs_attempt_percentile=33
support_perReference_referenceCount_attempt_ratio=33
support_piecewise_newerPairs_attempt_ratio=26
support_olderSamplePairs_attempt_ratio=25
support_differencePairs_attempt_ratio=24
shift_classifier_percentile=24
support_olderDifferencePairs_attempt_ratio=21
support_differencePairs_attempt_percentile=20
support_piecewise_olderPairs_attempt_ratio=17
source_count_enrichedProposal=12
source_count_productPrimary=10
support_referenceChange_referenceCount_attempt_ratio=8
support_rawTransition_samplePairs_attempt_ratio=7
source_count_wholeProjection=3
event_type_falseRing=2
event_type_partialMove=2
max_bundle_has_alternative=1
max_evidence_package_identity=1
max_evidence_baseline_lag=1
event_type_wholeSeriesMove=1

parameters:
[boosting: gbdt]
[objective: lambdarank]
[metric: ndcg]
[tree_learner: serial]
[device_type: cpu]
[data_sample_strategy: bagging]
[data: ]
[valid: ]
[num_iterations: 400]
[learning_rate: 0.02]
[num_leaves: 15]
[num_threads: 8]
[seed: 83500]
[deterministic: 1]
[force_col_wise: 1]
[force_row_wise: 0]
[histogram_pool_size: -1]
[max_depth: -1]
[min_data_in_leaf: 36]
[min_sum_hessian_in_leaf: 0.001]
[bagging_fraction: 0.85]
[pos_bagging_fraction: 1]
[neg_bagging_fraction: 1]
[bagging_freq: 0]
[bagging_seed: 16900]
[bagging_by_query: 0]
[feature_fraction: 0.85]
[feature_fraction_bynode: 1]
[feature_fraction_seed: 20910]
[extra_trees: 0]
[extra_seed: 17133]
[early_stopping_round: 0]
[early_stopping_min_delta: 0]
[first_metric_only: 0]
[max_delta_step: 0]
[lambda_l1: 1.5]
[lambda_l2: 7]
[linear_lambda: 0]
[min_gain_to_split: 0]
[drop_rate: 0.1]
[max_drop: 50]
[skip_drop: 0.5]
[xgboost_dart_mode: 0]
[uniform_drop: 0]
[drop_seed: 14659]
[top_rate: 0.2]
[other_rate: 0.1]
[min_data_per_group: 100]
[max_cat_threshold: 32]
[cat_l2: 10]
[cat_smooth: 10]
[max_cat_to_onehot: 4]
[top_k: 20]
[monotone_constraints: ]
[monotone_constraints_method: basic]
[monotone_penalty: 0]
[feature_contri: ]
[forcedsplits_filename: ]
[refit_decay_rate: 0.9]
[cegb_tradeoff: 1]
[cegb_penalty_split: 0]
[cegb_penalty_feature_lazy: ]
[cegb_penalty_feature_coupled: ]
[path_smooth: 0]
[interaction_constraints: ]
[verbosity: -1]
[saved_feature_importance_type: 0]
[use_quantized_grad: 0]
[num_grad_quant_bins: 4]
[quant_train_renew_leaf: 0]
[stochastic_rounding: 1]
[linear_tree: 0]
[max_bin: 255]
[max_bin_by_feature: ]
[min_data_in_bin: 3]
[bin_construct_sample_cnt: 200000]
[data_random_seed: 10570]
[is_enable_sparse: 1]
[enable_bundle: 1]
[use_missing: 1]
[zero_as_missing: 0]
[feature_pre_filter: 1]
[pre_partition: 0]
[two_round: 0]
[header: 0]
[label_column: ]
[weight_column: ]
[group_column: ]
[ignore_column: ]
[categorical_feature: ]
[forcedbins_filename: ]
[precise_float_parser: 0]
[parser_config_file: ]
[objective_seed: 1707]
[num_class: 1]
[is_unbalance: 0]
[scale_pos_weight: 1]
[sigmoid: 1]
[boost_from_average: 1]
[reg_sqrt: 0]
[alpha: 0.9]
[fair_c: 1]
[poisson_max_delta_step: 0.7]
[tweedie_variance_power: 1.5]
[lambdarank_truncation_level: 30]
[lambdarank_norm: 1]
[label_gain: 0,1]
[lambdarank_position_bias_regularization: 0]
[eval_at: 1,2,3,4,5]
[multi_error_top_k: 1]
[auc_mu_weights: ]
[num_machines: 1]
[local_listen_port: 12400]
[time_out: 120]
[machine_list_filename: ]
[machines: ]
[gpu_platform_id: -1]
[gpu_device_id: -1]
[gpu_use_dp: 0]
[num_gpu: 1]

end of parameters

pandas_categorical:[]
