[]  Dendrochronology Program Library                                        Run VERY   Program COF  03:59  Fri 26 Jun 2026  Page   1
[]
[]  P R O G R A M      C O F E C H A                                                                          Version 6.06P    33416
------------------------------------------------------------------------------------------------------------------------------------

 QUALITY CONTROL AND DATING CHECK OF TREE-RING MEASUREMENTS

 File of DATED series:   RAW.rwl

 CONTENTS:

    Part 1:  Title page, options selected, summary, absent rings by series
    Part 2:  Histogram of time spans
    Part 3:  Master series with sample depth and absent rings by year
    Part 4:  Bar plot of Master Dating Series
    Part 5:  Correlation by segment of each series with Master
    Part 6:  Potential problems: low correlation, divergent year-to-year changes, absent rings, outliers
    Part 7:  Descriptive statistics

 RUN CONTROL OPTIONS SELECTED                             VALUE

         1  Cubic smoothing spline 50% wavelength cutoff for filtering
                                                            32 years
         2  Segments examined are                           50 years lagged successively by  25 years
         3  Autoregressive model applied                     A  Residuals are used in master dating series and testing
         4  Series transformed to logarithms                 Y  Each series log-transformed for master dating series and testing
         5  CORRELATION is Pearson (parametric, quantitative)
            Critical correlation, 99% confidence level   .3281
         6  Master dating series saved                       N
         7  Ring measurements listed                         N
         8  Parts printed                              1234567 
         9  Absent rings are omitted from master series and segment correlations  (Y)

 Time span of Master dating series is  1634 to  2024   391 years
 Continuous time span is               1634 to  2024   391 years
 Portion with two or more series is    1651 to  2024   374 years


                                        ****************************************
                                        *C* Number of dated series        44 *C*
                                        *O* Master series 1634 2024  391 yrs *O*
                                        *F* Total rings in all series   9476 *F*
                                        *E* Total dated rings checked   9459 *E*
                                        *C* Series intercorrelation     .479 *C*
                                        *H* Average mean sensitivity    .315 *H*
                                        *A* Segments, possible problems  135 *A*
                                        *** Mean length of series      215.4 ***
                                        ****************************************

 ABSENT RINGS listed by SERIES:            (See Master Dating Series for absent rings listed by year)

               No ring measurements of zero value
PART 2:  TIME PLOT OF TREE-RING SERIES:                                                            03:59  Fri 26 Jun 2026  Page   2
------------------------------------------------------------------------------------------------------------------------------------
 1050 1100 1150 1200 1250 1300 1350 1400 1450 1500 1550 1600 1650 1700 1750 1800 1850 1900 1950 2000 2050 Ident   Seq Time-span  Yrs
   :    :    :    :    :    :    :    :    :    :    :    :    :    :    :    :    :    :    :    :    : -------- --- ---- ---- ----
   .    .    .    .    .    .    .    .    .    .    .    .    .    .    .    . <===================>  . EBM011     1 1828 2024  197
   .    .    .    .    .    .    .    .    .    .    .    .    .    .    .    . <===================>  . EBM012     2 1826 2024  199
   .    .    .    .    .    .    .    .    .    .    .    .    .    .    .    .    .    .  <========>  . EBM021     3 1930 2024   95
   .    .    .    .    .    .    .    .    .    .    .    .    .    .    .    .    .    .  <========>  . EBM022     4 1930 2024   95
   .    .    .    .    .    .    .    .    .    .    .    .    .    .    .    .  <==================>  . EBM031     5 1838 2024  187
   .    .    .    .    .    .    .    .    .    .    .    .    .    .    .    .  <==================>  . EBM032     6 1836 2024  189
   .    .    .    .    .    .    .    .    .    .    .    .    .    .    .    . <===================>  . EBM041     7 1827 2024  198
   .    .    .    .    .    .    .    .    .    .    .    .    .    .    .    .  <==================>  . EBM042     8 1830 2024  195
   .    .    .    .    .    .    .    .    .    .    .    .    .  <=================================>  . EBM051     9 1688 2024  337
   .    .    .    .    .    .    .    .    .    .    .    .    .  <=================================>  . EBM052    10 1683 2024  342
   .    .    .    .    .    .    .    .    .    .    .    .    .    .    .    .    .    .<==========>  . EBM061    11 1913 2024  112
   .    .    .    .    .    .    .    .    .    .    .    .    .    .    .    .    .    .<==========>  . EBM062    12 1912 2024  113
   .    .    .    .    .    .    .    .    .    .    .    .    .    <===============================>  . EBM071    13 1707 2024  318
   .    .    .    .    .    .    .    .    .    .    .    .    .    .    <==========================>  . EBM072    14 1756 2024  269
   .    .    .    .    .    .    .    .    .    .    .    .    .    .<==============================>  . EBM081    15 1712 2024  313
   .    .    .    .    .    .    .    .    .    .    .    .    .    <===============================>  . EBM082    16 1705 2024  320
   .    .    .    .    .    .    .    .    .    .    .    .    .  <=================================>  . EBM091    17 1683 2024  342
   .    .    .    .    .    .    .    .    .    .    .    .    .   <================================>  . EBM092    18 1699 2024  326
   .    .    .    .    .    .    .    .    .    .    .    .    .    .    .    .    .    . <=========>  . EBM101    19 1926 2024   99
   .    .    .    .    .    .    .    .    .    .    .    .    .    .    .    .    .   <============>  . EBM102    20 1893 2024  132
   .    .    .    .    .    .    .    .    .    .    .    .    <====================================>  . EBM111    21 1651 2024  374
   .    .    .    .    .    .    .    .    .    .    .    .  <======================================>  . EBM112    22 1634 2024  391
   .    .    .    .    .    .    .    .    .    .    .    .    .    .    .    <=====================>  . EBM121    23 1801 2024  224
   .    .    .    .    .    .    .    .    .    .    .    .    .    .    .    .<====================>  . EBM122    24 1817 2024  208
   .    .    .    .    .    .    .    .    .    .    .    .    .    .    .    . <===================>  . EBM131    25 1828 2024  197
   .    .    .    .    .    .    .    .    .    .    .    .    .    .    .    . <===================>  . EBM132    26 1826 2024  199
   .    .    .    .    .    .    .    .    .    .    .    .    .    .    .    .<====================>  . EBM141    27 1816 2024  209
   .    .    .    .    .    .    .    .    .    .    .    .    .    .    .    .    <================>  . EBM142    28 1855 2024  170
   .    .    .    .    .    .    .    .    .    .    .    .    .    .    .   <======================>  . EBM151    29 1790 2024  235
   .    .    .    .    .    .    .    .    .    .    .    .    .    .   <===========================>  . EBM152    30 1747 2024  278
   .    .    .    .    .    .    .    .    .    .    .    .    .    .    <==========================>  . EBM161    31 1752 2024  273
   .    .    .    .    .    .    .    .    .    .    .    .    .    .    .<=========================>  . EBM162    32 1765 2024  260
   .    .    .    .    .    .    .    .    .    .    .    .    .    .    .    .    .   <============>  . EBM171    33 1896 2024  129
   .    .    .    .    .    .    .    .    .    .    .    .    .    .    .    .    .    . <=========>  . EBM172    34 1921 2024  104
   .    .    .    .    .    .    .    .    .    .    .    .    .    .    .    .    .    .   <=======>  . EBM181    35 1942 2024   83
   .    .    .    .    .    .    .    .    .    .    .    .    .    .    .    .    .    .   <=======>  . EBM182    36 1942 2024   83
   .    .    .    .    .    .    .    .    .    .    .    .    .    .    .    .   <=================>  . EBM191    37 1847 2024  178
   .    .    .    .    .    .    .    .    .    .    .    .    .    .    .    .   <=================>  . EBM192    38 1846 2024  179
   .    .    .    .    .    .    .    .    .    .    .    .    .    . <=============================>  . EBM201    39 1725 2024  300
   .    .    .    .    .    .    .    .    .    .    .    .    .    .    .<=========================>  . EBM202    40 1767 2024  258
   .    .    .    .    .    .    .    .    .    .    .    .    .    .    .    .    <================>  . EBM211    41 1857 2024  168
   .    .    .    .    .    .    .    .    .    .    .    .    .    .    .    .<====================>  . EBM212    42 1817 2024  208
   .    .    .    .    .    .    .    .    .    .    .    .    .    .    .    .  <==================>  . EBM221    43 1831 2024  194
   .    .    .    .    .    .    .    .    .    .    .    .    .    .    .    . <===================>  . EBM222    44 1829 2024  196
   :    :    :    :    :    :    :    :    :    :    :    :    :    :    :    :    :    :    :    :    :
 1050 1100 1150 1200 1250 1300 1350 1400 1450 1500 1550 1600 1650 1700 1750 1800 1850 1900 1950 2000 2050
PART 3:  Master Dating Series:                                                                     03:59  Fri 26 Jun 2026  Page   3
------------------------------------------------------------------------------------------------------------------------------------
  Year  Value  No Ab    Year  Value  No Ab    Year  Value  No Ab    Year  Value  No Ab    Year  Value  No Ab    Year  Value  No Ab
  ------------------    ------------------    ------------------    ------------------    ------------------    ------------------
                        1650  1.223   1       1700  -.181   6       1750   .556  11       1800  -.279  16       1850   .778  32
                        1651  -.489   2       1701   .767   6       1751  -.103  11       1801  -.153  17       1851   .461  32
                        1652   .104   2       1702   .109   6       1752   .063  12       1802   .177  17       1852   .291  32
                        1653   .780   2       1703  -.028   6       1753   .067  12       1803  -.233  17       1853   .355  32
                        1654   .145   2       1704  -.577   6       1754   .381  12       1804   .598  17       1854   .286  32
                        1655   .957   2       1705   .450   7       1755   .277  12       1805  1.049  17       1855  -.557  33
                        1656  1.919   2       1706  -.958   7       1756  -.259  13       1806   .378  17       1856 -1.084  33
                        1657   .904   2       1707  -.952   8       1757  1.148  13       1807   .520  17       1857  -.593  34
                        1658   .928   2       1708   .084   8       1758   .367  13       1808  -.083  17       1858  -.312  34
                        1659  -.610   2       1709   .081   8       1759  -.361  13       1809   .313  17       1859  -.583  34

                        1660   .175   2       1710   .159   8       1760   .190  13       1810   .021  17       1860  -.147  34
                        1661 -1.291   2       1711 -2.734   8       1761   .021  13       1811 -1.778  17       1861   .932  34
                        1662  1.270   2       1712 -1.125   9       1762 -1.572  13       1812  -.174  17       1862  1.133  34
                        1663   .338   2       1713  -.057   9       1763  -.533  13       1813  -.208  17       1863   .691  34
                        1664   .545   2       1714  -.982   9       1764  -.164  13       1814  -.228  17       1864  1.032  34
                        1665  -.246   2       1715   .659   9       1765   .186  14       1815  -.026  17       1865   .485  34
                        1666   .874   2       1716   .174   9       1766  -.155  14       1816   .283  18       1866   .180  34
                        1667  -.022   2       1717  1.310   9       1767   .992  15       1817  1.279  20       1867  -.931  34
                        1668  1.656   2       1718   .536   9       1768   .428  15       1818   .957  20       1868 -1.055  34
                        1669  1.292   2       1719   .925   9       1769   .522  15       1819   .872  20       1869 -1.202  34

                        1670  1.927   2       1720   .970   9       1770   .351  15       1820   .213  20       1870  -.701  34
                        1671 -2.368   2       1721  1.620   9       1771   .757  15       1821  -.822  20       1871  -.402  34
                        1672  -.484   2       1722   .865   9       1772   .755  15       1822 -1.076  20       1872  -.556  34
                        1673 -5.054   2       1723   .872   9       1773  -.014  15       1823   .766  20       1873   .071  34
                        1674 -2.020   2       1724   .659   9       1774   .603  15       1824   .430  20       1874  1.002  34
                        1675  -.595   2       1725  -.305  10       1775   .874  15       1825  -.882  20       1875  -.575  34
                        1676   .552   2       1726   .107  10       1776  -.269  15       1826  -.480  22       1876  -.580  34
                        1677  -.300   2       1727  -.541  10       1777 -1.514  15       1827  -.111  23       1877   .593  34
                        1678  1.032   2       1728 -1.717  10       1778  -.498  15       1828   .486  25       1878   .797  34
                        1679   .095   2       1729 -1.539  10       1779  -.102  15       1829  -.485  26       1879   .148  34

                        1680 -1.134   2       1730  -.917  10       1780 -1.206  15       1830 -1.121  27       1880   .828  34
                        1681   .326   2       1731 -1.783  10       1781  -.454  15       1831  -.435  28       1881   .855  34
                        1682 -3.117   2       1732  -.811  10       1782  -.694  15       1832  -.275  28       1882   .782  34
                        1683   .188   4       1733   .370  10       1783  -.245  15       1833   .135  28       1883   .487  34
  1634  2.716   1       1684   .039   4       1734   .687  10       1784  -.839  15       1834   .261  28       1884   .446  34
  1635   .009   1       1685   .731   4       1735   .933  10       1785  -.289  15       1835   .743  28       1885   .830  34
  1636   .456   1       1686  -.335   4       1736   .569  10       1786  -.204  15       1836   .342  29       1886   .743  34
  1637   .218   1       1687   .483   4       1737   .450  10       1787   .554  15       1837  -.498  29       1887   .250  34
  1638 -2.237   1       1688   .313   5       1738   .976  10       1788   .758  15       1838   .324  30       1888   .413  34
  1639 -1.167   1       1689  -.989   5       1739   .104  10       1789  1.229  15       1839  1.171  30       1889   .946  34

  1640  1.483   1       1690   .697   5       1740   .970  10       1790   .487  16       1840   .177  30       1890 -1.615  34
  1641  -.524   1       1691  -.065   5       1741   .614  10       1791   .884  16       1841  -.176  30       1891 -1.945  34
  1642  -.590   1       1692  -.155   5       1742   .461  10       1792   .397  16       1842  -.030  30       1892 -2.316  34
  1643 -1.256   1       1693   .434   5       1743   .707  10       1793   .456  16       1843  -.421  30       1893 -1.541  35
  1644 -1.631   1       1694   .802   5       1744  -.328  10       1794  -.767  16       1844  -.970  30       1894  -.962  35
  1645 -2.793   1       1695   .511   5       1745  -.608  10       1795  -.548  16       1845  -.641  30       1895 -1.032  35
  1646 -2.186   1       1696   .791   5       1746 -2.652  10       1796  -.208  16       1846  -.220  31       1896   .104  36
  1647   .156   1       1697   .245   5       1747 -1.482  11       1797  -.107  16       1847   .610  32       1897   .726  36
  1648  -.065   1       1698   .652   5       1748  -.145  11       1798  -.764  16       1848   .819  32       1898   .781  36
  1649  1.707   1       1699  -.078   6       1749  -.707  11       1799  -.606  16       1849   .443  32       1899  1.105  36
PART 3:  Master Dating Series:                                                                     03:59  Fri 26 Jun 2026  Page   4
------------------------------------------------------------------------------------------------------------------------------------
  Year  Value  No Ab    Year  Value  No Ab    Year  Value  No Ab    Year  Value  No Ab    Year  Value  No Ab    Year  Value  No Ab
  ------------------    ------------------    ------------------    ------------------    ------------------    ------------------
  1900   .982  36       1950  -.376  44       2000  -.184  44
  1901   .845  36       1951  1.502  44       2001  -.011  44
  1902   .564  36       1952  1.464  44       2002  -.461  44
  1903  -.269  36       1953   .437  44       2003   .445  44
  1904   .532  36       1954  -.365  44       2004  -.678  44
  1905   .959  36       1955   .366  44       2005   .197  44
  1906   .779  36       1956  -.300  44       2006   .301  44
  1907   .599  36       1957   .303  44       2007  1.053  44
  1908   .363  36       1958 -1.686  44       2008   .656  44
  1909  -.668  36       1959  1.348  44       2009 -2.020  44

  1910 -1.139  36       1960 -1.032  44       2010   .647  44
  1911  -.277  36       1961 -1.272  44       2011  1.074  44
  1912   .383  37       1962  -.377  44       2012  1.672  44
  1913   .772  38       1963  -.494  44       2013 -1.876  44
  1914   .040  38       1964 -1.582  44       2014 -3.894  44
  1915   .248  38       1965   .259  44       2015  -.833  44
  1916  -.335  38       1966  1.569  44       2016   .126  44
  1917  -.750  38       1967   .250  44       2017   .240  44
  1918 -2.551  38       1968  2.152  44       2018  1.515  44
  1919 -2.159  38       1969  1.170  44       2019   .040  44

  1920  -.212  38       1970  -.480  44       2020   .751  44
  1921  -.012  39       1971  -.935  44       2021  1.313  44
  1922   .749  39       1972  -.973  44       2022  -.236  44
  1923  1.260  39       1973 -2.582  44       2023   .363  44
  1924   .633  39       1974   .048  44       2024   .193  44
  1925   .138  39       1975  -.246  44
  1926  -.577  40       1976  1.079  44
  1927 -2.758  40       1977   .133  44
  1928  -.081  40       1978   .422  44
  1929  -.157  40       1979  1.693  44

  1930   .778  42       1980   .854  44
  1931   .178  42       1981  1.705  44
  1932 -1.260  42       1982  -.452  44
  1933 -1.006  42       1983  -.385  44
  1934  1.201  42       1984  -.008  44
  1935  1.901  42       1985 -2.533  44
  1936   .210  42       1986 -2.642  44
  1937   .031  42       1987  -.533  44
  1938  -.423  42       1988  -.125  44
  1939   .156  42       1989   .584  44

  1940  -.476  42       1990   .590  44
  1941   .463  42       1991  1.308  44
  1942  1.359  44       1992  2.160  44
  1943   .771  44       1993   .233  44
  1944 -1.265  44       1994   .813  44
  1945  1.015  44       1995  -.674  44
  1946  1.248  44       1996   .884  44
  1947  -.128  44       1997   .886  44
  1948   .157  44       1998   .745  44
  1949 -2.290  44       1999 -1.977  44
------------------------------------------------------------------------------------------------------------------------------------
PART 4:  Master Bar Plot:                                                                          03:59  Fri 26 Jun 2026  Page   5
------------------------------------------------------------------------------------------------------------------------------------
   Year Rel value  Year Rel value  Year Rel value  Year Rel value  Year Rel value  Year Rel value  Year Rel value  Year Rel value
                   1650----------E 1700---a        1750-------B    1800---a        1850--------C   1900---------D  1950---b
                   1651--b         1701--------C   1751----@       1801----a       1851-------B    1901---------C  1951----------F
                   1652-----@      1702-----@      1752-----@      1802-----A      1852------A     1902-------B    1952----------F
                   1653--------C   1703----@       1753-----@      1803---a        1853------A     1903---a        1953-------B
                   1654-----A      1704--b         1754------B     1804-------B    1854------A     1904-------B    1954---a
                   1655---------D  1705-------B    1755------A     1805---------D  1855--b         1905---------D  1955------A
                   1656----------H 1706-d          1756---a        1806------B     1856-d          1906--------C   1956---a
                   1657---------D  1707-d          1757----------E 1807-------B    1857--b         1907-------B    1957------A
                   1658---------D  1708-----@      1758------A     1808----@       1858---a        1908------A     1958g
                   1659--b         1709-----@      1759---a        1809------A     1859--b         1909--c         1959----------E
                   1660-----A      1710-----A      1760-----A      1810----@       1860----a       1910-e          1960-d
                   1661-e          1711k           1761----@       1811g           1861---------D  1911---a        1961-e
                   1662----------E 1712-e          1762f           1812----a       1862---------E  1912------B     1962---b
                   1663------A     1713----@       1763--b         1813---a        1863--------C   1913--------C   1963--b
                   1664-------B    1714-d          1764----a       1814---a        1864---------D  1914-----@      1964f
                   1665---a        1715--------C   1765-----A      1815----@       1865-------B    1915------A     1965------A
                   1666---------C  1716-----A      1766----a       1816------A     1866-----A      1916---a        1966----------F
                   1667----@       1717----------E 1767---------D  1817----------E 1867-d          1917--c         1967------A
                   1668----------G 1718-------B    1768-------B    1818---------D  1868-d          1918j           1968----------I
                   1669----------E 1719---------D  1769-------B    1819---------C  1869-e          1919i           1969----------E
                   1670----------H 1720---------D  1770------A     1820-----A      1870--c         1920---a        1970--b
                   1671i           1721----------F 1771--------C   1821-c          1871---b        1921----@       1971-d
                   1672--b         1722---------C  1772--------C   1822-d          1872--b         1922--------C   1972-d
                   1673t           1723---------C  1773----@       1823--------C   1873-----@      1923----------E 1973j
                   1674h           1724--------C   1774-------B    1824-------B    1874---------D  1924--------C   1974-----@
                   1675--b         1725---a        1775---------C  1825-d          1875--b         1925-----A      1975---a
                   1676-------B    1726-----@      1776---a        1826--b         1876--b         1926--b         1976---------D
                   1677---a        1727--b         1777f           1827----@       1877-------B    1927k           1977-----A
                   1678---------D  1728g           1778--b         1828-------B    1878--------C   1928----@       1978-------B
                   1679-----@      1729f           1779----@       1829--b         1879-----A      1929----a       1979----------G
                   1680-e          1730-d          1780-e          1830-d          1880--------C   1930--------C   1980---------C
                   1681------A     1731g           1781--b         1831--b         1881---------C  1931-----A      1981----------G
                   1682l           1732-c          1782--c         1832---a        1882--------C   1932-e          1982--b
                   1683-----A      1733------A     1783---a        1833-----A      1883-------B    1933-d          1983---b
   1634----------K 1684-----@      1734--------C   1784-c          1834------A     1884-------B    1934----------E 1984----@
   1635----@       1685--------C   1735---------D  1785---a        1835--------C   1885--------C   1935----------H 1985j
   1636-------B    1686---a        1736-------B    1786---a        1836------A     1886--------C   1936-----A      1986k
   1637-----A      1687-------B    1737-------B    1787-------B    1837--b         1887------A     1937----@       1987--b
   1638i           1688------A     1738---------D  1788--------C   1838------A     1888------B     1938--b         1988----a
   1639-e          1689-d          1739-----@      1789----------E 1839----------E 1889---------D  1939-----A      1989-------B
   1640----------F 1690--------C   1740---------D  1790-------B    1840-----A      1890f           1940--b         1990-------B
   1641--b         1691----@       1741-------B    1791---------D  1841----a       1891h           1941-------B    1991----------E
   1642--b         1692----a       1742-------B    1792------B     1842----@       1892i           1942----------E 1992----------I
   1643-e          1693-------B    1743--------C   1793-------B    1843--b         1893f           1943--------C   1993-----A
   1644g           1694--------C   1744---a        1794--c         1844-d          1894-d          1944-e          1994--------C
   1645k           1695-------B    1745--b         1795--b         1845--c         1895-d          1945---------D  1995--c
   1646i           1696--------C   1746k           1796---a        1846---a        1896-----@      1946----------E 1996---------D
   1647-----A      1697------A     1747-f          1797----@       1847-------B    1897--------C   1947----a       1997---------D
   1648----@       1698--------C   1748----a       1798--c         1848--------C   1898--------C   1948-----A      1998--------C
   1649----------G 1699----@       1749--c         1799--b         1849-------B    1899---------D  1949i           1999h
PART 4:  Master Bar Plot:                                                                          03:59  Fri 26 Jun 2026  Page   6
------------------------------------------------------------------------------------------------------------------------------------
   Year Rel value  Year Rel value  Year Rel value  Year Rel value  Year Rel value  Year Rel value  Year Rel value  Year Rel value
   2000---a
   2001----@
   2002--b
   2003-------B
   2004--c
   2005-----A
   2006------A
   2007---------D
   2008--------C
   2009h
   2010--------C
   2011---------D
   2012----------G
   2013h
   2014p
   2015-c
   2016-----A
   2017------A
   2018----------F
   2019-----@
   2020--------C
   2021----------E
   2022---a
   2023------A
   2024-----A

























PART 5:  CORRELATION OF SERIES BY SEGMENTS:                                                        03:59  Fri 26 Jun 2026  Page   5
------------------------------------------------------------------------------------------------------------------------------------
 Correlations of  50-year dated segments, lagged  25 years
 Flags:  A = correlation under   .3281 but highest as dated;  B = correlation higher at other than dated position

 Seq Series  Time_span   1650 1675 1700 1725 1750 1775 1800 1825 1850 1875 1900 1925 1950 1975
                         1699 1724 1749 1774 1799 1824 1849 1874 1899 1924 1949 1974 1999 2024
 --- -------- ---------  ---- ---- ---- ---- ---- ---- ---- ---- ---- ---- ---- ---- ---- ---- ---- ---- ---- ---- ---- ----
   1 EBM011   1828 2024                                      .48  .48  .61  .67  .75  .63  .57
   2 EBM012   1826 2024                                      .48  .51  .62  .65  .70  .61  .54
   3 EBM021   1930 2024                                                          .58  .71  .72
   4 EBM022   1930 2024                                                         -.02B .03B .13B
   5 EBM031   1838 2024                                      .25B .21B .19B .61  .82  .73  .65
   6 EBM032   1836 2024                                      .37B .37B .37B .64  .82  .75  .70
   7 EBM041   1827 2024                                     -.15B-.22B-.09B .37  .79  .78  .75
   8 EBM042   1830 2024                                     -.10B-.13B .06B .33  .47  .76  .72
   9 EBM051   1688 2024        .15B .19B .12B .15B .58  .45  .36B .30B .19B .49  .80  .85  .80
  10 EBM052   1683 2024        .32B .46  .32B .08B .12B .32B .59  .64  .60  .65  .74  .84  .82
  11 EBM061   1913 2024                                                     .63  .67  .80  .63
  12 EBM062   1912 2024                                                     .65  .70  .86  .75
  13 EBM071   1707 2024             .17B .08B .03B .45  .49  .28B .37B .44B .59  .67  .79  .90
  14 EBM072   1756 2024                       .09B .27A .41  .24B .33B .43B .62  .66  .79  .87
  15 EBM081   1712 2024             .20B .23B .42B .55  .33B .40B .59  .62  .75  .74  .75  .80
  16 EBM082   1705 2024             .49  .41B .25B .12B .24B .58  .57  .55  .70  .75  .80  .79
  17 EBM091   1683 2024        .52  .51  .37B .22B .17B .19B .52  .67  .70  .72  .71  .72  .72
  18 EBM092   1699 2024        .12B .09B .22B .21B-.01B-.17B .02B .55  .74  .72  .69  .71  .75
  19 EBM101   1926 2024                                                          .56  .63  .67
  20 EBM102   1893 2024                                                .43  .49  .58  .52  .63
  21 EBM111   1651 2024   .00B .17B .05B-.02B .06B .03B .06B .18B .27B .37B .16B .39  .80  .81
  22 EBM112   1634 2024  -.01B-.03B-.12B-.14B-.05B-.03B-.14B .05B .26B .38B .11B .42  .78  .77
  23 EBM121   1801 2024                                -.19B-.01B .30B .38B .40  .62  .74  .69
  24 EBM122   1817 2024                                 .04B .07B .37B .31B .32A .54  .71  .72
  25 EBM131   1828 2024                                      .53  .63  .47  .45  .64  .71  .76
  26 EBM132   1826 2024                                      .46  .63  .51  .47  .69  .76  .75
  27 EBM141   1816 2024                                 .47  .47  .54  .56  .48  .52  .54  .65
  28 EBM142   1855 2024                                           .20B .11B .52  .63  .56  .62
  29 EBM151   1790 2024                            .00B .08B .24B .30B .37B .47  .59  .64  .39
  30 EBM152   1747 2024                  .13B .14B .11B .12B .17B .28B .37B .53  .62  .63  .48
  31 EBM161   1752 2024                       .11B .26B .09B .15B .31B .30B .58  .84  .85  .83
  32 EBM162   1765 2024                       .19B .08B .01B .21B .34B .31B .50  .74  .80  .83
  33 EBM171   1896 2024                                                .46  .59  .82  .72  .77
  34 EBM172   1921 2024                                                     .77  .82  .77  .79
  35 EBM181   1942 2024                                                          .64  .71  .73
  36 EBM182   1942 2024                                                          .73  .71  .75
  37 EBM191   1847 2024                                      .58  .55  .43  .49  .56  .69  .81
  38 EBM192   1846 2024                                      .50  .49  .50  .57  .62  .73  .84
  39 EBM201   1725 2024                  .08B .05B .32A .52  .35B .42B .54  .73  .80  .71  .65
  40 EBM202   1767 2024                       .27A .31A .48  .33B .41B .57  .72  .80  .66  .60
  41 EBM211   1857 2024                                           .58  .58  .76  .80  .66  .69
  42 EBM212   1817 2024                                 .42B .61  .49  .46  .73  .81  .84  .88
  43 EBM221   1831 2024                                     -.20B .11B .29B .46  .64  .68  .74
  44 EBM222   1829 2024                                     -.28B-.01B .32B .07B-.04B .06B-.02B
 Av segment correlation   .00  .21  .22  .16  .15  .21  .21  .27  .37  .42  .54  .65  .69  .69
PART 6:  POTENTIAL PROBLEMS:                                                                       03:59  Fri 26 Jun 2026  Page   7
------------------------------------------------------------------------------------------------------------------------------------

 For each series with potential problems the following diagnostics may appear:

 [A] Correlations with master dating series of flagged  50-year segments of series filtered with  32-year spline,
     at every point from ten years earlier (-10) to ten years later (+10) than dated

 [B] Effect of those data values which most lower or raise correlation with master series
     Symbol following year indicates value in series is greater (>) or lesser (<) than master series value

 [C] Year-to-year changes very different from the mean change in other series

 [D] Absent rings (zero values)

 [E] Values which are statistical outliers from mean for the year
 ===================================================================================================================================

 EBM011    1828 to  2024     197 years                                                                                    Series   1

 [B] Entire series, effect on correlation (  .569) is:
       Lower   1855< -.029   1893> -.009   1992< -.009   1985> -.008   1914< -.007   1936< -.006  Higher   1918  .015   1890  .014

 [E] Outliers     1   3.0 SD above or -4.5 SD below mean for year
       1890 -4.9 SD
 ===================================================================================================================================

 EBM012    1826 to  2024     199 years                                                                                    Series   2

 [B] Entire series, effect on correlation (  .559) is:
       Lower   1992< -.009   1973> -.008   1855< -.007   1881< -.007   1893> -.007   1985> -.006  Higher   1918  .012   1960  .011

 [E] Outliers     1   3.0 SD above or -4.5 SD below mean for year
       1890 -4.8 SD
 ===================================================================================================================================

 EBM021    1930 to  2024      95 years                                                                                    Series   3

 [B] Entire series, effect on correlation (  .658) is:
       Lower   1930< -.046   1985> -.013   1995> -.008   2021< -.008   1950> -.007   2005< -.007  Higher   2013  .034   1960  .013

 ===================================================================================================================================

 EBM022    1930 to  2024      95 years                                                                                    Series   4

 [A] Segment   High   -10   -9   -8   -7   -6   -5   -4   -3   -2   -1   +0   +1   +2   +3   +4   +5   +6   +7   +8   +9  +10
    ---------  ----   ---  ---  ---  ---  ---  ---  ---  ---  ---  ---  ---  ---  ---  ---  ---  ---  ---  ---  ---  ---  ---
    1930 1979   -1   -.03 -.14 -.12 -.05  .21 -.20 -.08  .13 -.17  .73*-.02|-.14 -.24  .06 -.17 -.09  .01 -.15  .23 -.18  .25
    1950 1999   -1   -.01 -.15 -.24 -.23  .14 -.15  .00  .21  .02  .71* .03| .07 -.23 -.02 -.26 -.25 -.12 -.18  .18 -.12  .23
    1975 2024   -1   -.16 -.24 -.06 -.27 -.02  .10 -.13 -.01  .01  .65* .13|   -    -    -    -    -    -    -    -    -    -

 [B] Entire series, effect on correlation (  .060) is:
       Lower   2010< -.033   2013> -.028   1950< -.028   1960> -.027   1958> -.015   1945< -.013  Higher   2014  .079   1935  .021
     1930 to 1979 segment:
       Lower   1960> -.050   1950< -.029   1958> -.027   1945< -.022   1976< -.019   1949> -.018  Higher   1935  .044   1968  .032
     1950 to 1999 segment:
       Lower   1950< -.050   1960> -.047   1958> -.025   1976< -.022   1993> -.020   1959< -.016  Higher   1986  .027   1968  .026
     1975 to 2024 segment:
       Lower   2010< -.080   2013> -.065   1993> -.027   1976< -.025   2000< -.018   2007< -.017  Higher   2014  .168   2018  .034

 [C] Year-to-year changes diverging by over 4.0 std deviations:
       1949 1950  -5.2 SD    2009 2010  -4.1 SD

 [E] Outliers     1   3.0 SD above or -4.5 SD below mean for year
       1950 -5.3 SD
 ===================================================================================================================================

 EBM031    1838 to  2024     187 years                                                                                    Series   5

 [A] Segment   High   -10   -9   -8   -7   -6   -5   -4   -3   -2   -1   +0   +1   +2   +3   +4   +5   +6   +7   +8   +9  +10
    ---------  ----   ---  ---  ---  ---  ---  ---  ---  ---  ---  ---  ---  ---  ---  ---  ---  ---  ---  ---  ---  ---  ---
    1838 1887   -1   -.12 -.25 -.16 -.29 -.14 -.10  .01 -.04  .51  .51* .25| .08  .19 -.17 -.21 -.24 -.09 -.05 -.12 -.09  .03
    1850 1899   -2   -.10 -.28 -.25 -.36 -.17  .04 -.01 -.04  .73* .50  .21| .18  .17 -.01 -.18 -.27 -.06 -.10 -.15 -.12 -.06
    1875 1924   -2   -.03 -.11 -.12 -.24 -.16  .07 -.07 -.09  .67* .44  .19| .22  .14 -.02 -.16 -.07  .00 -.03 -.08 -.03 -.09

 [B] Entire series, effect on correlation (  .549) is:
       Lower   1890> -.024   1997< -.019   1905< -.019   1877< -.015   1855> -.010   1903> -.008  Higher   1949  .018   1973  .015
     1838 to 1887 segment:
       Lower   1877< -.071   1855> -.055   1875> -.042   1861< -.037   1876> -.026   1879> -.025  Higher   1844  .052   1869  .052
     1850 to 1899 segment:
       Lower   1890> -.092   1877< -.048   1855> -.035   1875> -.027   1889< -.024   1891> -.024  Higher   1892  .156   1869  .030
     1875 to 1924 segment:
       Lower   1890> -.078   1905< -.056   1877< -.042   1875> -.023   1903> -.022   1889< -.022  Higher   1892  .147   1918  .055

 ===================================================================================================================================

 EBM032    1836 to  2024     189 years                                                                                    Series   6

 [A] Segment   High   -10   -9   -8   -7   -6   -5   -4   -3   -2   -1   +0   +1   +2   +3   +4   +5   +6   +7   +8   +9  +10
    ---------  ----   ---  ---  ---  ---  ---  ---  ---  ---  ---  ---  ---  ---  ---  ---  ---  ---  ---  ---  ---  ---  ---
    1836 1885   -1   -.20 -.13 -.17 -.12 -.47 -.13  .07  .02 -.01  .70* .37| .11  .01  .17 -.28 -.20 -.25  .00 -.09 -.13 -.06
    1850 1899   -1   -.23 -.09 -.28 -.28 -.41 -.07  .04  .11  .06  .80* .37| .20  .08  .17 -.13 -.24 -.27  .04 -.11 -.15 -.05
    1875 1924   -1   -.20  .00 -.17 -.12 -.30 -.13  .05 -.04  .06  .76* .37| .09  .06 -.05 -.12 -.15  .00  .10  .21 -.07 -.02

 [B] Entire series, effect on correlation (  .605) is:
       Lower   1890> -.016   1875> -.016   1997< -.014   1910< -.013   1904< -.012   1855> -.010  Higher   1949  .015   2014  .014
     1836 to 1885 segment:
       Lower   1875> -.101   1855> -.060   1880< -.033   1840> -.015   1867> -.014   1852< -.012  Higher   1868  .032   1844  .027
     1850 to 1899 segment:
       Lower   1890> -.075   1875> -.072   1855> -.043   1880< -.027   1852< -.014   1892> -.012  Higher   1891  .081   1893  .020
     1875 to 1924 segment:
       Lower   1890> -.062   1875> -.058   1904< -.040   1880< -.020   1903> -.015   1917> -.014  Higher   1891  .066   1919  .046

 ===================================================================================================================================

 EBM041    1827 to  2024     198 years                                                                                    Series   7

 [A] Segment   High   -10   -9   -8   -7   -6   -5   -4   -3   -2   -1   +0   +1   +2   +3   +4   +5   +6   +7   +8   +9  +10
    ---------  ----   ---  ---  ---  ---  ---  ---  ---  ---  ---  ---  ---  ---  ---  ---  ---  ---  ---  ---  ---  ---  ---
    1827 1876  -10    .28* .25  .25  .25  .08  .04 -.01 -.17 -.20 -.06 -.15|-.03  .00  .04  .01  .25  .13 -.10 -.06 -.08 -.21
    1850 1899   -7    .02  .06  .11  .61* .23  .16  .20  .16 -.07 -.12 -.22|-.21 -.05 -.08 -.04  .11  .01 -.21 -.07 -.14 -.17
    1875 1924   -7    .04 -.05 -.05  .49* .23  .09  .20  .23 -.05 -.10 -.09| .05 -.06  .06  .01  .12 -.05 -.31 -.16 -.14 -.25

 [B] Entire series, effect on correlation (  .379) is:
       Lower   1913< -.052   1897< -.041   1839< -.016   1869> -.012   1919> -.010   1864< -.008  Higher   2013  .047   1949  .018
     1827 to 1876 segment:
       Lower   1839< -.081   1869> -.057   1864< -.043   1862< -.034   1856> -.031   1868> -.027  Higher   1830  .045   1875  .037
     1850 to 1899 segment:
       Lower   1897< -.060   1869> -.033   1864< -.022   1878< -.019   1856> -.018   1862< -.017  Higher   1881  .033   1889  .026
     1875 to 1924 segment:
       Lower   1913< -.074   1897< -.066   1919> -.025   1878< -.017   1888< -.015   1895> -.014  Higher   1918  .047   1881  .020

 [C] Year-to-year changes diverging by over 4.0 std deviations:
       1896 1897  -4.2 SD

 ===================================================================================================================================

 EBM042    1830 to  2024     195 years                                                                                    Series   8

 [A] Segment   High   -10   -9   -8   -7   -6   -5   -4   -3   -2   -1   +0   +1   +2   +3   +4   +5   +6   +7   +8   +9  +10
    ---------  ----   ---  ---  ---  ---  ---  ---  ---  ---  ---  ---  ---  ---  ---  ---  ---  ---  ---  ---  ---  ---  ---
    1830 1879   -9    .37  .43* .14  .11  .14  .05 -.26 -.20 -.07 -.14 -.10|-.06 -.08  .23  .10 -.08  .20  .15 -.16 -.03  .01
    1850 1899   -9   -.05  .65* .27  .16  .11  .27  .08 -.02 -.02 -.10 -.13|-.26 -.22 -.01 -.07 -.37 -.02  .02 -.05 -.06  .28
    1875 1924   -9   -.08  .56* .34  .09  .09  .21  .00 -.09  .09  .11  .06|-.05 -.10 -.11 -.30 -.43 -.14 -.12 -.08  .01  .16

 [B] Entire series, effect on correlation (  .392) is:
       Lower   1899< -.037   1925< -.016   1910> -.015   1928< -.014   1839< -.013   1891> -.013  Higher   2013  .052   1918  .019
     1830 to 1879 segment:
       Lower   1839< -.076   1861< -.054   1878< -.032   1856> -.029   1870> -.025   1857> -.022  Higher   1875  .040   1874  .033
     1850 to 1899 segment:
       Lower   1899< -.108   1880< -.041   1891> -.041   1861< -.031   1878< -.019   1856> -.018  Higher   1892  .044   1889  .044
     1875 to 1924 segment:
       Lower   1899< -.122   1910> -.050   1891> -.045   1880< -.044   1878< -.020   1901< -.019  Higher   1918  .142   1892  .030

 [C] Year-to-year changes diverging by over 4.0 std deviations:
       1927 1928  -5.7 SD

 [E] Outliers     1   3.0 SD above or -4.5 SD below mean for year
       1928 -5.2 SD
 ===================================================================================================================================

 EBM051    1688 to  2024     337 years                                                                                    Series   9

 [A] Segment   High   -10   -9   -8   -7   -6   -5   -4   -3   -2   -1   +0   +1   +2   +3   +4   +5   +6   +7   +8   +9  +10
    ---------  ----   ---  ---  ---  ---  ---  ---  ---  ---  ---  ---  ---  ---  ---  ---  ---  ---  ---  ---  ---  ---  ---
    1688 1737   -3    .00 -.10 -.22 -.04 -.15  .00  .11  .71* .33 -.01  .15|-.01  .18 -.05  .09 -.05 -.19 -.34 -.16 -.14 -.25
    1700 1749   -3   -.12 -.26 -.09 -.19 -.18 -.07 -.03  .53* .30  .21  .19| .05  .35 -.13  .06  .00 -.29 -.25 -.17 -.05 -.27
    1725 1774   -1   -.32 -.31 -.18 -.23 -.23  .00 -.15  .16  .29  .50* .12| .19  .26 -.10 -.07  .20 -.21 -.07 -.23 -.05 -.33
    1750 1799   -1   -.23 -.20 -.10 -.11 -.31  .00  .05 -.13  .20  .37* .15| .15  .19  .16 -.03  .18 -.11 -.21 -.20 -.07 -.22
    - - - - - - - - - - - - - - - - - - - - - - - - - - - - - - - - - - - - - - - - - - - - - - - - - - - - - - - - - - - - -
    1825 1874   -1   -.16  .03 -.04 -.27 -.36 -.18 -.13  .09  .15  .63* .36| .10  .04  .13 -.24 -.28 -.17  .04 -.22 -.06 -.10
    1850 1899   -1   -.12 -.07 -.12 -.16 -.36 -.23 -.05 -.05 -.09  .68* .30| .35  .12  .17  .00 -.22 -.21  .00 -.14 -.07 -.08
    1875 1924   -1   -.13  .00 -.11 -.10 -.26 -.20  .09 -.04 -.09  .63* .19| .21  .05 -.03  .06 -.12 -.06  .06  .04 -.11 -.01

 [B] Entire series, effect on correlation (  .422) is:
       Lower   1711> -.013   1714< -.011   1890> -.011   1746> -.010   2013> -.009   1918> -.009  Higher   2014  .019   1927  .010
     1688 to 1737 segment:
       Lower   1711> -.057   1702< -.032   1714< -.022   1692< -.020   1693< -.019   1699> -.016  Higher   1731  .061   1719  .018
     1700 to 1749 segment:
       Lower   1711> -.060   1746> -.048   1714< -.029   1702< -.028   1749> -.009   1707> -.008  Higher   1731  .041   1747  .024
     1725 to 1774 segment:
       Lower   1746> -.055   1767< -.029   1763< -.020   1762> -.019   1753< -.016   1766> -.015  Higher   1731  .064   1747  .051
     1750 to 1799 segment:
       Lower   1767< -.043   1797> -.031   1762> -.028   1763< -.027   1776> -.027   1753< -.023  Higher   1777  .052   1789  .047
     1825 to 1874 segment:
       Lower   1855> -.109   1838< -.082   1867> -.030   1837> -.029   1825> -.019   1852< -.014  Higher   1856  .045   1830  .036
     1850 to 1899 segment:
       Lower   1890> -.074   1855> -.051   1875> -.031   1895> -.022   1899< -.019   1867> -.015  Higher   1891  .099   1856  .025
     1875 to 1924 segment:
       Lower   1890> -.055   1918> -.044   1916> -.027   1875> -.024   1904< -.023   1895> -.018  Higher   1891  .143   1919  .049

 [C] Year-to-year changes diverging by over 4.0 std deviations:
       1710 1711   4.1 SD    1746 1747  -5.4 SD    1890 1891  -5.6 SD    1891 1892   4.7 SD

 [E] Outliers     2   3.0 SD above or -4.5 SD below mean for year
       1714 -5.7 SD;    1891 -6.2 SD
 ===================================================================================================================================

 EBM052    1683 to  2024     342 years                                                                                    Series  10

 [A] Segment   High   -10   -9   -8   -7   -6   -5   -4   -3   -2   -1   +0   +1   +2   +3   +4   +5   +6   +7   +8   +9  +10
    ---------  ----   ---  ---  ---  ---  ---  ---  ---  ---  ---  ---  ---  ---  ---  ---  ---  ---  ---  ---  ---  ---  ---
    1683 1732    3   -.25 -.09  .09  .06  .03 -.04  .04 -.04 -.06 -.16  .32| .28 -.01  .40* .04  .08 -.18 -.10 -.22 -.31 -.37
    - - - - - - - - - - - - - - - - - - - - - - - - - - - - - - - - - - - - - - - - - - - - - - - - - - - - - - - - - - - - -
    1725 1774    1   -.11 -.07 -.25 -.06 -.25 -.08 -.26 -.09 -.04 -.09  .32| .54* .03  .46  .00  .05 -.23  .02 -.17 -.24 -.13
    1750 1799    1   -.03 -.06 -.20 -.01 -.19 -.21 -.27  .23 -.15 -.08  .08| .63*-.13  .35  .04  .10 -.22  .22 -.35 -.16 -.31
    1775 1824    1   -.08 -.26 -.33 -.07 -.14 -.29 -.15  .27 -.05  .07  .12| .58*-.03  .09 -.07  .05 -.13 -.14 -.18  .03 -.09
    1800 1849    1   -.19 -.37 -.14 -.04 -.08 -.01  .02  .17  .16  .08  .32| .50*-.05 -.02 -.17 -.30 -.39 -.32  .01 -.04  .03

 [B] Entire series, effect on correlation (  .530) is:
       Lower   1761< -.013   1811> -.009   1688< -.009   1747> -.007   1797< -.007   1782> -.005  Higher   1711  .015   1918  .012
     1683 to 1732 segment:
       Lower   1688< -.061   1690< -.034   1699< -.033   1704> -.024   1702> -.022   1707> -.021  Higher   1711  .219   1728  .041
     1725 to 1774 segment:
       Lower   1747> -.048   1761< -.047   1731> -.026   1765< -.021   1749> -.019   1736< -.016  Higher   1746  .167   1728  .035
     1750 to 1799 segment:
       Lower   1782> -.035   1761< -.028   1765< -.021   1791< -.020   1793< -.018   1784> -.017  Higher   1777  .043   1757  .029
     1775 to 1824 segment:
       Lower   1811> -.063   1782> -.039   1791< -.029   1793< -.026   1822> -.026   1797< -.026  Higher   1777  .054   1823  .033
     1800 to 1849 segment:
       Lower   1811> -.116   1822> -.043   1840> -.015   1825> -.013   1828< -.013   1817< -.011  Higher   1829  .038   1823  .031

 [C] Year-to-year changes diverging by over 4.0 std deviations:
       1746 1747   4.3 SD

 [E] Outliers     1   3.0 SD above or -4.5 SD below mean for year
       1746 -5.3 SD
 ===================================================================================================================================

 EBM061    1913 to  2024     112 years                                                                                    Series  11

 [B] Entire series, effect on correlation (  .639) is:
       Lower   2001< -.029   1926< -.017   2013> -.016   1917< -.012   1946< -.008   1925> -.007  Higher   2014  .016   1918  .010

 ===================================================================================================================================

 EBM062    1912 to  2024     113 years                                                                                    Series  12

 [B] Entire series, effect on correlation (  .710) is:
       Lower   1944< -.027   1943< -.016   2013> -.015   1919> -.009   2001< -.007   1993> -.007  Higher   2014  .019   1973  .010

 [E] Outliers     1   3.0 SD above or -4.5 SD below mean for year
       1944 -5.2 SD
 ===================================================================================================================================

 EBM071    1707 to  2024     318 years                                                                                    Series  13

 [A] Segment   High   -10   -9   -8   -7   -6   -5   -4   -3   -2   -1   +0   +1   +2   +3   +4   +5   +6   +7   +8   +9  +10
    ---------  ----   ---  ---  ---  ---  ---  ---  ---  ---  ---  ---  ---  ---  ---  ---  ---  ---  ---  ---  ---  ---  ---
    1707 1756   -1    .07 -.01 -.07  .06 -.11 -.05 -.07 -.03 -.05  .31* .17|-.01  .18  .02  .07 -.01  .13 -.08 -.12 -.04 -.11
    1725 1774    6    .16  .08 -.06  .04 -.10 -.13 -.01 -.18 -.10  .24  .08|-.09  .23  .11 -.08 -.04  .28*-.02 -.08  .02  .06
    1750 1799    6    .21  .13  .01  .09 -.16 -.07  .07 -.28 -.18  .07  .03|-.38  .15  .20 -.04  .08  .43* .02  .09  .08  .20
    - - - - - - - - - - - - - - - - - - - - - - - - - - - - - - - - - - - - - - - - - - - - - - - - - - - - - - - - - - - - -
    1825 1874   -1    .05 -.01 -.06  .00 -.17 -.12 -.22 -.19 -.11  .36* .28| .03  .19  .31 -.02 -.02  .05 -.13 -.34 -.05 -.15
    1850 1899   -1   -.08 -.01  .02 -.09 -.39 -.13  .03 -.13 -.15  .57* .37| .14  .21  .31  .10 -.11 -.18 -.07 -.21 -.25 -.19
    1875 1924   -1   -.27  .00 -.06 -.14 -.27 -.13  .06 -.07  .05  .69* .44| .17  .10  .06 -.13 -.16 -.05  .11  .09 -.13 -.07

 [B] Entire series, effect on correlation (  .469) is:
       Lower   1756< -.044   1875> -.009   1761> -.007   1790< -.007   1863< -.006   1711> -.006  Higher   1985  .014   2014  .014
     1707 to 1756 segment:
       Lower   1756< -.172   1744> -.015   1749> -.014   1753< -.013   1751> -.008   1726< -.008  Higher   1721  .031   1729  .019
     1725 to 1774 segment:
       Lower   1756< -.145   1761> -.030   1774< -.027   1744> -.017   1749> -.015   1753< -.014  Higher   1767  .029   1746  .028
     1750 to 1799 segment:
       Lower   1756< -.117   1761> -.034   1774< -.028   1790< -.023   1753< -.013   1780> -.013  Higher   1777  .061   1798  .052
     1825 to 1874 segment:
       Lower   1863< -.052   1829> -.045   1855> -.034   1831< -.032   1840> -.031   1859> -.023  Higher   1856  .045   1862  .039
     1850 to 1899 segment:
       Lower   1875> -.067   1890> -.043   1863< -.043   1855> -.023   1859> -.016   1899< -.013  Higher   1891  .084   1856  .025
     1875 to 1924 segment:
       Lower   1875> -.065   1890> -.042   1917> -.030   1904< -.023   1911< -.014   1899< -.014  Higher   1891  .060   1918  .054

 [C] Year-to-year changes diverging by over 4.0 std deviations:
       1755 1756  -5.4 SD    1756 1757   4.3 SD

 [E] Outliers     1   3.0 SD above or -4.5 SD below mean for year
       1756 -7.7 SD
 ===================================================================================================================================

 EBM072    1756 to  2024     269 years                                                                                    Series  14

 [A] Segment   High   -10   -9   -8   -7   -6   -5   -4   -3   -2   -1   +0   +1   +2   +3   +4   +5   +6   +7   +8   +9  +10
    ---------  ----   ---  ---  ---  ---  ---  ---  ---  ---  ---  ---  ---  ---  ---  ---  ---  ---  ---  ---  ---  ---  ---
    1756 1805   10    .07  .15  .15  .15 -.15 -.06  .15 -.11 -.17  .07  .09|-.38  .05  .03 -.04 -.11  .12 -.05  .12 -.05  .16*
    1775 1824    0    .16  .04  .21  .10 -.17 -.15 -.14 -.07 -.15  .06  .27*-.18 -.06  .09  .06 -.05 -.29 -.11  .18 -.04  .16
    - - - - - - - - - - - - - - - - - - - - - - - - - - - - - - - - - - - - - - - - - - - - - - - - - - - - - - - - - - - - -
    1825 1874   -1    .13  .09  .03  .04 -.15 -.22 -.17 -.24 -.10  .41* .24| .06  .14  .23  .00 -.04  .04 -.13 -.34 -.06 -.13
    1850 1899   -1   -.05  .02 -.05 -.11 -.35 -.19 -.10 -.12 -.17  .56* .33| .14  .30  .28  .10 -.12 -.15  .05 -.15 -.13 -.11
    1875 1924   -1   -.24 -.03 -.12 -.06 -.19 -.16  .00 -.02  .08  .70* .43| .19  .20  .00 -.16 -.20 -.06  .19  .18  .02 -.01

 [B] Entire series, effect on correlation (  .494) is:
       Lower   1831< -.017   1822< -.015   1890> -.011   1777> -.010   1875> -.009   1790< -.008  Higher   1985  .018   1949  .017
     1756 to 1805 segment:
       Lower   1777> -.059   1774< -.038   1790< -.038   1793< -.031   1776> -.027   1761> -.026  Higher   1798  .048   1762  .045
     1775 to 1824 segment:
       Lower   1777> -.064   1790< -.032   1793< -.026   1776> -.025   1818< -.021   1797> -.019  Higher   1811  .133   1817  .030
     1825 to 1874 segment:
       Lower   1831< -.081   1863< -.039   1855> -.030   1829> -.027   1859> -.022   1840> -.020  Higher   1856  .042   1839  .037
     1850 to 1899 segment:
       Lower   1890> -.064   1875> -.055   1863< -.039   1855> -.022   1859> -.017   1866< -.015  Higher   1891  .086   1856  .028
     1875 to 1924 segment:
       Lower   1890> -.066   1875> -.054   1915< -.021   1903> -.017   1917> -.016   1888< -.011  Higher   1891  .062   1918  .039

 [E] Outliers     1   3.0 SD above or -4.5 SD below mean for year
       1822 -5.8 SD
 ===================================================================================================================================

 EBM081    1712 to  2024     313 years                                                                                    Series  15

 [A] Segment   High   -10   -9   -8   -7   -6   -5   -4   -3   -2   -1   +0   +1   +2   +3   +4   +5   +6   +7   +8   +9  +10
    ---------  ----   ---  ---  ---  ---  ---  ---  ---  ---  ---  ---  ---  ---  ---  ---  ---  ---  ---  ---  ---  ---  ---
    1712 1761   -1   -.21 -.26 -.19 -.34  .02 -.01 -.13  .07  .07  .70* .20| .07  .44 -.12  .10 -.16  .03 -.16 -.19 -.10 -.32
    1725 1774   -1   -.24 -.29 -.19 -.29 -.07 -.13 -.03  .04  .09  .70* .23| .04  .35 -.07  .02 -.18  .00 -.14 -.24  .00 -.28
    1750 1799   -1   -.31 -.31 -.27 -.27 -.24 -.14  .15 -.15  .06  .45* .42| .06  .38  .23  .15 -.06  .06 -.32 -.16 -.32 -.11
    - - - - - - - - - - - - - - - - - - - - - - - - - - - - - - - - - - - - - - - - - - - - - - - - - - - - - - - - - - - - -
    1800 1849   -1   -.12  .28  .06 -.17 -.11  .03 -.09 -.15 -.11  .34* .33|-.12  .00 -.09 -.05  .02  .00  .03 -.15 -.14  .14
    1825 1874   -1   -.08  .12 -.04 -.37 -.27 -.08 -.11 -.18  .07  .64* .40| .07 -.01  .13 -.11 -.38 -.13 -.01 -.27 -.17  .04

 [B] Entire series, effect on correlation (  .562) is:
       Lower   1747< -.014   1838< -.012   1746> -.008   1760< -.007   1829> -.006   1855> -.005  Higher   1949  .014   1890  .010
     1712 to 1761 segment:
       Lower   1760< -.029   1746> -.020   1761> -.019   1759> -.019   1737< -.018   1714> -.014  Higher   1729  .026   1728  .021
     1725 to 1774 segment:
       Lower   1760< -.035   1746> -.029   1737< -.021   1763< -.021   1759> -.019   1761> -.019  Higher   1762  .041   1729  .023
     1750 to 1799 segment:
       Lower   1760< -.055   1763< -.036   1759> -.034   1761> -.034   1766> -.023   1778< -.022  Higher   1777  .054   1762  .040
     1800 to 1849 segment:
       Lower   1838< -.107   1829> -.056   1825> -.025   1820< -.023   1800> -.021   1816< -.017  Higher   1830  .062   1839  .035
     1825 to 1874 segment:
       Lower   1838< -.099   1829> -.054   1855> -.049   1825> -.025   1867> -.011   1874< -.011  Higher   1830  .045   1856  .038

 [C] Year-to-year changes diverging by over 4.0 std deviations:
       1746 1747  -5.3 SD

 [E] Outliers     1   3.0 SD above or -4.5 SD below mean for year
       1747 -4.6 SD
 ===================================================================================================================================

 EBM082    1705 to  2024     320 years                                                                                    Series  16

 [A] Segment   High   -10   -9   -8   -7   -6   -5   -4   -3   -2   -1   +0   +1   +2   +3   +4   +5   +6   +7   +8   +9  +10
    ---------  ----   ---  ---  ---  ---  ---  ---  ---  ---  ---  ---  ---  ---  ---  ---  ---  ---  ---  ---  ---  ---  ---
    1725 1774    1   -.20 -.12 -.27 -.12 -.27 -.06 -.15  .02  .08  .06  .41| .54*-.04  .23  .04 -.08 -.21 -.02 -.14 -.18 -.13
    1750 1799    1   -.12 -.21 -.29 -.21 -.30 -.27 -.26  .10 -.02 -.03  .25| .65* .07  .25  .26  .22 -.09  .14 -.24 -.13 -.37
    1775 1824    1    .03 -.25 -.16 -.24 -.26 -.42 -.23 -.10 -.06 -.02  .12| .56* .17  .33  .05  .15  .19 -.08 -.16 -.07 -.17
    1800 1849    1    .10 -.13  .16  .04 -.21 -.08 -.05 -.02 -.17 -.01  .24| .46*-.03  .10 -.08 -.05 -.12 -.11  .00 -.16 -.18

 [B] Entire series, effect on correlation (  .541) is:
       Lower   1811> -.015   1714> -.010   1819< -.006   1747> -.006   1761< -.005   1822> -.005  Higher   1746  .011   1949  .009
     1725 to 1774 segment:
       Lower   1747> -.044   1736< -.035   1761< -.033   1767< -.030   1766> -.026   1769< -.018  Higher   1746  .134   1762  .044
     1750 to 1799 segment:
       Lower   1766> -.030   1782> -.029   1767< -.029   1769< -.018   1780> -.016   1756> -.016  Higher   1777  .077   1762  .069
     1775 to 1824 segment:
       Lower   1811> -.120   1819< -.040   1822> -.034   1782> -.026   1803> -.015   1793< -.013  Higher   1777  .085   1821  .042
     1800 to 1849 segment:
       Lower   1811> -.154   1819< -.047   1822> -.041   1803> -.018   1836< -.017   1846> -.011  Higher   1821  .044   1829  .043

 [E] Outliers     1   3.0 SD above or -4.5 SD below mean for year
       1711 -5.0 SD
 ===================================================================================================================================

 EBM091    1683 to  2024     342 years                                                                                    Series  17

 [A] Segment   High   -10   -9   -8   -7   -6   -5   -4   -3   -2   -1   +0   +1   +2   +3   +4   +5   +6   +7   +8   +9  +10
    ---------  ----   ---  ---  ---  ---  ---  ---  ---  ---  ---  ---  ---  ---  ---  ---  ---  ---  ---  ---  ---  ---  ---
    1725 1774    1   -.06 -.12 -.31 -.15 -.30 -.20 -.28 -.14 -.08  .00  .37| .48* .01  .46  .06  .15 -.05  .10 -.12 -.20 -.05
    1750 1799    1   -.07 -.14 -.25 -.18 -.24 -.34 -.15  .07 -.18 -.01  .22| .54*-.02  .39  .20  .18 -.06  .17 -.30 -.03 -.36
    1775 1824    1   -.18 -.16 -.38 -.13 -.27 -.35  .09  .04  .04  .00  .17| .54*-.01  .15 -.02  .05  .12 -.06 -.20  .03 -.12
    1800 1849    1   -.11 -.14  .02 -.05 -.10 -.03  .05  .15 -.05 -.01  .19| .44*-.16 -.06 -.08 -.12 -.03  .03 -.08 -.16  .01

 [B] Entire series, effect on correlation (  .515) is:
       Lower   1811> -.012   1747> -.010   1822> -.008   1714> -.007   1999> -.006   1944> -.006  Higher   1711  .016   1890  .012
     1725 to 1774 segment:
       Lower   1747> -.066   1766> -.023   1741< -.013   1755< -.013   1736< -.013   1732> -.009  Higher   1746  .146   1728  .023
     1750 to 1799 segment:
       Lower   1789< -.029   1766> -.028   1775< -.024   1755< -.015   1795> -.012   1797< -.011  Higher   1777  .093   1794  .030
     1775 to 1824 segment:
       Lower   1811> -.097   1822> -.060   1815< -.028   1789< -.024   1775< -.021   1795> -.012  Higher   1777  .099   1794  .032
     1800 to 1849 segment:
       Lower   1811> -.121   1822> -.076   1815< -.036   1839< -.024   1848< -.017   1831> -.013  Higher   1830  .076   1821  .027

 [C] Year-to-year changes diverging by over 4.0 std deviations:
       1746 1747   5.4 SD

 [E] Outliers     2   3.0 SD above or -4.5 SD below mean for year
       1746 -6.6 SD;    1777 -4.9 SD
 ===================================================================================================================================

 EBM092    1699 to  2024     326 years                                                                                    Series  18

 [A] Segment   High   -10   -9   -8   -7   -6   -5   -4   -3   -2   -1   +0   +1   +2   +3   +4   +5   +6   +7   +8   +9  +10
    ---------  ----   ---  ---  ---  ---  ---  ---  ---  ---  ---  ---  ---  ---  ---  ---  ---  ---  ---  ---  ---  ---  ---
    1699 1748   -3   -.07 -.26 -.08 -.08 -.13  .00  .10  .82* .18  .11  .12| .04  .20 -.13  .04 -.13 -.22 -.28 -.11 -.15 -.25
    1700 1749   -3   -.02 -.34 -.08 -.08 -.16  .06  .13  .84* .24  .05  .09| .00  .16 -.11  .00 -.14 -.21 -.15 -.17 -.15 -.15
    1725 1774   -3   -.19 -.27 -.17 -.20 -.07 -.04  .01  .67* .39  .09  .22| .06  .03 -.11  .08 -.17 -.19  .00 -.24 -.29 -.22
    1750 1799   -3   -.16 -.21 -.26 -.06  .02 -.19 -.06  .42* .40  .01  .21| .22  .12 -.14  .26 -.21 -.07 -.30 -.16 -.35 -.23
    1775 1824   -2   -.05 -.30 -.40  .01  .06  .06  .07  .37  .47* .05 -.01|-.01  .03  .02 -.02 -.23  .02 -.17 -.10 -.14 -.06
    1800 1849   -2   -.02 -.07  .00 -.04  .13 -.08 -.05  .30  .40*-.07 -.17|-.10 -.05  .09 -.01 -.18 -.20  .02  .00  .12  .09
    1825 1874   -3   -.08  .00  .06 -.20 -.08 -.26  .00  .37* .26  .06  .02| .08 -.07 -.04  .01 -.18 -.26 -.06 -.08  .19  .11

 [B] Entire series, effect on correlation (  .379) is:
       Lower   1749< -.023   1711> -.013   1833< -.013   1714< -.012   1818< -.010   1797< -.007  Higher   1890  .016   2014  .015
     1699 to 1748 segment:
       Lower   1711> -.043   1734< -.035   1714< -.034   1703< -.022   1699> -.019   1729> -.017  Higher   1728  .032   1731  .031
     1700 to 1749 segment:
       Lower   1749< -.050   1711> -.043   1734< -.024   1729> -.017   1703< -.015   1746> -.013  Higher   1728  .025   1717  .024
     1725 to 1774 segment:
       Lower   1749< -.124   1734< -.042   1746> -.036   1729> -.024   1756> -.021   1761> -.014  Higher   1762  .068   1728  .032
     1750 to 1799 segment:
       Lower   1777> -.051   1797< -.036   1794> -.032   1756> -.028   1798> -.026   1787< -.024  Higher   1762  .103   1780  .067
     1775 to 1824 segment:
       Lower   1818< -.059   1777> -.038   1794> -.027   1798> -.021   1787< -.014   1797< -.010  Higher   1780  .095   1791  .032
     1800 to 1849 segment:
       Lower   1818< -.050   1825> -.038   1833< -.037   1837> -.021   1845> -.016   1828< -.015  Higher   1840  .043   1811  .030
     1825 to 1874 segment:
       Lower   1833< -.067   1825> -.043   1837> -.023   1857> -.022   1828< -.021   1845> -.017  Higher   1874  .047   1861  .044

 [C] Year-to-year changes diverging by over 4.0 std deviations:
       1710 1711   4.0 SD    1748 1749  -4.3 SD    1749 1750   4.7 SD

 [E] Outliers     2   3.0 SD above or -4.5 SD below mean for year
       1714 -4.6 SD;    1749 -7.1 SD
 ===================================================================================================================================

 EBM101    1926 to  2024      99 years                                                                                    Series  19

 [B] Entire series, effect on correlation (  .622) is:
       Lower   2011< -.029   1958> -.021   1961> -.019   1930< -.015   1985> -.014   2001< -.011  Higher   2014  .030   1973  .014

 ===================================================================================================================================

 EBM102    1893 to  2024     132 years                                                                                    Series  20

 [B] Entire series, effect on correlation (  .555) is:
       Lower   1998< -.022   2011< -.016   1902< -.016   1956> -.013   1918> -.012   1924< -.011  Higher   1949  .025   2013  .018

 ===================================================================================================================================

 EBM111    1651 to  2024     374 years                                                                                    Series  21

 [A] Segment   High   -10   -9   -8   -7   -6   -5   -4   -3   -2   -1   +0   +1   +2   +3   +4   +5   +6   +7   +8   +9  +10
    ---------  ----   ---  ---  ---  ---  ---  ---  ---  ---  ---  ---  ---  ---  ---  ---  ---  ---  ---  ---  ---  ---  ---
    1651 1700   -2   -.13  .00  .14 -.14 -.01 -.10 -.01 -.11  .82*-.05  .00|-.04 -.08 -.22  .14 -.05  .02  .22  .12 -.06  .02
    1675 1724   -2   -.21 -.07 -.03  .09 -.04  .04  .11 -.02  .39*-.20  .17|-.11 -.15  .05  .06  .26  .10  .12 -.06 -.15 -.05
    1700 1749   -7   -.40 -.21 -.07  .36* .20 -.04  .34  .05  .14  .02  .05| .07  .01  .02 -.01  .07 -.11 -.12 -.12 -.23 -.02
    1725 1774   -6   -.16 -.10 -.12  .32  .39*-.10  .19  .00  .07 -.02 -.02| .05  .05 -.06 -.10 -.20 -.17 -.25  .04  .11  .04
    1750 1799   -6    .08  .02 -.06  .33  .53*-.12  .03  .13  .18 -.21  .06|-.12 -.06 -.28 -.05 -.16 -.18 -.16  .17  .20  .05
    1775 1824   -6    .22  .15 -.09  .05  .45* .09  .11  .13  .16 -.08  .03|-.03 -.13 -.18 -.06 -.12 -.21 -.08  .02 -.06  .17
    1800 1849   10    .05 -.06 -.42 -.21  .11  .24  .11  .13  .02  .03  .06|-.11 -.12  .10  .02 -.03 -.16 -.07 -.07  .06  .25*
    1825 1874   -3   -.16 -.41 -.40 -.30 -.05  .03  .38  .49* .21  .07  .18|-.13 -.28 -.10  .01 -.22 -.07 -.20  .05  .10  .17
    1850 1899   -4   -.09 -.29 -.05  .04  .05 -.04  .55* .47  .32  .17  .27|-.02 -.22 -.31 -.17 -.34 -.26 -.23 -.04 -.13 -.16
    1875 1924   -3   -.14 -.13  .08  .18  .08 -.06  .28  .38* .33  .35  .37| .09 -.04 -.21 -.24 -.25 -.24 -.08  .15 -.12 -.15
    1900 1949   -1   -.11 -.05  .09  .14  .06 -.12 -.13 -.06  .00  .59* .16| .10 -.07 -.07 -.07  .05  .13  .02  .24 -.13  .23

 [B] Entire series, effect on correlation (  .239) is:
       Lower   1671> -.035   1768< -.009   1680> -.008   1654< -.007   1718< -.007   1651< -.007  Higher   2013  .014   1985  .012
     1651 to 1700 segment:
       Lower   1671> -.056   1654< -.023   1651< -.022   1680> -.021   1663< -.017   1660< -.017  Higher   1682  .062   1673  .040
     1675 to 1724 segment:
       Lower   1680> -.061   1718< -.058   1684< -.040   1692> -.024   1702> -.024   1696< -.008  Higher   1682  .120   1721  .028
     1700 to 1749 segment:
       Lower   1718< -.054   1743< -.042   1747> -.023   1735< -.023   1728> -.021   1702> -.019  Higher   1721  .039   1731  .035
     1725 to 1774 segment:
       Lower   1768< -.045   1743< -.043   1753< -.036   1747> -.025   1759> -.024   1735< -.023  Higher   1762  .082   1731  .043
     1750 to 1799 segment:
       Lower   1768< -.062   1753< -.045   1797> -.036   1777> -.033   1759> -.033   1795> -.024  Higher   1762  .095   1780  .045
     1775 to 1824 segment:
       Lower   1797> -.037   1777> -.034   1795> -.025   1822> -.025   1804< -.023   1820< -.020  Higher   1780  .050   1789  .037
     1800 to 1849 segment:
       Lower   1829> -.047   1822> -.039   1847< -.029   1804< -.025   1820< -.020   1810> -.013  Higher   1839  .049   1817  .042
     1825 to 1874 segment:
       Lower   1868> -.058   1829> -.045   1856> -.038   1847< -.036   1863< -.017   1867> -.015  Higher   1839  .042   1869  .037
     1850 to 1899 segment:
       Lower   1890> -.069   1868> -.042   1879< -.029   1856> -.026   1896< -.019   1863< -.014  Higher   1875  .057   1869  .023
     1875 to 1924 segment:
       Lower   1890> -.077   1879< -.041   1914> -.020   1896< -.020   1903> -.018   1911< -.015  Higher   1875  .048   1919  .042
     1900 to 1949 segment:
       Lower   1949> -.043   1947> -.034   1932> -.027   1928< -.023   1930< -.016   1939< -.016  Higher   1919  .053   1935  .045

 [C] Year-to-year changes diverging by over 4.0 std deviations:
       1670 1671   6.6 SD    1672 1673  -6.5 SD

 [E] Outliers     4   3.0 SD above or -4.5 SD below mean for year
       1671 +5.1 SD;    1672 +3.1 SD;    1673 -5.8 SD;    1680 +3.1 SD
 ===================================================================================================================================

 EBM112    1634 to  2024     391 years                                                                                    Series  22

 [*] Early part of series cannot be checked from 1634 to 1650 -- not matched by another series

 [A] Segment   High   -10   -9   -8   -7   -6   -5   -4   -3   -2   -1   +0   +1   +2   +3   +4   +5   +6   +7   +8   +9  +10
    ---------  ----   ---  ---  ---  ---  ---  ---  ---  ---  ---  ---  ---  ---  ---  ---  ---  ---  ---  ---  ---  ---  ---
    1651 1700    2    .02 -.10  .07  .22 -.01 -.07  .08 -.20 -.08 -.02 -.01|-.04  .82*-.14 -.01 -.10 -.03 -.15  .19  .00 -.07
    1675 1724    2    .00  .13 -.12  .13  .03  .12  .03 -.11  .01 -.09 -.03|-.21  .41* .02  .03 -.02  .01  .28 -.06  .14 -.10
    1700 1749   -5   -.02 -.13 -.33 -.25  .01  .49* .18 -.12  .23 -.10 -.12|-.06  .22  .18  .02 -.02 -.02  .08 -.17 -.08 -.13
    1725 1774   -4   -.16 -.34 -.19 -.07 -.16  .27  .42*-.06  .14  .02 -.14|-.07  .22  .03  .04 -.04 -.10 -.27 -.23 -.28  .01
    1750 1799   -4   -.26 -.32  .00 -.07 -.18  .28  .53*-.11  .21  .22 -.05|-.19  .32 -.12 -.09 -.23 -.12 -.27 -.25 -.18  .12
    1775 1824   -4   -.21 -.12  .18 -.06 -.15  .10  .31* .11  .20  .14 -.03|-.06  .18 -.18 -.16 -.02 -.03 -.16 -.19  .07  .00
    1800 1849   -3    .20 -.01 -.08 -.02 -.23 -.20  .03  .35*-.05  .01 -.14| .07  .12 -.12 -.09  .21 -.03 -.16  .00  .03 -.10
    1825 1874   -3    .03 -.17 -.26 -.06 -.14 -.11  .33  .42* .09  .13  .05| .07 -.21 -.20 -.13 -.07 -.10 -.27  .10  .03  .00
    1850 1899   -3   -.25 -.21 -.31 -.09 -.03  .06  .17  .55* .38  .24  .26| .22 -.17 -.16 -.19 -.25 -.13 -.31  .00 -.02 -.13
    1875 1924   -2   -.18 -.07 -.18  .00 -.07  .00 -.11  .42  .50* .46  .38| .27  .02 -.14 -.23 -.19 -.04 -.12  .12  .00 -.18
    1900 1949   -1    .02  .00  .12  .16 -.06 -.22 -.14 -.14  .14  .64* .11| .14 -.08 -.13 -.10  .00  .12  .08  .26 -.08  .22

 [B] Entire series, effect on correlation (  .162) is:
       Lower   1673> -.017   1671< -.015   1716< -.012   1766< -.007   1651> -.007   1654> -.006  Higher   2013  .017   1682  .011
     1651 to 1700 segment:
       Lower   1671< -.048   1680< -.021   1654> -.020   1651> -.020   1695< -.016   1663> -.015  Higher   1682  .062   1673  .055
     1675 to 1724 segment:
       Lower   1716< -.061   1680< -.033   1686> -.030   1714> -.026   1695< -.025   1705< -.022  Higher   1682  .136   1711  .047
     1700 to 1749 segment:
       Lower   1716< -.064   1724< -.025   1705< -.025   1714> -.022   1747> -.021   1743< -.020  Higher   1711  .061   1721  .030
     1725 to 1774 segment:
       Lower   1760< -.041   1747> -.025   1743< -.023   1741< -.019   1728> -.018   1733< -.017  Higher   1757  .033   1738  .028
     1750 to 1799 segment:
       Lower   1760< -.052   1788< -.033   1795> -.031   1776> -.028   1766< -.017   1773> -.011  Higher   1798  .045   1757  .036
     1775 to 1824 segment:
       Lower   1806< -.056   1788< -.041   1795> -.035   1776> -.032   1823< -.032   1804< -.031  Higher   1817  .058   1798  .052
     1800 to 1849 segment:
       Lower   1806< -.042   1823< -.027   1804< -.027   1837> -.022   1821> -.017   1822> -.017  Higher   1817  .065   1811  .040
     1825 to 1874 segment:
       Lower   1874< -.056   1841< -.030   1868> -.028   1837> -.023   1847< -.019   1848< -.017  Higher   1859  .051   1869  .031
     1850 to 1899 segment:
       Lower   1878< -.067   1874< -.058   1868> -.026   1875> -.018   1856> -.015   1862< -.013  Higher   1893  .027   1880  .023
     1875 to 1924 segment:
       Lower   1878< -.094   1905< -.033   1903> -.024   1875> -.021   1911< -.020   1914> -.016  Higher   1919  .029   1893  .025
     1900 to 1949 segment:
       Lower   1949> -.069   1932> -.034   1928< -.030   1905< -.024   1941< -.023   1939< -.021  Higher   1935  .061   1918  .043

 [C] Year-to-year changes diverging by over 4.0 std deviations:
       1841 1842   4.2 SD

 [E] Outliers     6   3.0 SD above or -4.5 SD below mean for year
       1651 +3.0 SD;    1671 -5.1 SD;    1673 +5.8 SD;    1716 -5.0 SD;    1806 -4.5 SD;    1841 -5.1 SD
 ===================================================================================================================================

 EBM121    1801 to  2024     224 years                                                                                    Series  23

 [A] Segment   High   -10   -9   -8   -7   -6   -5   -4   -3   -2   -1   +0   +1   +2   +3   +4   +5   +6   +7   +8   +9  +10
    ---------  ----   ---  ---  ---  ---  ---  ---  ---  ---  ---  ---  ---  ---  ---  ---  ---  ---  ---  ---  ---  ---  ---
    1801 1850   -3   -.10 -.08 -.06 -.11  .02 -.23  .10  .36*-.13 -.23 -.19| .06  .17 -.12  .03  .04  .17  .17 -.02 -.05 -.03
    1825 1874   -3   -.19 -.17 -.15 -.05 -.03 -.05  .32  .36*-.08 -.20 -.01|-.08 -.10 -.21  .04 -.02  .07  .04  .16 -.01  .04
    1850 1899   -2   -.20 -.45 -.21 -.24 -.20 -.14  .06  .20  .53* .25  .30| .39  .19 -.05  .03 -.13 -.14 -.19 -.13 -.14 -.10
    1875 1924   -2   -.15 -.27 -.16 -.26 -.24 -.17 -.21  .06  .47* .43  .38| .36  .27  .06 -.05  .02  .04  .11  .14 -.23 -.12

 [B] Entire series, effect on correlation (  .381) is:
       Lower   1849< -.038   1809< -.017   1949> -.015   1824< -.012   1811> -.008   1856> -.008  Higher   1999  .030   2014  .014
     1801 to 1850 segment:
       Lower   1849< -.056   1809< -.023   1822> -.023   1830> -.019   1804< -.014   1843> -.012  Higher   1840  .044   1839  .030
     1825 to 1874 segment:
       Lower   1849< -.127   1856> -.036   1830> -.028   1867> -.018   1874< -.018   1848< -.016  Higher   1859  .045   1864  .044
     1850 to 1899 segment:
       Lower   1856> -.045   1877< -.041   1876> -.040   1889< -.039   1874< -.032   1867> -.022  Higher   1890  .059   1892  .053
     1875 to 1924 segment:
       Lower   1918> -.047   1876> -.040   1877< -.034   1889< -.032   1895> -.020   1911< -.018  Higher   1919  .055   1890  .038

 [C] Year-to-year changes diverging by over 4.0 std deviations:
       1848 1849  -4.2 SD    1849 1850   4.8 SD

 [E] Outliers     1   3.0 SD above or -4.5 SD below mean for year
       1849 -7.5 SD
 ===================================================================================================================================

 EBM122    1817 to  2024     208 years                                                                                    Series  24

 [A] Segment   High   -10   -9   -8   -7   -6   -5   -4   -3   -2   -1   +0   +1   +2   +3   +4   +5   +6   +7   +8   +9  +10
    ---------  ----   ---  ---  ---  ---  ---  ---  ---  ---  ---  ---  ---  ---  ---  ---  ---  ---  ---  ---  ---  ---  ---
    1817 1866   -3   -.07 -.18 -.17 -.29 -.16 -.07  .23  .44* .11 -.24  .04|-.03 -.10 -.14 -.10  .02  .21  .07  .17  .03  .14
    1825 1874   -3   -.13 -.22 -.24 -.21 -.09  .01  .30  .42* .06 -.11  .07|-.09 -.11 -.22  .01 -.09  .07  .03  .14  .07  .17
    1850 1899   -2   -.21 -.41 -.28 -.33 -.25 -.23  .03  .19  .48* .28  .37| .35  .23  .05 -.01 -.11 -.09 -.20 -.08 -.15 -.06
    1875 1924   -2   -.20 -.27 -.28 -.30 -.26 -.31 -.24  .06  .52* .32  .31| .44  .35  .12  .04  .07  .15  .15 -.06 -.14 -.15
    1900 1949    0   -.28 -.36 -.20  .10  .16  .03 -.15 -.05  .12  .16  .32*-.02 -.13 -.15  .07  .21  .31  .14 -.11 -.11 -.01

 [B] Entire series, effect on correlation (  .423) is:
       Lower   1824< -.049   1949> -.016   1849< -.014   1912< -.013   1958> -.009   1856> -.008  Higher   2014  .025   1999  .023
     1817 to 1866 segment:
       Lower   1824< -.074   1849< -.037   1856> -.035   1829> -.030   1848< -.024   1844> -.022  Higher   1859  .049   1864  .038
     1825 to 1874 segment:
       Lower   1849< -.060   1856> -.043   1829> -.036   1848< -.036   1844> -.027   1843> -.021  Higher   1864  .054   1859  .050
     1850 to 1899 segment:
       Lower   1856> -.046   1876> -.031   1875> -.030   1889< -.027   1895> -.022   1859< -.022  Higher   1890  .066   1892  .054
     1875 to 1924 segment:
       Lower   1912< -.088   1876> -.034   1905< -.030   1875> -.029   1889< -.024   1895> -.023  Higher   1890  .076   1892  .060
     1900 to 1949 segment:
       Lower   1949> -.071   1912< -.067   1943< -.027   1905< -.023   1926> -.021   1918> -.019  Higher   1944  .045   1935  .039

 [C] Year-to-year changes diverging by over 4.0 std deviations:
       1825 1826   5.8 SD

 [E] Outliers     2   3.0 SD above or -4.5 SD below mean for year
       1825 -6.8 SD;    1849 -4.7 SD
 ===================================================================================================================================

 EBM131    1828 to  2024     197 years                                                                                    Series  25

 [B] Entire series, effect on correlation (  .607) is:
       Lower   1996< -.016   1903< -.010   1910> -.008   1927> -.007   1898< -.007   1971> -.006  Higher   1985  .020   1890  .012

 ===================================================================================================================================

 EBM132    1826 to  2024     199 years                                                                                    Series  26

 [B] Entire series, effect on correlation (  .588) is:
       Lower   1903< -.017   1835< -.015   1996< -.011   1906< -.010   1910> -.010   1894> -.007  Higher   1918  .012   1985  .010

 ===================================================================================================================================

 EBM141    1816 to  2024     209 years                                                                                    Series  27

 [B] Entire series, effect on correlation (  .530) is:
       Lower   1855< -.020   1998< -.015   1958> -.014   1919> -.011   1944> -.006   1952< -.005  Higher   1890  .013   1985  .009

 [E] Outliers     2   3.0 SD above or -4.5 SD below mean for year
       1855 -4.7 SD;    1909 -5.3 SD
 ===================================================================================================================================

 EBM142    1855 to  2024     170 years                                                                                    Series  28

 [A] Segment   High   -10   -9   -8   -7   -6   -5   -4   -3   -2   -1   +0   +1   +2   +3   +4   +5   +6   +7   +8   +9  +10
    ---------  ----   ---  ---  ---  ---  ---  ---  ---  ---  ---  ---  ---  ---  ---  ---  ---  ---  ---  ---  ---  ---  ---
    1855 1904   -1   -.11  .02 -.08 -.11 -.23 -.06  .08 -.07 -.02  .61* .20| .03  .02  .05 -.19 -.29 -.16 -.06 -.21 -.02 -.10
    1875 1924   -1   -.27 -.01 -.06 -.07 -.10 -.02  .16 -.14 -.10  .35* .11|-.06 -.11 -.04 -.14 -.19 -.08  .05  .03  .13 -.08

 [B] Entire series, effect on correlation (  .462) is:
       Lower   1876< -.037   1890> -.030   1875> -.015   1917> -.013   1907< -.013   1958> -.012  Higher   1949  .020   2013  .011
     1855 to 1904 segment:
       Lower   1890> -.107   1876< -.058   1875> -.049   1855> -.021   1877< -.020   1866< -.011  Higher   1891  .051   1856  .035
     1875 to 1924 segment:
       Lower   1890> -.093   1875> -.044   1917> -.035   1919> -.034   1907< -.029   1876< -.020  Higher   1918  .055   1891  .050

 [E] Outliers     1   3.0 SD above or -4.5 SD below mean for year
       1890 +3.2 SD
 ===================================================================================================================================

 EBM151    1790 to  2024     235 years                                                                                    Series  29

 [A] Segment   High   -10   -9   -8   -7   -6   -5   -4   -3   -2   -1   +0   +1   +2   +3   +4   +5   +6   +7   +8   +9  +10
    ---------  ----   ---  ---  ---  ---  ---  ---  ---  ---  ---  ---  ---  ---  ---  ---  ---  ---  ---  ---  ---  ---  ---
    1790 1839   -4   -.08 -.17 -.18 -.16 -.07  .24  .39* .09  .02  .21  .00|-.05 -.35 -.03 -.06 -.19 -.12 -.18  .33  .12  .11
    1800 1849   -4    .11 -.15 -.19 -.28 -.15  .01  .23* .10  .11  .09  .08| .08 -.22  .02  .03 -.12 -.13 -.27  .06  .04 -.01
    1825 1874   -2    .10 -.28 -.24 -.46 -.27 -.18  .06  .10  .33* .20  .24| .14  .10  .06  .04 -.16 -.14 -.41 -.16 -.18 -.04
    1850 1899   -2   -.06 -.25 -.14 -.39 -.28 -.12  .02 -.04  .57* .53  .30| .30  .28  .12 -.14 -.25 -.15 -.35 -.31 -.32 -.08
    1875 1924   -1   -.15 -.20 -.02 -.10 -.18 -.05 -.01  .00  .28  .51* .37| .43  .27 -.05 -.17 -.13 -.22 -.12 -.04 -.09  .21

 [B] Entire series, effect on correlation (  .370) is:
       Lower   2023< -.028   1877< -.013   2021< -.010   1943< -.009   1925< -.008   1811> -.008  Higher   2013  .027   1927  .012
     1790 to 1839 segment:
       Lower   1811> -.033   1796> -.027   1794> -.023   1819< -.023   1830> -.021   1829> -.020  Higher   1817  .045   1798  .039
     1800 to 1849 segment:
       Lower   1811> -.048   1830> -.026   1829> -.024   1819< -.021   1821> -.019   1805< -.016  Higher   1817  .040   1840  .035
     1825 to 1874 segment:
       Lower   1856> -.048   1830> -.032   1829> -.027   1826< -.021   1837> -.016   1868> -.016  Higher   1869  .043   1862  .024
     1850 to 1899 segment:
       Lower   1877< -.071   1875> -.042   1856> -.037   1890> -.028   1880< -.020   1889< -.014  Higher   1892  .050   1891  .045
     1875 to 1924 segment:
       Lower   1877< -.070   1875> -.039   1918> -.039   1890> -.028   1880< -.020   1889< -.014  Higher   1919  .050   1892  .042

 ===================================================================================================================================

 EBM152    1747 to  2024     278 years                                                                                    Series  30

 [A] Segment   High   -10   -9   -8   -7   -6   -5   -4   -3   -2   -1   +0   +1   +2   +3   +4   +5   +6   +7   +8   +9  +10
    ---------  ----   ---  ---  ---  ---  ---  ---  ---  ---  ---  ---  ---  ---  ---  ---  ---  ---  ---  ---  ---  ---  ---
    1747 1796   -6   -.03 -.09  .13  .18  .47* .09  .06  .30 -.06  .01  .13|-.13 -.19 -.22 -.10 -.33 -.28 -.18  .07  .13  .04
    1750 1799   -6   -.07 -.11  .09  .17  .45* .10  .10  .39  .00  .02  .14|-.12 -.20 -.22 -.12 -.35 -.32 -.18  .06  .09  .07
    1775 1824   -3   -.10 -.01  .18  .03  .03  .27  .26  .30* .04  .17  .11| .01 -.33 -.09 -.33 -.30 -.12 -.23  .21  .01  .08
    1800 1849   -4    .09 -.21 -.13 -.24 -.25  .06  .25* .10  .07  .03  .12| .08 -.20  .08  .00 -.04 -.07 -.25  .12  .00  .01
    1825 1874   -3    .06 -.32 -.45 -.45 -.29 -.08  .14  .36* .33  .23  .17| .17  .05 -.09  .04 -.12 -.37 -.23 -.23 -.08  .06
    1850 1899   -1   -.04 -.25 -.20 -.40 -.32 -.05 -.01  .13  .53  .55* .28| .37  .25 -.01 -.14 -.20 -.33 -.19 -.39 -.26 -.01
    1875 1924   -1   -.11 -.16  .08 -.09 -.11 -.02 -.03 -.08  .21  .42* .37| .41  .27  .02 -.19 -.20 -.27 -.12 -.06  .01  .11

 [B] Entire series, effect on correlation (  .372) is:
       Lower   2023< -.024   1768< -.020   1985> -.012   1819< -.011   1877< -.009   1752< -.007  Higher   2013  .022   1927  .013
     1747 to 1796 segment:
       Lower   1768< -.086   1794> -.037   1752< -.032   1796> -.029   1777> -.027   1773> -.026  Higher   1762  .124   1780  .029
     1750 to 1799 segment:
       Lower   1768< -.087   1794> -.040   1796> -.032   1752< -.032   1777> -.032   1773> -.029  Higher   1762  .127   1757  .029
     1775 to 1824 segment:
       Lower   1819< -.074   1794> -.044   1796> -.036   1777> -.030   1805< -.026   1807< -.019  Higher   1817  .050   1811  .040
     1800 to 1849 segment:
       Lower   1819< -.071   1830> -.044   1837> -.027   1805< -.025   1847< -.021   1826< -.020  Higher   1817  .052   1811  .041
     1825 to 1874 segment:
       Lower   1867> -.050   1830> -.044   1826< -.031   1837> -.026   1847< -.025   1869> -.017  Higher   1864  .051   1868  .034
     1850 to 1899 segment:
       Lower   1877< -.067   1875> -.040   1867> -.036   1880< -.035   1890> -.028   1858< -.015  Higher   1891  .063   1892  .059
     1875 to 1924 segment:
       Lower   1877< -.070   1875> -.041   1880< -.035   1890> -.031   1901< -.016   1876> -.014  Higher   1891  .054   1892  .050

 [C] Year-to-year changes diverging by over 4.0 std deviations:
       2022 2023  -4.0 SD

 [E] Outliers     1   3.0 SD above or -4.5 SD below mean for year
       1826 -5.0 SD
 ===================================================================================================================================

 EBM161    1752 to  2024     273 years                                                                                    Series  31

 [A] Segment   High   -10   -9   -8   -7   -6   -5   -4   -3   -2   -1   +0   +1   +2   +3   +4   +5   +6   +7   +8   +9  +10
    ---------  ----   ---  ---  ---  ---  ---  ---  ---  ---  ---  ---  ---  ---  ---  ---  ---  ---  ---  ---  ---  ---  ---
    1752 1801   -1   -.15 -.07 -.21 -.14 -.16  .04  .13  .29  .16  .31* .11| .14 -.01  .17 -.07 -.21 -.27 -.03 -.28 -.32 -.26
    1775 1824   -1   -.10 -.02 -.17 -.39  .08 -.03  .02  .00  .32  .44* .26|-.02  .11 -.02  .06 -.31 -.31 -.15 -.09 -.11 -.09
    1800 1849   -1    .00  .18  .13 -.23 -.24 -.04 -.11 -.09  .23  .44* .09|-.07  .04  .07 -.02 -.13 -.23 -.14  .00 -.01  .02
    1825 1874   -2   -.17  .01 -.02 -.27 -.33  .03  .06  .13  .48* .35  .15|-.06  .07  .01 -.34 -.16 -.05 -.13  .00 -.13  .07
    1850 1899   -1   -.13 -.20 -.34 -.25 -.28 -.05  .09  .19  .17  .69* .31| .22  .17 -.03 -.18 -.22 -.16 -.16 -.02 -.15  .03
    1875 1924   -1   -.10 -.08 -.20  .00 -.13 -.14 -.06  .05  .05  .63* .30| .30  .20 -.04 -.19 -.22 -.08  .03  .17  .02 -.10

 [B] Entire series, effect on correlation (  .500) is:
       Lower   1890> -.018   1765< -.011   1856> -.010   1875> -.009   1762> -.008   1796< -.008  Higher   2013  .023   2014  .014
     1752 to 1801 segment:
       Lower   1765< -.053   1762> -.042   1798> -.025   1796< -.024   1763< -.019   1768> -.018  Higher   1777  .048   1757  .027
     1775 to 1824 segment:
       Lower   1804< -.044   1796< -.042   1823< -.040   1798> -.032   1817< -.028   1792< -.021  Higher   1811  .063   1777  .044
     1800 to 1849 segment:
       Lower   1839< -.046   1804< -.042   1823< -.039   1838< -.031   1830> -.026   1825> -.024  Higher   1811  .103   1829  .067
     1825 to 1874 segment:
       Lower   1856> -.070   1839< -.043   1861< -.032   1838< -.030   1830> -.028   1825> -.024  Higher   1829  .048   1874  .037
     1850 to 1899 segment:
       Lower   1890> -.096   1856> -.046   1875> -.044   1882< -.028   1861< -.023   1892> -.021  Higher   1891  .103   1893  .022
     1875 to 1924 segment:
       Lower   1890> -.086   1875> -.041   1918> -.028   1882< -.025   1903> -.021   1912< -.020  Higher   1891  .096   1910  .030

 [C] Year-to-year changes diverging by over 4.0 std deviations:
       1890 1891  -4.2 SD

 ===================================================================================================================================

 EBM162    1765 to  2024     260 years                                                                                    Series  32

 [A] Segment   High   -10   -9   -8   -7   -6   -5   -4   -3   -2   -1   +0   +1   +2   +3   +4   +5   +6   +7   +8   +9  +10
    ---------  ----   ---  ---  ---  ---  ---  ---  ---  ---  ---  ---  ---  ---  ---  ---  ---  ---  ---  ---  ---  ---  ---
    1765 1814   -1   -.08 -.12 -.25 -.22 -.08 -.13  .10  .08  .19  .25* .19| .06  .21  .06  .13 -.32 -.17  .00 -.29 -.22 -.21
    1775 1824   -1   -.06 -.09 -.19 -.28  .07 -.15 -.01 -.05  .22  .32* .08| .01  .15  .00  .17 -.23 -.21 -.03 -.12 -.08 -.14
    1800 1849   -1   -.07  .08  .13 -.17 -.16  .03 -.09 -.17  .24  .46* .01|-.09 -.02  .02  .06 -.16 -.17 -.16 -.06  .08  .04
    1825 1874   -2   -.17 -.07 -.01 -.29 -.36  .07  .00  .03  .54* .47  .21|-.11  .05  .04 -.33 -.26 -.04 -.18 -.05 -.13  .11
    1850 1899   -1   -.15 -.11 -.28 -.28 -.26 -.05  .10  .17  .20  .74* .34| .17  .15 -.06 -.29 -.30 -.23 -.19 -.02 -.14  .08
    1875 1924   -1   -.13 -.01 -.13  .05 -.08 -.19 -.09  .00  .01  .59* .31| .25  .15 -.05 -.25 -.22 -.09  .01  .23  .09 -.04

 [B] Entire series, effect on correlation (  .498) is:
       Lower   1796< -.021   1890> -.017   1817< -.011   1875> -.008   1838< -.008   1823< -.007  Higher   2013  .025   1985  .016
     1765 to 1814 segment:
       Lower   1796< -.094   1798> -.044   1792< -.033   1771< -.018   1803> -.016   1778> -.013  Higher   1777  .052   1805  .033
     1775 to 1824 segment:
       Lower   1796< -.066   1817< -.063   1823< -.041   1798> -.036   1792< -.027   1803> -.013  Higher   1777  .052   1811  .038
     1800 to 1849 segment:
       Lower   1817< -.073   1823< -.048   1838< -.044   1825> -.027   1830> -.024   1840> -.020  Higher   1811  .063   1829  .045
     1825 to 1874 segment:
       Lower   1838< -.055   1856> -.051   1825> -.035   1830> -.035   1861< -.025   1840> -.025  Higher   1864  .031   1829  .031
     1850 to 1899 segment:
       Lower   1890> -.101   1875> -.046   1856> -.039   1882< -.034   1861< -.021   1853< -.013  Higher   1891  .090   1893  .019
     1875 to 1924 segment:
       Lower   1890> -.082   1875> -.038   1882< -.025   1918> -.023   1904< -.023   1912< -.019  Higher   1891  .079   1923  .027

 ===================================================================================================================================

 EBM171    1896 to  2024     129 years                                                                                    Series  33

 [B] Entire series, effect on correlation (  .715) is:
       Lower   1905< -.018   1982> -.015   1992< -.015   1918> -.011   1896< -.009   1944> -.009  Higher   2013  .026   1949  .015

 ===================================================================================================================================

 EBM172    1921 to  2024     104 years                                                                                    Series  34

 [B] Entire series, effect on correlation (  .789) is:
       Lower   1992< -.012   1924< -.011   1944> -.009   1939< -.009   1993< -.007   1954< -.006  Higher   2013  .017   1985  .013

 ===================================================================================================================================

 EBM181    1942 to  2024      83 years                                                                                    Series  35

 [B] Entire series, effect on correlation (  .691) is:
       Lower   1942< -.037   1979< -.036   1944> -.014   1964> -.012   1980< -.009   1969< -.005  Higher   1985  .024   2009  .016

 ===================================================================================================================================

 EBM182    1942 to  2024      83 years                                                                                    Series  36

 [B] Entire series, effect on correlation (  .770) is:
       Lower   1979< -.023   1964> -.018   1985< -.011   1986> -.008   1942< -.006   1980< -.005  Higher   2014  .013   1949  .011

 ===================================================================================================================================

 EBM191    1847 to  2024     178 years                                                                                    Series  37

 [B] Entire series, effect on correlation (  .611) is:
       Lower   1914< -.039   1967< -.015   1919> -.011   1944> -.008   1894> -.006   1902< -.006  Higher   1985  .021   1999  .016

 [E] Outliers     1   3.0 SD above or -4.5 SD below mean for year
       1914 -5.8 SD
 ===================================================================================================================================

 EBM192    1846 to  2024     179 years                                                                                    Series  38

 [B] Entire series, effect on correlation (  .623) is:
       Lower   1914< -.027   1854< -.021   1919> -.013   1944> -.007   1887< -.007   1894> -.007  Higher   1985  .019   1918  .014

 [E] Outliers     1   3.0 SD above or -4.5 SD below mean for year
       1914 -4.8 SD
 ===================================================================================================================================

 EBM201    1725 to  2024     300 years                                                                                    Series  39

 [A] Segment   High   -10   -9   -8   -7   -6   -5   -4   -3   -2   -1   +0   +1   +2   +3   +4   +5   +6   +7   +8   +9  +10
    ---------  ----   ---  ---  ---  ---  ---  ---  ---  ---  ---  ---  ---  ---  ---  ---  ---  ---  ---  ---  ---  ---  ---
    1725 1774   -2   -.17 -.09 -.13 -.17 -.15 -.05 -.09  .42  .54*-.06  .08| .07 -.09 -.15  .13  .00 -.07  .14 -.03 -.39 -.22
    1750 1799    4   -.12 -.03  .01 -.22 -.16 -.10 -.20 -.03  .31 -.02  .05| .31  .08 -.04  .37*-.05 -.18 -.05  .10 -.22 -.21
    1775 1824    0   -.04 -.08  .09 -.19 -.32  .09 -.13 -.22 -.02  .18  .32* .09  .10  .24  .11 -.05 -.21 -.25 -.04 -.17  .03
    - - - - - - - - - - - - - - - - - - - - - - - - - - - - - - - - - - - - - - - - - - - - - - - - - - - - - - - - - - - - -
    1825 1874   -1   -.19 -.02  .04 -.13 -.29 -.09 -.14  .11 -.11  .44* .35| .09 -.11  .19 -.06 -.13 -.30  .26 -.16 -.04 -.13
    1850 1899   -1   -.24 -.08 -.29 -.25 -.43 -.02 -.11 -.03  .21  .55* .42| .21  .18  .33 -.05 -.08 -.18  .04 -.09 -.12 -.19

 [B] Entire series, effect on correlation (  .481) is:
       Lower   1746> -.022   1875> -.012   1777> -.008   1780> -.007   1833< -.007   1855> -.007  Higher   2013  .014   1973  .011
     1725 to 1774 segment:
       Lower   1746> -.105   1748< -.030   1758< -.022   1739< -.021   1733< -.021   1766> -.019  Higher   1731  .061   1738  .029
     1750 to 1799 segment:
       Lower   1777> -.047   1780> -.042   1766> -.026   1758< -.025   1772< -.022   1797> -.019  Higher   1789  .039   1762  .037
     1775 to 1824 segment:
       Lower   1777> -.067   1780> -.056   1816< -.036   1798> -.026   1797> -.023   1808< -.021  Higher   1811  .121   1817  .045
     1825 to 1874 segment:
       Lower   1855> -.063   1833< -.046   1860< -.028   1867> -.023   1869> -.021   1840> -.017  Higher   1856  .036   1861  .035
     1850 to 1899 segment:
       Lower   1875> -.074   1855> -.040   1860< -.021   1891> -.020   1867> -.014   1888< -.013  Higher   1892  .087   1861  .019

 [E] Outliers     2   3.0 SD above or -4.5 SD below mean for year
       1746 +3.4 SD;    1892 -4.9 SD
 ===================================================================================================================================

 EBM202    1767 to  2024     258 years                                                                                    Series  40

 [A] Segment   High   -10   -9   -8   -7   -6   -5   -4   -3   -2   -1   +0   +1   +2   +3   +4   +5   +6   +7   +8   +9  +10
    ---------  ----   ---  ---  ---  ---  ---  ---  ---  ---  ---  ---  ---  ---  ---  ---  ---  ---  ---  ---  ---  ---  ---
    1767 1816    0    .01 -.09  .13 -.24 -.32 -.03 -.11 -.20  .02  .00  .27* .19  .10  .14  .25  .06 -.27 -.07 -.05 -.29  .01
    1775 1824    0    .00 -.06  .12 -.22 -.33 -.08 -.21 -.21 -.04  .22  .31* .03  .15  .24  .15 -.03 -.27 -.10  .01 -.17  .05
    - - - - - - - - - - - - - - - - - - - - - - - - - - - - - - - - - - - - - - - - - - - - - - - - - - - - - - - - - - - - -
    1825 1874   -1   -.21  .04 -.02 -.14 -.24 -.10 -.21  .08 -.07  .49* .33| .09 -.03  .21 -.07 -.14 -.28  .25 -.22 -.06 -.17
    1850 1899   -1   -.25 -.12 -.28 -.23 -.44 -.05 -.14 -.02  .07  .48* .41| .24  .23  .38 -.03 -.06 -.19  .08 -.09 -.13 -.24

 [B] Entire series, effect on correlation (  .519) is:
       Lower   1875> -.014   1822< -.011   1777> -.010   1985> -.009   1780> -.008   1855> -.008  Higher   1958  .011   1973  .011
     1767 to 1816 segment:
       Lower   1777> -.072   1780> -.059   1772< -.036   1798> -.025   1797> -.023   1770< -.017  Higher   1811  .177   1789  .026
     1775 to 1824 segment:
       Lower   1777> -.066   1780> -.054   1798> -.024   1797> -.019   1808< -.016   1812> -.013  Higher   1811  .129   1817  .033
     1825 to 1874 segment:
       Lower   1855> -.061   1867> -.036   1860< -.023   1833< -.023   1869> -.022   1838< -.020  Higher   1856  .047   1848  .033
     1850 to 1899 segment:
       Lower   1875> -.077   1855> -.043   1891> -.028   1867> -.025   1860< -.020   1869> -.015  Higher   1892  .073   1890  .056

 [E] Outliers     1   3.0 SD above or -4.5 SD below mean for year
       1822 -5.0 SD
 ===================================================================================================================================

 EBM211    1857 to  2024     168 years                                                                                    Series  41

 [B] Entire series, effect on correlation (  .667) is:
       Lower   1875< -.025   1999> -.013   1961> -.007   1892> -.007   1895> -.007   1891> -.007  Higher   2014  .016   1918  .010

 ===================================================================================================================================

 EBM212    1817 to  2024     208 years                                                                                    Series  42

 [A] Segment   High   -10   -9   -8   -7   -6   -5   -4   -3   -2   -1   +0   +1   +2   +3   +4   +5   +6   +7   +8   +9  +10
    ---------  ----   ---  ---  ---  ---  ---  ---  ---  ---  ---  ---  ---  ---  ---  ---  ---  ---  ---  ---  ---  ---  ---
    1817 1866    1   -.03 -.18 -.10  .12  .04 -.09 -.04  .11 -.08 -.05  .42| .42*-.07 -.09  .05 -.19 -.47 -.33 -.08 -.09 -.05

 [B] Entire series, effect on correlation (  .670) is:
       Lower   1875< -.024   1822> -.012   1886< -.009   1817< -.008   1892> -.008   1890> -.008  Higher   1985  .010   2013  .010
     1817 to 1866 segment:
       Lower   1822> -.078   1817< -.061   1818< -.031   1828< -.019   1848< -.014   1840> -.013  Higher   1855  .057   1829  .029

 ===================================================================================================================================

 EBM221    1831 to  2024     194 years                                                                                    Series  43

 [A] Segment   High   -10   -9   -8   -7   -6   -5   -4   -3   -2   -1   +0   +1   +2   +3   +4   +5   +6   +7   +8   +9  +10
    ---------  ----   ---  ---  ---  ---  ---  ---  ---  ---  ---  ---  ---  ---  ---  ---  ---  ---  ---  ---  ---  ---  ---
    1831 1880   -5   -.21 -.05 -.14 -.10 -.11  .45* .35  .21  .06  .01 -.20|-.21 -.15  .06 -.18 -.14  .03  .02  .00  .18  .20
    1850 1899   -2   -.35 -.25 -.28 -.22 -.14  .12  .08  .13  .32* .21  .11| .15  .10  .17 -.13  .09  .01 -.01 -.14 -.09 -.21
    1875 1924    1   -.03  .02 -.15 -.16 -.28 -.16 -.22 -.14  .33  .24  .29| .37* .26  .10  .01 -.05  .09 -.04  .08 -.05 -.11

 [B] Entire series, effect on correlation (  .387) is:
       Lower   1834< -.067   1844> -.013   1869> -.011   1874< -.011   1923< -.009   1905< -.009  Higher   2013  .025   1927  .024
     1831 to 1880 segment:
       Lower   1844> -.038   1869> -.034   1874< -.028   1834< -.028   1868> -.015   1859> -.014  Higher   1839  .044   1856  .035
     1850 to 1899 segment:
       Lower   1874< -.053   1869> -.045   1889< -.031   1891> -.030   1861< -.023   1868> -.020  Higher   1892  .137   1890  .065
     1875 to 1924 segment:
       Lower   1923< -.047   1905< -.043   1891> -.037   1902< -.037   1889< -.030   1912< -.018  Higher   1892  .094   1919  .050

 [C] Year-to-year changes diverging by over 4.0 std deviations:
       1833 1834  -5.6 SD    1834 1835   4.3 SD

 [E] Outliers     1   3.0 SD above or -4.5 SD below mean for year
       1834 -6.8 SD
 ===================================================================================================================================

 EBM222    1829 to  2024     196 years                                                                                    Series  44

 [A] Segment   High   -10   -9   -8   -7   -6   -5   -4   -3   -2   -1   +0   +1   +2   +3   +4   +5   +6   +7   +8   +9  +10
    ---------  ----   ---  ---  ---  ---  ---  ---  ---  ---  ---  ---  ---  ---  ---  ---  ---  ---  ---  ---  ---  ---  ---
    1829 1878   -6   -.13 -.12 -.09 -.13  .57* .45  .17  .07  .03 -.04 -.28|-.18 -.04 -.21 -.12 -.04  .15  .10  .14  .17  .19
    1850 1899   -4   -.04 -.18 -.18 -.02  .13  .02  .38* .19  .19  .05 -.01| .00 -.04 -.24  .04 -.08 -.06 -.15 -.02 -.05 -.14
    1875 1924   -4    .00 -.04 -.17 -.13 -.30 -.28  .33* .28  .25  .23  .32| .07 -.15 -.15  .06 -.02  .12 -.07 -.06 -.11 -.41
    1900 1949   -2   -.02  .03 -.10 -.17 -.19 -.09  .27  .09  .41* .06  .07| .03 -.17 -.16 -.08  .13  .09  .10  .09  .20 -.34
    1925 1974   -2   -.06 -.06 -.09 -.05 -.07  .07  .21  .02  .49*-.05 -.04|-.03 -.11 -.22 -.08  .01 -.11  .16  .08  .38 -.07
    1950 1999   -2   -.12 -.23 -.32 -.01 -.09 -.03  .18  .11  .72* .04  .06|-.22 -.08 -.20 -.22 -.28 -.04  .23 -.01  .29  .19
    1975 2024   -2   -.17 -.20 -.26 -.02 -.02 -.21  .03 -.02  .78* .09 -.02|   -    -    -    -    -    -    -    -    -    -

 [B] Entire series, effect on correlation ( -.001) is:
       Lower   1861< -.023   1951< -.011   2009> -.010   2013> -.010   1835< -.010   2014> -.009  Higher   1918  .035   1949  .024
     1829 to 1878 segment:
       Lower   1861< -.111   1835< -.044   1867> -.032   1829> -.020   1845> -.019   1844> -.019  Higher   1830  .072   1875  .053
     1850 to 1899 segment:
       Lower   1861< -.130   1867> -.035   1855> -.019   1850< -.019   1869> -.018   1886< -.017  Higher   1892  .034   1875  .029
     1875 to 1924 segment:
       Lower   1879< -.058   1904< -.028   1917> -.026   1916> -.023   1912< -.022   1921< -.021  Higher   1918  .125   1875  .016
     1900 to 1949 segment:
       Lower   1931< -.040   1927> -.037   1935< -.034   1932> -.029   1928< -.023   1904< -.017  Higher   1918  .119   1949  .078
     1925 to 1974 segment:
       Lower   1951< -.033   1927> -.027   1935< -.027   1932> -.024   1970> -.021   1928< -.019  Higher   1949  .077   1959  .030
     1950 to 1999 segment:
       Lower   1951< -.054   1970> -.036   1997< -.028   1979< -.023   1992< -.023   1971> -.020  Higher   1981  .042   1999  .035
     1975 to 2024 segment:
       Lower   2009> -.038   2013> -.035   2011< -.033   2014> -.033   1997< -.021   1979< -.019  Higher   1981  .037   1999  .036

 [C] Year-to-year changes diverging by over 4.0 std deviations:
       1927 1928  -4.1 SD    1930 1931  -4.4 SD    1931 1932   6.4 SD    2014 2015  -5.3 SD

 [E] Outliers     2   3.0 SD above or -4.5 SD below mean for year
       1931 -7.0 SD;    2014 +4.0 SD
 ===================================================================================================================================
PART 7:  DESCRIPTIVE STATISTICS:                                                                   03:59  Fri 26 Jun 2026  Page   8
------------------------------------------------------------------------------------------------------------------------------------

                                                Corr   //-------- Unfiltered --------\\  //---- Filtered -----\\
                           No.    No.    No.    with   Mean   Max     Std   Auto   Mean   Max     Std   Auto  AR
 Seq Series   Interval   Years  Segmt  Flags   Master  msmt   msmt    dev   corr   sens  value    dev   corr  ()
 --- -------- ---------  -----  -----  -----   ------ -----  -----  -----  -----  -----  -----  -----  -----  --
   1 EBM011   1828 2024    197      7      0    .569    .81   6.80   .752   .729   .283   2.65   .339  -.001   1
   2 EBM012   1826 2024    199      7      0    .559    .87   6.99   .840   .762   .301   2.70   .366   .007   1
   3 EBM021   1930 2024     95      3      0    .658    .56   2.36   .348   .793   .266   2.54   .375   .000   1
   4 EBM022   1930 2024     95      3      3    .060    .55   1.69   .265   .738   .290   2.55   .393  -.068   1
   5 EBM031   1838 2024    187      7      3    .549    .68   1.76   .386   .727   .373   2.61   .402  -.016   1
   6 EBM032   1836 2024    189      7      3    .605    .68   1.85   .402   .749   .375   2.58   .446  -.017   1
   7 EBM041   1827 2024    198      7      3    .379    .62   3.19   .473   .714   .392   2.57   .369  -.027   1
   8 EBM042   1830 2024    195      7      3    .392    .63   2.15   .445   .725   .398   2.56   .371  -.073   2
   9 EBM051   1688 2024    337     13      7    .422    .55   1.94   .283   .785   .271   2.45   .283  -.005   1
  10 EBM052   1683 2024    342     13      5    .530    .66   1.82   .334   .796   .279   2.51   .360  -.012   1
  11 EBM061   1913 2024    112      4      0    .639    .73   1.80   .336   .686   .279   2.67   .592  -.027   2
  12 EBM062   1912 2024    113      4      0    .710    .74   1.69   .315   .712   .267   2.54   .422   .031   1
  13 EBM071   1707 2024    318     12      6    .469    .64   1.65   .374   .863   .263   2.55   .305   .026   1
  14 EBM072   1756 2024    269     10      5    .494    .66   1.73   .383   .867   .254   2.59   .381   .023   1
  15 EBM081   1712 2024    313     12      5    .562    .71   2.25   .294   .704   .265   2.45   .384  -.004   1
  16 EBM082   1705 2024    320     12      4    .541    .71   2.19   .310   .712   .267   2.45   .305  -.007   2
  17 EBM091   1683 2024    342     13      4    .515    .59   2.15   .335   .832   .287   2.46   .294  -.012   1
  18 EBM092   1699 2024    326     13      7    .379    .56   1.64   .285   .777   .302   2.46   .349  -.006   1
  19 EBM101   1926 2024     99      3      0    .622   2.28   5.17  1.037   .642   .298   2.71   .586  -.009   2
  20 EBM102   1893 2024    132      5      0    .555   1.72   5.32  1.078   .773   .308   2.73   .497  -.008   2
  21 EBM111   1651 2024    374     14     11    .239    .55   2.55   .433   .839   .359   2.59   .313  -.006   1
  22 EBM112   1634 2024    391     14     11    .162    .54   2.62   .420   .821   .371   2.61   .384  -.037   1
  23 EBM121   1801 2024    224      8      4    .381    .58   1.35   .271   .753   .281   2.55   .391  -.015   3
  24 EBM122   1817 2024    208      8      5    .423    .55   1.25   .260   .780   .272   2.46   .336   .003   2
  25 EBM131   1828 2024    197      7      0    .607    .98   2.70   .406   .605   .285   2.65   .419  -.038   2
  26 EBM132   1826 2024    199      7      0    .588    .88   2.32   .391   .685   .277   2.50   .350  -.025   2
  27 EBM141   1816 2024    209      8      0    .530    .95   2.87   .548   .734   .323   2.59   .351   .015   1
  28 EBM142   1855 2024    170      6      2    .462   1.10   2.90   .608   .718   .299   2.63   .369   .024   1
  29 EBM151   1790 2024    235      9      5    .370    .67   2.11   .383   .727   .357   2.65   .447  -.066   2
  30 EBM152   1747 2024    278     11      7    .372    .61   2.25   .397   .742   .385   2.77   .442  -.058   2
  31 EBM161   1752 2024    273     10      6    .500    .33    .94   .152   .543   .373   2.52   .362  -.006   2
  32 EBM162   1765 2024    260     10      6    .498    .34    .89   .150   .535   .372   2.60   .459   .003   1
  33 EBM171   1896 2024    129      5      0    .715    .63   1.81   .422   .844   .277   2.59   .456   .002   1
  34 EBM172   1921 2024    104      4      0    .789    .75   2.22   .491   .831   .298   2.71   .439   .016   1
  35 EBM181   1942 2024     83      3      0    .691    .76   2.81   .426   .802   .268   2.62   .507  -.022   1
  36 EBM182   1942 2024     83      3      0    .770    .78   2.28   .384   .738   .280   2.50   .390  -.019   1
  37 EBM191   1847 2024    178      7      0    .611    .81   2.13   .354   .663   .296   2.62   .417  -.056   2
  38 EBM192   1846 2024    179      7      0    .623    .79   1.85   .351   .629   .317   2.67   .480  -.056   2
  39 EBM201   1725 2024    300     11      5    .481    .28   1.22   .175   .742   .375   2.65   .358  -.024   2
  40 EBM202   1767 2024    258     10      4    .519    .28   1.18   .188   .768   .374   2.73   .435  -.046   1
  41 EBM211   1857 2024    168      6      0    .667    .85   2.00   .477   .828   .287   2.56   .367   .003   1
  42 EBM212   1817 2024    208      8      1    .670    .83   2.21   .457   .800   .272   2.59   .343  -.024   2
  43 EBM221   1831 2024    194      7      3    .387    .65   2.09   .406   .777   .324   2.45   .304  -.054   1
  44 EBM222   1829 2024    196      7      7   -.001    .59   2.16   .376   .771   .344   2.53   .355  -.045   1
 --- -------- ---------  -----  -----  -----   ------ -----  -----  -----  -----  -----  -----  -----  -----  --
 Total or mean:           9476    352    135    .479    .67   6.99   .388   .749   .315   2.77   .378  -.016

                                              - = [  COFECHA VERY COF  ] = -
