[]  Dendrochronology Program Library                                        Run VERY   Program COF  04:00  Fri 26 Jun 2026  Page   1
[]
[]  P R O G R A M      C O F E C H A                                                                          Version 6.06P    33416
------------------------------------------------------------------------------------------------------------------------------------

 QUALITY CONTROL AND DATING CHECK OF TREE-RING MEASUREMENTS

 File of DATED series:   RAW.rwl

 CONTENTS:

    Part 1:  Title page, options selected, summary, absent rings by series
    Part 2:  Histogram of time spans
    Part 3:  Master series with sample depth and absent rings by year
    Part 4:  Bar plot of Master Dating Series
    Part 5:  Correlation by segment of each series with Master
    Part 6:  Potential problems: low correlation, divergent year-to-year changes, absent rings, outliers
    Part 7:  Descriptive statistics

 RUN CONTROL OPTIONS SELECTED                             VALUE

         1  Cubic smoothing spline 50% wavelength cutoff for filtering
                                                            32 years
         2  Segments examined are                           50 years lagged successively by  25 years
         3  Autoregressive model applied                     A  Residuals are used in master dating series and testing
         4  Series transformed to logarithms                 Y  Each series log-transformed for master dating series and testing
         5  CORRELATION is Pearson (parametric, quantitative)
            Critical correlation, 99% confidence level   .3281
         6  Master dating series saved                       N
         7  Ring measurements listed                         N
         8  Parts printed                              1234567 
         9  Absent rings are omitted from master series and segment correlations  (Y)

 Time span of Master dating series is  1792 to  2023   232 years
 Continuous time span is               1792 to  2023   232 years
 Portion with two or more series is    1794 to  2023   230 years


                                        ****************************************
                                        *C* Number of dated series        48 *C*
                                        *O* Master series 1792 2023  232 yrs *O*
                                        *F* Total rings in all series   8211 *F*
                                        *E* Total dated rings checked   8209 *E*
                                        *C* Series intercorrelation     .445 *C*
                                        *H* Average mean sensitivity    .313 *H*
                                        *A* Segments, possible problems  133 *A*
                                        *** Mean length of series      171.1 ***
                                        ****************************************

 ABSENT RINGS listed by SERIES:            (See Master Dating Series for absent rings listed by year)

               No ring measurements of zero value
PART 2:  TIME PLOT OF TREE-RING SERIES:                                                            04:00  Fri 26 Jun 2026  Page   2
------------------------------------------------------------------------------------------------------------------------------------
 1050 1100 1150 1200 1250 1300 1350 1400 1450 1500 1550 1600 1650 1700 1750 1800 1850 1900 1950 2000 2050 Ident   Seq Time-span  Yrs
   :    :    :    :    :    :    :    :    :    :    :    :    :    :    :    :    :    :    :    :    : -------- --- ---- ---- ----
   .    .    .    .    .    .    .    .    .    .    .    .    .    .    .    .  <==================>  . RDU011     1 1831 2023  193
   .    .    .    .    .    .    .    .    .    .    .    .    .    .    .    . <===================>  . RDU012     2 1821 2023  203
   .    .    .    .    .    .    .    .    .    .    .    .    .    .    .    .    <================>  . RDU021     3 1855 2023  169
   .    .    .    .    .    .    .    .    .    .    .    .    .    .    .    .   <=============> .    . RDU022     4 1849 1988  140
   .    .    .    .    .    .    .    .    .    .    .    .    .    .    .    .    .    .    .   <==>  . RDU022     5 1990 2023   34
   .    .    .    .    .    .    .    .    .    .    .    .    .    .    .    .<====================>  . RDU031     6 1812 2023  212
   .    .    .    .    .    .    .    .    .    .    .    .    .    .    .    . <===================>  . RDU032     7 1821 2023  203
   .    .    .    .    .    .    .    .    .    .    .    .    .    .    .    .    <================>  . RDU041     8 1854 2023  170
   .    .    .    .    .    .    .    .    .    .    .    .    .    .    .    .   <=================>  . RDU042     9 1847 2023  177
   .    .    .    .    .    .    .    .    .    .    .    .    .    .    .    .    . <==============>  . RDU051    10 1879 2023  145
   .    .    .    .    .    .    .    .    .    .    .    .    .    .    .    .    <================>  . RDU052    11 1851 2023  173
   .    .    .    .    .    .    .    .    .    .    .    .    .    .    .    .    .<===============>  . RDU061    12 1862 2023  162
   .    .    .    .    .    .    .    .    .    .    .    .    .    .    .    .    <================>  . RDU062    13 1852 2023  172
   .    .    .    .    .    .    .    .    .    .    .    .    .    .    .    . <========>   .    .    . RDU071    14 1825 1918   94
   .    .    .    .    .    .    .    .    .    .    .    .    .    .    .    .    .    . <=========>  . RDU071    15 1920 2023  104
   .    .    .    .    .    .    .    .    .    .    .    .    .    .    .    .<====>   .    .    .    . RDU072    16 1814 1869   56
   .    .    .    .    .    .    .    .    .    .    .    .    .    .    .    .    .  <=============>  . RDU072    17 1880 2023  144
   .    .    .    .    .    .    .    .    .    .    .    .    .    .    .    <=====================>  . RDU081    18 1806 2023  218
   .    .    .    .    .    .    .    .    .    .    .    .    .    .    .    . <================>.    . RDU082    19 1821 1999  179
   .    .    .    .    .    .    .    .    .    .    .    .    .    .    .    .    .    .    .    .<>  . RDU082    20 2010 2023   14
   .    .    .    .    .    .    .    .    .    .    .    .    .    .    .    <=====================>  . RDU091    21 1804 2023  220
   .    .    .    .    .    .    .    .    .    .    .    .    .    .    .    <=====================>  . RDU092    22 1801 2023  223
   .    .    .    .    .    .    .    .    .    .    .    .    .    .    .    .    .  <=============>  . RDU101    23 1884 2023  140
   .    .    .    .    .    .    .    .    .    .    .    .    .    .    .    .    .  <=============>  . RDU102    24 1887 2023  137
   .    .    .    .    .    .    .    .    .    .    .    .    .    .    .    .<====================>  . RDU111    25 1812 2023  212
   .    .    .    .    .    .    .    .    .    .    .    .    .    .    .    .<====================>  . RDU112    26 1812 2023  212
   .    .    .    .    .    .    .    .    .    .    .    .    .    .    .    <=====================>  . RDU121    27 1806 2023  218
   .    .    .    .    .    .    .    .    .    .    .    .    .    .    .   <======================>  . RDU122    28 1792 2023  232
   .    .    .    .    .    .    .    .    .    .    .    .    .    .    .    .    .  <=============>  . RDU131C   29 1885 2023  139
   .    .    .    .    .    .    .    .    .    .    .    .    .    .    .    .    .<===============>  . RDU132    30 1860 2023  164
   .    .    .    .    .    .    .    .    .    .    .    .    .    .    .    . <=======>    .    .    . RDU141C   31 1828 1902   75
   .    .    .    .    .    .    .    .    .    .    .    .    .    .    .    .    .    .<==========>  . RDU141C   32 1910 2023  114
   .    .    .    .    .    .    .    .    .    .    .    .    .    .    .    .<====================>  . RDU142C   33 1811 2023  213
   .    .    .    .    .    .    .    .    .    .    .    .    .    .    .    <=====================>  . RDU151    34 1800 2023  224
   .    .    .    .    .    .    .    .    .    .    .    .    .    .    .    <=====================>  . RDU152    35 1801 2023  223
   .    .    .    .    .    .    .    .    .    .    .    .    .    .    .    .    .   <============>  . RDU162    36 1892 2023  132
   .    .    .    .    .    .    .    .    .    .    .    .    .    .    .    . <===================>  . RDU171    37 1821 2023  203
   .    .    .    .    .    .    .    .    .    .    .    .    .    .    .    .<====================>  . RDU172    38 1819 2023  205
   .    .    .    .    .    .    .    .    .    .    .    .    .    .    .    .    <================>  . RDU181    39 1856 2023  168
   .    .    .    .    .    .    .    .    .    .    .    .    .    .    .    . <===================>  . RDU182    40 1825 2023  199
   .    .    .    .    .    .    .    .    .    .    .    .    .    .    .    <=====================>  . RDU191    41 1804 2023  220
   .    .    .    .    .    .    .    .    .    .    .    .    .    .    .    .<====================>  . RDU192    42 1817 2023  207
   .    .    .    .    .    .    .    .    .    .    .    .    .    .    .   <======================>  . RDU201    43 1797 2023  227
   .    .    .    .    .    .    .    .    .    .    .    .    .    .    .   <======================>  . RDU202    44 1794 2023  230
   .    .    .    .    .    .    .    .    .    .    .    .    .    .    .    .  <==================>  . RDU211    45 1838 2023  186
   .    .    .    .    .    .    .    .    .    .    .    .    .    .    .    .  <==================>  . RDU212    46 1838 2023  186
   .    .    .    .    .    .    .    .    .    .    .    .    .    .    .    .    <================>  . RDU221    47 1855 2023  169
   .    .    .    .    .    .    .    .    .    .    .    .    .    .    .    .    <================>  . RDU222    48 1853 2023  171
   :    :    :    :    :    :    :    :    :    :    :    :    :    :    :    :    :    :    :    :    :
 1050 1100 1150 1200 1250 1300 1350 1400 1450 1500 1550 1600 1650 1700 1750 1800 1850 1900 1950 2000 2050
PART 3:  Master Dating Series:                                                                     04:00  Fri 26 Jun 2026  Page   3
------------------------------------------------------------------------------------------------------------------------------------
  Year  Value  No Ab    Year  Value  No Ab    Year  Value  No Ab    Year  Value  No Ab    Year  Value  No Ab    Year  Value  No Ab
  ------------------    ------------------    ------------------    ------------------    ------------------    ------------------
                        1800  -.550   4       1850 -1.551  29       1900 -2.760  43       1950  -.125  43       2000   .368  42
                        1801 -1.687   6       1851  -.306  30       1901  -.742  43       1951  1.141  43       2001  1.031  42
                        1802   .740   6       1852 -1.397  31       1902   .133  43       1952  1.081  43       2002   .663  42
                        1803  1.108   6       1853   .458  32       1903   .030  42       1953   .992  43       2003  2.285  42
                        1804   .567   8       1854  -.347  33       1904   .506  42       1954   .862  43       2004  -.156  42
                        1805   .472   8       1855  -.223  35       1905   .926  42       1955  1.256  43       2005   .506  42
                        1806  -.706  10       1856  -.122  36       1906   .958  42       1956   .717  43       2006  1.093  42
                        1807   .316  10       1857   .168  36       1907  1.089  42       1957   .858  43       2007  -.903  42
                        1808  -.339  10       1858   .866  36       1908   .751  42       1958 -1.036  43       2008  -.332  42
                        1809  -.680  10       1859   .808  36       1909  -.024  42       1959   .495  43       2009 -4.174  42

                        1810  -.609  10       1860  1.108  37       1910   .566  43       1960 -1.984  43       2010  -.490  43
                        1811   .194  11       1861  1.195  37       1911   .554  43       1961 -3.352  43       2011 -1.089  43
                        1812  1.322  14       1862  -.789  38       1912  -.203  43       1962 -1.512  43       2012  1.266  43
                        1813   .460  14       1863 -1.583  38       1913  -.391  43       1963  -.376  43       2013  -.601  43
                        1814  -.631  15       1864 -1.121  38       1914 -1.289  43       1964  -.204  43       2014 -1.828  43
                        1815   .698  15       1865   .166  38       1915  -.624  43       1965   .217  43       2015   .052  43
                        1816   .428  15       1866   .128  38       1916   .033  43       1966   .675  43       2016   .130  43
                        1817  1.013  16       1867   .446  38       1917 -1.425  43       1967   .385  43       2017  -.499  43
                        1818   .932  16       1868  -.066  38       1918  -.282  43       1968  1.220  43       2018   .373  43
                        1819   .273  17       1869  -.885  38       1919  -.258  42       1969   .822  43       2019 -1.202  43

                        1820   .003  17       1870  -.218  37       1920  -.233  43       1970  -.148  43       2020   .174  43
                        1821   .447  21       1871 -1.770  37       1921  -.162  43       1971  -.288  43       2021   .284  43
                        1822   .181  21       1872  -.112  37       1922   .366  43       1972 -1.214  43       2022   .597  43
                        1823  -.296  21       1873  -.367  37       1923   .813  43       1973 -1.114  43       2023  2.364  43
                        1824   .016  21       1874   .650  37       1924   .754  43       1974   .139  43
                        1825  -.039  23       1875   .151  37       1925  1.044  43       1975   .184  43
                        1826 -1.535  23       1876  -.119  37       1926  1.968  43       1976  1.285  43
                        1827 -1.524  23       1877   .126  37       1927  -.085  43       1977  1.100  43
                        1828 -2.497  24       1878  -.329  37       1928 -1.035  43       1978  1.623  43
                        1829  -.903  24       1879   .272  38       1929  -.670  43       1979  1.978  43

                        1830  -.351  24       1880  1.024  39       1930   .423  43       1980  -.144  43
                        1831   .120  25       1881   .900  39       1931   .161  43       1981   .353  43
                        1832   .277  25       1882   .917  39       1932  -.273  43       1982  -.273  43
                        1833   .491  25       1883  -.530  39       1933  -.849  43       1983 -1.116  43
                        1834   .464  25       1884 -1.054  40       1934  -.195  43       1984 -1.061  43
                        1835   .348  25       1885  -.011  41       1935   .714  43       1985 -2.233  43
                        1836   .585  25       1886  -.134  41       1936  1.175  43       1986 -2.295  43
                        1837   .660  25       1887   .745  42       1937  -.036  43       1987  -.924  43
                        1838   .733  27       1888  1.260  42       1938 -2.619  43       1988  -.258  43
                        1839  1.046  27       1889  1.057  42       1939 -1.368  43       1989   .267  42

                        1840   .620  27       1890   .351  42       1940  -.681  43       1990   .463  43
                        1841   .611  27       1891  -.257  42       1941  -.109  43       1991  1.001  43
  1792  -.845   1       1842  -.301  27       1892  -.323  43       1942   .871  43       1992  1.910  43
  1793  2.501   1       1843  -.064  27       1893   .014  43       1943   .126  43       1993   .579  43
  1794   .451   2       1844   .284  27       1894   .717  43       1944   .361  43       1994  1.136  43
  1795   .693   2       1845   .554  27       1895   .630  43       1945  1.041  43       1995  -.650  43
  1796  1.444   2       1846  1.620  27       1896   .831  43       1946   .796  43       1996   .372  43
  1797   .065   3       1847  -.923  28       1897   .397  43       1947 -2.090  43       1997  -.582  43
  1798 -1.738   3       1848   .189  28       1898 -1.610  43       1948  -.728  43       1998  -.080  43
  1799 -1.545   3       1849  -.904  29       1899 -2.029  43       1949 -1.027  43       1999  -.444  43
------------------------------------------------------------------------------------------------------------------------------------
PART 4:  Master Bar Plot:                                                                          04:00  Fri 26 Jun 2026  Page   4
------------------------------------------------------------------------------------------------------------------------------------
   Year Rel value  Year Rel value  Year Rel value  Year Rel value  Year Rel value  Year Rel value  Year Rel value  Year Rel value
                   1800--b         1850f           1900k           1950----@       2000------A
                   1801g           1851---a        1901--c         1951---------E  2001---------D
                   1802--------C   1852-f          1902-----A      1952---------D  2002--------C
                   1803---------D  1853-------B    1903-----@      1953---------D  2003----------I
                   1804-------B    1854---a        1904-------B    1954--------C   2004----a
                   1805-------B    1855---a        1905---------D  1955----------E 2005-------B
                   1806--c         1856----@       1906---------D  1956--------C   2006---------D
                   1807------A     1857-----A      1907---------D  1957--------C   2007-d
                   1808---a        1858--------C   1908--------C   1958-d          2008---a
                   1809--c         1859--------C   1909----@       1959-------B    2009q
                   1810--b         1860---------D  1910-------B    1960h           2010--b
                   1811-----A      1861----------E 1911-------B    1961m           2011-d
                   1812----------E 1862--c         1912---a        1962f           2012----------E
                   1813-------B    1863f           1913---b        1963---b        2013--b
                   1814--c         1864-d          1914-e          1964---a        2014g
                   1815--------C   1865-----A      1915--b         1965-----A      2015-----@
                   1816------B     1866-----A      1916-----@      1966--------C   2016-----A
                   1817---------D  1867-------B    1917f           1967------B     2017--b
                   1818---------D  1868----@       1918---a        1968----------E 2018------A
                   1819------A     1869-d          1919---a        1969--------C   2019-e
                   1820----@       1870---a        1920---a        1970----a       2020-----A
                   1821-------B    1871g           1921----a       1971---a        2021------A
                   1822-----A      1872----@       1922------A     1972-e          2022-------B
                   1823---a        1873---a        1923--------C   1973-d          2023----------I
                   1824-----@      1874--------C   1924--------C   1974-----A
                   1825----@       1875-----A      1925---------D  1975-----A
                   1826f           1876----@       1926----------H 1976----------E
                   1827f           1877-----A      1927----@       1977---------D
                   1828j           1878---a        1928-d          1978----------F
                   1829-d          1879------A     1929--c         1979----------H
                   1830---a        1880---------D  1930------B     1980----a
                   1831-----@      1881---------D  1931-----A      1981------A
                   1832------A     1882---------D  1932---a        1982---a
                   1833-------B    1883--b         1933-c          1983-d
                   1834-------B    1884-d          1934----a       1984-d
                   1835------A     1885----@       1935--------C   1985i
                   1836-------B    1886----a       1936----------E 1986i
                   1837--------C   1887--------C   1937----@       1987-d
                   1838--------C   1888----------E 1938j           1988---a
                   1839---------D  1889---------D  1939-e          1989------A
                   1840--------B   1890------A     1940--c         1990-------B
                   1841-------B    1891---a        1941----@       1991---------D
   1792-c          1842---a        1892---a        1942--------C   1992----------H
   1793----------J 1843----@       1893-----@      1943-----A      1993-------B
   1794-------B    1844------A     1894--------C   1944------A     1994---------E
   1795--------C   1845-------B    1895--------C   1945---------D  1995--c
   1796----------F 1846----------F 1896--------C   1946--------C   1996------A
   1797-----@      1847-d          1897------B     1947h           1997--b
   1798g           1848-----A      1898f           1948--c         1998----@
   1799f           1849-d          1899h           1949-d          1999---b
PART 5:  CORRELATION OF SERIES BY SEGMENTS:                                                        04:00  Fri 26 Jun 2026  Page   5
------------------------------------------------------------------------------------------------------------------------------------
 Correlations of  50-year dated segments, lagged  25 years
 Flags:  A = correlation under   .3281 but highest as dated;  B = correlation higher at other than dated position

 Seq Series  Time_span   1775 1800 1825 1850 1875 1900 1925 1950 1975 2000
                         1824 1849 1874 1899 1924 1949 1974 1999 2024 2049
 --- -------- ---------  ---- ---- ---- ---- ---- ---- ---- ---- ---- ---- ---- ---- ---- ---- ---- ---- ---- ---- ---- ----
   1 RDU011   1831 2023             .64  .62  .63  .78  .86  .77  .59
   2 RDU012   1821 2023        .45  .54  .66  .72  .84  .87  .71  .64
   3 RDU021   1855 2023                  .21B .16B .36B .64  .79  .82
   4 RDU022   1849 1988             .08B .21B .19B .39  .68  .80
   5 RDU022   1990 2023                                           .57
   6 RDU031   1812 2023        .47B .41B .23B .21B .09B-.05B .14B .09B
   7 RDU032   1821 2023        .32B .35B .22B .16B-.05B-.01B .42B .26B
   8 RDU041   1854 2023                  .46  .67  .71  .72  .66  .76
   9 RDU042   1847 2023             .46  .50  .63  .70  .74  .66  .82
  10 RDU051   1879 2023                       .26B .27B .47  .64  .66
  11 RDU052   1851 2023                  .15B .47B .43B .55  .64  .73
  12 RDU061   1862 2023                  .56  .64  .44  .36B .37B .65
  13 RDU062   1852 2023                  .59  .57  .59  .68  .73  .77
  14 RDU071   1825 1918             .65  .68  .69
  15 RDU071   1920 2023                            .76  .78  .85  .85
  16 RDU072   1814 1869        .72  .70
  17 RDU072   1880 2023                       .64  .74  .80  .78  .83
  18 RDU081   1806 2023        .27B .40B .29B .13B .29A .52  .71  .68
  19 RDU082   1821 1999       -.02B-.04B .12B .13B .17B .51B .71
  20 RDU082   2010 2023                                                .48
  21 RDU091   1804 2023        .24B .20B .14B .13B .20B .17B .08B .00B
  22 RDU092   1801 2023        .31B .29B .20B .16B .54  .79  .61  .68
  23 RDU101   1884 2023                       .23B .39B .71  .82  .81
  24 RDU102   1887 2023                       .67  .67  .70  .73  .82
  25 RDU111   1812 2023        .73  .73  .65  .72  .76  .78  .78  .79
  26 RDU112   1812 2023        .62  .64  .56  .66  .79  .75  .73  .71
  27 RDU121   1806 2023        .34B .20B .05B .26B .02B .06B .61  .75
  28 RDU122   1792 2023  -.13B-.07B .02B .06B .00B .09B-.04B-.11B .09B
  29 RDU131C  1885 2023                       .65  .74  .72  .64  .69
  30 RDU132   1860 2023                  .65  .54  .70  .71  .65  .69
  31 RDU141C  1828 1902            -.06B .06B .04B
  32 RDU141C  1910 2023                           -.11B-.18B .12B .70
  33 RDU142C  1811 2023        .07B-.01B .00B-.01B-.06B .30B .63  .76
  34 RDU151   1800 2023        .55  .60  .71  .63  .70  .83  .81  .86
  35 RDU152   1801 2023        .60  .64  .70  .60  .70  .83  .81  .84
  36 RDU162   1892 2023                       .01B .04B .11B .63  .74
  37 RDU171   1821 2023       -.06B-.05B .10B .10B-.14B-.22B-.17B .25B
  38 RDU172   1819 2023       -.03B-.06B .00B-.04B .00B-.06B-.19B .32B
  39 RDU181   1856 2023                  .50  .46  .60  .69  .69  .77
  40 RDU182   1825 2023             .44  .53  .59  .60  .73  .72  .80
  41 RDU191   1804 2023       -.23B-.19B-.12B-.12B-.13B-.11B-.11B-.06B
  42 RDU192   1817 2023        .16B .13B .04B .03B-.15B-.18B .11B .22B
  43 RDU201   1797 2023   .21B .27B .31B .30B .33B .53  .70  .71  .42
  44 RDU202   1794 2023   .21B .17B .12B .16B .13B .63  .81  .80  .66
  45 RDU211   1838 2023             .66  .64  .67  .59  .58  .55  .28A
  46 RDU212   1838 2023             .62  .63  .71  .65  .61  .62  .67
  47 RDU221   1855 2023                  .48  .39  .59  .67  .72  .75
  48 RDU222   1853 2023                  .07B .05B .29B .24B .19B .07B
 Av segment correlation   .10  .28  .33  .34  .36  .41  .48  .55  .59  .48
PART 6:  POTENTIAL PROBLEMS:                                                                       04:00  Fri 26 Jun 2026  Page   5
------------------------------------------------------------------------------------------------------------------------------------

 For each series with potential problems the following diagnostics may appear:

 [A] Correlations with master dating series of flagged  50-year segments of series filtered with  32-year spline,
     at every point from ten years earlier (-10) to ten years later (+10) than dated

 [B] Effect of those data values which most lower or raise correlation with master series
     Symbol following year indicates value in series is greater (>) or lesser (<) than master series value

 [C] Year-to-year changes very different from the mean change in other series

 [D] Absent rings (zero values)

 [E] Values which are statistical outliers from mean for the year
 ===================================================================================================================================

 RDU011    1831 to  2023     193 years                                                                                    Series   1

 [B] Entire series, effect on correlation (  .675) is:
       Lower   2007> -.012   1882< -.008   1852> -.008   2009> -.007   2020< -.007   1840< -.007  Higher   1947  .015   1960  .012

 ===================================================================================================================================

 RDU012    1821 to  2023     203 years                                                                                    Series   2

 [B] Entire series, effect on correlation (  .667) is:
       Lower   1826> -.016   1882< -.009   1824< -.008   1998< -.007   2020< -.007   1828> -.007  Higher   1947  .016   1960  .012

 ===================================================================================================================================

 RDU021    1855 to  2023     169 years                                                                                    Series   3

 [A] Segment   High   -10   -9   -8   -7   -6   -5   -4   -3   -2   -1   +0   +1   +2   +3   +4   +5   +6   +7   +8   +9  +10
    ---------  ----   ---  ---  ---  ---  ---  ---  ---  ---  ---  ---  ---  ---  ---  ---  ---  ---  ---  ---  ---  ---  ---
    1855 1904   -1   -.13  .10  .11 -.04 -.02 -.31 -.15 -.08  .08  .69* .21| .14 -.23 -.26 -.04 -.02  .11  .03  .20 -.10 -.04
    1875 1924   -1   -.12  .01 -.17 -.24 -.14 -.27  .09 -.07  .21  .77* .16| .18 -.03 -.16 -.04 -.13  .01  .04 -.25  .06 -.03
    1900 1949   -1   -.02  .23 -.25 -.34 -.13 -.06  .25 -.10 -.08  .40* .36| .14  .12 -.14 -.17 -.16 -.09 -.11 -.26  .23  .13

 [B] Entire series, effect on correlation (  .551) is:
       Lower   1927> -.032   1917> -.022   1918< -.017   1863< -.012   1862> -.012   1871> -.011  Higher   2009  .046   1947  .021
     1855 to 1904 segment:
       Lower   1862> -.042   1871> -.036   1898> -.036   1872< -.028   1874< -.022   1885< -.014  Higher   1863  .107   1899  .051
     1875 to 1924 segment:
       Lower   1917> -.090   1898> -.033   1918< -.026   1888< -.019   1885< -.018   1904< -.018  Higher   1899  .081   1900  .044
     1900 to 1949 segment:
       Lower   1927> -.110   1917> -.073   1918< -.058   1936< -.031   1925< -.024   1904< -.015  Higher   1947  .126   1938  .052

 [C] Year-to-year changes diverging by over 4.0 std deviations:
       1917 1918  -4.0 SD

 ===================================================================================================================================

 RDU022    1849 to  1988     140 years                                                                                    Series   4

 [A] Segment   High   -10   -9   -8   -7   -6   -5   -4   -3   -2   -1   +0   +1   +2   +3   +4   +5   +6   +7   +8   +9  +10
    ---------  ----   ---  ---  ---  ---  ---  ---  ---  ---  ---  ---  ---  ---  ---  ---  ---  ---  ---  ---  ---  ---  ---
    1849 1898   -1    .16  .18  .11  .04 -.21 -.08 -.18  .10  .23  .57* .08|-.20 -.15 -.19  .00  .11  .09  .32 -.18 -.11 -.14
    1850 1899   -1    .09  .18  .10  .06 -.23 -.13 -.23  .00  .32  .62* .21|-.03 -.17 -.17 -.02  .09  .04  .27 -.23 -.16 -.15
    1875 1924   -1   -.10  .03 -.19 -.17 -.17 -.26  .03 -.15  .12  .75* .19| .21 -.02 -.09  .00 -.15  .00  .08 -.26  .08 -.04

 [B] Entire series, effect on correlation (  .420) is:
       Lower   1927> -.034   1918< -.027   1849> -.026   1862> -.025   1872< -.024   1917> -.023  Higher   1947  .047   1960  .039
     1849 to 1898 segment:
       Lower   1849> -.069   1862> -.065   1872< -.054   1898> -.019   1863> -.019   1859< -.013  Higher   1864  .077   1852  .044
     1850 to 1899 segment:
       Lower   1862> -.077   1872< -.062   1898> -.032   1863> -.026   1871> -.017   1890> -.014  Higher   1899  .067   1864  .048
     1875 to 1924 segment:
       Lower   1917> -.075   1918< -.046   1898> -.029   1910< -.019   1890> -.016   1888< -.015  Higher   1899  .089   1900  .026

 [C] Year-to-year changes diverging by over 4.0 std deviations:
       1871 1872  -4.1 SD    1917 1918  -4.3 SD

 ===================================================================================================================================

 RDU022    1990 to  2023      34 years                                                                                    Series   5

 [B] Entire series, effect on correlation (  .571) is:
       Lower   2004> -.042   2019> -.032   2014< -.031   2015< -.017   1993< -.014   2017> -.010  Higher   2023  .037   2007  .035

 ===================================================================================================================================

 RDU031    1812 to  2023     212 years                                                                                    Series   6

 [A] Segment   High   -10   -9   -8   -7   -6   -5   -4   -3   -2   -1   +0   +1   +2   +3   +4   +5   +6   +7   +8   +9  +10
    ---------  ----   ---  ---  ---  ---  ---  ---  ---  ---  ---  ---  ---  ---  ---  ---  ---  ---  ---  ---  ---  ---  ---
    1812 1861   -2   -.14 -.01 -.07 -.10 -.28  .07 -.12  .10  .59* .06  .47| .01 -.13  .10  .08  .08  .12 -.07 -.29 -.16 -.12
    1825 1874   -2   -.07 -.01 -.17 -.12 -.37 -.04 -.11 -.02  .74* .14  .41|-.14 -.04  .09  .07  .18  .08  .10 -.25 -.25 -.16
    1850 1899   -2    .12  .23 -.08 -.04 -.46 -.09 -.11  .07  .72* .15  .23|-.35 -.27 -.13  .07  .32  .30  .18 -.20 -.30 -.03
    1875 1924   -2    .02 -.01 -.07 -.10 -.39 -.19 -.21  .05  .74* .20  .21|-.08 -.21  .09 -.11  .09  .28 -.08 -.03 -.20 -.22
    1900 1949   -2   -.02 -.27 -.22 -.15 -.11 -.02 -.17 -.12  .47* .44  .09|-.05 -.07  .05 -.19 -.06 -.05 -.09  .31 -.04 -.11
    1925 1974   -1    .15 -.24 -.25 -.18 -.08 -.20 -.16  .02  .20  .73*-.05| .10 -.11 -.04 -.12 -.11 -.21 -.11  .28 -.01  .14
    1950 1999   -1    .16 -.13 -.22 -.26 -.33 -.37 -.24  .22  .05  .79* .14| .48  .07  .08 -.09 -.28 -.17 -.43 -.02 -.18  .06
    1974 2023   -1   -.05  .12 -.08 -.21  .02 -.33  .31 -.06  .02  .40* .09|   -    -    -    -    -    -    -    -    -    -

 [B] Entire series, effect on correlation (  .166) is:
       Lower   2009> -.025   1927> -.019   2004> -.017   1960> -.014   2007> -.013   1959< -.012  Higher   1828  .026   1900  .019
     1812 to 1861 segment:
       Lower   1847> -.044   1826> -.030   1850> -.020   1842> -.020   1822< -.016   1827> -.014  Higher   1828  .098   1849  .048
     1825 to 1874 segment:
       Lower   1862> -.041   1847> -.033   1826> -.024   1863> -.018   1850> -.016   1842> -.015  Higher   1828  .080   1849  .038
     1850 to 1899 segment:
       Lower   1862> -.039   1898> -.039   1894< -.028   1899> -.025   1880< -.021   1893< -.018  Higher   1852  .075   1864  .045
     1875 to 1924 segment:
       Lower   1898> -.044   1899> -.029   1894< -.028   1880< -.022   1917> -.021   1876> -.021  Higher   1900  .128   1914  .071
     1900 to 1949 segment:
       Lower   1927> -.079   1947> -.047   1928> -.038   1926< -.020   1902< -.013   1911< -.012  Higher   1900  .092   1914  .051
     1925 to 1974 segment:
       Lower   1927> -.068   1960> -.046   1959< -.042   1928> -.033   1947> -.032   1958> -.028  Higher   1961  .095   1936  .024
     1950 to 1999 segment:
       Lower   1960> -.074   1959< -.058   1958> -.043   1996< -.040   1995> -.038   1957< -.029  Higher   1961  .100   1992  .040
     1974 to 2023 segment:
       Lower   2009> -.077   2004> -.056   2007> -.043   1996< -.024   1995> -.023   2006< -.012  Higher   2013  .053   2023  .039

 [C] Year-to-year changes diverging by over 4.0 std deviations:
       1959 1960   4.3 SD    2008 2009   6.3 SD

 [E] Outliers     1   3.0 SD above or -4.5 SD below mean for year
       2009 +3.1 SD
 ===================================================================================================================================

 RDU032    1821 to  2023     203 years                                                                                    Series   7

 [A] Segment   High   -10   -9   -8   -7   -6   -5   -4   -3   -2   -1   +0   +1   +2   +3   +4   +5   +6   +7   +8   +9  +10
    ---------  ----   ---  ---  ---  ---  ---  ---  ---  ---  ---  ---  ---  ---  ---  ---  ---  ---  ---  ---  ---  ---  ---
    1821 1870   -2   -.04  .03 -.11 -.08 -.26 -.05 -.14 -.04  .74* .10  .32|-.12 -.10  .16 -.02  .18  .00  .10 -.22 -.21 -.11
    1825 1874   -2   -.06  .03 -.09 -.04 -.32 -.07 -.16 -.11  .75* .07  .35|-.14 -.06  .16 -.02  .26  .03  .17 -.20 -.26 -.13
    1850 1899   -2    .17  .17  .00 -.07 -.45 -.08 -.17  .06  .65* .10  .22|-.41 -.18 -.05  .18  .39  .21  .25 -.26 -.29 -.19
    1875 1924   -2   -.03 -.03 -.01 -.20 -.41 -.20 -.13  .21  .67* .21  .16|-.16 -.18  .06 -.05  .18  .32  .03 -.22 -.40 -.38
    1900 1949   -2   -.17 -.12 -.03 -.02 -.20 -.12 -.20 -.13  .70* .21 -.05|-.20 -.07  .09  .02 -.15 -.07  .08  .05  .22 -.25
    1925 1974   -2   -.15 -.21 -.12 -.08 -.17 -.09 -.07 -.12  .76* .20 -.01|-.15 -.10 -.04  .03 -.26 -.24  .07  .10  .44 -.02
    1950 1999   -2   -.13 -.45 -.36 -.31 -.36 -.05  .22  .15  .86* .30  .42| .21 -.08 -.19 -.42 -.34 -.44 -.14  .01  .10  .37
    1974 2023   -4    .12 -.17 -.18 -.16 -.05  .02  .34* .01  .26  .33  .26|   -    -    -    -    -    -    -    -    -    -

 [B] Entire series, effect on correlation (  .190) is:
       Lower   2004> -.022   2009> -.019   1927> -.017   1947> -.013   2007> -.012   1847> -.011  Higher   1828  .029   1960  .018
     1821 to 1870 segment:
       Lower   1847> -.066   1826> -.050   1863> -.038   1862> -.030   1844< -.021   1850> -.020  Higher   1828  .106   1849  .059
     1825 to 1874 segment:
       Lower   1847> -.064   1826> -.049   1863> -.037   1862> -.030   1844< -.021   1850> -.020  Higher   1828  .091   1849  .046
     1850 to 1899 segment:
       Lower   1863> -.044   1898> -.041   1862> -.032   1850> -.020   1895< -.016   1899> -.012  Higher   1852  .061   1871  .057
     1875 to 1924 segment:
       Lower   1898> -.045   1917> -.035   1902< -.025   1895< -.020   1922< -.020   1876> -.014  Higher   1900  .134   1914  .059
     1900 to 1949 segment:
       Lower   1927> -.055   1926< -.032   1947> -.030   1928> -.029   1938> -.027   1925< -.014  Higher   1900  .070   1929  .039
     1925 to 1974 segment:
       Lower   1927> -.052   1947> -.032   1926< -.029   1938> -.028   1928> -.028   1961> -.021  Higher   1960  .079   1929  .025
     1950 to 1999 segment:
       Lower   1961> -.061   1980> -.040   1951< -.037   1963< -.028   1970> -.020   1995> -.016  Higher   1960  .086   1985  .042
     1974 to 2023 segment:
       Lower   2004> -.100   2009> -.079   2007> -.049   2005< -.025   1980> -.024   2006< -.013  Higher   2014  .048   1985  .038

 [C] Year-to-year changes diverging by over 4.0 std deviations:
       1926 1927   4.2 SD    2008 2009   4.9 SD

 ===================================================================================================================================

 RDU041    1854 to  2023     170 years                                                                                    Series   8

 [B] Entire series, effect on correlation (  .656) is:
       Lower   1857< -.019   1981< -.011   1862> -.010   1943< -.009   1968< -.008   1854> -.007  Higher   1938  .016   2009  .009

 ===================================================================================================================================

 RDU042    1847 to  2023     177 years                                                                                    Series   9

 [B] Entire series, effect on correlation (  .676) is:
       Lower   1917< -.020   1849> -.010   1852> -.008   1864> -.007   1861< -.006   1968< -.006  Higher   2009  .023   1938  .013

 [E] Outliers     1   3.0 SD above or -4.5 SD below mean for year
       1917 -6.4 SD
 ===================================================================================================================================

 RDU051    1879 to  2023     145 years                                                                                    Series  10

 [A] Segment   High   -10   -9   -8   -7   -6   -5   -4   -3   -2   -1   +0   +1   +2   +3   +4   +5   +6   +7   +8   +9  +10
    ---------  ----   ---  ---  ---  ---  ---  ---  ---  ---  ---  ---  ---  ---  ---  ---  ---  ---  ---  ---  ---  ---  ---
    1879 1928   -1   -.18  .08 -.07  .02 -.03 -.12  .08 -.12 -.22  .67* .26| .13 -.19 -.14 -.09 -.07 -.14 -.05 -.13  .18  .23
    1900 1949   -1   -.09  .17 -.06 -.24  .12  .05  .13 -.05 -.20  .34* .27| .06 -.19 -.15 -.08  .16 -.09 -.16 -.26  .13  .27

 [B] Entire series, effect on correlation (  .488) is:
       Lower   1927> -.026   1917> -.024   1898> -.016   1936< -.011   1904< -.010   1966< -.009  Higher   2009  .019   2007  .014
     1879 to 1928 segment:
       Lower   1927> -.076   1917> -.071   1898> -.047   1904< -.023   1900> -.012   1896< -.012  Higher   1899  .077   1928  .075
     1900 to 1949 segment:
       Lower   1927> -.067   1917> -.063   1936< -.028   1904< -.024   1900> -.012   1929> -.010  Higher   1928  .046   1938  .041

 ===================================================================================================================================

 RDU052    1851 to  2023     173 years                                                                                    Series  11

 [A] Segment   High   -10   -9   -8   -7   -6   -5   -4   -3   -2   -1   +0   +1   +2   +3   +4   +5   +6   +7   +8   +9  +10
    ---------  ----   ---  ---  ---  ---  ---  ---  ---  ---  ---  ---  ---  ---  ---  ---  ---  ---  ---  ---  ---  ---  ---
    1851 1900   -1   -.03  .15  .30  .05  .16 -.24 -.07 -.08 -.12  .61* .15| .25 -.18 -.48 -.18 -.27 -.01  .31  .12  .14 -.19
    1875 1924   -1   -.18  .01  .08 -.10 -.03 -.23 -.14 -.13 -.01  .67* .47| .25  .07 -.28 -.16 -.12 -.04  .11  .01 -.15 -.18
    1900 1949   -1   -.09  .06 -.13 -.32 -.04 -.10 -.01 -.09  .01  .49* .43| .06 -.06 -.10 -.03  .06 -.13 -.27 -.16  .07  .12

 [B] Entire series, effect on correlation (  .528) is:
       Lower   1927> -.033   1872< -.019   1852> -.018   1979< -.009   1853< -.009   1978< -.008  Higher   2009  .069   1961  .012
     1851 to 1900 segment:
       Lower   1852> -.062   1872< -.054   1853< -.031   1874< -.028   1871> -.018   1898> -.018  Higher   1899  .072   1880  .036
     1875 to 1924 segment:
       Lower   1898> -.047   1917> -.024   1885< -.018   1904< -.016   1883> -.015   1886> -.015  Higher   1899  .063   1880  .026
     1900 to 1949 segment:
       Lower   1927> -.140   1935< -.015   1936< -.014   1904< -.014   1915< -.012   1913< -.011  Higher   1947  .043   1928  .030

 [E] Outliers     1   3.0 SD above or -4.5 SD below mean for year
       2009 -4.9 SD
 ===================================================================================================================================

 RDU061    1862 to  2023     162 years                                                                                    Series  12

 [A] Segment   High   -10   -9   -8   -7   -6   -5   -4   -3   -2   -1   +0   +1   +2   +3   +4   +5   +6   +7   +8   +9  +10
    ---------  ----   ---  ---  ---  ---  ---  ---  ---  ---  ---  ---  ---  ---  ---  ---  ---  ---  ---  ---  ---  ---  ---
    1925 1974   -1    .33 -.12 -.19 -.21 -.12 -.16 -.18 -.10  .06  .48* .36| .18 -.14 -.25 -.07  .06 -.19 -.23 -.12  .02  .39
    1950 1999   -1    .11 -.15 -.26 -.39 -.39 -.44 -.02  .05  .30  .63* .37| .32  .16 -.05 -.19 -.27 -.46 -.29 -.25  .13  .25

 [B] Entire series, effect on correlation (  .530) is:
       Lower   1980> -.022   1947> -.020   1960> -.017   1864> -.013   1958> -.008   1934< -.008  Higher   2009  .031   1927  .015
     1925 to 1974 segment:
       Lower   1947> -.053   1960> -.045   1958> -.023   1934< -.022   1948< -.016   1928> -.016  Higher   1927  .075   1961  .061
     1950 to 1999 segment:
       Lower   1980> -.093   1960> -.054   1981< -.031   1958> -.028   1951< -.020   1959< -.018  Higher   1961  .094   1992  .029

 ===================================================================================================================================

 RDU062    1852 to  2023     172 years                                                                                    Series  13

 [B] Entire series, effect on correlation (  .649) is:
       Lower   1906< -.013   1908< -.009   2007> -.007   1890< -.007   2008> -.007   1918> -.006  Higher   2009  .015   1927  .010

 ===================================================================================================================================

 RDU071    1825 to  1918      94 years                                                                                    Series  14

 [B] Entire series, effect on correlation (  .663) is:
       Lower   1828> -.026   1842< -.019   1849> -.011   1910< -.009   1876< -.008   1918> -.007  Higher   1847  .028   1917  .020

 ===================================================================================================================================

 RDU071    1920 to  2023     104 years                                                                                    Series  15

 [B] Entire series, effect on correlation (  .803) is:
       Lower   1956< -.007   1933> -.007   2002< -.006   2015< -.005   2014> -.005   1922< -.005  Higher   2009  .032   1960  .008

 ===================================================================================================================================

 RDU072    1814 to  1869      56 years                                                                                    Series  16

 [B] Entire series, effect on correlation (  .706) is:
       Lower   1849> -.023   1828> -.020   1864> -.013   1822> -.012   1852> -.010   1851< -.009  Higher   1847  .045   1826  .022

 ===================================================================================================================================

 RDU072    1880 to  2023     144 years                                                                                    Series  17

 [B] Entire series, effect on correlation (  .768) is:
       Lower   1956< -.010   2013> -.008   2011> -.007   1918> -.006   1919> -.006   1894< -.006  Higher   2009  .031   1947  .011

 ===================================================================================================================================

 RDU081    1806 to  2023     218 years                                                                                    Series  18

 [A] Segment   High   -10   -9   -8   -7   -6   -5   -4   -3   -2   -1   +0   +1   +2   +3   +4   +5   +6   +7   +8   +9  +10
    ---------  ----   ---  ---  ---  ---  ---  ---  ---  ---  ---  ---  ---  ---  ---  ---  ---  ---  ---  ---  ---  ---  ---
    1806 1855   -2    .09  .05 -.11 -.13 -.29  .03 -.20 -.12  .60*-.03  .27| .01 -.10  .11 -.07  .20  .05 -.08 -.11 -.11  .01
    1825 1874   -2   -.04  .06 -.09  .00 -.26 -.15 -.25 -.25  .62* .12  .40|-.10 -.02  .03 -.12  .16  .07  .25 -.13 -.14 -.12
    1850 1899   -2    .05  .15 -.02  .09 -.21 -.09 -.25 -.15  .52* .14  .29|-.21 -.09 -.16 -.11  .10  .14  .37 -.04 -.06 -.01
    1875 1924   -2   -.01 -.06  .09  .07 -.15 -.16 -.06  .08  .59* .14  .13|-.09 -.16 -.08 -.31 -.25  .20  .08  .17  .02 -.07
    1900 1949    0    .13 -.02  .00  .04 -.18 -.01  .12 -.02  .15  .07  .29* .10 -.01 -.04 -.23 -.42  .07 -.10 -.05  .06  .12

 [B] Entire series, effect on correlation (  .419) is:
       Lower   1847> -.024   1927> -.019   1898> -.013   1864< -.012   1938> -.007   1815< -.006  Higher   1828  .018   1947  .016
     1806 to 1855 segment:
       Lower   1847> -.116   1815< -.029   1811< -.026   1850> -.021   1806> -.020   1844< -.018  Higher   1828  .137   1849  .076
     1825 to 1874 segment:
       Lower   1847> -.104   1864< -.027   1850> -.022   1863> -.017   1844< -.016   1838< -.013  Higher   1828  .079   1849  .040
     1850 to 1899 segment:
       Lower   1898> -.063   1850> -.021   1889< -.021   1899> -.020   1863> -.015   1879< -.012  Higher   1852  .046   1871  .031
     1875 to 1924 segment:
       Lower   1898> -.067   1914> -.030   1889< -.022   1902< -.020   1899> -.018   1917> -.016  Higher   1900  .170   1887  .028
     1900 to 1949 segment:
       Lower   1927> -.082   1938> -.028   1914> -.025   1917> -.022   1921< -.020   1945< -.019  Higher   1947  .087   1900  .075

 [C] Year-to-year changes diverging by over 4.0 std deviations:
       1863 1864  -5.3 SD    1937 1938   4.3 SD

 [E] Outliers     1   3.0 SD above or -4.5 SD below mean for year
       1864 -6.0 SD
 ===================================================================================================================================

 RDU082    1821 to  1999     179 years                                                                                    Series  19

 [A] Segment   High   -10   -9   -8   -7   -6   -5   -4   -3   -2   -1   +0   +1   +2   +3   +4   +5   +6   +7   +8   +9  +10
    ---------  ----   ---  ---  ---  ---  ---  ---  ---  ---  ---  ---  ---  ---  ---  ---  ---  ---  ---  ---  ---  ---  ---
    1821 1870   -1   -.34 -.05 -.03  .00  .00 -.26 -.02 -.24 -.14  .64*-.02| .49 -.06 -.10  .03 -.07  .10  .03  .18 -.09 -.17
    1825 1874   -1   -.33 -.06 -.04 -.04  .00 -.28 -.03 -.21 -.19  .63*-.04| .51 -.08 -.05  .06 -.05  .14  .02  .18 -.07 -.18
    1850 1899   -1   -.27  .06  .07 -.01  .02 -.33 -.05 -.27 -.01  .55* .12| .41 -.23 -.12 -.18 -.01  .02 -.01  .17 -.09  .00
    1875 1924   -1   -.07  .11 -.06 -.01 -.09 -.16 -.05 -.22  .05  .59* .13| .18  .04 -.10 -.18 -.24  .05  .00 -.19  .19  .16
    1900 1949   -1    .13  .01 -.15 -.07 -.09 -.08 -.01 -.19 -.06  .64* .17| .08 -.16 -.09 -.17 -.10 -.02 -.14 -.13  .38  .35
    1925 1974   -1    .17  .00 -.12 -.16 -.13 -.16 -.27 -.15 -.04  .52* .51| .21 -.10 -.01 -.11 -.03 -.27 -.27 -.19  .14  .32

 [B] Entire series, effect on correlation (  .212) is:
       Lower   1848< -.030   1947> -.023   1847> -.018   1927> -.018   1995> -.017   1917> -.015  Higher   1938  .026   1960  .020
     1821 to 1870 segment:
       Lower   1848< -.056   1847> -.046   1852> -.025   1862> -.025   1828> -.025   1851< -.020  Higher   1863  .105   1827  .059
     1825 to 1874 segment:
       Lower   1848< -.053   1847> -.042   1871> -.027   1852> -.023   1862> -.022   1828> -.022  Higher   1863  .101   1827  .057
     1850 to 1899 segment:
       Lower   1871> -.046   1888< -.040   1852> -.037   1862> -.037   1851< -.035   1850> -.026  Higher   1863  .125   1899  .078
     1875 to 1924 segment:
       Lower   1917> -.072   1888< -.049   1918< -.035   1885< -.013   1903> -.011   1911< -.011  Higher   1899  .105   1884  .026
     1900 to 1949 segment:
       Lower   1947> -.078   1927> -.059   1917> -.049   1918< -.048   1921< -.010   1911< -.009  Higher   1938  .099   1928  .060
     1925 to 1974 segment:
       Lower   1947> -.108   1927> -.078   1948< -.028   1929> -.013   1943> -.008   1930< -.007  Higher   1938  .066   1960  .050

 [C] Year-to-year changes diverging by over 4.0 std deviations:
       1826 1827  -4.8 SD    1827 1828   5.4 SD    1847 1848  -4.7 SD    1917 1918  -4.7 SD

 [E] Outliers     1   3.0 SD above or -4.5 SD below mean for year
       1827 -5.4 SD
 ===================================================================================================================================

 RDU082    2010 to  2023      14 years                                                                                    Series  20

 [B] Entire series, effect on correlation (  .481) is:
       Lower   2021< -.175   2011> -.088   2016< -.034   2019> -.019   2015< -.007   2010<  .001  Higher   2023  .143   2012  .105

 ===================================================================================================================================

 RDU091    1804 to  2023     220 years                                                                                    Series  21

 [A] Segment   High   -10   -9   -8   -7   -6   -5   -4   -3   -2   -1   +0   +1   +2   +3   +4   +5   +6   +7   +8   +9  +10
    ---------  ----   ---  ---  ---  ---  ---  ---  ---  ---  ---  ---  ---  ---  ---  ---  ---  ---  ---  ---  ---  ---  ---
    1804 1853   -2    .01  .13  .02 -.14 -.22  .11  .02 -.06  .55* .07  .24|-.04 -.13  .32 -.05  .22 -.13 -.14 -.05 -.31 -.04
    1825 1874   -2    .05  .15 -.08  .03 -.21 -.01  .09 -.03  .78* .13  .20|-.19 -.29  .11 -.25  .23 -.07 -.10 -.20 -.32  .00
    1850 1899   -2    .08  .14  .02  .01 -.27 -.03  .10  .05  .70* .19  .14|-.28 -.27 -.08  .04  .22  .20  .05 -.17 -.32 -.29
    1875 1924   -2    .14  .04  .07 -.24 -.27 -.11 -.16  .19  .54* .10  .13| .02 -.04 -.10  .02  .09  .16 -.05  .09 -.14 -.40
    1900 1949   -1    .23 -.02 -.05 -.12 -.18 -.10 -.16 -.16 -.11  .51* .20| .09 -.04 -.17 -.10  .06 -.05 -.22  .14  .18  .24
    1925 1974   -1    .18 -.11 -.15 -.10 -.14 -.22 -.13 -.18 -.23  .72* .17| .15 -.03 -.12 -.18 -.02 -.17 -.18  .02  .17  .37
    1950 1999   -1    .09 -.14 -.27 -.33 -.29 -.39 -.21  .07 -.04  .64* .08| .39  .20  .01 -.21 -.28 -.20 -.18 -.06 -.03  .15
    1974 2023   -1    .12 -.07 -.26 -.14 -.21 -.17  .12  .09  .03  .29* .00|   -    -    -    -    -    -    -    -    -    -

 [B] Entire series, effect on correlation (  .136) is:
       Lower   2004> -.019   2007> -.019   1959< -.015   1947> -.013   2009> -.011   1826> -.011  Higher   1938  .027   1928  .019
     1804 to 1853 segment:
       Lower   1826> -.077   1847> -.061   1850> -.042   1837< -.019   1838< -.017   1844< -.017  Higher   1849  .080   1846  .046
     1825 to 1874 segment:
       Lower   1826> -.060   1862> -.052   1847> -.046   1850> -.032   1863> -.025   1837< -.018  Higher   1849  .065   1846  .045
     1850 to 1899 segment:
       Lower   1862> -.064   1850> -.040   1863> -.031   1883> -.030   1894< -.022   1890> -.021  Higher   1864  .049   1852  .042
     1875 to 1924 segment:
       Lower   1917> -.052   1883> -.033   1908< -.026   1890> -.025   1918> -.023   1894< -.022  Higher   1900  .058   1887  .025
     1900 to 1949 segment:
       Lower   1947> -.062   1927> -.044   1917> -.032   1949> -.022   1908< -.016   1925< -.016  Higher   1938  .087   1928  .057
     1925 to 1974 segment:
       Lower   1947> -.050   1959< -.048   1960> -.039   1927> -.037   1949> -.020   1958> -.020  Higher   1938  .079   1928  .058
     1950 to 1999 segment:
       Lower   1959< -.072   1980> -.045   1960> -.044   1994< -.030   1958> -.025   1978< -.014  Higher   1961  .083   1992  .047
     1974 to 2023 segment:
       Lower   2004> -.070   2007> -.068   1980> -.032   2000< -.024   1994< -.022   2009> -.019  Higher   1992  .040   2019  .032

 [C] Year-to-year changes diverging by over 4.0 std deviations:
       1927 1928  -4.4 SD    1958 1959  -4.0 SD    1959 1960   4.3 SD    2008 2009   4.2 SD

 [E] Outliers     1   3.0 SD above or -4.5 SD below mean for year
       1928 -5.4 SD
 ===================================================================================================================================

 RDU092    1801 to  2023     223 years                                                                                    Series  22

 [A] Segment   High   -10   -9   -8   -7   -6   -5   -4   -3   -2   -1   +0   +1   +2   +3   +4   +5   +6   +7   +8   +9  +10
    ---------  ----   ---  ---  ---  ---  ---  ---  ---  ---  ---  ---  ---  ---  ---  ---  ---  ---  ---  ---  ---  ---  ---
    1801 1850   -2      -  .02 -.07 -.01 -.16 -.01 -.05 -.02  .37* .13  .31| .07  .02  .30  .02  .19 -.04 -.14 -.01 -.17 -.16
    1825 1874   -2   -.06  .14 -.15  .00 -.20 -.08 -.04 -.17  .71* .16  .29|-.08 -.12  .08 -.15  .16  .08  .09 -.18 -.27 -.10
    1850 1899   -2    .09  .24  .01  .02 -.26 -.13 -.03 -.11  .67* .20  .20|-.22 -.20 -.09  .04  .16  .19  .17 -.22 -.28 -.25
    1875 1924   -2    .24  .17 -.07 -.19 -.28 -.20 -.06  .21  .47* .32  .16|-.07 -.23  .01  .10  .09  .03 -.09 -.14  .12 -.35

 [B] Entire series, effect on correlation (  .519) is:
       Lower   1917> -.020   1847> -.014   1863> -.012   1993< -.011   1864< -.011   1898> -.010  Higher   2009  .041   1960  .016
     1801 to 1850 segment:
       Lower   1847> -.069   1850> -.027   1826> -.020   1801> -.017   1844< -.017   1824< -.009  Higher   1849  .076   1828  .047
     1825 to 1874 segment:
       Lower   1847> -.055   1863> -.044   1862> -.023   1850> -.022   1826> -.019   1844< -.013  Higher   1849  .051   1852  .028
     1850 to 1899 segment:
       Lower   1863> -.049   1898> -.037   1862> -.024   1850> -.023   1894< -.014   1886< -.013  Higher   1864  .047   1852  .041
     1875 to 1924 segment:
       Lower   1917> -.119   1898> -.049   1902< -.021   1883> -.017   1924< -.017   1890> -.017  Higher   1900  .125   1907  .026

 ===================================================================================================================================

 RDU101    1884 to  2023     140 years                                                                                    Series  23

 [A] Segment   High   -10   -9   -8   -7   -6   -5   -4   -3   -2   -1   +0   +1   +2   +3   +4   +5   +6   +7   +8   +9  +10
    ---------  ----   ---  ---  ---  ---  ---  ---  ---  ---  ---  ---  ---  ---  ---  ---  ---  ---  ---  ---  ---  ---  ---
    1884 1933   -1   -.07 -.01 -.17 -.14 -.18 -.09  .10 -.25  .03  .66* .23| .08 -.11 -.11 -.03 -.03  .02  .03 -.08  .18 -.13
    1900 1949    9    .20  .10 -.32 -.37 -.17  .01  .19 -.19 -.08  .32  .39| .07 -.10 -.08 -.12 -.06  .07 -.06 -.19  .40* .08

 [B] Entire series, effect on correlation (  .646) is:
       Lower   1917> -.053   1927> -.028   1898> -.020   1918< -.007   1885< -.007   1904< -.007  Higher   2009  .039   2023  .011
     1884 to 1933 segment:
       Lower   1917> -.154   1927> -.080   1898> -.055   1904< -.018   1885< -.017   1910< -.014  Higher   1899  .084   1926  .027
     1900 to 1949 segment:
       Lower   1917> -.156   1927> -.078   1904< -.023   1918< -.019   1910< -.018   1939> -.008  Higher   1947  .070   1938  .050

 [E] Outliers     1   3.0 SD above or -4.5 SD below mean for year
       1917 +3.5 SD
 ===================================================================================================================================

 RDU102    1887 to  2023     137 years                                                                                    Series  24

 [B] Entire series, effect on correlation (  .710) is:
       Lower   1927< -.018   1890< -.013   1956< -.011   1978< -.006   1916> -.006   1918> -.006  Higher   2023  .010   2003  .010

 ===================================================================================================================================

 RDU111    1812 to  2023     212 years                                                                                    Series  25

 [B] Entire series, effect on correlation (  .733) is:
       Lower   1871< -.023   2013> -.007   1876> -.005   1995< -.005   1986> -.005   1926< -.004  Higher   2009  .010   1947  .009

 [E] Outliers     1   3.0 SD above or -4.5 SD below mean for year
       1871 -5.6 SD
 ===================================================================================================================================

 RDU112    1812 to  2023     212 years                                                                                    Series  26

 [B] Entire series, effect on correlation (  .663) is:
       Lower   2009> -.007   1826< -.006   1887< -.006   1813< -.006   1995< -.005   1864> -.005  Higher   1947  .016   1847  .007

 ===================================================================================================================================

 RDU121    1806 to  2023     218 years                                                                                    Series  27

 [A] Segment   High   -10   -9   -8   -7   -6   -5   -4   -3   -2   -1   +0   +1   +2   +3   +4   +5   +6   +7   +8   +9  +10
    ---------  ----   ---  ---  ---  ---  ---  ---  ---  ---  ---  ---  ---  ---  ---  ---  ---  ---  ---  ---  ---  ---  ---
    1806 1855   -2   -.15  .01  .01 -.05 -.19  .10 -.04  .08  .73* .06  .34|-.05 -.16  .13 -.02  .17 -.05 -.21 -.10 -.26  .07
    1825 1874   -2   -.09  .06 -.21 -.06 -.14  .06  .00  .07  .65* .04  .20|-.11 -.10  .14 -.13  .03  .12 -.16 -.01 -.29  .11
    1850 1899   -2    .01  .12 -.18 -.01 -.07  .12  .07  .15  .47* .02  .05|-.18 -.10 -.04 -.06 -.11  .10 -.23 -.01 -.16  .25
    1875 1924   -2   -.15 -.19  .03 -.19 -.11 -.03 -.02  .28  .52* .14  .26| .06 -.09 -.02 -.15 -.18 -.05 -.27 -.02 -.16 -.05
    1900 1949   -2   -.14 -.25 -.02 -.17 -.24 -.16 -.26  .16  .74* .21  .02|-.06 -.02  .01 -.08 -.31 -.18 -.02  .30 -.01 -.16
    1925 1974   -2   -.12 -.24 -.16 -.18 -.23 -.18 -.16  .17  .71* .36  .06|-.04 -.08 -.07 -.12 -.37 -.31  .10  .24  .26  .05

 [B] Entire series, effect on correlation (  .312) is:
       Lower   1865< -.029   1938> -.028   1927> -.017   1847> -.015   1873< -.013   1928> -.013  Higher   1828  .023   2009  .023
     1806 to 1855 segment:
       Lower   1847> -.092   1826> -.045   1827> -.030   1844< -.026   1814> -.017   1834< -.015  Higher   1828  .138   1849  .058
     1825 to 1874 segment:
       Lower   1865< -.091   1847> -.059   1864> -.031   1862> -.030   1826> -.029   1873< -.027  Higher   1828  .109   1849  .047
     1850 to 1899 segment:
       Lower   1865< -.096   1864> -.035   1862> -.030   1889< -.028   1898> -.026   1884> -.017  Higher   1852  .057   1858  .020
     1875 to 1924 segment:
       Lower   1898> -.057   1889< -.048   1911< -.046   1884> -.032   1902< -.032   1918> -.022  Higher   1900  .115   1917  .089
     1900 to 1949 segment:
       Lower   1938> -.106   1927> -.062   1928> -.049   1930< -.028   1947> -.025   1911< -.025  Higher   1900  .082   1917  .064
     1925 to 1974 segment:
       Lower   1938> -.101   1927> -.058   1928> -.048   1930< -.032   1951< -.023   1945< -.021  Higher   1961  .051   1968  .035

 [C] Year-to-year changes diverging by over 4.0 std deviations:
       1864 1865  -4.6 SD

 [E] Outliers     1   3.0 SD above or -4.5 SD below mean for year
       1938 +3.6 SD
 ===================================================================================================================================

 RDU122    1792 to  2023     232 years                                                                                    Series  28

 [*] Early part of series cannot be checked from 1792 to 1793 -- not matched by another series

 [A] Segment   High   -10   -9   -8   -7   -6   -5   -4   -3   -2   -1   +0   +1   +2   +3   +4   +5   +6   +7   +8   +9  +10
    ---------  ----   ---  ---  ---  ---  ---  ---  ---  ---  ---  ---  ---  ---  ---  ---  ---  ---  ---  ---  ---  ---  ---
    1794 1843    3      -    -    -    -    -    -    -    -  .01 -.23 -.13| .03 -.12  .06*-.02 -.01 -.27  .04 -.10 -.09 -.04
    1800 1849   -5      -    -  .06  .02  .10  .46* .13  .20 -.05 -.16 -.07|-.02  .00  .05 -.07  .00 -.30  .03 -.13 -.05 -.01
    1825 1874   -5   -.02 -.02  .07 -.16 -.05  .52* .02  .33  .06 -.08  .02|-.16 -.03  .04 -.03 -.02 -.22  .01 -.14 -.10  .14
    1850 1899   -5   -.02 -.14  .01 -.01 -.08  .56*-.10  .22 -.04 -.09  .06|-.15 -.06  .00 -.24 -.11 -.19  .22  .23  .07  .26
    1875 1924   -5   -.23 -.17 -.03  .07  .12  .68* .03  .26 -.14 -.11  .00|-.02 -.08 -.04 -.35 -.07 -.13  .09  .12  .11  .18
    1900 1949   -5   -.23 -.20 -.12 -.10  .13  .74* .18  .06 -.17 -.05  .09|-.12 -.15 -.11 -.03  .21  .01 -.14 -.27  .01 -.08
    1925 1974   -5   -.23 -.20 -.23 -.06  .06  .52* .37  .08  .09  .06 -.04|-.13 -.21 -.26  .01  .12  .02  .03 -.12  .12 -.06
    1950 1999   -2   -.44 -.44 -.23  .05  .15  .36  .56  .42  .60* .10 -.11|-.15 -.36 -.36 -.40 -.14 -.14  .20  .23  .20  .13
    1974 2023   -2   -.10 -.35  .10 -.05  .00  .26  .12  .36  .47*-.03  .09|   -    -    -    -    -    -    -    -    -    -

 [B] Entire series, effect on correlation (  .013) is:
       Lower   2012< -.011   1799> -.010   2006< -.010   1831< -.009   1951< -.009   1826> -.008  Higher   1852  .018   2023  .013
     1794 to 1843 segment:
       Lower   1799> -.044   1803< -.033   1826> -.033   1827> -.027   1831< -.024   1794< -.024  Higher   1828  .066   1801  .062
     1800 to 1849 segment:
       Lower   1826> -.041   1831< -.040   1803< -.039   1827> -.032   1837< -.029   1808> -.022  Higher   1828  .065   1801  .063
     1825 to 1874 segment:
       Lower   1831< -.056   1826> -.038   1837< -.032   1862> -.028   1850> -.027   1827> -.026  Higher   1852  .083   1828  .042
     1850 to 1899 segment:
       Lower   1862> -.033   1899> -.032   1850> -.032   1884> -.030   1898> -.029   1876< -.027  Higher   1852  .090   1863  .036
     1875 to 1924 segment:
       Lower   1900> -.047   1899> -.039   1884> -.037   1898> -.034   1905< -.023   1889< -.019  Higher   1914  .061   1917  .027
     1900 to 1949 segment:
       Lower   1900> -.040   1927> -.033   1905< -.025   1922< -.021   1939> -.013   1945< -.013  Higher   1914  .042   1938  .025
     1925 to 1974 segment:
       Lower   1951< -.049   1958> -.028   1927> -.023   1953< -.018   1970> -.017   1945< -.014  Higher   1938  .042   1947  .038
     1950 to 1999 segment:
       Lower   1951< -.046   1958> -.031   1995> -.030   1970> -.021   1983> -.019   1980> -.019  Higher   1960  .035   1955  .033
     1974 to 2023 segment:
       Lower   2012< -.052   2006< -.047   2004> -.029   1995> -.029   1980> -.019   2013> -.019  Higher   2023  .052   2009  .049

 [E] Outliers     4   3.0 SD above or -4.5 SD below mean for year
       1799 +3.2 SD;    1876 -5.5 SD;    1900 +3.0 SD;    1988 -4.6 SD
 ===================================================================================================================================

 RDU131C   1885 to  2023     139 years                                                                                    Series  29

 [B] Entire series, effect on correlation (  .679) is:
       Lower   1995> -.019   2014> -.014   2021< -.007   1890< -.006   2019> -.006   1943< -.006  Higher   2009  .031   1938  .017

 ===================================================================================================================================

 RDU132    1860 to  2023     164 years                                                                                    Series  30

 [B] Entire series, effect on correlation (  .669) is:
       Lower   2014> -.014   1995> -.011   1893< -.008   1960> -.007   1927< -.005   1994< -.005  Higher   2009  .015   1938  .014

 ===================================================================================================================================

 RDU141C   1828 to  1902      75 years                                                                                    Series  31

 [A] Segment   High   -10   -9   -8   -7   -6   -5   -4   -3   -2   -1   +0   +1   +2   +3   +4   +5   +6   +7   +8   +9  +10
    ---------  ----   ---  ---  ---  ---  ---  ---  ---  ---  ---  ---  ---  ---  ---  ---  ---  ---  ---  ---  ---  ---  ---
    1828 1877    8    .20  .06 -.07  .15 -.14 -.03 -.03 -.22 -.13 -.31 -.06|-.11 -.02  .14 -.05 -.11 -.10 -.12  .35* .20  .16
    1850 1899    9    .19 -.10 -.15  .17 -.10  .08 -.01 -.22 -.07 -.33  .06|-.02 -.07  .01 -.14 -.14 -.15  .12  .23  .34* .13
    1853 1902    9    .17 -.12 -.16  .15 -.14  .03  .09 -.16 -.02 -.30  .04| .04 -.07 -.01 -.13 -.13 -.14  .12  .18  .30* .10

 [B] Entire series, effect on correlation ( -.050) is:
       Lower   1839< -.073   1871> -.024   1850> -.022   1900> -.020   1898> -.015   1849> -.015  Higher   1883  .057   1862  .045
     1828 to 1877 segment:
       Lower   1839< -.120   1871> -.034   1850> -.031   1859< -.023   1849> -.021   1835< -.020  Higher   1862  .070   1828  .042
     1850 to 1899 segment:
       Lower   1871> -.048   1850> -.041   1898> -.032   1859< -.027   1889< -.027   1884> -.018  Higher   1883  .075   1862  .066
     1853 to 1902 segment:
       Lower   1871> -.050   1900> -.042   1898> -.034   1859< -.025   1889< -.024   1884> -.020  Higher   1883  .082   1862  .068

 [E] Outliers     1   3.0 SD above or -4.5 SD below mean for year
       1839 -4.8 SD
 ===================================================================================================================================

 RDU141C   1910 to  2023     114 years                                                                                    Series  32
    - - - - - - - - - - - - - - - - - - - - - - - - - - - - - - - - - - - - - - - - - - - - - - - - - - - - - - - - - - - - -
    1910 1959   -3   -.25  .02  .03 -.11 -.24 -.16  .15  .81* .16 -.08 -.11| .00  .05 -.10 -.30 -.23  .09  .06  .16 -.11 -.11
    1925 1974   -3   -.13 -.01 -.05 -.09 -.20 -.10  .28  .66* .22  .03 -.18|-.16 -.04 -.17 -.32 -.25  .16  .10  .29 -.03  .03
    1950 1999   -1   -.02 -.15 -.30 -.20 -.09 -.01  .27  .28  .32  .50* .12|-.06  .01 -.25 -.15 -.18 -.35 -.16  .04  .12  .11

 [B] Entire series, effect on correlation (  .264) is:
       Lower   1941< -.044   1960> -.030   1927> -.018   1938> -.018   1930< -.017   1980> -.015  Higher   2009  .078   2003  .026
     1910 to 1959 segment:
       Lower   1930< -.027   1927> -.027   1958> -.022   1928> -.018   1946< -.017   1938> -.017  Higher   1917  .036   1926  .035
     1925 to 1974 segment:
       Lower   1960> -.039   1927> -.023   1930< -.023   1958> -.020   1928> -.016   1946< -.014  Higher   1926  .039   1955  .036
     1950 to 1999 segment:
       Lower   1960> -.084   1980> -.042   1958> -.038   1961> -.024   1950< -.024   1981< -.021  Higher   1986  .048   1992  .034

 [C] Year-to-year changes diverging by over 4.0 std deviations:
       1940 1941  -4.5 SD

 [E] Outliers     1   3.0 SD above or -4.5 SD below mean for year
       1941 -5.5 SD
 ===================================================================================================================================

 RDU142C   1811 to  2023     213 years                                                                                    Series  33

 [A] Segment   High   -10   -9   -8   -7   -6   -5   -4   -3   -2   -1   +0   +1   +2   +3   +4   +5   +6   +7   +8   +9  +10
    ---------  ----   ---  ---  ---  ---  ---  ---  ---  ---  ---  ---  ---  ---  ---  ---  ---  ---  ---  ---  ---  ---  ---
    1811 1860   -7    .05 -.17 -.04  .57* .12  .26 -.04 -.20  .20 -.14  .07|-.16 -.16 -.10 -.24  .15  .06  .26  .33  .14 -.04
    1825 1874   -7    .02 -.19  .07  .64* .23  .29  .11 -.14  .21 -.22 -.01|-.02 -.10 -.12 -.34  .01 -.11  .01  .19  .12 -.03
    1850 1899   -7   -.05 -.03 -.06  .74* .01  .29 -.04 -.18  .06 -.11  .00| .14 -.09 -.11 -.38 -.07 -.02  .00  .18  .12  .01
    1875 1924   -7   -.19 -.03 -.16  .50* .08  .18 -.13 -.30 -.10  .08 -.01| .09 -.05  .03 -.07 -.15 -.03  .14  .01  .14 -.03
    1900 1949   -1    .01 -.18 -.17  .23  .18 -.01 -.19 -.36 -.02  .50*-.06|-.25 -.14  .15  .13  .00 -.18 -.06  .04  .31  .13
    1925 1974   -1   -.02 -.30 -.18 -.08  .00 -.14 -.08 -.08  .21  .57* .30|-.03 -.14  .04 -.08 -.11 -.32 -.24  .05  .20  .28

 [B] Entire series, effect on correlation (  .290) is:
       Lower   1905< -.028   1927> -.021   1917> -.020   1947> -.014   1863> -.013   1821< -.013  Higher   2009  .063   1960  .024
     1811 to 1860 segment:
       Lower   1828> -.051   1821< -.048   1834< -.024   1850> -.018   1833< -.016   1826> -.016  Higher   1849  .045   1846  .037
     1825 to 1874 segment:
       Lower   1863> -.046   1871> -.042   1828> -.033   1834< -.029   1870< -.024   1833< -.020  Higher   1849  .044   1846  .041
     1850 to 1899 segment:
       Lower   1863> -.054   1871> -.050   1888< -.029   1864> -.024   1870< -.021   1857< -.016  Higher   1884  .027   1853  .024
     1875 to 1924 segment:
       Lower   1905< -.103   1917> -.092   1888< -.028   1900> -.024   1880< -.013   1883> -.011  Higher   1914  .077   1884  .033
     1900 to 1949 segment:
       Lower   1905< -.078   1927> -.064   1917> -.061   1947> -.027   1944< -.021   1900> -.016  Higher   1914  .053   1928  .051
     1925 to 1974 segment:
       Lower   1927> -.085   1947> -.055   1944< -.039   1958> -.021   1937> -.017   1948< -.015  Higher   1960  .102   1928  .031

 [C] Year-to-year changes diverging by over 4.0 std deviations:
       1870 1871   4.2 SD

 ===================================================================================================================================

 RDU151    1800 to  2023     224 years                                                                                    Series  34

 [B] Entire series, effect on correlation (  .698) is:
       Lower   1826< -.016   1909< -.016   1828> -.011   2013> -.008   1874< -.007   1800< -.005  Higher   1960  .010   1938  .010

 [E] Outliers     1   3.0 SD above or -4.5 SD below mean for year
       1826 -4.5 SD
 ===================================================================================================================================

 RDU152    1801 to  2023     223 years                                                                                    Series  35

 [B] Entire series, effect on correlation (  .698) is:
       Lower   1826< -.016   1909< -.013   1828> -.010   1806> -.008   1807< -.008   1874< -.007  Higher   1960  .011   1938  .010

 [E] Outliers     1   3.0 SD above or -4.5 SD below mean for year
       1826 -5.0 SD
 ===================================================================================================================================

 RDU162    1892 to  2023     132 years                                                                                    Series  36

 [A] Segment   High   -10   -9   -8   -7   -6   -5   -4   -3   -2   -1   +0   +1   +2   +3   +4   +5   +6   +7   +8   +9  +10
    ---------  ----   ---  ---  ---  ---  ---  ---  ---  ---  ---  ---  ---  ---  ---  ---  ---  ---  ---  ---  ---  ---  ---
    1892 1941   -2   -.12 -.14 -.08 -.10 -.07  .05 -.16 -.07  .75* .24  .01|-.15 -.05  .09 -.17 -.24 -.24 -.17  .28  .37 -.13
    1900 1949   -2   -.01 -.14 -.15 -.12 -.11  .00 -.16 -.10  .64* .36  .04|-.22 -.05  .07 -.17 -.13 -.25 -.20  .28  .34 -.07
    1925 1974   -1    .03 -.03 -.13 -.13 -.17 -.29 -.18  .02  .34  .52* .11|-.11  .04  .15 -.18 -.12 -.36 -.10  .14  .21  .10

 [B] Entire series, effect on correlation (  .349) is:
       Lower   1927> -.029   1929< -.022   1928> -.020   1898> -.019   1919< -.017   1960> -.012  Higher   2009  .029   1961  .028
     1892 to 1941 segment:
       Lower   1927> -.061   1928> -.040   1898> -.039   1937> -.013   1930< -.013   1899> -.013  Higher   1900  .078   1914  .028
     1900 to 1949 segment:
       Lower   1927> -.061   1928> -.040   1937> -.013   1947> -.012   1930< -.012   1902< -.011  Higher   1900  .070   1914  .025
     1925 to 1974 segment:
       Lower   1927> -.059   1928> -.039   1960> -.018   1959< -.017   1930< -.014   1937> -.013  Higher   1961  .095   1968  .023

 ===================================================================================================================================

 RDU171    1821 to  2023     203 years                                                                                    Series  37

 [A] Segment   High   -10   -9   -8   -7   -6   -5   -4   -3   -2   -1   +0   +1   +2   +3   +4   +5   +6   +7   +8   +9  +10
    ---------  ----   ---  ---  ---  ---  ---  ---  ---  ---  ---  ---  ---  ---  ---  ---  ---  ---  ---  ---  ---  ---  ---
    1821 1870   -9   -.13  .68* .06  .40  .17 -.02  .14 -.08  .10  .01 -.06|-.09 -.20 -.14 -.13 -.11  .10  .06 -.05 -.27 -.02
    1825 1874   -9   -.09  .67* .03  .43  .13 -.02  .14 -.08  .09  .03 -.05|-.11 -.16 -.10 -.11 -.09  .06  .10 -.08 -.29 -.04
    1850 1899   -9   -.13  .46* .14  .23  .13 -.06  .04 -.17  .03  .05  .10|-.08 -.20 -.12 -.07 -.02  .15  .14  .07 -.16 -.02
    1875 1924   -8   -.12  .06  .61* .17  .36  .07 -.16 -.04 -.13  .06  .10|-.06 -.11 -.08 -.12 -.08  .06  .10  .04  .20 -.08
    1900 1949   -8   -.22 -.16  .54* .31  .16 -.13 -.04  .06 -.02  .02 -.14|-.24  .03  .29 -.14 -.22  .08 -.02  .09  .11 -.06
    1925 1974   -7   -.12 -.11  .27  .44* .07 -.09 -.02  .10 -.14 -.08 -.22|-.36  .02  .21 -.02 -.08  .16 -.02  .23 -.15 -.04
    1950 1999   -7   -.02 -.06  .03  .42* .15  .41  .16  .24 -.13 -.18 -.17|-.42 -.27 -.19 -.11  .07  .16  .04  .32 -.05  .03
    1974 2023   -5    .01 -.19 -.07  .17 -.20  .60*-.02  .35  .17 -.11  .25|   -    -    -    -    -    -    -    -    -    -

 [B] Entire series, effect on correlation (  .008) is:
       Lower   1935< -.027   1960> -.014   1938> -.013   1835< -.011   1927> -.011   1906< -.009  Higher   2009  .022   2007  .017
     1821 to 1870 segment:
       Lower   1835< -.046   1859< -.033   1827> -.023   1847> -.015   1862> -.011   1861< -.010  Higher   1846  .032   1863  .016
     1825 to 1874 segment:
       Lower   1835< -.048   1859< -.033   1827> -.023   1847> -.018   1862> -.013   1856< -.012  Higher   1846  .034   1871  .022
     1850 to 1899 segment:
       Lower   1856< -.059   1859< -.042   1879< -.029   1889< -.023   1862> -.023   1864> -.018  Higher   1898  .050   1888  .031
     1875 to 1924 segment:
       Lower   1906< -.061   1879< -.037   1917> -.031   1889< -.031   1913> -.027   1895< -.019  Higher   1898  .077   1888  .038
     1900 to 1949 segment:
       Lower   1935< -.096   1938> -.039   1927> -.033   1906< -.031   1925< -.019   1933> -.012  Higher   1926  .045   1947  .045
     1925 to 1974 segment:
       Lower   1935< -.054   1960> -.034   1938> -.031   1927> -.027   1954< -.021   1961> -.015  Higher   1926  .044   1947  .042
     1950 to 1999 segment:
       Lower   1960> -.054   1961> -.026   1954< -.024   1997> -.022   1958> -.021   1990< -.016  Higher   1985  .073   1979  .055
     1974 to 2023 segment:
       Lower   1990< -.033   2002< -.032   1997> -.029   2004> -.021   1977< -.021   1980> -.018  Higher   2009  .059   2007  .053

 [C] Year-to-year changes diverging by over 4.0 std deviations:
       1855 1856  -4.1 SD    1934 1935  -4.2 SD

 [E] Outliers     2   3.0 SD above or -4.5 SD below mean for year
       1835 -5.6 SD;    1961 +3.4 SD
 ===================================================================================================================================

 RDU172    1819 to  2023     205 years                                                                                    Series  38

 [A] Segment   High   -10   -9   -8   -7   -6   -5   -4   -3   -2   -1   +0   +1   +2   +3   +4   +5   +6   +7   +8   +9  +10
    ---------  ----   ---  ---  ---  ---  ---  ---  ---  ---  ---  ---  ---  ---  ---  ---  ---  ---  ---  ---  ---  ---  ---
    1819 1868   -7    .04 -.14 -.02  .54* .11  .50  .13  .04  .02 -.13 -.03|-.02  .11 -.20 -.23 -.10 -.19 -.07  .06  .12  .00
    1825 1874   -5    .00 -.23 -.08  .52  .17  .57* .10  .03  .01 -.16 -.06|-.01  .16 -.22 -.22 -.16 -.19 -.05  .04  .21  .04
    1850 1899   -7   -.03 -.29 -.23  .53* .10  .48 -.03 -.11 -.11 -.21  .00| .13  .29 -.08 -.22 -.19 -.13 -.04  .16  .20  .10
    1875 1924   -7   -.19 -.16  .01  .63* .14  .34  .08 -.22 -.06 -.11 -.04| .22  .03 -.06 -.06 -.17 -.14  .03  .01  .05  .05
    1900 1949   -7   -.10 -.21 -.08  .46* .26  .06 -.15 -.10  .23  .01  .00|-.09 -.21  .00  .22 -.25 -.25 -.05 -.13  .16 -.05
    1925 1974   -6    .00 -.13 -.01  .28  .44* .06 -.08 -.06  .18 -.03 -.06|-.21 -.30 -.01  .16 -.09 -.14  .00 -.04  .10 -.19
    1950 1999   -6   -.07 -.16  .18  .16  .51* .51  .28  .29  .05 -.08 -.19|-.32 -.33 -.21 -.15 -.03  .02  .13  .13 -.03 -.14
    1974 2023   -5   -.05 -.21 -.03  .09 -.10  .57* .04  .42  .24 -.01  .32|   -    -    -    -    -    -    -    -    -    -

 [B] Entire series, effect on correlation (  .040) is:
       Lower   1833< -.028   1871> -.017   1960> -.016   1961> -.010   1888< -.010   1934< -.010  Higher   2009  .033   1926  .014
     1819 to 1868 segment:
       Lower   1833< -.121   1828> -.033   1861< -.024   1863> -.022   1864> -.018   1830< -.008  Higher   1847  .034   1827  .030
     1825 to 1874 segment:
       Lower   1833< -.105   1871> -.059   1828> -.028   1861< -.022   1863> -.019   1864> -.016  Higher   1847  .031   1827  .027
     1850 to 1899 segment:
       Lower   1871> -.099   1888< -.050   1863> -.033   1861< -.030   1864> -.027   1894< -.021  Higher   1887  .043   1869  .038
     1875 to 1924 segment:
       Lower   1888< -.060   1900> -.050   1905< -.046   1894< -.025   1907< -.022   1914> -.021  Higher   1917  .059   1887  .054
     1900 to 1949 segment:
       Lower   1934< -.041   1933> -.034   1905< -.031   1938> -.029   1900> -.027   1928> -.016  Higher   1926  .064   1949  .040
     1925 to 1974 segment:
       Lower   1960> -.049   1961> -.030   1933> -.028   1966< -.027   1953< -.026   1934< -.022  Higher   1926  .058   1949  .044
     1950 to 1999 segment:
       Lower   1960> -.062   1961> -.034   1966< -.027   1953< -.026   1995> -.020   1968< -.018  Higher   1985  .083   1979  .066
     1974 to 2023 segment:
       Lower   2008> -.034   1990< -.033   1999> -.028   1995> -.027   1978< -.022   1980> -.020  Higher   2009  .113   2023  .039

 [C] Year-to-year changes diverging by over 4.0 std deviations:
       1832 1833  -5.2 SD    2009 2010  -4.3 SD

 [E] Outliers     3   3.0 SD above or -4.5 SD below mean for year
       1833 -6.4 SD;    1960 +3.1 SD;    1961 +3.7 SD
 ===================================================================================================================================

 RDU181    1856 to  2023     168 years                                                                                    Series  39

 [B] Entire series, effect on correlation (  .633) is:
       Lower   1864> -.024   2014> -.013   1917> -.013   1952< -.010   1954< -.010   1939> -.008  Higher   1947  .018   1960  .015

 ===================================================================================================================================

 RDU182    1825 to  2023     199 years                                                                                    Series  40

 [B] Entire series, effect on correlation (  .616) is:
       Lower   1862< -.033   1936< -.010   1828> -.010   1863> -.006   1864> -.005   1849> -.005  Higher   2009  .016   1847  .010

 [E] Outliers     1   3.0 SD above or -4.5 SD below mean for year
       1898 -4.7 SD
 ===================================================================================================================================

 RDU191    1804 to  2023     220 years                                                                                    Series  41

 [A] Segment   High   -10   -9   -8   -7   -6   -5   -4   -3   -2   -1   +0   +1   +2   +3   +4   +5   +6   +7   +8   +9  +10
    ---------  ----   ---  ---  ---  ---  ---  ---  ---  ---  ---  ---  ---  ---  ---  ---  ---  ---  ---  ---  ---  ---  ---
    1804 1853   -6   -.24 -.13 -.25 -.16  .67* .13  .45  .14 -.11  .13 -.23| .35  .07  .07  .05 -.36  .00 -.29 -.10  .13 -.03
    1825 1874   -6   -.22 -.28 -.26 -.16  .63* .16  .39  .02 -.08  .20 -.19| .26  .15  .16 -.17 -.37 -.03 -.14  .03  .20  .01
    1850 1899   -6   -.18 -.18 -.13 -.06  .68* .05  .21 -.17 -.16  .10 -.12| .20  .18  .00 -.41 -.38 -.07  .17  .16  .29  .09
    1875 1924   -6   -.11  .00  .02  .13  .71* .13  .23 -.18 -.14  .13 -.12| .01  .11 -.32 -.14 -.15 -.10 -.04  .13  .17  .11
    1900 1949   -6   -.19 -.12 -.22  .02  .75* .25  .17 -.10 -.14  .09 -.13|-.26 -.20 -.01  .17  .26 -.10 -.25 -.10 -.06 -.02
    1925 1974   -6   -.15 -.15 -.13  .05  .71* .29  .22 -.07 -.12 -.07 -.11|-.23 -.32  .11  .08  .40 -.03  .02 -.07 -.13 -.17
    1950 1999   -4   -.23 -.13 -.15  .12  .38  .17  .63* .06  .14 -.01 -.11|-.09 -.28 -.18 -.18  .14 -.01  .22  .08  .08 -.02
    1974 2023   -4   -.27 -.02 -.07 -.02  .06 -.04  .57*-.19  .29  .09 -.06|   -    -    -    -    -    -    -    -    -    -

 [B] Entire series, effect on correlation ( -.117) is:
       Lower   2007> -.016   1871> -.013   1853< -.012   2006< -.010   1904< -.009   1958> -.008  Higher   2023  .018   1933  .014
     1804 to 1853 segment:
       Lower   1853< -.057   1852> -.029   1812< -.027   1846< -.026   1809> -.019   1847> -.015  Higher   1817  .035   1826  .035
     1825 to 1874 segment:
       Lower   1853< -.064   1871> -.059   1846< -.027   1852> -.026   1862> -.024   1832< -.020  Higher   1858  .033   1859  .028
     1850 to 1899 segment:
       Lower   1853< -.079   1871> -.072   1852> -.032   1862> -.029   1860< -.020   1877< -.017  Higher   1894  .036   1880  .033
     1875 to 1924 segment:
       Lower   1904< -.058   1914> -.055   1923< -.034   1899> -.022   1884> -.014   1906< -.014  Higher   1894  .036   1880  .035
     1900 to 1949 segment:
       Lower   1904< -.042   1944< -.038   1914> -.032   1927> -.025   1923< -.024   1928> -.011  Higher   1933  .047   1926  .038
     1925 to 1974 segment:
       Lower   1944< -.038   1953< -.034   1958> -.031   1961> -.024   1927> -.022   1972> -.019  Higher   1933  .053   1926  .031
     1950 to 1999 segment:
       Lower   1958> -.045   1953< -.038   1961> -.031   1972> -.027   1995> -.027   1985> -.020  Higher   1984  .056   1978  .031
     1974 to 2023 segment:
       Lower   2007> -.066   2006< -.041   2003< -.026   2001< -.023   1995> -.022   1985> -.018  Higher   2023  .062   2013  .037

 [C] Year-to-year changes diverging by over 4.0 std deviations:
       1852 1853  -4.6 SD    1943 1944  -4.5 SD    2006 2007   5.0 SD

 [E] Outliers     3   3.0 SD above or -4.5 SD below mean for year
       1871 +3.2 SD;    1944 -6.4 SD;    1961 +3.3 SD
 ===================================================================================================================================

 RDU192    1817 to  2023     207 years                                                                                    Series  42

 [A] Segment   High   -10   -9   -8   -7   -6   -5   -4   -3   -2   -1   +0   +1   +2   +3   +4   +5   +6   +7   +8   +9  +10
    ---------  ----   ---  ---  ---  ---  ---  ---  ---  ---  ---  ---  ---  ---  ---  ---  ---  ---  ---  ---  ---  ---  ---
    1817 1866   -5   -.04 -.12 -.04 -.13 -.08  .70* .04  .35  .01 -.11  .16|-.06  .22  .02 -.02 -.16 -.40 -.02 -.19  .04  .17
    1825 1874   -5   -.10 -.15 -.09 -.18 -.11  .67* .15  .35 -.01 -.15  .13|-.08  .20  .05  .06 -.16 -.32 -.07 -.13 -.01  .17
    1850 1899   -5   -.03 -.23 -.03 -.02 -.11  .71* .02  .17 -.12 -.17  .04|-.01  .16  .05  .01 -.31 -.29  .02  .20  .17  .28
    1875 1924   -5   -.19 -.18  .01  .11  .15  .71* .13  .21 -.11 -.12  .03| .01 -.04 -.04 -.19 -.22 -.21 -.01  .03  .24  .26
    1900 1949   -3   -.33 -.11  .08 -.05 -.04  .13  .43  .46* .04 -.25 -.15| .05 -.05 -.07 -.21 -.17  .10  .25 -.12 -.05 -.13
    1925 1974   -3   -.22 -.12 -.06 -.09 -.16 -.10  .35  .58* .20  .01 -.18| .01 -.09 -.12 -.18 -.22  .02  .20  .12 -.05 -.07
    1950 1999   -1   -.15 -.15 -.27 -.23 -.18 -.10  .06  .48  .15  .68* .11| .23 -.06 -.13 -.03 -.36 -.15 -.31 -.01  .10 -.02
    1974 2023   -1   -.05 -.06 -.05 -.26  .02 -.23  .28 -.03  .12  .29* .22|   -    -    -    -    -    -    -    -    -    -

 [B] Entire series, effect on correlation (  .050) is:
       Lower   1927> -.014   2004> -.013   1831< -.012   1867< -.012   1898> -.010   1960> -.010  Higher   1852  .016   2013  .016
     1817 to 1866 segment:
       Lower   1831< -.090   1837< -.024   1850> -.020   1820> -.020   1864> -.019   1849> -.016  Higher   1852  .071   1847  .060
     1825 to 1874 segment:
       Lower   1831< -.072   1867< -.067   1869> -.027   1837< -.020   1850> -.019   1864> -.017  Higher   1852  .059   1847  .049
     1850 to 1899 segment:
       Lower   1867< -.059   1898> -.048   1869> -.029   1889< -.024   1884> -.024   1888< -.021  Higher   1852  .083   1871  .043
     1875 to 1924 segment:
       Lower   1898> -.066   1884> -.034   1889< -.028   1905< -.027   1888< -.025   1880< -.018  Higher   1917  .068   1887  .040
     1900 to 1949 segment:
       Lower   1927> -.051   1938> -.026   1928> -.025   1946< -.025   1942< -.018   1905< -.018  Higher   1917  .050   1926  .038
     1925 to 1974 segment:
       Lower   1927> -.042   1958> -.023   1960> -.021   1928> -.021   1946< -.020   1938> -.019  Higher   1961  .055   1926  .032
     1950 to 1999 segment:
       Lower   1960> -.053   1958> -.043   1995> -.029   1997> -.024   1968< -.021   1994< -.020  Higher   1961  .056   1986  .045
     1974 to 2023 segment:
       Lower   2004> -.059   2003< -.041   1995> -.023   2009> -.023   1997> -.020   1981< -.017  Higher   2013  .042   2023  .038

 [C] Year-to-year changes diverging by over 4.0 std deviations:
       1946 1947   4.6 SD    2008 2009   4.8 SD

 [E] Outliers     1   3.0 SD above or -4.5 SD below mean for year
       1876 -4.6 SD
 ===================================================================================================================================

 RDU201    1797 to  2023     227 years                                                                                    Series  43

 [A] Segment   High   -10   -9   -8   -7   -6   -5   -4   -3   -2   -1   +0   +1   +2   +3   +4   +5   +6   +7   +8   +9  +10
    ---------  ----   ---  ---  ---  ---  ---  ---  ---  ---  ---  ---  ---  ---  ---  ---  ---  ---  ---  ---  ---  ---  ---
    1797 1846   -2      -    -    -    -    -  .04 -.03 -.01  .44* .38  .21|-.22 -.05 -.12 -.10  .00 -.09  .01 -.11 -.14  .03
    1800 1849   -2      -    -  .05 -.07  .00  .02 -.09 -.01  .47* .26  .27|-.12 -.20 -.05 -.07 -.03 -.09 -.04 -.10 -.18 -.02
    1825 1874   -2    .05 -.01  .09 -.07 -.15  .04 -.13 -.03  .65* .23  .31|-.15 -.15 -.08 -.12  .07 -.13  .09 -.20 -.19 -.13
    1850 1899   -2    .13 -.12  .19  .00 -.11  .14 -.08 -.03  .47* .13  .30|-.12 -.07 -.20 -.10 -.01 -.09  .21 -.10  .00 -.05
    1875 1924   -2   -.07 -.34  .04  .01 -.17  .02 -.01  .15  .38* .17  .33| .19 -.02  .03 -.13 -.20 -.07  .07 -.07 -.01 -.19

 [B] Entire series, effect on correlation (  .393) is:
       Lower   1927> -.026   1847> -.023   2004> -.020   1863> -.014   1797> -.013   2009> -.012  Higher   1947  .029   1938  .017
     1797 to 1846 segment:
       Lower   1797> -.056   1826> -.045   1815< -.027   1799< -.025   1798> -.024   1823> -.019  Higher   1828  .251   1846  .027
     1800 to 1849 segment:
       Lower   1847> -.111   1826> -.048   1815< -.028   1823> -.020   1844< -.016   1802< -.014  Higher   1828  .212   1849  .048
     1825 to 1874 segment:
       Lower   1847> -.100   1863> -.055   1826> -.046   1844< -.015   1862> -.013   1850> -.011  Higher   1828  .128   1849  .033
     1850 to 1899 segment:
       Lower   1863> -.084   1889< -.032   1884> -.022   1879< -.022   1873< -.013   1862> -.013  Higher   1852  .038   1864  .030
     1875 to 1924 segment:
       Lower   1902< -.046   1889< -.041   1884> -.034   1909> -.032   1924< -.028   1879< -.027  Higher   1900  .063   1883  .028

 [C] Year-to-year changes diverging by over 4.0 std deviations:
       1827 1828  -5.3 SD    2008 2009   4.6 SD

 [E] Outliers     1   3.0 SD above or -4.5 SD below mean for year
       1828 -6.3 SD
 ===================================================================================================================================

 RDU202    1794 to  2023     230 years                                                                                    Series  44

 [A] Segment   High   -10   -9   -8   -7   -6   -5   -4   -3   -2   -1   +0   +1   +2   +3   +4   +5   +6   +7   +8   +9  +10
    ---------  ----   ---  ---  ---  ---  ---  ---  ---  ---  ---  ---  ---  ---  ---  ---  ---  ---  ---  ---  ---  ---  ---
    1794 1843   -1      -    -    -    -    -    -    -    - -.01  .40* .21| .40  .07  .18  .07  .05  .06 -.12  .05 -.25 -.26
    1800 1849   -1      -    -  .07 -.01 -.15 -.05 -.05 -.18  .05  .61* .17| .39  .02 -.04  .18  .06  .10 -.12 -.03 -.28 -.35
    1825 1874   -1   -.16  .06  .12 -.04 -.03 -.19 -.03 -.04 -.02  .66* .12| .37 -.12 -.19  .05 -.13  .13 -.06 -.07 -.24 -.34
    1850 1899   -1   -.22  .09  .11  .14  .05 -.16  .00 -.10 -.06  .48* .16| .40 -.07 -.19 -.14 -.08 -.07  .08 -.11 -.15 -.19
    1875 1924   -1   -.22 -.20 -.23  .04 -.06 -.22 -.08 -.12  .17  .47* .13| .43  .18  .04 -.03 -.18 -.10  .04 -.12 -.06 -.15

 [B] Entire series, effect on correlation (  .484) is:
       Lower   2023< -.020   1872< -.018   1847> -.016   1848< -.014   1917> -.011   1794> -.009  Higher   1947  .028   1938  .020
     1794 to 1843 segment:
       Lower   1794> -.052   1826> -.046   1798< -.026   1815< -.025   1801> -.021   1841< -.021  Higher   1828  .059   1827  .055
     1800 to 1849 segment:
       Lower   1847> -.073   1848< -.062   1826> -.035   1815< -.022   1841< -.019   1801> -.014  Higher   1828  .058   1827  .053
     1825 to 1874 segment:
       Lower   1872< -.073   1847> -.060   1848< -.056   1826> -.030   1862> -.022   1841< -.018  Higher   1828  .046   1827  .040
     1850 to 1899 segment:
       Lower   1872< -.102   1862> -.029   1888< -.029   1882< -.021   1883> -.021   1854> -.016  Higher   1899  .042   1880  .039
     1875 to 1924 segment:
       Lower   1917> -.060   1888< -.032   1883> -.026   1901< -.024   1910< -.024   1882< -.022  Higher   1899  .059   1914  .052

 [C] Year-to-year changes diverging by over 4.0 std deviations:
       1871 1872  -4.9 SD

 [E] Outliers     1   3.0 SD above or -4.5 SD below mean for year
       1872 -5.2 SD
 ===================================================================================================================================

 RDU211    1838 to  2023     186 years                                                                                    Series  45

 [A] Segment   High   -10   -9   -8   -7   -6   -5   -4   -3   -2   -1   +0   +1   +2   +3   +4   +5   +6   +7   +8   +9  +10
    ---------  ----   ---  ---  ---  ---  ---  ---  ---  ---  ---  ---  ---  ---  ---  ---  ---  ---  ---  ---  ---  ---  ---
    1974 2023    0    .11  .18 -.40 -.06 -.26 -.16 -.10 -.09  .13 -.16  .28*   -    -    -    -    -    -    -    -    -    -

 [B] Entire series, effect on correlation (  .523) is:
       Lower   2023< -.078   1985> -.013   1881< -.012   1976< -.012   2009> -.008   1952< -.008  Higher   1847  .015   1961  .015
     1974 to 2023 segment:
       Lower   2023< -.243   1985> -.033   1976< -.030   2013> -.019   1977< -.012   1987> -.009  Higher   2004  .054   2003  .051

 [C] Year-to-year changes diverging by over 4.0 std deviations:
       2022 2023  -4.5 SD

 ===================================================================================================================================

 RDU212    1838 to  2023     186 years                                                                                    Series  46

 [B] Entire series, effect on correlation (  .649) is:
       Lower   1881< -.016   1947> -.011   1927< -.010   2009> -.010   1985> -.007   1928> -.007  Higher   1960  .011   1847  .009

 ===================================================================================================================================

 RDU221    1855 to  2023     169 years                                                                                    Series  47

 [B] Entire series, effect on correlation (  .643) is:
       Lower   2014> -.012   1864> -.010   1918> -.008   1991< -.006   1858< -.006   1917> -.006  Higher   2009  .043   1938  .016

 ===================================================================================================================================

 RDU222    1853 to  2023     171 years                                                                                    Series  48

 [A] Segment   High   -10   -9   -8   -7   -6   -5   -4   -3   -2   -1   +0   +1   +2   +3   +4   +5   +6   +7   +8   +9  +10
    ---------  ----   ---  ---  ---  ---  ---  ---  ---  ---  ---  ---  ---  ---  ---  ---  ---  ---  ---  ---  ---  ---  ---
    1853 1902   -1   -.19  .03  .00  .10 -.01 -.06 -.19 -.04 -.13  .40* .07| .39 -.01 -.28 -.27 -.15 -.08  .17  .22 -.02 -.06
    1875 1924   -1   -.17 -.08 -.24  .00 -.07 -.06  .03  .01  .03  .39* .05| .35  .14 -.18 -.08 -.20 -.22  .03  .02  .01 -.18
    1900 1949   -1    .09 -.27 -.37 -.14  .06 -.24 -.03 -.15  .05  .75* .29|-.14 -.19  .05  .04  .03 -.28 -.19  .03  .13  .15
    1925 1974   -1   -.02 -.27 -.25 -.13  .08 -.12 -.04 -.02  .06  .73* .24|-.09 -.21 -.06 -.13  .07 -.22 -.24  .20  .15  .27
    1950 1999   -1   -.28 -.40 -.35 -.33 -.16 -.09  .03  .37  .25  .71* .19| .27  .15 -.12 -.21 -.18 -.19 -.17  .07  .02 -.04
    1974 2023   -1   -.09 -.26 -.23 -.13 -.11 -.04  .18  .28  .06  .41* .07|   -    -    -    -    -    -    -    -    -    -

 [B] Entire series, effect on correlation (  .127) is:
       Lower   1882< -.049   2007> -.028   2009> -.020   2003< -.017   1927> -.017   2004> -.017  Higher   1947  .023   2023  .021
     1853 to 1902 segment:
       Lower   1882< -.181   1871> -.049   1883> -.035   1861< -.028   1873> -.013   1854> -.010  Higher   1863  .072   1899  .038
     1875 to 1924 segment:
       Lower   1882< -.221   1917> -.053   1883> -.042   1910< -.018   1890> -.010   1909> -.008  Higher   1899  .050   1880  .032
     1900 to 1949 segment:
       Lower   1927> -.079   1917> -.055   1938> -.024   1910< -.023   1944< -.021   1932> -.017  Higher   1947  .070   1926  .055
     1925 to 1974 segment:
       Lower   1927> -.061   1959< -.057   1960> -.044   1970> -.020   1958> -.018   1944< -.017  Higher   1947  .065   1926  .048
     1950 to 1999 segment:
       Lower   1959< -.074   1960> -.052   1995> -.050   1970> -.031   1981< -.027   1958> -.023  Higher   1961  .073   1986  .044
     1974 to 2023 segment:
       Lower   2007> -.093   2009> -.055   2003< -.053   2004> -.053   1995> -.033   1981< -.016  Higher   2023  .073   1986  .034

 [C] Year-to-year changes diverging by over 4.0 std deviations:
       1881 1882  -4.6 SD    1882 1883   5.4 SD    1959 1960   4.1 SD    2003 2004   4.2 SD    2008 2009   4.1 SD

 [E] Outliers     2   3.0 SD above or -4.5 SD below mean for year
       1882 -4.9 SD;    2009 +3.3 SD
 ===================================================================================================================================
PART 7:  DESCRIPTIVE STATISTICS:                                                                   04:00  Fri 26 Jun 2026  Page   6
------------------------------------------------------------------------------------------------------------------------------------

                                                Corr   //-------- Unfiltered --------\\  //---- Filtered -----\\
                           No.    No.    No.    with   Mean   Max     Std   Auto   Mean   Max     Std   Auto  AR
 Seq Series   Interval   Years  Segmt  Flags   Master  msmt   msmt    dev   corr   sens  value    dev   corr  ()
 --- -------- ---------  -----  -----  -----   ------ -----  -----  -----  -----  -----  -----  -----  -----  --
   1 RDU011   1831 2023    193      7      0    .675    .91   2.70   .462   .738   .291   2.59   .419   .006   1
   2 RDU012   1821 2023    203      8      0    .667    .95   2.83   .472   .742   .286   2.57   .427  -.017   1
   3 RDU021   1855 2023    169      6      3    .551    .71   1.38   .295   .604   .323   2.57   .380  -.018   1
   4 RDU022   1849 1988    140      6      3    .420   7.38  17.02  2.863   .536   .303   2.59   .474  -.018   1
   5 RDU022   1990 2023     34      1      0    .571    .71   1.26   .312   .490   .387   2.60   .492   .124   2
   6 RDU031   1812 2023    212      8      8    .166    .86   2.61   .529   .810   .343   2.65   .449  -.054   1
   7 RDU032   1821 2023    203      8      8    .190    .86   2.96   .585   .841   .316   2.59   .379  -.034   1
   8 RDU041   1854 2023    170      6      0    .656    .81   2.24   .412   .793   .307   2.60   .461   .018   1
   9 RDU042   1847 2023    177      7      0    .676    .82   2.31   .430   .773   .311   2.50   .329  -.021   2
  10 RDU051   1879 2023    145      5      2    .488   1.19   2.33   .481   .622   .304   2.56   .420  -.062   3
  11 RDU052   1851 2023    173      6      3    .528   1.24   3.22   .533   .581   .303   2.48   .303  -.006   1
  12 RDU061   1862 2023    162      6      2    .530   1.21   3.27   .629   .706   .330   2.71   .472  -.015   1
  13 RDU062   1852 2023    172      6      0    .649   1.12   3.76   .668   .756   .341   2.59   .417  -.039   1
  14 RDU071   1825 1918     94      3      0    .663  13.14  29.30  7.052   .772   .298   2.49   .490  -.036   1
  15 RDU071   1920 2023    104      4      0    .803    .56   1.33   .263   .693   .322   2.54   .413  -.115   1
  16 RDU072   1814 1869     56      2      0    .706  13.87  27.11  6.947   .707   .299   2.60   .542   .038   1
  17 RDU072   1880 2023    144      5      0    .768    .71   3.05   .456   .800   .313   2.61   .428  -.081   1
  18 RDU081   1806 2023    218      8      5    .419    .68   2.31   .391   .721   .335   2.45   .349  -.038   1
  19 RDU082   1821 1999    179      7      6    .212   8.10  21.89  4.009   .732   .303   2.55   .400  -.048   1
  20 RDU082   2010 2023     14      1      0    .481    .45   1.03   .218   .457   .385   2.90   .788  -.031   2
  21 RDU091   1804 2023    220      8      8    .136    .77   3.40   .548   .858   .292   2.46   .311  -.046   1
  22 RDU092   1801 2023    223      8      4    .519    .83   4.33   .612   .849   .318   2.53   .404  -.055   1
  23 RDU101   1884 2023    140      5      2    .646   1.06   3.57   .670   .824   .337   2.74   .402  -.025   3
  24 RDU102   1887 2023    137      5      0    .710   1.04   2.87   .649   .812   .335   2.66   .359   .044   1
  25 RDU111   1812 2023    212      8      0    .733    .74   2.07   .418   .818   .279   2.68   .324  -.063   1
  26 RDU112   1812 2023    212      8      0    .663    .84   2.87   .522   .851   .272   2.63   .394  -.030   1
  27 RDU121   1806 2023    218      8      6    .312    .79   2.50   .534   .803   .380   2.53   .422  -.054   1
  28 RDU122   1792 2023    232      9      9    .013    .82   2.61   .530   .786   .349   2.76   .396  -.046   1
  29 RDU131C  1885 2023    139      5      0    .679    .93   2.29   .393   .689   .264   2.70   .396   .011   1
  30 RDU132   1860 2023    164      6      0    .669   1.10   2.42   .470   .685   .274   2.60   .373   .005   1
  31 RDU141C  1828 1902     75      3      3   -.050  10.63  19.31  4.076   .596   .294   2.54   .508  -.058   1
  32 RDU141C  1910 2023    114      4      3    .264    .42   1.00   .214   .614   .395   2.64   .412  -.014   1
  33 RDU142C  1811 2023    213      8      6    .290    .64   2.36   .462   .833   .360   2.83   .442   .007   1
  34 RDU151   1800 2023    224      8      0    .698    .83   3.11   .600   .884   .287   2.54   .351  -.005   1
  35 RDU152   1801 2023    223      8      0    .698    .81   2.45   .508   .858   .283   2.58   .349   .004   1
  36 RDU162   1892 2023    132      5      3    .349    .46   1.22   .216   .593   .348   2.49   .408  -.019   1
  37 RDU171   1821 2023    203      8      8    .008    .64   2.39   .486   .830   .373   2.49   .367  -.090   1
  38 RDU172   1819 2023    205      8      8    .040    .83   3.10   .607   .796   .368   2.62   .366  -.041   1
  39 RDU181   1856 2023    168      6      0    .633   1.10   2.96   .541   .689   .282   2.59   .350   .019   1
  40 RDU182   1825 2023    199      7      0    .616    .87   2.94   .447   .729   .294   2.46   .304  -.016   1
  41 RDU191   1804 2023    220      8      8   -.117    .89   2.96   .650   .817   .333   2.66   .407  -.021   1
  42 RDU192   1817 2023    207      8      8    .050    .73   1.95   .384   .669   .342   2.68   .439  -.036   1
  43 RDU201   1797 2023    227      9      5    .393    .76   2.97   .544   .867   .304   2.47   .298  -.027   2
  44 RDU202   1794 2023    230      9      5    .484    .70   2.75   .471   .860   .297   2.63   .373  -.042   1
  45 RDU211   1838 2023    186      7      1    .523   1.01   2.38   .374   .718   .225   2.57   .407  -.025   1
  46 RDU212   1838 2023    186      7      0    .649   1.00   2.98   .427   .793   .209   2.56   .334  -.020   1
  47 RDU221   1855 2023    169      6      0    .643    .90   2.81   .556   .809   .305   2.69   .388  -.118   1
  48 RDU222   1853 2023    171      6      6    .127    .87   2.58   .548   .766   .350   2.59   .336  -.042   1
 --- -------- ---------  -----  -----  -----   ------ -----  -----  -----  -----  -----  -----  -----  -----  --
 Total or mean:           8211    305    133    .445   1.44  29.30   .763   .763   .313   2.90   .389  -.029

                                              - = [  COFECHA VERY COF  ] = -
