tree
version=v4
num_class=1
num_tree_per_iteration=1
label_index=0
max_feature_idx=258
objective=binary sigmoid:1
feature_names=Column_0 Column_1 Column_2 Column_3 Column_4 Column_5 Column_6 Column_7 Column_8 Column_9 Column_10 Column_11 Column_12 Column_13 Column_14 Column_15 Column_16 Column_17 Column_18 Column_19 Column_20 Column_21 Column_22 Column_23 Column_24 Column_25 Column_26 Column_27 Column_28 Column_29 Column_30 Column_31 Column_32 Column_33 Column_34 Column_35 Column_36 Column_37 Column_38 Column_39 Column_40 Column_41 Column_42 Column_43 Column_44 Column_45 Column_46 Column_47 Column_48 Column_49 Column_50 Column_51 Column_52 Column_53 Column_54 Column_55 Column_56 Column_57 Column_58 Column_59 Column_60 Column_61 Column_62 Column_63 Column_64 Column_65 Column_66 Column_67 Column_68 Column_69 Column_70 Column_71 Column_72 Column_73 Column_74 Column_75 Column_76 Column_77 Column_78 Column_79 Column_80 Column_81 Column_82 Column_83 Column_84 Column_85 Column_86 Column_87 Column_88 Column_89 Column_90 Column_91 Column_92 Column_93 Column_94 Column_95 Column_96 Column_97 Column_98 Column_99 Column_100 Column_101 Column_102 Column_103 Column_104 Column_105 Column_106 Column_107 Column_108 Column_109 Column_110 Column_111 Column_112 Column_113 Column_114 Column_115 Column_116 Column_117 Column_118 Column_119 Column_120 Column_121 Column_122 Column_123 Column_124 Column_125 Column_126 Column_127 Column_128 Column_129 Column_130 Column_131 Column_132 Column_133 Column_134 Column_135 Column_136 Column_137 Column_138 Column_139 Column_140 Column_141 Column_142 Column_143 Column_144 Column_145 Column_146 Column_147 Column_148 Column_149 Column_150 Column_151 Column_152 Column_153 Column_154 Column_155 Column_156 Column_157 Column_158 Column_159 Column_160 Column_161 Column_162 Column_163 Column_164 Column_165 Column_166 Column_167 Column_168 Column_169 Column_170 Column_171 Column_172 Column_173 Column_174 Column_175 Column_176 Column_177 Column_178 Column_179 Column_180 Column_181 Column_182 Column_183 Column_184 Column_185 Column_186 Column_187 Column_188 Column_189 Column_190 Column_191 Column_192 Column_193 Column_194 Column_195 Column_196 Column_197 Column_198 Column_199 Column_200 Column_201 Column_202 Column_203 Column_204 Column_205 Column_206 Column_207 Column_208 Column_209 Column_210 Column_211 Column_212 Column_213 Column_214 Column_215 Column_216 Column_217 Column_218 Column_219 Column_220 Column_221 Column_222 Column_223 Column_224 Column_225 Column_226 Column_227 Column_228 Column_229 Column_230 Column_231 Column_232 Column_233 Column_234 Column_235 Column_236 Column_237 Column_238 Column_239 Column_240 Column_241 Column_242 Column_243 Column_244 Column_245 Column_246 Column_247 Column_248 Column_249 Column_250 Column_251 Column_252 Column_253 Column_254 Column_255 Column_256 Column_257 Column_258
feature_infos=[-104:4] [1:104] [7:624] [-100:1] [0:1] [0:1] [-1:554] [0:624] [0:1] [0:2] [-69:1] [0:69] [-19.985260009765625:266.51226806640625] [0:134.95729064941406] none none none none [0:1] [0:1] [-1:629] [0:13] [-1:30] [0:13] [146:648] [2:608] [0:634] [0.0048000002279877663:1] [0:1] [19:68] [1:20] [13:51] [0:5] [0:5] [0:1] [103:238] [101:135] [1:98] [1:113] [99:201] [0:29] [1:34] [1:48] [1:34] [1:48] [0:291] [0:142.560302734375] [-0.21972069144248962:425.28573608398438] [-17.873592376708984:397.388916015625] [0:171.36488342285156] [-46.698543548583984:283.96209716796875] [-46.698543548583984:282.72772216796875] [-0.26281720399856567:49.275669097900391] [-0.26281720399856567:22.582521438598633] [0:1251] none [0:9] [-104:4] [-99:6] [-0.21972069144248962:0.90093046426773071] [-0.21972069144248962:0.90212792158126831] [-0.21972069144248962:0.90212792158126831] [-0.21972069144248962:0.90212792158126831] [-0.21972069144248962:0.90212792158126831] [-0.21972069144248962:0.90212792158126831] [-0.21972069144248962:0.90212792158126831] [0:1] [-0.38885489106178284:0.65324562788009644] [-0.38885489106178284:0.65324562788009644] [-0.38885489106178284:0.65324562788009644] [-0.38885489106178284:0.65324562788009644] [-0.38885489106178284:0.65324562788009644] [-0.38885489106178284:0.65324562788009644] [-0.38885489106178284:0.65324562788009644] [0:1] [-0.24922028183937073:0.9434741735458374] [-0.24922028183937073:0.94823813438415527] [-0.24922028183937073:0.94823813438415527] [-0.24922028183937073:0.94823813438415527] [-0.24922028183937073:0.94823813438415527] [-0.24922028183937073:0.94823813438415527] [-0.24922028183937073:0.94823813438415527] [0:1] [-0.23168052732944489:0.79565238952636719] [-0.23168052732944489:0.79842084646224976] [-0.23168052732944489:0.79842084646224976] [-0.23168052732944489:0.79842084646224976] [-0.23168052732944489:0.79842084646224976] [-0.23168052732944489:0.79842084646224976] [-0.23168052732944489:0.79842084646224976] [0:1] [-0.25176802277565002:0.94314271211624146] [-0.25176802277565002:0.94819170236587524] [-0.25176802277565002:0.94819170236587524] [-0.25176802277565002:0.94819170236587524] [-0.25176802277565002:0.94819170236587524] [-0.25176802277565002:0.94819170236587524] [-0.25176802277565002:0.94819170236587524] [0:1] [0:0.32741737365722656] [0:0.32741737365722656] [0:0.32741737365722656] [0:0.32741737365722656] [0:0.32741737365722656] [0:0.32741737365722656] [0:0.32741737365722656] [0:1] none [0:0.68711042404174805] [0:0.68711042404174805] [0:0.68711042404174805] [0:0.68711042404174805] none none none [-0.10165983438491821:0.7945404052734375] [-0.171415776014328:0.97806209325790405] [-0.171415776014328:0.97806209325790405] [-0.171415776014328:0.97806209325790405] [-0.171415776014328:0.97806209325790405] none none none [0:0.76926189661026001] [-0.12292835861444473:0.79396772384643555] [-0.12292835861444473:0.76926189661026001] [-0.12292835861444473:0.90675270557403564] [-0.12292835861444473:0.77132010459899902] none none none [0:2] [0:3] [0:3] [0:3] [0:3] none none none none [0:3] [0:3] [0:3] [0:3] none none none [0:1] [0:1] [0:1] [0:1] [0:1] none [0:1] [0:1] [0:1] [0:2] [0:1] none [0:1] [0:1] none [0:5] [0:4] none [0:10] [0:10] [0:1] [0:10] [0:7] [0:1] [0:48] [0:32] [0:1] [0:1] [0:1] none [0:30] [0:20] [0:1] [0:9] [0:7] [0:1] [0:14] [0:12] [0:1] [0:4] [0:3] [0:1] [0:7] [0:5] [0:1] [0:6] [0:6] [0:1] [0:8] [0:6] none [0:4] [0:2] none [0:1] [0:1] none [0:1] [0:1] none [0:1] [0:1] none [0:1] [0:1] none [0:1] none none [0:1] [0:1] none [0:6] [0:3] none [0:9] [0:6] none [0:20] [0:19] none [0:18] [0:18] none [0:32] [0:16] none [0:1] [0:1] [0:1] [0:1] [0:1] [0:1] [0:1] [0:1] [0:1] [0:1] [0:1] [0:1] [0:1] [0:1] [0:1] [0:1] [0:1] [0:1] [0:1] [0:1] [0:1] [0:1] [0:1] [0:1] [0:1]
tree_sizes=1760 1781 1768 1790 1776 1782 1779 1787 1783 1778 1783 1783 1793 1793 1783 1784 1791 1775 1787 1796 1779 1777 1778 1783 1788 1778 1784 1786 1789 1784 1791 1772 1787 1785 1769 1774 1786 1782 1785 1793 1772 1785 1775 1787 1784 1790 1783 1784 1782 1779 1786 1791 1783 1796 1779 1776 1803 1779 1801 1788 1780 1776 1793 1784 1796 1786 1808 1794 1786 1780 1777 1793 1788 1796 1786 1781 1788 1790 1782 1790 1797 1784 1790 1788 1789 1790 1784 1793 1786 1785 1783 1792 1781 1789 1782 1777 1788 1776 1811 1794 1787 1793 1796 1783 1798 1794 1787 1784 1787 1787 1784 1795 1780 1791 1782 1784 1784 1782 1796 1781 1793 1785 1799 1784 1792 1782 1788 1775 1780 1787 1781 1780 1789 1795 1787 1780 1790 1786 1792 1785 1789 1792 1792 1805 1774 1788 1794 1791 1776 1794 1791 1788 1803 1792 1781 1791 1794 1791 1781 1782 1784 1787 1795 1786 1785 1787 1791 1786 1781 1801 1776 1798 1782 1781 1777 1783 1795 1801 1790 1788 1803 1800 1795 1793 1795 1792 1801 1795 1790 1798 1793 1791 1794 1808 1796 1779 1790 1803 1793 1775 1825 1789 1800 1790 1793 1788 1792 1787 1773 1788 1797 1790 1756 1772 1796 1772 1790 1787 1799 1772 1802 1812 1781 1806 1794 1781 1772 1807 1788 1785 1806 1792 1784 1780 1791 1799 1780 1778 1791 1789 1767 1781 1786 1766 1776 1770 1787 1802 1807 1788 1786 1786 1784 1794 1803 1779 1773 1799 1784 1794 1782 1777 1794 1794 1773 1796 1770 1792 1797 1793 1769 1801 1801 1773 1800 1801 1791 1797 1794 1809 1793 1790 1796 1773 1789 1777 1787 1797 1768 1799 1808 1784 1795 1781 1811 1797 1790 1804 1792 1803 1778 1772 1781 1803 1801 1797 1805 1772 1795 1784 1791 1811 1772 1783 1785 1767 1796 1801 1811 1808 1789 1805 1817 1804 1814 1804 1789 1800 1805 1790 1807 1808 1834 1788 1783 1793 1820 1821 1796 1792 1780 1805 1796 1786 1783 1796 1803 1800 1805 1802 1777 1797 1771 1803 1808 1812 1814 1782 1795 1794 1806 1801 1803 1774 1792 1807 1810 1802 1782 1810 1787 1787 1780 1799 1787 1800 1808 1814 1753 1766 1800 1791 1775 1803 1806 1809 1813 1806 1802 1799 1775 1805 1768 1788 1812 1812 1790 1774 1808 1784 1801 1816 1796 1758 1801 1777 1796 1758 1791 1782 1791 1800 1780 1817 1794 1780 1778 1799 1782 1788 1746 1785 1822 1795 1732 1765 1780 1811 1767 1806 1791 1752 1781 1765 1747 1789 1796 1792 1781 1771 1764 1743 1790 1807 1750 1784 1782 1783 1810 1818

Tree=0
num_leaves=15
num_cat=0
split_feature=239 4 3 5 0 37 38 11 24 33 19 3 24 36
split_gain=290527 46670.9 103480 6028.89 3791.88 2393.84 1738.73 1270.34 844.013 783.582 534.094 947.424 419.341 419.861
threshold=1.0000000180025095e-35 1.0000000180025095e-35 -4.4999999999999991 1.0000000180025095e-35 1.0000000180025095e-35 46.500000000000007 42.500000000000007 5.5000000000000009 194.50000000000003 4.5000000000000009 1.0000000180025095e-35 -3.4999999999999996 195.50000000000003 132.50000000000003
decision_type=2 2 2 2 2 2 2 2 2 2 2 2 2 2
left_child=1 5 3 -3 6 9 7 12 -4 10 -1 -12 -2 -14
right_child=4 2 8 -5 -6 -7 -8 -9 -10 -11 11 -13 13 -15
leaf_value=-0.67361824746437593 -0.66754436010073226 -0.67398543264034616 -0.67090564839231437 -0.56865596259132156 -0.67317597180467192 -0.56722917832041775 -0.67328754700826565 -0.67084468059529145 -0.56492274779342533 -0.5695864834518467 -0.66674686297529639 -0.56754378628632363 -0.56444423094393081 -0.66754436010073226
leaf_weight=34447.53326459229 22.830592796206474 13531.638779819012 45.233503669500351 345.56047527492046 201.75288134813309 130.94537481665611 90.516811609268188 68.491778388619423 9809.8614320904016 42.768192291259766 220.21573762595654 79.347447767853737 37511.050216794014 22.830592796206474
leaf_count=151474 100 59597 199 832 888 309 400 300 23047 100 942 186 87802 100
internal_value=-0.619544 -0.654408 -0.627358 -0.671347 -0.565616 -0.672791 -0.565037 -0.564773 -0.565422 -0.673195 -0.673329 -0.639964 -0.564576 -0.56451
internal_weight=96570.6 58653.1 23732.3 13877.2 37917.5 34920.8 37715.7 37625.2 9855.09 34789.9 34747.1 299.563 37556.7 37533.9
internal_count=326276 236686 83675 60429 89590 153011 88702 88302 23246 152702 152602 1128 88002 87902
is_linear=0
shrinkage=1


Tree=1
num_leaves=15
num_cat=0
split_feature=239 4 3 5 37 39 236 42 10 33 19 3 34 3
split_gain=270533 44984.8 97089.1 5782.52 2281.36 1606.51 1179.3 1737.86 1158.68 748.623 520.266 893.167 393.132 352.926
threshold=1.0000000180025095e-35 1.0000000180025095e-35 -5.4999999999999991 1.0000000180025095e-35 46.500000000000007 164.50000000000003 1.0000000180025095e-35 6.5000000000000009 -3.4999999999999996 4.5000000000000009 1.0000000180025095e-35 -3.4999999999999996 1.0000000180025095e-35 -4.4999999999999991
decision_type=2 2 2 2 2 2 2 2 2 2 2 2 2 2
left_child=1 4 3 -3 9 6 7 -2 -8 10 -1 -12 -10 -4
right_child=5 2 13 -5 -6 -7 8 -9 12 -11 11 -13 -14 -15
leaf_value=-0.036569867703777979 -0.023685701307487095 -0.037283467739234029 0.016113623129430456 0.065037124736795252 0.066286515935943799 -0.035081554726851399 -0.033785319532124679 0.065255033593370287 0.06876883324804367 0.064199309518834666 -0.029729700193720034 0.066033875121089047 -0.032252348885333119 0.067911040392100108
leaf_weight=34046.038560986519 215.62326861917973 13286.879677593708 86.347384542226791 351.59344969689846 133.62446460127831 92.743609458208084 67.082782298326492 367.54856650531292 37944.632958009839 43.614745140075684 218.13279300928116 80.96382600069046 22.144175872206688 10061.680450543761
leaf_count=151474 904 59303 297 829 309 404 297 865 87021 100 942 186 99 23246
internal_value=0.0164957 -0.0175185 0.00893405 -0.0346301 -0.0357447 0.0677297 0.0679799 0.0323743 0.0685226 -0.0361477 -0.0362814 -0.00332594 0.0687067 0.0674777
internal_weight=97018.7 58308.9 23786.5 13638.5 34522.4 38709.8 38617 583.172 38033.9 34388.7 34345.1 299.097 37966.8 10148
internal_count=326276 236686 83675 60132 153011 89590 89186 1769 87417 152702 152602 1128 87120 23543
is_linear=0
shrinkage=0.025


Tree=2
num_leaves=15
num_cat=0
split_feature=239 4 3 5 0 37 38 39 10 24 33 19 3 3
split_gain=252734 43375.7 91352.8 5519.07 3270.43 2177.7 1554.31 1495.85 1089.4 758.978 716.225 506.793 856.696 328.475
threshold=1.0000000180025095e-35 1.0000000180025095e-35 -5.4999999999999991 1.0000000180025095e-35 1.0000000180025095e-35 46.500000000000007 42.500000000000007 164.50000000000003 -3.4999999999999996 194.50000000000003 4.5000000000000009 1.0000000180025095e-35 -5.4999999999999991 -4.4999999999999991
decision_type=2 2 2 2 2 2 2 2 2 2 2 2 2 2
left_child=1 5 3 -3 6 10 7 8 -2 -4 11 -1 -13 -11
right_child=4 2 9 -5 -6 -7 -8 -9 -10 13 -12 12 -14 -15
leaf_value=-0.036097785267932628 -0.033375546014356987 -0.036811537081859046 -0.034812351156744949 0.062349226940213401 -0.035897532785776363 0.063567036951727635 -0.036837606828917784 -0.034569027588401517 0.066037241072092634 0.015644965992791179 0.06170372995516097 -0.036472290768715353 0.049712680544879415 0.065501955555702013
leaf_weight=33634.227471575141 67.00331649184227 13122.891664281487 45.691700547933578 357.63131183385849 198.19481378793716 135.95502662658691 90.661839723587036 90.868077486753464 38947.797745049 86.794728025794029 44.355794787406921 184.21498259902 114.17144656181335 10194.953872174025
leaf_count=151474 300 59303 199 829 888 309 400 400 87602 297 100 829 299 23047
internal_value=0.0160239 -0.017202 0.00869333 -0.0341657 0.0648733 -0.0352747 0.0653862 0.0656267 0.0658633 0.0646338 -0.0356765 -0.03581 -0.00324584 0.0650882
internal_weight=97315.4 57920.9 23808 13480.5 39394.5 34112.9 39196.3 39105.7 39014.8 10327.4 33977 33932.6 298.386 10281.7
internal_count=326276 236686 83675 60132 89590 153011 88702 88302 87902 23543 152702 152602 1128 23344
is_linear=0
shrinkage=0.025


Tree=3
num_leaves=15
num_cat=0
split_feature=37 4 194 23 23 38 6 37 0 39 12 39 38 25
split_gain=223828 33764.8 6582.49 5968.34 6781.42 3769.9 9946.14 4156.8 3020.66 2416.69 2400.44 2131.72 1733.32 1426.85
threshold=29.500000000000004 1.0000000180025095e-35 1.0000000180025095e-35 12.500000000000002 8.5000000000000018 22.500000000000004 -1.0000000180025095e-35 14.500000000000002 1.0000000180025095e-35 158.50000000000003 64.974395751953139 180.50000000000003 4.5000000000000009 95.500000000000014
decision_type=2 2 2 2 2 2 2 2 2 2 2 2 2 2
left_child=1 5 8 4 -3 6 -1 12 -2 10 13 -5 -8 -6
right_child=2 3 -4 11 9 -7 7 -9 -10 -11 -12 -13 -14 -15
leaf_value=-0.033984050740773757 0.062937601038451349 0.055962960319482828 -0.020224626887734829 0.033269626612288924 -0.015878440465175857 -0.036569576026564431 0.043990493580998623 0.053584610080352604 -0.03615709551990004 -0.018007777358365278 0.014021215054937662 -0.034328802985826891 -0.025675315493989961 0.01708058026158947
leaf_weight=6757.0384404212236 39006.736182644963 1261.5303775370121 609.50380666553974 5417.0095914304256 4245.1892930716276 25185.536893725395 287.57817880809307 1362.8782842904329 191.09101912379265 5288.5287716984749 5579.7033213973045 305.42451280355453 959.03663744032383 1014.2887363433838
leaf_count=30604 86903 3014 2556 15859 17375 115283 766 3328 869 21902 18909 1386 4166 3356
internal_value=0.0155891 -0.0158872 0.0611832 0.00750214 0.000211343 -0.0315321 -0.017977 0.0234535 0.0624511 -0.00415767 0.00260073 0.0296412 -0.00951727 -0.00951144
internal_weight=97471.1 57663.7 39807.3 23111.7 17389.2 34552.1 9366.53 2609.49 39197.8 16127.7 10839.2 5722.43 1246.61 5259.48
internal_count=326276 235948 90328 81801 64556 154147 38864 8260 87772 61542 39640 17245 4932 20731
is_linear=0
shrinkage=0.025


Tree=4
num_leaves=15
num_cat=0
split_feature=239 4 3 5 234 37 38 39 10 24 37 20 19 3
split_gain=222587 40382.9 84783.5 5252.7 2840.02 2054.29 1355.19 1337.38 982.983 690.067 523.9 1736.12 485.572 814.739
threshold=1.0000000180025095e-35 1.0000000180025095e-35 -5.4999999999999991 1.0000000180025095e-35 1.0000000180025095e-35 46.500000000000007 42.500000000000007 164.50000000000003 -3.4999999999999996 194.50000000000003 32.500000000000007 6.5000000000000009 1.0000000180025095e-35 -5.4999999999999991
decision_type=2 2 2 2 2 2 2 2 2 2 2 2 2 2
left_child=1 5 3 -3 6 10 7 8 -2 -4 12 -12 -1 -14
right_child=4 2 9 -5 -6 -7 -8 -9 -10 -11 11 -13 13 -15
leaf_value=-0.035492957674118163 -0.033350482952822884 -0.036341630228751129 -0.034192087234808738 0.059680042954817686 -0.035042822352559753 0.060843987186384889 -0.035906966461742143 -0.034309729614478354 0.061085630430925443 0.061648726398580156 0.067852925040136361 -0.036062693377403122 -0.03591934720951747 0.049146885947724608
leaf_weight=32315.395606473088 66.917857527732849 12944.663786575198 45.063801407814026 363.32699762284756 193.2907623052597 138.14380078017712 88.800126358866692 90.261125773191452 40026.009094685316 10484.14697676897 131.16948997974396 396.9386660605669 178.52406157553196 111.87423887848854
leaf_count=149465 300 59303 199 829 887 309 401 400 87602 23344 304 1830 816 287
internal_value=0.0151767 -0.0166069 0.00822871 -0.0337054 0.060032 -0.0343998 0.0604915 0.0607078 0.0609249 0.0612265 -0.0348032 -0.00996798 -0.0352037 -0.00289543
internal_weight=97574.5 57109.2 23837.2 13308 40465.3 33272 40272 40183.2 40092.9 10529.2 33133.9 528.108 32605.8 290.398
internal_count=326276 236686 83675 60132 89590 153011 88703 88302 87902 23543 152702 2134 150568 1103
is_linear=0
shrinkage=0.025


Tree=5
num_leaves=15
num_cat=0
split_feature=239 4 3 5 0 38 39 10 24 33 19 3 3 38
split_gain=209569 38980.9 80195.6 5027.66 2661.27 1266.07 1252.18 920.238 645.495 621.186 478.476 789.14 286.445 264.229
threshold=1.0000000180025095e-35 1.0000000180025095e-35 -5.4999999999999991 1.0000000180025095e-35 1.0000000180025095e-35 42.500000000000007 164.50000000000003 -3.4999999999999996 194.50000000000003 4.5000000000000009 1.0000000180025095e-35 -5.4999999999999991 -4.4999999999999991 30.500000000000004
decision_type=2 2 2 2 2 2 2 2 2 2 2 2 2 2
left_child=1 9 3 -3 5 6 7 -2 -4 10 13 -12 -10 -1
right_child=4 2 8 -5 -6 -7 -8 -9 12 -11 11 -13 -14 -15
leaf_value=-0.03108659737172453 -0.032919265154391517 -0.035913953797228206 -0.033740321061702258 0.057507786887437046 -0.034628226331941202 -0.035462090147232707 -0.033853429049182732 0.0589471411146694 0.013728813111744809 0.055059988643831964 -0.035508496407806608 0.046643332781706806 0.059787170619883291 -0.035985826952263898
leaf_weight=10475.369084611535 66.148560181260109 12773.532642453909 44.571867793798447 367.68036371469498 191.01912640035152 87.486295908689499 89.244035005569458 40435.774581894279 88.572510719299316 46.111065149307251 179.02288869023323 119.05929510295391 10517.360260352492 22017.605952173471
leaf_count=48142 300 59303 199 829 888 400 400 87602 297 100 829 304 23047 103636
internal_value=0.0148017 -0.0163355 0.00803102 -0.0332857 0.0579439 0.0583818 0.0585873 0.0587941 0.0590073 -0.0339899 -0.0341209 -0.00247476 0.0594089 -0.0344102
internal_weight=97498.6 56628.9 23791.7 13141.2 40869.7 40678.7 40591.2 40501.9 10650.5 32837.2 32791.1 298.082 10605.9 32493
internal_count=326276 236686 83675 60132 89590 88702 88302 87902 23543 153011 152911 1133 23344 151778
is_linear=0
shrinkage=0.025


Tree=6
num_leaves=15
num_cat=0
split_feature=37 4 3 3 5 38 6 3 0 3 39 40 0 10
split_gain=186824 30342.2 73857.1 7520.48 4686.96 3524.86 8869.29 3484.19 2483.18 2190.14 930.622 797.126 540.37 550.971
threshold=29.500000000000004 1.0000000180025095e-35 -5.4999999999999991 -3.4999999999999996 1.0000000180025095e-35 22.500000000000004 -1.0000000180025095e-35 1.0000000180025095e-35 1.0000000180025095e-35 -5.4999999999999991 164.50000000000003 8.5000000000000018 1.0000000180025095e-35 -3.4999999999999996
decision_type=2 2 2 2 2 2 2 2 2 2 2 2 2 2
left_child=1 5 4 -2 -3 6 -1 9 -5 -8 12 -9 13 -11
right_child=3 2 -4 8 -6 -7 7 11 -10 10 -12 -13 -14 -15
leaf_value=-0.032742619969989249 -0.023075671689417238 -0.035493260551590224 0.057237456683513689 0.056940287634161091 0.055490257973899393 -0.035349793829908091 -0.034008091632079483 -0.035516045159938371 -0.034962476942515745 -0.031376320153926072 -0.023246785938173992 0.075889672452097545 -0.03237857334963045 0.057325491404906948
leaf_weight=6505.3004385083914 753.86672745645046 12471.194450229406 10183.67317609489 40055.109542459249 361.40909038484097 24178.198880061507 229.02944839000702 611.31465925276279 182.40554268658161 42.88174831867218 106.00894266366959 40.038428977131844 43.423054382205009 1548.9925810992718
leaf_count=30604 3262 58712 22282 86204 807 115283 1065 2900 862 198 454 101 202 3340
internal_value=0.014453 -0.0150981 0.00697375 0.0550544 -0.0329165 -0.0303514 -0.0171002 0.0216975 0.0565205 0.0382606 0.0478224 -0.0283132 0.0524789 0.0548659
internal_weight=97312.8 56321.5 23016.3 40991.4 12832.6 33305.2 9126.99 2621.69 40237.5 1970.34 1741.31 651.353 1635.3 1591.87
internal_count=326276 235948 81801 90328 59519 154147 38864 8260 87066 5259 4194 3001 3740 3538
is_linear=0
shrinkage=0.025


Tree=7
num_leaves=15
num_cat=0
split_feature=37 4 3 3 5 38 33 3 0 6 37 3 39 33
split_gain=176591 29285.4 70111.1 7065.52 4495.88 3442.39 8606.12 2614.35 2336.12 1512.58 1565.51 1242.12 908.788 682.528
threshold=29.500000000000004 1.0000000180025095e-35 -5.4999999999999991 -3.4999999999999996 1.0000000180025095e-35 22.500000000000004 1.0000000180025095e-35 -3.4999999999999996 1.0000000180025095e-35 -1.0000000180025095e-35 15.500000000000002 1.0000000180025095e-35 164.50000000000003 1.0000000180025095e-35
decision_type=2 2 2 2 2 2 2 2 2 2 2 2 2 2
left_child=1 5 4 13 -3 6 9 -8 -5 -1 -11 12 -9 -2
right_child=3 2 -4 8 -6 -7 7 11 -10 10 -12 -13 -14 -15
leaf_value=-0.034536502580915784 -0.034001065323126516 -0.035103571183048479 0.055382958028697596 0.055166797026365191 0.053682454673063956 -0.034975564946744461 -0.032203032135197256 0.052182782483477075 -0.034580136594654615 -0.024564007412575518 0.044341672611995765 -0.034034602966280317 -0.024198636948978634 0.027169059606720038
leaf_weight=6091.8737819641829 610.67462888360023 12296.628259122372 10260.628814667463 40305.951076254249 364.30286313593388 23830.387242719531 367.57570184767246 1467.1034351289272 179.87679833173752 565.15189358592033 320.35054078698158 124.82473902404308 102.10853728652 137.1797945946455
leaf_count=29293 2858 58712 22282 86204 807 115283 1730 3432 862 2586 779 600 444 404
internal_value=0.014128 -0.0148668 0.00682181 0.0533581 -0.0325348 -0.0299914 -0.0168411 0.0280011 0.0547649 -0.0301006 0.000401593 0.0411129 0.0471601 -0.0226835
internal_weight=97024.6 55790.9 22921.6 41233.7 12660.9 32869.4 9038.99 2061.61 40485.8 6977.38 885.502 1694.04 1569.21 747.854
internal_count=326276 235948 81801 90328 59519 154147 38864 6206 87066 32658 3365 4476 3876 3262
is_linear=0
shrinkage=0.025


Tree=8
num_leaves=15
num_cat=0
split_feature=239 4 3 147 234 37 38 39 10 24 33 19 3 3
split_gain=176996 35135.9 68620.2 3741.23 2216.24 1830.92 1059.89 1058.1 826.381 600.346 555.354 447.52 699.425 271.313
threshold=1.0000000180025095e-35 1.0000000180025095e-35 -5.4999999999999991 1.0000000180025095e-35 1.0000000180025095e-35 46.500000000000007 42.500000000000007 164.50000000000003 -3.4999999999999996 194.50000000000003 4.5000000000000009 1.0000000180025095e-35 -5.4999999999999991 -4.4999999999999991
decision_type=2 2 2 2 2 2 2 2 2 2 2 2 2 2
left_child=1 5 3 -3 6 10 7 8 -2 -4 11 -1 -13 -11
right_child=4 2 9 -5 -6 -7 -8 -9 -10 13 -12 12 -14 -15
leaf_value=-0.033687021041014092 -0.033165454274085425 -0.034322939326690741 -0.034801619072453174 0.052545973079443802 -0.033502591911202355 0.055948243752042062 -0.034273675949995044 -0.032842967927471566 0.053613636659582992 0.010292741843466969 0.050186578083182387 -0.034411883326491081 0.043651091518327474 0.054246352882328236
leaf_weight=31027.039598301053 66.486028641462326 12308.115547910333 45.678584277629852 315.06817504763603 183.25617568194866 141.63550782203674 84.343709155917168 86.746217310428619 41201.808948233724 91.497119098901749 46.998932957649231 172.22367411851883 118.4105688482523 10752.916504189372
leaf_count=151474 300 59441 199 691 887 309 401 400 87602 297 100 829 299 23047
internal_value=0.0138245 -0.0156019 0.00752276 -0.0321408 0.0527212 -0.0328598 0.0531055 0.0532868 0.0534708 0.053497 -0.0332669 -0.0333977 -0.00240119 0.0538808
internal_weight=96642.2 55019.6 23513.3 12623.2 41622.6 31506.3 41439.4 41355 41268.3 10890.1 31364.7 31317.7 290.634 10844.4
internal_count=326276 236686 83675 60132 89590 153011 88703 88302 87902 23543 152702 152602 1128 23344
is_linear=0
shrinkage=0.025


Tree=9
num_leaves=15
num_cat=0
split_feature=239 4 3 147 234 37 38 39 10 33 19 3 3 32
split_gain=167872 33950.7 65320.4 3593.89 2094.14 1757.59 1002.16 1000.32 781.593 534.876 436.466 667.559 251.438 367.6
threshold=1.0000000180025095e-35 1.0000000180025095e-35 -5.4999999999999991 1.0000000180025095e-35 1.0000000180025095e-35 46.500000000000007 42.500000000000007 164.50000000000003 -3.4999999999999996 4.5000000000000009 1.0000000180025095e-35 -5.4999999999999991 -4.4999999999999991 1.5000000000000002
decision_type=2 2 2 2 2 2 2 2 2 2 2 2 2 2
left_child=1 5 3 -3 6 9 7 8 -2 10 -1 -12 13 -4
right_child=4 2 12 -5 -6 -7 -8 -9 -10 -11 11 -13 -14 -15
leaf_value=-0.033337513763547495 -0.032741566097982538 -0.033962082749718785 0.059893473205120097 0.050996031708051372 -0.033147364200966069 0.054188828543865725 -0.033902741932113997 -0.03244271428041811 0.052119794101171839 0.048866202050867877 -0.034050935042369938 0.042269552672329437 0.052301290087610891 -0.037088373029504455
leaf_weight=30574.249606177211 65.711715966463089 12130.192854225636 44.410333096981049 316.59861560165882 180.65447549521923 142.66200830042362 83.18230602145195 85.671570867300034 41321.576440453529 47.141239047050476 169.76086784899235 119.30991064012051 10841.396688088775 47.298955082893372
leaf_count=151474 300 59441 99 691 887 309 401 400 87602 100 829 299 23246 198
internal_value=0.0135411 -0.0153811 0.00737204 -0.0317873 0.0512603 -0.0325117 0.0516302 0.0518048 0.0519821 -0.0329179 -0.0330484 -0.00235451 0.0519518 0.0100208
internal_weight=96169.8 54433 23379.9 12446.8 41736.8 31053.1 41556.1 41473 41387.3 30910.5 30863.3 289.071 10933.1 91.7093
internal_count=326276 236686 83675 60132 89590 153011 88703 88302 87902 152702 152602 1128 23543 297
is_linear=0
shrinkage=0.025


Tree=10
num_leaves=15
num_cat=0
split_feature=239 4 3 5 0 37 38 11 33 19 3 37 3 3
split_gain=159451 32813.9 62254 4180.26 1984.87 1688.66 946.898 737.574 515.467 425.69 638.766 251.954 1197.83 237.962
threshold=1.0000000180025095e-35 1.0000000180025095e-35 -5.4999999999999991 1.0000000180025095e-35 1.0000000180025095e-35 46.500000000000007 42.500000000000007 5.5000000000000009 4.5000000000000009 1.0000000180025095e-35 -3.4999999999999996 32.500000000000007 -1.0000000180025095e-35 -4.4999999999999991
decision_type=2 2 2 2 2 2 2 2 2 2 2 2 2 2
left_child=1 5 3 -3 6 8 7 -2 9 11 -11 -1 -13 -4
right_child=4 2 13 -5 -6 -7 -8 -9 -10 10 -12 12 -14 -15
leaf_value=-0.033283955313639597 0.050570543847645033 -0.034056453665390757 0.0097584796230645691 0.050037558444707135 -0.032808476691921488 0.052572925062754586 -0.033542586695448705 -0.032333263883558436 0.047638685618145361 -0.026837024207702072 0.053238676722571147 -0.034239666840861202 0.067734440491233658 0.050862978120091301
leaf_weight=29670.174569606781 41465.979336157441 11890.2145819664 91.872136473655701 378.50198815762997 178.24337023496628 143.45234301686287 81.803482726216316 64.925770610570908 47.223171591758728 200.73127302527428 86.630709633231163 362.32321158051491 86.647637039422989 10868.97090138495
leaf_count=149465 88002 59303 297 829 888 309 400 300 100 942 186 1808 201 23246
internal_value=0.0132753 -0.0151705 0.00723038 -0.0314484 0.0499126 -0.0321773 0.0502699 0.050438 -0.0325825 -0.0327126 -0.00230995 -0.0330015 -0.0141852 0.0505235
internal_weight=95617.7 53826.7 23229.6 12268.7 41791 30597.2 41612.7 41530.9 30453.7 30406.5 287.362 30119.1 448.971 10960.8
internal_count=326276 236686 83675 60132 89590 153011 88702 88302 152702 152602 1128 151474 2009 23543
is_linear=0
shrinkage=0.025


Tree=11
num_leaves=15
num_cat=0
split_feature=239 4 3 5 0 38 10 24 33 19 3 12 3 24
split_gain=151648 31723.7 59402.2 4021.19 1882.05 898.411 700.043 567.335 492.038 419.773 626.942 330.205 752.222 230.822
threshold=1.0000000180025095e-35 1.0000000180025095e-35 -5.4999999999999991 1.0000000180025095e-35 1.0000000180025095e-35 42.500000000000007 -3.4999999999999996 194.50000000000003 4.5000000000000009 1.0000000180025095e-35 -5.4999999999999991 -3.5481749773025508 -1.4999999999999998 195.50000000000003
decision_type=2 2 2 2 2 2 2 2 2 2 2 2 2 2
left_child=1 8 3 -3 5 6 -2 -4 9 11 -11 12 -1 -8
right_child=4 2 7 -5 -6 -7 13 -9 -10 10 -12 -13 -14 -15
leaf_value=-0.033402490328531487 -0.031939552943319544 -0.033728288184559217 -0.035778356321153747 0.048660101627864188 -0.032479468287326833 -0.033200748297655701 -0.028722812768633612 0.049576477754325242 0.04649464663414489 -0.033439410243107356 0.040361653141632509 -0.032536361771424757 0.051702832274572653 0.049342047309108052
leaf_weight=195.07604986429214 64.129950985312462 11708.077651560307 46.552867233753204 379.55647364258766 175.61124530434608 80.625323712825775 21.478966504335403 10927.120662435889 47.248882055282593 165.29371185600758 122.61166429519653 29513.953970700502 93.493514209985733 41450.560569047928
leaf_count=1000 300 59303 199 829 888 400 100 23344 100 829 304 150578 200 87902
internal_value=0.0130258 -0.0149707 0.00709753 -0.0311278 0.0486627 0.049008 0.0491706 0.0492024 -0.0318572 -0.0319857 -0.00183134 -0.0322759 -0.00549524 0.0492989
internal_weight=94991.4 53199 23061.3 12087.6 41792.4 41616.8 41536.2 10973.7 30137.7 30090.4 287.905 29802.5 288.57 41472
internal_count=326276 236686 83675 60132 89590 88702 88302 23543 153011 152911 1133 151778 1200 88002
is_linear=0
shrinkage=0.025


Tree=12
num_leaves=15
num_cat=0
split_feature=239 241 150 23 23 35 12 0 37 37 39 234 25 39
split_gain=144408 26243.6 4866.44 4484.48 2225.79 2182.06 2250.86 1787.35 1583.65 1419.07 1406.61 1035.21 986.114 939.095
threshold=1.0000000180025095e-35 1.0000000180025095e-35 1.0000000180025095e-35 12.500000000000002 8.5000000000000018 184.50000000000003 64.974395751953139 1.0000000180025095e-35 48.500000000000007 27.500000000000004 180.50000000000003 1.0000000180025095e-35 81.500000000000014 164.50000000000003
decision_type=2 2 2 2 2 2 2 2 2 2 2 2 2 2
left_child=1 2 8 4 -3 6 12 13 11 -7 -5 -1 -6 -2
right_child=7 3 -4 10 5 9 -8 -9 -10 -11 -12 -13 -14 -15
leaf_value=-0.032269910716041794 0.048011159407610776 0.039617900886022614 0.047595521042361102 0.026566147006904448 -0.014573267951527802 -0.023068602962113285 0.0137241777732704 -0.032162434458818757 0.051074315792206906 0.021676782477152316 -0.03112299390045617 0.019848513112285276 0.00956230961623461 -0.033045727861121879
leaf_weight=29066.623482525349 41481.837906733155 792.18902242183685 492.31080566346645 5785.5604704916477 4248.6779056191444 3956.7233317792416 5661.7285882234573 172.97156178951263 141.87316796183586 495.83253382146358 273.96201711893082 237.70276153087616 1404.8870078027248 87.209067180752754
leaf_count=150631 88302 1919 1052 16772 19051 18888 19393 888 302 1516 1414 757 4991 400
internal_value=0.0127907 -0.0147794 -0.0301337 0.00554322 -0.00118987 -0.00324882 0.00258392 0.0475037 -0.0314388 -0.0180689 0.0239397 -0.0318443 -0.00856937 0.0478381
internal_weight=94300.1 52558.1 29938.5 22619.6 16560 15767.8 11315.3 41742 29446.2 4452.56 6059.52 29304.3 5653.56 41569
internal_count=326276 236686 152742 83944 65758 63839 43435 89590 151690 20404 18186 151388 24042 88702
is_linear=0
shrinkage=0.025


Tree=13
num_leaves=15
num_cat=0
split_feature=37 22 150 23 40 22 35 38 33 12 0 234 35 9
split_gain=130300 20475.4 4329.91 4135.71 4037.83 2800.24 2809.14 2498.45 7669.29 2148.68 1707.51 1406.45 1390.48 1117.03
threshold=29.500000000000004 -1.0000000180025095e-35 1.0000000180025095e-35 12.500000000000002 12.500000000000002 1.5000000000000002 184.50000000000003 22.500000000000004 1.0000000180025095e-35 64.974395751953139 1.0000000180025095e-35 1.0000000180025095e-35 188.50000000000003 1.5000000000000002
decision_type=2 2 2 2 2 2 2 2 2 2 2 2 2 2
left_child=1 2 7 5 10 6 9 8 -1 -3 -2 -9 -5 -10
right_child=4 3 -4 12 -6 -7 -8 11 13 -11 -12 -13 -14 -15
leaf_value=-0.028905643181118931 0.046801859325596828 -0.0093121437044976288 0.046506753557382978 0.027106323174768146 -0.031477937136390431 0.035190735827990025 -0.02283967332864285 -0.033156352965394764 0.037624284433971873 0.012768237406460218 -0.032748748136115217 0.038150761057488214 -0.010270137359451044 -0.032712291808583656
leaf_weight=6282.8856310993433 40811.804941400886 5517.246023491025 489.81192390620708 5173.0114577263594 417.22431465983391 1178.1753320395947 3960.2319072633982 21674.043888434768 1528.1419453322887 5494.078311637044 167.00008043646812 171.57788634300232 704.43237835168839 152.77682830393314
leaf_count=32208 87307 23739 1047 14751 2148 3033 19089 114917 4016 18888 873 424 3030 806
internal_value=0.0125461 -0.013672 -0.027005 0.00466825 0.0456862 -0.00186624 -0.00479054 -0.0282183 -0.0162154 0.00170303 0.0464747 -0.03259 0.0226194 0.0311697
internal_weight=93722.4 52326.4 30299.2 22027.2 41396 16149.7 14971.6 29809.4 7963.8 11011.3 40978.8 21845.6 5877.44 1680.92
internal_count=326276 235948 153418 82530 90328 64749 61716 152371 37030 42627 88180 115341 17781 4822
is_linear=0
shrinkage=0.025


Tree=14
num_leaves=15
num_cat=0
split_feature=239 188 3 5 5 0 37 38 11 24 37 3 0 40
split_gain=131501 24614.6 55139.5 5936.69 2795.38 1622.2 1486.2 819.005 662.474 530.279 506.768 1340.53 476.517 317.162
threshold=1.0000000180025095e-35 1.0000000180025095e-35 -5.4999999999999991 1.0000000180025095e-35 1.0000000180025095e-35 1.0000000180025095e-35 48.500000000000007 42.500000000000007 5.5000000000000009 197.50000000000003 32.500000000000007 -1.0000000180025095e-35 1.0000000180025095e-35 5.5000000000000009
decision_type=2 2 2 2 2 2 2 2 2 2 2 2 2 2
left_child=1 3 4 6 -3 7 10 8 -2 -4 -1 -12 13 -11
right_child=5 2 9 -5 -6 -7 -8 -9 -10 12 11 -13 -14 -15
leaf_value=-0.032109289666001815 0.0460320431231954 -0.033319671979033731 -0.035233671583525472 0.045385233171878821 0.046881672367801143 -0.031591881339681056 0.048558988246107881 -0.033021254751572755 -0.03243245875698627 0.048168806182235707 -0.033075505667674664 0.059775981059314802 -0.031328235855523488 0.016799610636769689
leaf_weight=27774.498231932521 41198.296929344535 11716.392715707421 46.642305940389633 643.02750796079636 275.28917929530144 167.85363695025444 142.23657429218292 79.978251755237579 65.017700210213661 10282.007293969393 324.91237111389637 135.06761002540588 45.797789677977562 212.15665397047997
leaf_count=148931 88002 60507 202 1383 605 888 302 400 300 21901 1722 301 225 607
internal_value=0.0123116 -0.0143364 0.00523835 -0.029566 -0.0314652 0.0454342 -0.0312699 0.0457498 0.0459055 0.0468127 -0.0316781 -0.00554612 0.0471881 0.047542
internal_weight=93109.2 51598 22578.3 29019.7 11991.7 41511.1 28376.7 41343.3 41263.3 10586.6 28234.5 459.98 10540 10494.2
internal_count=326276 236686 84047 152639 61112 89590 151256 88702 88302 22935 150954 2023 22733 22508
is_linear=0
shrinkage=0.025


Tree=15
num_leaves=15
num_cat=0
split_feature=37 4 3 3 5 38 33 3 0 6 37 3 39 33
split_gain=118769 22415.9 51557.7 4774.74 3566.56 2922.47 6500.67 1870.72 1546.37 1299.39 1087.54 900.355 762.381 526.316
threshold=29.500000000000004 1.0000000180025095e-35 -5.4999999999999991 -3.4999999999999996 1.0000000180025095e-35 22.500000000000004 1.0000000180025095e-35 -3.4999999999999996 1.0000000180025095e-35 -1.0000000180025095e-35 15.500000000000002 1.0000000180025095e-35 164.50000000000003 1.0000000180025095e-35
decision_type=2 2 2 2 2 2 2 2 2 2 2 2 2 2
left_child=1 5 4 13 -3 6 9 -8 -5 -1 -11 12 -9 -2
right_child=3 2 -4 8 -6 -7 7 11 -10 10 -12 -13 -14 -15
leaf_value=-0.032058328017203395 -0.032139798679165256 -0.033037099727793798 0.046301870772423689 0.045199318781573072 0.045620237506375984 -0.032548164420325647 -0.029849691483760113 0.044426362909947031 -0.032183438548863769 -0.021191898109103421 0.037396022976729865 -0.032121172698469418 -0.025119339327259391 0.022024378010541149
leaf_weight=5398.4489216208458 553.63503162562847 11173.646572649479 10362.924067229033 40224.85788962245 369.50913625955582 21043.44808986783 332.57752513885498 1460.7001742273569 159.69084326922894 506.49751897156239 320.8543566763401 114.40167817473412 103.28087756037712 137.5638959556818
leaf_count=29293 2858 58712 22282 86204 807 115283 1730 3432 862 2586 779 600 444 404
internal_value=0.0121124 -0.0132965 0.00582917 0.0437749 -0.0305058 -0.0276055 -0.0149675 0.024079 0.0448903 -0.0275892 0.00155193 0.0348143 0.0397785 -0.0212753
internal_weight=92262 51186.3 21906.1 41075.7 11543.2 29280.2 8236.76 2010.96 40384.5 6225.8 827.352 1678.38 1563.98 691.199
internal_count=326276 235948 81801 90328 59519 154147 38864 6206 87066 32658 3365 4476 3876 3262
is_linear=0
shrinkage=0.025


Tree=16
num_leaves=15
num_cat=0
split_feature=239 241 3 5 5 0 37 38 10 37 3 0 3 32
split_gain=120108 23105.8 50714.7 5524.65 2574.98 1478.78 1383.56 747.005 636.302 463.388 1252.73 453.835 238.633 333.675
threshold=1.0000000180025095e-35 1.0000000180025095e-35 -4.4999999999999991 1.0000000180025095e-35 1.0000000180025095e-35 1.0000000180025095e-35 48.500000000000007 42.500000000000007 -3.4999999999999996 32.500000000000007 -1.0000000180025095e-35 1.0000000180025095e-35 -5.4999999999999991 1.5000000000000002
decision_type=2 2 2 2 2 2 2 2 2 2 2 2 2 2
left_child=1 3 4 6 12 7 9 8 -2 -1 -11 -4 -3 -14
right_child=5 2 11 -5 -6 -7 -8 -9 -10 10 -12 -13 13 -15
leaf_value=-0.031568241168578863 -0.032557185075223385 -0.03273442871086376 0.045569702498562327 0.043516399019796911 0.04445067139612565 -0.031060703098748772 0.046363338438028472 -0.032402850494423166 0.044184968759622273 -0.032588405128470048 0.056375262821301231 -0.032119093317740564 0.053372131776357704 -0.037583484706150978
leaf_weight=26869.109314620495 65.255347445607185 11344.710996076465 10374.622049450874 638.16934934258461 276.34064400196075 162.72584570944309 141.94884088635445 77.628776356577873 40808.584276437759 333.51909047365189 137.06669943034649 44.857417583465576 46.115169584751129 48.68705315887928
leaf_count=148931 300 60507 22306 1384 608 888 302 400 88002 1824 301 223 100 200
internal_value=0.0119235 -0.0140017 0.00510327 -0.0290406 -0.0305781 0.043612 -0.030731 0.0439115 0.0440595 -0.0311372 -0.00643035 0.0452237 -0.0324039 0.00668494
internal_weight=91369.3 50255.1 22135.3 28119.8 11715.9 41114.2 27481.6 40951.5 40873.8 27339.7 470.586 10419.5 11439.5 94.8022
internal_count=326276 236686 83944 152742 61415 89590 151358 88702 88302 151056 2125 22529 60807 300
is_linear=0
shrinkage=0.025


Tree=17
num_leaves=15
num_cat=0
split_feature=37 4 3 3 5 38 33 3 6 36 3 39 24 30
split_gain=108686 20990.1 47342.2 4360.07 3287.31 2799.78 6063.22 1715.94 1240.83 1010.32 823.147 736.079 516.232 501.036
threshold=29.500000000000004 1.0000000180025095e-35 -4.4999999999999991 -3.4999999999999996 1.0000000180025095e-35 22.500000000000004 1.0000000180025095e-35 -3.4999999999999996 -1.0000000180025095e-35 111.50000000000001 1.0000000180025095e-35 164.50000000000003 194.50000000000003 9.5000000000000018
decision_type=2 2 2 2 2 2 2 2 2 2 2 2 2 2
left_child=1 5 4 -2 -3 6 8 -8 -1 -10 11 -9 -4 -11
right_child=3 2 12 -5 -6 -7 7 10 9 13 -12 -13 -14 -15
leaf_value=-0.031532714306185421 -0.02083771294250306 -0.032138316796393021 -0.035998424709156984 0.043170289256782693 0.043438573128278431 -0.032046815306175376 -0.029261278985925156 0.042815433967859362 -0.032213980719679257 0.043234893993287192 -0.03155834355903208 -0.025389077655741533 0.045064881355792855 -0.0093792499806143077
leaf_weight=5220.6379597485065 674.20562288165092 10904.15015052259 46.914857268333435 39928.683517381549 369.18544815480709 20338.202282369137 322.6559576690197 1449.3976180702448 325.88640280067921 312.61065335571766 110.81376449763775 103.73179280757904 10150.05156044662 173.81323000788689
leaf_count=29293 3262 59006 200 87066 810 115283 1730 3432 1808 787 600 444 21785 770
internal_value=0.0117449 -0.0129951 0.00565139 0.0421054 -0.0296502 -0.0271128 -0.0145894 0.0232606 -0.0270626 0.00164634 0.0334945 0.0382039 0.044679 0.024441
internal_weight=90430.9 49828.1 21470.3 40602.9 11273.3 28357.7 8019.55 1986.6 6032.95 812.31 1663.94 1553.13 10197 486.424
internal_count=326276 235948 81801 90328 59816 154147 38864 6206 32658 3365 4476 3876 21985 1557
is_linear=0
shrinkage=0.025


Tree=18
num_leaves=15
num_cat=0
split_feature=37 4 3 3 5 38 33 3 0 6 36 3 39 33
split_gain=104068 20313.9 45419.6 4171.54 3200.74 2737.09 5846.37 1639.99 1427.53 1209.33 970.207 785.336 701.464 497.924
threshold=29.500000000000004 1.0000000180025095e-35 -5.4999999999999991 -3.4999999999999996 1.0000000180025095e-35 22.500000000000004 1.0000000180025095e-35 -3.4999999999999996 1.0000000180025095e-35 -1.0000000180025095e-35 111.50000000000001 1.0000000180025095e-35 164.50000000000003 1.0000000180025095e-35
decision_type=2 2 2 2 2 2 2 2 2 2 2 2 2 2
left_child=1 5 4 13 -3 6 9 -8 -5 -1 -11 12 -9 -2
right_child=3 2 -4 8 -6 -7 7 11 -10 10 -12 -13 -14 -15
leaf_value=-0.031282678011258773 -0.03142546881967484 -0.032210064800608208 0.043456366595447521 0.042679028296881936 0.042603130181188997 -0.031807104521948674 -0.028968421341681195 0.041859712533385246 -0.032032785652872264 -0.031962700321178178 0.02384680232524521 -0.031290356037705212 -0.024972281674382667 0.021580569487596082
leaf_weight=5131.9473557174206 531.73495043814182 10632.007288187742 10238.666926637292 39503.407096013427 367.06804451346397 19983.677413970232 317.86073119938374 1445.5426975786686 158.0806605219841 320.33074124157429 486.14952890574932 109.01708115637302 102.88729026913643 136.83116684854031
leaf_count=29293 2858 58712 22282 86204 807 115283 1730 3432 862 1808 1557 600 444 404
internal_value=0.0115739 -0.0128536 0.00556842 0.0413339 -0.0297001 -0.026878 -0.0144205 0.0228056 0.0423782 -0.0268125 0.0016123 0.0327841 0.0373632 -0.0204919
internal_weight=89465.2 49135.2 21237.7 40330.1 10999.1 27897.4 7913.74 1975.31 39661.5 5938.43 806.48 1657.45 1548.43 668.566
internal_count=326276 235948 81801 90328 59519 154147 38864 6206 87066 32658 3365 4476 3876 3262
is_linear=0
shrinkage=0.025


Tree=19
num_leaves=15
num_cat=0
split_feature=239 241 3 150 225 0 37 234 10 24 37 3 0 3
split_gain=105514 20993.5 44838.7 3783.73 1866.88 1369.31 1234.18 833.216 608.339 493.502 437.603 1114.76 417.236 349.8
threshold=1.0000000180025095e-35 1.0000000180025095e-35 -5.4999999999999991 1.0000000180025095e-35 3.5000000000000004 1.0000000180025095e-35 48.500000000000007 1.0000000180025095e-35 -3.4999999999999996 197.50000000000003 32.500000000000007 -1.0000000180025095e-35 1.0000000180025095e-35 1.0000000180025095e-35
decision_type=2 2 2 2 2 2 2 2 2 2 2 2 2 2
left_child=1 3 4 6 -3 8 7 10 -2 -4 -1 -12 -11 -9
right_child=5 2 9 -5 -6 -7 -8 13 -10 12 11 -13 -14 -15
leaf_value=-0.030842986239597643 -0.03294497775427014 -0.031564245642435561 -0.036180572733035335 0.041278638884112644 0.042128703139811319 -0.030915904591987804 0.043582799432693831 -0.024740359758798642 0.041691979588745334 0.042952215331090074 -0.031918741308234334 0.05240428437623941 -0.031258366589030272 0.039585335777317869
leaf_weight=25450.291671559215 65.928138822317123 10849.099102377892 47.444281652569771 476.64897400140762 216.42719234526157 161.14792148768902 140.49952685832977 77.878591433167458 40050.890996351838 10272.335308983922 315.47736191749573 138.47715854644775 45.178201675415039 149.45846033096313
leaf_count=148525 300 60610 202 1052 502 888 302 425 88402 22406 1806 300 224 332
internal_value=0.0114123 -0.0135521 0.00488363 -0.0283223 -0.0301096 0.0412733 -0.0295905 -0.0299899 0.0415662 0.0422424 -0.0304087 -0.00596643 0.0426158 0.0174056
internal_weight=88457.2 48179.2 21430.5 26748.7 11065.5 40278 26272.1 26131.6 40116.8 10365 25904.2 453.955 10317.5 227.337
internal_count=326276 236686 83944 152742 61112 89590 151690 151388 88702 22832 150631 2106 22630 757
is_linear=0
shrinkage=0.025


Tree=20
num_leaves=15
num_cat=0
split_feature=239 4 3 5 234 37 3 39 38 10 24 19 3 3
split_gain=101196 23753.9 43046.2 3088.27 1310.44 1207.62 1481.08 820.387 668.08 588.56 471.626 354.203 489.502 204.343
threshold=1.0000000180025095e-35 1.0000000180025095e-35 -4.4999999999999991 1.0000000180025095e-35 1.0000000180025095e-35 32.500000000000007 -3.4999999999999996 164.50000000000003 42.500000000000007 -3.4999999999999996 194.50000000000003 1.0000000180025095e-35 -5.4999999999999991 -5.4999999999999991
decision_type=2 2 2 2 2 2 2 2 2 2 2 2 2 2
left_child=1 5 3 13 7 11 -7 8 9 -2 -4 -1 -13 -3
right_child=4 2 10 -5 -6 6 -8 -9 -10 -11 -12 12 -14 -15
leaf_value=-0.030580544302819174 -0.03252981783034227 -0.031737800565660682 -0.035567838100918951 0.041333634611488326 -0.030650205377922613 -0.031565072758503836 0.046892156111536826 -0.033862074975922571 -0.031930943174945194 0.041305081725533342 0.042327607522682338 -0.031498236048828586 0.036607081772310472 0.0049529041292160052
leaf_weight=25183.350015729666 65.148418247699738 10390.052569314837 46.334625542163849 375.16264063119888 158.35288992524147 314.02820636332035 282.9727181494236 89.139885514974594 75.833194181323051 39557.05763207376 10528.560280054808 145.63991132378578 115.53712061047554 93.794228062033653
leaf_count=149465 300 59303 199 832 887 1827 616 400 401 87602 23047 816 287 294
internal_value=0.0112585 -0.0134134 0.00607731 -0.0288798 0.0405805 -0.0294554 0.00562976 0.0408669 0.0410379 0.0411806 0.0419739 -0.0302801 -0.00120221 -0.0314058
internal_weight=87421 47475.4 21433.9 10859 39945.5 26041.5 597.001 39787.2 39698 39622.2 10574.9 25444.5 261.177 10483.8
internal_count=326276 236686 83675 60429 89590 153011 2443 88703 88303 87902 23246 150568 1103 59597
is_linear=0
shrinkage=0.025


Tree=21
num_leaves=15
num_cat=0
split_feature=239 4 3 5 0 37 3 39 38 11 24 19 3 3
split_gain=97138.2 23009.5 41366.4 2982.5 1258.29 1174.03 1420.07 787.672 639.695 565.166 452.406 345.981 469.593 200.431
threshold=1.0000000180025095e-35 1.0000000180025095e-35 -4.4999999999999991 1.0000000180025095e-35 1.0000000180025095e-35 32.500000000000007 -3.4999999999999996 164.50000000000003 42.500000000000007 5.5000000000000009 194.50000000000003 1.0000000180025095e-35 -5.4999999999999991 -5.4999999999999991
decision_type=2 2 2 2 2 2 2 2 2 2 2 2 2 2
left_child=1 5 3 13 7 11 -7 8 9 -2 -4 -1 -13 -3
right_child=4 2 10 -5 -6 6 -8 -9 -10 -11 -12 12 -14 -15
leaf_value=-0.030354425324041829 0.040645163982843284 -0.031499055601204043 -0.035059272022355571 0.040513759795955055 -0.030396694015350136 -0.031337762115915782 0.045868755693491685 -0.033423871373728424 -0.03164814966275669 -0.03212964618086326 0.041583111385591107 -0.03124783146096204 0.035695189885728014 0.0048299953338994195
leaf_weight=24742.250958561897 39198.862943902612 10209.380583837628 45.880807027220726 373.27012485265732 155.92385224997997 308.48984916508198 282.13118176162243 88.103234231472015 74.462885901331902 64.358165204524994 10450.168157726526 143.1916917860508 115.60214368999004 93.852074831724167
leaf_count=149465 87602 59303 199 832 888 1827 616 400 400 300 23047 816 287 294
internal_value=0.0111133 -0.0132813 0.00599716 -0.0286454 0.039934 -0.0292305 0.00554599 0.040215 0.0403831 0.0405228 0.0412358 -0.0300536 -0.00118279 -0.0311644
internal_weight=86345.9 46764.2 21172.6 10676.5 39581.7 25591.7 590.621 39425.8 39337.7 39263.2 10496 25001 258.794 10303.2
internal_count=326276 236686 83675 60429 89590 153011 2443 88702 88302 87902 23246 150568 1103 59597
is_linear=0
shrinkage=0.025


Tree=22
num_leaves=15
num_cat=0
split_feature=239 4 3 5 234 37 3 39 38 24 19 3 185 39
split_gain=93303 22291.6 39775.4 2881.41 1206.3 1141.35 1362.98 756.773 615.784 434.298 337.959 450.714 324.052 208.866
threshold=1.0000000180025095e-35 1.0000000180025095e-35 -4.4999999999999991 1.0000000180025095e-35 1.0000000180025095e-35 32.500000000000007 -2.4999999999999996 164.50000000000003 42.500000000000007 194.50000000000003 1.0000000180025095e-35 -5.4999999999999991 1.0000000180025095e-35 139.50000000000003
decision_type=2 2 2 2 2 2 2 2 2 2 2 2 2 2
left_child=1 5 3 -3 7 10 -7 8 12 -4 -1 -12 -2 -14
right_child=4 2 9 -5 -6 6 -8 -9 -10 -11 11 -13 13 -15
leaf_value=-0.030135299598993737 0.040021875795269529 -0.03093125513213579 -0.03457230647553499 0.039738232968300334 -0.03014694758333299 -0.030844115271364186 0.045218945011416913 -0.033002435315505743 -0.031377750766804054 0.040881024770655597 -0.031005915969600187 0.034826570353862711 0.036934995507834543 -0.031743517775524303
leaf_weight=24304.640777364373 38774.640105336905 10123.648691639304 45.412036925554276 371.12621583044529 153.16118767857552 305.24513353407383 278.77074383199215 87.049181923270226 73.442193359136581 10365.014736801386 140.75527083873749 115.59801083803177 44.29644101858139 63.559056207537651
leaf_count=149465 87502 59597 199 832 887 1834 609 400 401 23047 816 287 100 300
internal_value=0.0109751 -0.0131542 0.00592081 -0.0284191 0.0393232 -0.0290127 0.00546634 0.0395986 0.039764 0.0405396 -0.0298341 -0.00116406 0.0399015 -0.0030754
internal_weight=85246.4 46050.2 20905.2 10494.8 39196.1 25145 584.016 39043 38955.9 10410.4 24561 256.353 38882.5 107.855
internal_count=326276 236686 83675 60429 89590 153011 2443 88703 88303 23246 150568 1103 87902 400
is_linear=0
shrinkage=0.025


Tree=23
num_leaves=15
num_cat=0
split_feature=37 22 3 5 3 38 6 5 3 0 40 39 24 0
split_gain=84752.7 14853.3 37195.1 3960.39 3411.98 2181.96 4961.35 2038.27 1981.59 1165.75 864.964 688.273 418.137 338.124
threshold=29.500000000000004 -1.0000000180025095e-35 -5.4999999999999991 1.0000000180025095e-35 -3.4999999999999996 22.500000000000004 -1.0000000180025095e-35 1.0000000180025095e-35 1.0000000180025095e-35 1.0000000180025095e-35 8.5000000000000018 164.50000000000003 198.50000000000003 1.0000000180025095e-35
decision_type=2 2 2 2 2 2 2 2 2 2 2 2 2 2
left_child=1 3 7 5 -2 6 -1 -3 11 -6 -10 -8 -4 -14
right_child=4 2 12 -5 9 -7 8 -9 10 -11 -12 -13 13 -15
leaf_value=-0.02744934383441865 -0.019734342798466323 -0.030980652551926724 -0.034237344010000247 0.038213458735747635 0.039366977453118734 -0.03081280540663486 0.039587691966162172 0.038762523620685344 -0.031204084456454735 -0.030923033503083692 0.092404060050623779 -0.032497692873460798 0.039976243233319685 -0.029860222622984108
leaf_weight=4981.5771511048079 624.10496515035629 9967.0071510970592 45.583962544798851 606.69304886460304 37760.39664798975 18232.041697353125 1322.4465485662222 266.20415645837784 476.99236232042313 145.58325904607773 35.225461170077324 85.723797470331192 9536.3207538127899 41.094057396054268
leaf_count=30609 3262 60009 202 1392 86204 115015 3001 600 2900 862 101 400 21504 215
internal_value=0.0108431 -0.0122227 0.00402201 -0.0247538 0.0381389 -0.0262791 -0.0142913 -0.0291531 0.0198179 0.0390939 -0.0221664 0.0351219 0.0393015 0.0396647
internal_weight=84127 45596.9 19856.2 25740.7 38530.1 25134 6901.97 10233.2 1920.39 37906 512.218 1408.17 9623 9577.41
internal_count=326276 235948 82530 153418 90328 152026 37011 60609 6402 87066 3001 3401 21921 21719
is_linear=0
shrinkage=0.025


Tree=24
num_leaves=15
num_cat=0
split_feature=239 241 3 150 42 234 37 3 234 38 10 24 234 3
split_gain=86216.9 17953.5 36935 3187.67 1542.17 1115.06 1055.18 1274.01 743.799 566.983 526.701 406.554 348.994 270.244
threshold=1.0000000180025095e-35 1.0000000180025095e-35 -4.4999999999999991 1.0000000180025095e-35 16.500000000000004 1.0000000180025095e-35 32.500000000000007 -1.4999999999999998 1.0000000180025095e-35 42.500000000000007 -3.4999999999999996 197.50000000000003 1.0000000180025095e-35 1.0000000180025095e-35
decision_type=2 2 2 2 2 2 2 2 2 2 2 2 2 2
left_child=1 3 4 6 -3 9 8 -8 -1 10 -2 -4 -13 -10
right_child=5 2 11 -5 -6 -7 7 -9 13 -11 -12 12 -14 -15
leaf_value=-0.029753508556333831 -0.031838651013769488 -0.030023764226745509 -0.033786744519640831 0.0380537312629569 0.039335481215555794 -0.029700831478124981 -0.030931388700380848 0.043595903817394872 -0.022743379277197228 -0.030876218448723985 0.038713301519946106 0.039772348810263869 -0.030808598952817262 0.036565027908836832
leaf_weight=23278.545188635588 63.76097384095192 10044.305303752422 45.083408206701279 455.35175387561321 201.65648300945759 148.13187536597252 293.35643050074577 274.5627444088459 68.690381929278374 71.094829753041267 38087.596440538764 9779.5218842476606 41.528030410408974 142.46975660324097
leaf_count=148525 300 60944 202 1052 471 887 1824 605 406 401 88002 22106 221 330
internal_value=0.0107163 -0.0129106 0.00459455 -0.0272728 -0.0286451 0.0381939 -0.0285149 0.00509509 -0.0293291 0.03846 0.0385922 0.0391146 0.039462 0.0171069
internal_weight=82995.7 44625.1 20112.1 24513 10246 38370.6 24057.6 567.919 23489.7 38222.5 38151.4 9866.13 9821.05 211.16
internal_count=326276 236686 83944 152742 61415 89590 151690 2429 149261 88703 88302 22529 22327 736
is_linear=0
shrinkage=0.025


Tree=25
num_leaves=15
num_cat=0
split_feature=239 4 3 5 234 37 40 39 38 11 24 19 3 35
split_gain=82945.8 20298.9 35500.7 2661.65 1072.23 1046.52 1219.44 709.492 548.154 509.443 382.872 315.572 403.817 191.845
threshold=1.0000000180025095e-35 1.0000000180025095e-35 -5.4999999999999991 1.0000000180025095e-35 1.0000000180025095e-35 32.500000000000007 5.5000000000000009 164.50000000000003 42.500000000000007 5.5000000000000009 194.50000000000003 1.0000000180025095e-35 -5.4999999999999991 208.50000000000003
decision_type=2 2 2 2 2 2 2 2 2 2 2 2 2 2
left_child=1 5 3 -3 7 11 -7 8 9 -2 -4 -1 -13 -12
right_child=4 2 10 -5 -6 6 -8 -9 -10 -11 13 12 -14 -15
leaf_value=-0.029518175798144936 0.038347938192417483 -0.030633779081326404 -0.033238396623672138 0.038091591517279894 -0.029473336742695921 0.04242552266998259 -0.030637075505187312 -0.03268680302714299 -0.030630429621860401 -0.03146248109423766 0.038902575865444211 -0.030344736432570907 0.032859212043111201 -0.019188497651982939
leaf_weight=23015.664228618145 37571.311673000455 9506.0600895881653 43.933224037289619 362.97356040775776 145.59844246506691 276.91321270167828 288.27469936013222 86.196199089288712 69.91264308989048 62.956240653991699 10137.919395253062 133.70919847488403 114.42137858271599 33.419750347733498
leaf_count=149465 87602 59303 199 829 887 619 1824 400 401 300 23221 816 287 123
internal_value=0.010595 -0.0127957 0.0057171 -0.0280928 0.0376709 -0.0283991 0.00515087 0.0379325 0.0380972 0.038228 0.0383821 -0.0292158 -0.00105535 0.0387036
internal_weight=81849.3 43913.3 20084.3 9869.03 37936 23829 565.188 37790.4 37704.2 37634.3 10215.3 23263.8 248.131 10171.3
internal_count=326276 236686 83675 60132 89590 153011 2443 88703 88303 87902 23543 150568 1103 23344
is_linear=0
shrinkage=0.025


Tree=26
num_leaves=15
num_cat=0
split_feature=239 4 24 23 23 39 0 37 40 39 27 39 12 38
split_gain=79848.6 19675.4 2293.32 1849.14 1909.02 1163.06 1032.99 1017.44 1172.92 775.624 696.353 683.34 631.869 526.6
threshold=1.0000000180025095e-35 1.0000000180025095e-35 197.50000000000003 12.500000000000002 8.5000000000000018 175.50000000000003 1.0000000180025095e-35 32.500000000000007 5.5000000000000009 180.50000000000003 0.47789387404918676 164.50000000000003 52.280015945434577 42.500000000000007
decision_type=2 2 2 2 2 2 2 2 2 2 2 2 2 2
left_child=1 7 -3 4 -4 10 11 -1 -9 -5 12 13 -6 -2
right_child=6 2 3 9 5 -7 -8 8 -10 -11 -12 -13 -14 -15
leaf_value=-0.029020732849152769 0.037727191969338124 -0.028824574222346463 0.033435704041599672 0.022313510103845378 -0.0096428353993022638 -0.028727118951366773 -0.029254201089076205 0.041663154177175206 -0.030443315333173772 -0.02780370623731698 0.018326675008757693 -0.032292615684986446 0.0038996754223942619 -0.030390737203884823
leaf_weight=22840.0951192379 37186.085955500603 1133.4222441017628 1162.1231953501701 5013.7710643410683 3121.9055028706789 821.49302116036415 143.24556668102741 275.00944517552853 282.94292265176773 197.82003803551197 1428.4801910221577 85.117378175258636 6921.8442970663309 68.577671587467194
leaf_count=150568 87902 7041 2980 15774 16253 5248 888 619 1824 1287 4947 400 30145 400
internal_value=0.0104799 -0.0126862 0.00565313 0.00775213 0.00285146 -4.50804e-05 0.0371783 -0.0282058 0.00508546 0.0203915 0.00201355 0.0374361 -0.000308886 0.0375987
internal_weight=80681.9 43198.9 19800.9 18667.4 13455.8 12293.7 37483 23398 557.952 5211.59 11472.2 37339.8 10043.7 37254.7
internal_count=326276 236686 83675 76634 59573 56593 89590 153011 2443 17061 51345 88702 46398 88302
is_linear=0
shrinkage=0.025


Tree=27
num_leaves=15
num_cat=0
split_feature=239 4 24 23 23 39 0 37 33 39 39 5 38 38
split_gain=76879.4 19113.3 2206.36 1763.8 1833.04 1124.11 994.481 988.798 1129.14 741.268 658.428 616.754 589.028 984.181
threshold=1.0000000180025095e-35 1.0000000180025095e-35 197.50000000000003 12.500000000000002 8.5000000000000018 175.50000000000003 1.0000000180025095e-35 32.500000000000007 1.0000000180025095e-35 180.50000000000003 164.50000000000003 1.0000000180025095e-35 15.500000000000002 5.5000000000000009
decision_type=2 2 2 2 2 2 2 2 2 2 2 2 2 2
left_child=1 7 -3 4 -4 11 10 -1 -9 -5 -2 12 13 -6
right_child=6 2 3 9 5 -7 -8 8 -10 -11 -12 -13 -14 -15
leaf_value=-0.028824586213525162 0.037121521470165605 -0.028586149096048282 0.032900795161618798 0.021808986972905425 -0.010630953499493785 -0.028499333974484366 -0.029038895783175912 -0.029969198648514106 0.041247410913098567 -0.027583641601158976 -0.031912385392499083 0.037622527965312617 -0.0096143303630181892 0.0089317597593749198
leaf_weight=22425.86836630106 36795.9327390939 1114.5665186941624 1151.6724783629179 5001.735637113452 2128.3048287928104 807.55709958076477 140.75358371436596 279.97523064911366 270.62182722985744 194.47937361896038 84.027727901935577 292.39275752007961 2517.5783406943083 6527.720148012042
leaf_count=150568 88302 7041 2980 15774 11172 5248 888 1832 611 1287 400 673 12842 26658
internal_value=0.0103401 -0.0125136 0.00552947 0.00757704 0.00278645 -4.46027e-05 0.036707 -0.0280118 0.00502288 0.0199407 0.036961 0.00196423 0.00101903 0.00411686
internal_weight=79733.2 42712.5 19736 18621.4 13425.2 12273.6 37020.7 22976.5 550.597 5196.22 36880 11466 11173.6 8656.02
internal_count=326276 236686 83675 76634 59573 56593 89590 153011 2443 17061 88702 51345 50672 37830
is_linear=0
shrinkage=0.025


Tree=28
num_leaves=15
num_cat=0
split_feature=239 241 3 5 5 37 3 234 39 38 10 24 234 35
split_gain=74046.2 15966.1 33713.8 3696.25 1860.84 967.791 1098.01 956.678 634.654 516.172 504.716 355.389 299.363 217.322
threshold=1.0000000180025095e-35 1.0000000180025095e-35 -5.4999999999999991 1.0000000180025095e-35 1.0000000180025095e-35 32.500000000000007 -1.4999999999999998 1.0000000180025095e-35 164.50000000000003 42.500000000000007 -3.4999999999999996 197.50000000000003 1.0000000180025095e-35 209.50000000000003
decision_type=2 2 2 2 2 2 2 2 2 2 2 2 2 2
left_child=1 3 4 5 -3 -1 -7 8 9 10 -2 -4 13 -13
right_child=7 2 11 -5 -6 6 -8 -9 -10 -11 -12 12 -14 -15
leaf_value=-0.028975030345677978 -0.031977195284486649 -0.030347621004616122 -0.032263835494418254 0.035957538209287307 0.036830345618683966 -0.03019180544130411 0.040823136085087496 -0.028827005818900305 -0.031545243665181771 -0.030443392554937831 0.03691884485109239 0.038136093205691057 -0.028737696750611521 -0.03360495789268541
leaf_weight=21687.566520899534 64.048658579587936 9478.6111531704664 43.125129565596581 573.83955554664135 262.15013775229454 272.18951007723808 266.05431415140629 138.13240651786327 82.92931242287159 68.989113867282867 36197.481231793761 9577.8169407248497 39.801702037453651 23.936499059200287
leaf_count=148931 300 60507 202 1384 605 1824 603 887 400 401 87602 22306 224 100
internal_value=0.0102047 -0.0123453 0.004308 -0.0265339 -0.0285263 -0.0281531 0.00489645 0.0362544 0.0365043 0.036663 0.0367938 0.0373337 0.0376575 0.0379442
internal_weight=78776.7 42225.1 19425.4 22799.6 9740.76 22225.8 538.244 36551.6 36413.4 36330.5 36261.5 9684.68 9641.56 9601.75
internal_count=326276 236686 83944 152742 61112 151358 2427 89590 88703 88303 87902 22832 22630 22406
is_linear=0
shrinkage=0.025


Tree=29
num_leaves=15
num_cat=0
split_feature=37 3 3 40 5 3 5 234 40 10 38 33 37 35
split_gain=67527.2 12269.5 33631.7 5728.84 2854.39 2756.06 2376.28 935.318 676.254 503.376 470.975 397.402 388.194 355.868
threshold=29.500000000000004 -1.0000000180025095e-35 -5.4999999999999991 23.500000000000004 1.0000000180025095e-35 -3.4999999999999996 1.0000000180025095e-35 1.0000000180025095e-35 8.5000000000000018 -4.4999999999999991 42.500000000000007 1.0000000180025095e-35 2.5000000000000004 207.50000000000003
decision_type=2 2 2 2 2 2 2 2 2 2 2 2 2 2
left_child=1 2 6 9 8 11 -1 -7 -3 -4 12 -2 -11 -14
right_child=5 4 3 -5 -6 7 -8 -9 -10 10 -12 -13 13 -15
leaf_value=-0.030146838413600819 -0.029860415501229056 -0.029262278040475487 -0.029238500949400528 -0.028340811182597642 0.03534014454336136 0.036421553588740906 0.036210168283305581 -0.029835179363738043 0.061132733356287897 0.12711527367081588 -0.027599487014379222 0.019482714365364848 0.036820022642333715 -0.032546803385141446
leaf_weight=12201.488727450371 448.87918104231358 17105.665271744132 71.098667129874229 941.14777380228043 439.39383092522621 35115.196454942226 344.11523474752903 131.15427787601948 49.013872191309929 27.366341024637222 68.999066904187202 128.83795863389969 10468.088669762015 43.88456355035305
leaf_count=80925 2858 120130 406 6432 1078 86204 807 862 203 102 405 404 25258 202
internal_value=0.010103 -0.0114985 6.35343e-05 0.0307042 -0.0273781 0.0352836 -0.0283165 0.0361718 -0.0289919 0.0359165 0.0363637 -0.0187694 0.0367926 0.0365189
internal_weight=77584.3 41760.3 24166.2 11620.6 17594.1 35824.1 12545.6 35246.4 17154.7 10679.4 10608.3 577.717 10539.3 10512
internal_count=326276 235948 114537 32805 121411 90328 81732 87066 120333 26373 25967 3262 25562 25460
is_linear=0
shrinkage=0.025


Tree=30
num_leaves=15
num_cat=0
split_feature=239 4 24 23 23 35 12 37 40 234 37 39 39 5
split_gain=68812.8 17472.9 1998 1548.07 1629.91 1189.61 914.098 910.777 1012.38 890.484 780.542 657.76 613.982 494.27
threshold=1.0000000180025095e-35 1.0000000180025095e-35 197.50000000000003 12.500000000000002 8.5000000000000018 184.50000000000003 52.280015945434577 32.500000000000007 5.5000000000000009 1.0000000180025095e-35 27.500000000000004 180.50000000000003 164.50000000000003 1.0000000180025095e-35
decision_type=2 2 2 2 2 2 2 2 2 2 2 2 2 2
left_child=1 7 -3 4 -4 6 -6 -1 -9 12 13 -5 -2 -7
right_child=9 2 3 11 5 10 -8 8 -10 -11 -12 -13 -14 -15
leaf_value=-0.028280170755256358 0.035823534776610787 -0.028043404774943072 0.031617077630711581 0.020785614861685106 -0.0061998113911355167 -0.020080766065137191 0.010726507769886158 0.039089899246528538 -0.029742479265161922 -0.028452209818435482 0.018805139429776668 -0.027013626766250035 -0.031437157041753379 0.034676688618253092
leaf_weight=21203.358862802386 35357.872872695327 1057.3690447062254 1110.8133514523506 4856.8757995069027 3077.9853077232838 2644.3803812712431 5644.9297656267881 265.88304245471954 262.18849478662014 133.39400181174278 412.27020896971226 183.91207741200924 82.478249922394753 104.22566783428192
leaf_count=150568 88303 7041 2980 15774 15913 16372 22671 619 1824 887 1391 1287 400 246
internal_value=0.0100042 -0.0121433 0.00530445 0.00726528 0.00269954 -8.66055e-06 0.00475091 -0.0274724 0.00489246 0.0354201 -0.0131434 0.0190217 0.0356636 -0.0179598
internal_weight=76397.9 40824.2 19092.8 18035.4 12994.6 11883.8 8722.92 21731.4 528.072 35573.7 3160.88 5040.79 35440.4 2748.61
internal_count=326276 236686 83675 76634 59573 56593 38584 153011 2443 89590 18009 17061 88703 16618
is_linear=0
shrinkage=0.025


Tree=31
num_leaves=15
num_cat=0
split_feature=239 4 3 5 37 3 0 39 38 10 24 19 3 40
split_gain=66357.5 16981.3 30971.8 2319.97 885.041 977.381 859.9 592.613 487.996 486.185 336.479 322.192 370.157 189.409
threshold=1.0000000180025095e-35 1.0000000180025095e-35 -4.4999999999999991 1.0000000180025095e-35 32.500000000000007 -3.4999999999999996 1.0000000180025095e-35 164.50000000000003 42.500000000000007 -3.4999999999999996 194.50000000000003 1.0000000180025095e-35 -5.4999999999999991 4.0000000000000009
decision_type=2 2 2 2 2 2 2 2 2 2 2 2 2 2
left_child=1 4 3 -3 11 -6 7 8 9 -2 -4 -1 -13 -12
right_child=6 2 10 -5 5 -7 -8 -9 -10 -11 13 12 -14 -15
leaf_value=-0.02843338944538842 -0.032001818282752698 -0.029654886251634822 -0.031865582523812795 0.03562281258796024 -0.029535933382753413 0.038587993696189746 -0.028259709974796411 -0.03108599829808132 -0.03027255279299354 0.0356855051529235 0.037447622692351606 -0.029175393420244625 0.032993431523726607 0.012829812980013769
leaf_weight=20575.796838879585 63.891777455806732 9012.567321896553 42.114230066537857 350.84137251973152 257.63288827240467 262.77665784955025 131.16006872057915 81.372532144188881 67.983736246824265 34735.146483838558 9403.5864178836346 120.00083838403225 113.55378757417202 206.70143714547157
leaf_count=149465 300 59597 199 832 1827 616 888 400 400 87602 22463 816 287 584
internal_value=0.00988081 -0.0119838 0.00519256 -0.0271957 -0.0272965 0.00483895 0.0350272 0.0352679 0.0354261 0.0355578 0.0366124 -0.028102 0.000980372 0.0369249
internal_weight=75425.1 40345.6 19015.8 9363.41 21329.8 520.41 35079.6 34948.4 34867 34799 9652.4 20809.4 233.555 9610.29
internal_count=326276 236686 83675 60429 153011 2443 89590 88702 88302 87902 23246 150568 1103 23047
is_linear=0
shrinkage=0.025


Tree=32
num_leaves=15
num_cat=0
split_feature=239 4 3 5 0 38 10 38 33 240 24 24 3 48
split_gain=64042.7 16471.6 29896.2 2272.84 829.905 469.037 467.499 410.948 1639.73 1239.17 676.139 321.67 315.202 332.783
threshold=1.0000000180025095e-35 1.0000000180025095e-35 -5.4999999999999991 1.0000000180025095e-35 1.0000000180025095e-35 42.500000000000007 -3.4999999999999996 30.500000000000004 1.0000000180025095e-35 1.0000000180025095e-35 335.50000000000006 194.50000000000003 -5.4999999999999991 0.059476034715771682
decision_type=2 2 2 2 2 2 2 2 2 2 2 2 2 2
left_child=1 7 3 -3 5 6 -2 8 -1 12 -11 -4 -10 -14
right_child=4 2 11 -5 -6 -7 -8 -9 9 10 -12 -13 13 -15
leaf_value=-0.027132419095226123 -0.031620650897697215 -0.029831864902288625 -0.031500820674847586 0.035203794510307508 -0.028068982640200975 -0.030045641030128134 0.035152786071881034 -0.029645308876712337 -0.029275871338673612 0.011959868709204326 0.10967301395519234 0.036155362444500287 -0.013382959222597419 0.023877045068658946
leaf_weight=6048.4518745690584 63.091652363538742 8752.9604453295469 41.578334271907806 346.47003509104252 128.80011805891991 66.822021707892418 34312.861090496182 13859.579665765166 246.33937093615532 81.646949052810669 97.541440799832344 9583.9002391546965 314.40566335618496 280.33616572618484
leaf_count=44092 300 59303 199 829 888 400 88002 103701 1750 303 303 23344 1923 939
internal_value=0.00979049 -0.0118918 0.00514124 -0.027342 0.0346595 0.0348972 0.0350268 -0.0271313 -0.0221882 0.0070918 0.0662174 0.0358508 -0.0056656 0.0041697
internal_weight=74224.8 39653.2 18724.9 9099.43 34571.6 34442.8 34376 20928.3 7068.72 1020.27 179.188 9625.48 841.081 594.742
internal_count=326276 236686 83675 60132 89590 88702 88302 153011 49310 5218 606 23543 4612 2862
is_linear=0
shrinkage=0.025


Tree=33
num_leaves=15
num_cat=0
split_feature=239 4 24 39 24 23 23 37 33 0 29 12 24 39
split_gain=61823.4 15972.5 1803.59 1396.27 951.01 925.666 885.039 854.739 923.225 801.166 721.982 647.202 609.892 581.612
threshold=1.0000000180025095e-35 1.0000000180025095e-35 197.50000000000003 158.50000000000003 319.50000000000006 12.500000000000002 9.5000000000000018 32.500000000000007 1.0000000180025095e-35 1.0000000180025095e-35 24.500000000000004 52.280015945434577 641.50000000000011 164.50000000000003
decision_type=2 2 2 2 2 2 2 2 2 2 2 2 2 2
left_child=1 7 -3 5 -5 6 -4 -1 -9 13 -6 -8 -12 -2
right_child=9 2 3 4 10 -7 11 8 -10 -11 12 -13 -14 -15
leaf_value=-0.027773738391729114 0.034700019063033341 -0.027496096275626353 0.027119453772933445 -0.014319278790744669 0.032197860483061932 0.021391503853234364 -0.006522729681225946 -0.028982445499099719 0.038077722661813355 -0.027882536882777739 -0.010943354494064621 0.0086875458590891623 0.036481305672500165 -0.031130996364020499
leaf_weight=20031.409466564655 33855.245670214295 1000.5111981779337 1163.2050371915102 2722.7392184585333 575.32028985023499 3841.8042775839567 2572.0061301141977 249.83369711041451 257.35761317610741 126.46927158534527 915.22030435502529 5437.5919495224953 204.78238260746002 81.516563668847084
leaf_count=150568 88302 7041 3511 16258 1586 12504 13860 1832 611 888 5254 23166 495 400
internal_value=0.00970204 -0.0118012 0.0050917 0.00696785 -0.00516916 0.0110902 0.00676738 -0.0269621 0.00501985 0.0343035 0.00951082 0.00379956 -0.00217563 0.0345384
internal_weight=73035 38971.8 18433.2 17432.7 4418.06 13014.6 9172.8 20538.6 507.191 34063.2 1695.32 8009.6 1120 33936.8
internal_count=326276 236686 83675 76634 23593 53041 40537 153011 2443 89590 7335 37026 5749 88702
is_linear=0
shrinkage=0.025


Tree=34
num_leaves=15
num_cat=0
split_feature=37 4 3 3 5 3 3 0 6 35 24 30 3 10
split_gain=56564.7 12421.1 27881.8 2347.87 2093 1721.22 5451.94 790.033 485.498 311.754 309.596 271.019 285.02 234.51
threshold=29.500000000000004 1.0000000180025095e-35 -4.4999999999999991 -3.4999999999999996 1.0000000180025095e-35 -1.0000000180025095e-35 -3.4999999999999996 1.0000000180025095e-35 -1.0000000180025095e-35 200.50000000000003 194.50000000000003 4.5000000000000009 -4.4999999999999991 -3.4999999999999996
decision_type=2 2 2 2 2 2 2 2 2 2 2 2 2 2
left_child=1 5 4 11 -3 6 -1 -5 -8 13 -4 -2 -13 -10
right_child=3 2 10 7 -6 -7 8 -9 9 -11 -12 12 -14 -15
leaf_value=-0.02780487440220852 -0.029424318192245238 -0.029248460040038241 -0.030883262382576576 0.034549948054293345 0.034345081576036614 -0.028193535753127687 0.12704461959123034 -0.029089355924896906 -0.029472548288441532 -0.027164127230793412 0.036112640084714646 -0.028133894987135324 0.038306373983750384 0.02967768967419962
leaf_weight=3833.3160974085331 382.68675427138805 8557.3479196727276 40.783457070589066 32673.189124330878 333.38404425978661 15588.115337595344 27.426923051476479 119.82837748527527 40.445660442113876 64.271501988172531 8826.1271681636572 68.720731690526009 89.02962052822113 1424.1548537015915
leaf_count=29153 2656 59006 200 86204 810 120333 101 862 200 312 21785 404 202 4048
internal_value=0.00958751 -0.0109577 0.00442788 0.0334618 -0.0268502 -0.0239815 -0.0117857 0.034314 0.0276326 0.0255875 0.0357913 -0.0181089 0.00922261 0.0279703
internal_weight=72068.8 38735.4 17757.6 33333.5 8890.73 20977.7 5389.62 32793 1556.3 1528.87 8866.91 540.437 157.75 1464.6
internal_count=326276 235948 81801 90328 59816 154147 33814 87066 4661 4560 21985 3262 606 4248
is_linear=0
shrinkage=0.025


Tree=35
num_leaves=15
num_cat=0
split_feature=239 4 3 5 37 3 0 39 38 10 19 3 24 40
split_gain=57646.6 15067.6 27637.4 2133.02 809.799 863.309 748.74 550.926 469.159 454.594 320.811 344.625 292.428 184.842
threshold=1.0000000180025095e-35 1.0000000180025095e-35 -5.4999999999999991 1.0000000180025095e-35 32.500000000000007 -3.4999999999999996 1.0000000180025095e-35 164.50000000000003 42.500000000000007 -3.4999999999999996 1.0000000180025095e-35 -5.4999999999999991 194.50000000000003 4.0000000000000009
decision_type=2 2 2 2 2 2 2 2 2 2 2 2 2 2
left_child=1 4 3 -3 10 -6 7 8 9 -2 -1 -12 -4 -14
right_child=6 2 12 -5 5 -7 -8 -9 -10 -11 11 -13 13 -15
leaf_value=-0.02779997427140949 -0.0316479875369702 -0.029477510351777727 -0.030515777945046136 0.03424057782403632 -0.028946594289990236 0.03691121959323837 -0.027549007960289036 -0.030648657993955976 -0.030304535798273607 0.034289684400980062 -0.028502911368422312 0.032695444319264216 0.035685838740213194 0.01105376088655298
leaf_weight=19054.098640531301 62.893434837460518 8402.6476799547672 40.012905031442642 338.93064112961292 238.39499600231647 253.51640540361404 122.01316858828068 79.95618399977684 68.14141084253788 32708.180644467473 111.40666916966438 112.53848028182983 9086.9692112654448 200.88503041863441
leaf_count=149465 300 59303 199 829 1827 616 888 400 400 87602 816 287 22760 584
internal_value=0.00950563 -0.0115614 0.00493871 -0.0269933 -0.0266419 0.00496204 0.0336316 0.0338616 0.0340222 0.0341595 -0.0274503 0.00216642 0.0348654 0.0351595
internal_weight=70880.6 37839.4 18069.4 8741.58 19770 491.911 33041.2 32919.2 32839.2 32771.1 19278 223.945 9327.87 9287.85
internal_count=326276 236686 83675 60132 153011 2443 89590 88702 88302 87902 150568 1103 23543 23344
is_linear=0
shrinkage=0.025


Tree=36
num_leaves=15
num_cat=0
split_feature=239 241 3 150 225 37 3 0 39 0 38 11 24 0
split_gain=55710.3 12620.5 26834 2227.95 1255.02 773.823 838.658 723.731 532.847 530.025 453.771 439.786 287.209 257.264
threshold=1.0000000180025095e-35 1.0000000180025095e-35 -5.4999999999999991 1.0000000180025095e-35 3.5000000000000004 32.500000000000007 -1.4999999999999998 1.0000000180025095e-35 164.50000000000003 1.0000000180025095e-35 42.500000000000007 5.5000000000000009 197.50000000000003 1.0000000180025095e-35
decision_type=2 2 2 2 2 2 2 2 2 2 2 2 2 2
left_child=1 3 4 5 -3 9 -7 8 10 -1 11 -2 -4 -14
right_child=7 2 12 -5 -6 6 -8 -9 -10 -11 -12 -13 13 -15
leaf_value=-0.027694256562011844 0.033976320116282953 -0.028873102421485733 -0.030372182558420075 0.033310810159774128 0.035427292458251228 -0.028984503523410116 0.036718660848037592 -0.027373551445349104 -0.03032239352716929 0.015238208616067263 -0.030076651033849985 -0.031279363184300947 0.034950593252366893 -0.028094393034570599
leaf_weight=18550.783314205706 32191.13694819808 8462.6812548786402 40.074036300182343 394.79813008010387 191.28923688828945 232.92852948606014 247.00289699435234 119.77280013263226 78.842411682009697 178.96179224550724 66.978635847568512 62.089254558086395 8830.9139497429132 38.115003287792206
leaf_count=148520 87602 60610 202 1052 502 1824 605 888 400 741 400 300 22406 224
internal_value=0.00942794 -0.0114796 0.00391037 -0.0252668 -0.0274371 -0.026477 0.00479675 0.0333239 0.0335516 -0.0272803 0.033711 0.033847 0.0343619 0.0346674
internal_weight=69686.4 37167.5 17563.1 19604.5 8653.97 19209.7 479.931 32518.8 32399 18729.7 32320.2 32253.2 8909.1 8869.03
internal_count=326276 236686 83944 152742 61112 151690 2429 89590 88702 149261 88302 87902 22832 22630
is_linear=0
shrinkage=0.025


Tree=37
num_leaves=15
num_cat=0
split_feature=239 4 3 5 37 3 234 39 38 10 19 3 40 29
split_gain=53855.1 14188.9 25811.2 1996.62 765.131 805.618 698.894 515.526 439.945 425.6 306.832 320.784 185.454 527.538
threshold=1.0000000180025095e-35 1.0000000180025095e-35 -4.4999999999999991 1.0000000180025095e-35 32.500000000000007 -3.4999999999999996 1.0000000180025095e-35 164.50000000000003 42.500000000000007 -3.4999999999999996 1.0000000180025095e-35 -5.4999999999999991 4.0000000000000009 24.500000000000004
decision_type=2 2 2 2 2 2 2 2 2 2 2 2 2 2
left_child=1 4 3 -3 10 -6 7 8 9 -2 -1 -12 -4 -14
right_child=6 2 12 -5 5 -7 -8 -9 -10 -11 11 -13 13 -15
leaf_value=-0.027499162902939668 -0.030922734965703576 -0.028785925450388036 0.034955524215172035 0.033399123035555138 -0.028670022858666447 0.035984824203898244 -0.027198129324990113 -0.030005942273420669 -0.029856228569416599 0.033676232502140399 -0.028194941219517142 0.031526453618773868 -0.057472824056318622 0.034019472612206697
leaf_weight=18322.053169175982 61.279991194605827 8177.203410372138 8781.5677925944328 333.17041952908039 228.96893134713173 247.36816930770874 117.42264215648174 77.727752298116684 65.965288385748863 31672.594486579299 107.29068817943335 111.53291952610016 50.312385454773903 147.45814377069473
leaf_count=149465 300 59597 22662 832 1827 616 887 400 401 87602 816 287 214 370
internal_value=0.00935237 -0.0113986 0.00485212 -0.0263376 -0.0263437 0.00486902 0.0330293 0.0332544 0.0334127 0.0335478 -0.0271476 0.00214665 0.0344146 0.0101085
internal_weight=68501.9 36506.9 17489.7 8510.37 19017.2 476.337 31995 31877.6 31799.8 31733.9 18540.9 218.824 8979.34 197.771
internal_count=326276 236686 83675 60429 153011 2443 89590 88703 88303 87902 150568 1103 23246 584
is_linear=0
shrinkage=0.025


Tree=38
num_leaves=15
num_cat=0
split_feature=239 241 3 5 5 37 3 234 39 38 10 234 40 38
split_gain=52076.7 11889.3 25073 2735.36 1455.9 751.752 787.338 676.007 498.93 425.794 412.002 240.672 196.589 532.275
threshold=1.0000000180025095e-35 1.0000000180025095e-35 -5.4999999999999991 1.0000000180025095e-35 1.0000000180025095e-35 32.500000000000007 -1.4999999999999998 1.0000000180025095e-35 164.50000000000003 42.500000000000007 -3.4999999999999996 1.0000000180025095e-35 5.5000000000000009 20.500000000000004
decision_type=2 2 2 2 2 2 2 2 2 2 2 2 2 2
left_child=1 3 4 5 -3 -1 -7 8 9 10 -2 12 -4 -14
right_child=7 2 11 -5 -6 6 -8 -9 -10 -11 -12 -13 13 -15
leaf_value=-0.027380025352588863 -0.030577383401733278 -0.028933336575236009 0.034427095077390807 0.032349741423645606 0.032795396562333726 -0.02871967165750007 0.036027381068215646 -0.027029369861581578 -0.029698728833948324 -0.029641961330598134 0.033388685525132876 -0.027684718052154958 0.034466944513889965 -0.062699205635267277
leaf_weight=17889.548927746713 60.466943308711052 8087.1071798801422 8458.7664456367493 503.31359308958054 243.30067321658134 223.64874465763569 240.3064528554678 115.24800504744053 76.613581955432892 64.817207708954811 31153.291478171945 37.30303530395031 120.25125567615032 46.300740957260132
leaf_count=148931 300 60507 22101 1384 605 1824 603 887 400 401 87602 226 303 202
internal_value=0.00927988 -0.0113207 0.00384407 -0.0249863 -0.0271163 -0.0265651 0.00477865 0.0327469 0.0329699 0.0331271 0.033261 0.0336191 0.0338966 0.00667628
internal_weight=67320.3 35849.8 16993 18856.8 8330.41 18353.5 463.955 31470.4 31355.2 31278.6 31213.8 8662.62 8625.32 166.552
internal_count=326276 236686 83944 152742 61112 151358 2427 89590 88703 88303 87902 22832 22606 505
is_linear=0
shrinkage=0.025


Tree=39
num_leaves=15
num_cat=0
split_feature=239 241 3 5 5 37 3 0 39 11 24 0 39 36
split_gain=50371.3 11539.4 24241.9 2652.28 1391.52 730.748 761.259 654.921 483.018 397.307 288.842 241.187 193.016 1773.74
threshold=1.0000000180025095e-35 1.0000000180025095e-35 -4.4999999999999991 1.0000000180025095e-35 1.0000000180025095e-35 32.500000000000007 -1.4999999999999998 1.0000000180025095e-35 164.50000000000003 5.5000000000000009 197.50000000000003 1.0000000180025095e-35 128.50000000000003 113.50000000000001
decision_type=2 2 2 2 2 2 2 2 2 2 2 2 2 2
left_child=1 3 4 5 -3 12 -7 8 9 -2 -4 -12 -1 -14
right_child=7 2 10 -5 -6 6 -8 -9 -10 -11 11 -13 13 -15
leaf_value=-0.028838143663713414 0.032979837113223054 -0.028400525877663264 -0.030775630979041686 0.032034342140014431 0.032164821034712618 -0.028592487353067166 0.035613492550619755 -0.02686714563753221 -0.029400214144430649 -0.030242631659356357 0.03420938726214446 -0.028597261718139578 0.059569143581964162 -0.025684968178488782
leaf_weight=12852.343403585255 30697.464771747589 8023.8867164030671 40.754132956266403 495.68795344233513 241.53977935016155 219.09807680547237 237.09701053798199 113.24085292965174 75.501177817583084 59.651326581835747 8366.2002864331007 35.838724792003632 154.89607222378254 4530.9747380241752
leaf_count=110007 88002 60807 202 1384 608 1824 603 888 400 300 22106 221 807 38117
internal_value=0.00921004 -0.0112454 0.00381156 -0.0248511 -0.0266166 -0.0264245 0.00473733 0.032476 0.0326974 0.0328535 0.0336023 0.0339284 -0.0272372 -0.0228252
internal_weight=66144.2 35198.3 16708.2 18490.1 8265.43 17994.4 456.195 30945.9 30832.6 30757.1 8442.79 8402.04 17538.2 4685.87
internal_count=326276 236686 83944 152742 61415 151358 2427 89590 88702 88302 22529 22327 148931 38924
is_linear=0
shrinkage=0.025


Tree=40
num_leaves=15
num_cat=0
split_feature=37 4 3 3 38 6 5 37 0 39 24 24 38 3
split_gain=46169.7 10359.3 22758.6 1939.05 1871.95 2836.32 1749.56 734.857 653.758 440.538 420.122 1952.42 687.637 649.526
threshold=29.500000000000004 1.0000000180025095e-35 -4.4999999999999991 -3.4999999999999996 21.500000000000004 -1.0000000180025095e-35 1.0000000180025095e-35 6.5000000000000009 1.0000000180025095e-35 161.50000000000003 335.50000000000006 337.50000000000006 19.500000000000004 -4.4999999999999991
decision_type=2 2 2 2 2 2 2 2 2 2 2 2 2 2
left_child=1 4 6 -2 5 10 -3 -7 -5 -9 -1 -12 -13 -14
right_child=3 2 -4 8 -6 7 -8 9 -10 -11 11 12 13 -15
leaf_value=-0.028719679590894179 -0.0174828658048597 -0.028283560783438855 0.033590596563701662 0.032777160217028853 -0.028104973147881619 -0.022960865998507864 0.031872145526138346 0.026490532161236882 -0.028353217046057824 -0.02209777603338715 0.08330848254813078 -0.028741572030272534 -0.024651473021172998 0.15287998660008534
leaf_weight=2555.2404928654432 489.66687808185816 7623.9681003242731 8133.9842208176851 29625.009703576565 13444.813319943845 260.28416956961155 311.85343050956726 1358.6662158593535 107.1642542257905 124.74462926387787 121.1473154053092 774.65809561312199 23.450900413095951 23.288217708468437
leaf_count=21918 3262 59006 21985 86204 117235 2026 810 4762 862 732 505 6666 202 101
internal_value=0.00914219 -0.0105078 0.00420856 0.03174 -0.0231636 -0.0104749 -0.0259053 0.0155454 0.0325531 0.0223514 -0.0234558 -0.00911295 -0.023028 0.0671883
internal_weight=64977.9 34756.1 16069.8 30221.8 18686.3 5241.48 7935.82 1743.7 29732.2 1483.41 3497.79 942.545 821.397 46.7391
internal_count=326276 235948 81801 90328 154147 36912 59816 7520 87066 5494 29392 7474 6969 303
is_linear=0
shrinkage=0.025


Tree=41
num_leaves=15
num_cat=0
split_feature=37 4 3 3 5 3 33 6 40 3 0 3 30 33
split_gain=44670.3 10046.2 22023 1881.22 1721.75 1517.49 3487.98 1049.13 1040.01 912.96 632.876 494.531 641.391 309.364
threshold=29.500000000000004 1.0000000180025095e-35 -5.4999999999999991 -3.4999999999999996 1.0000000180025095e-35 1.0000000180025095e-35 1.0000000180025095e-35 -1.0000000180025095e-35 8.5000000000000018 -5.4999999999999991 1.0000000180025095e-35 -1.0000000180025095e-35 6.5000000000000009 1.0000000180025095e-35
decision_type=2 2 2 2 2 2 2 2 2 2 2 2 2 2
left_child=1 5 4 13 -3 6 7 -1 -7 -8 -5 -11 -13 -2
right_child=3 2 -4 10 -6 8 9 -9 -10 11 -12 12 -14 -15
leaf_value=-0.026525093452473759 -0.028410428836058921 -0.028539904267237948 0.032928332386599396 0.032520286743551251 0.031612618843639327 -0.028593336377017484 -0.027630831012246355 0.02237475863931138 0.11032636332928036 0.022562882463455031 -0.028207934689442039 0.10270481911441423 -0.024417242133040629 0.017734336929298291
leaf_weight=4466.2255583405495 368.57439682632685 7382.8179398775101 8103.813511967659 29118.932248085737 307.10053430497646 12038.647272087634 212.50254148244858 289.37237638235092 30.826786383986473 1163.270311191678 105.06516161561012 102.26062358915806 30.754556655883789 117.19200222194195
leaf_count=39090 2858 58712 22282 86204 807 107707 1782 1007 101 3955 862 303 202 404
internal_value=0.00907419 -0.0104373 0.00417532 0.0314866 -0.026123 -0.0230253 -0.0130251 -0.0235321 -0.0282091 0.0200567 0.0322982 0.0279392 0.0732387 -0.0171863
internal_weight=63837.4 34127.6 15793.7 29709.8 7689.92 18333.9 6264.39 4755.6 12069.5 1508.79 29224 1296.29 133.015 485.766
internal_count=326276 235948 81801 90328 59519 154147 46339 40097 107808 6242 87066 4460 505 3262
is_linear=0
shrinkage=0.025


Tree=42
num_leaves=15
num_cat=0
split_feature=239 4 3 5 37 3 0 38 10 24 19 3 40 29
split_gain=45652.3 12230.3 21849 1715.09 663.318 687.314 595.591 408.626 390.052 283.717 281.745 281.972 189.315 477.606
threshold=1.0000000180025095e-35 1.0000000180025095e-35 -4.4999999999999991 1.0000000180025095e-35 32.500000000000007 -2.4999999999999996 1.0000000180025095e-35 42.500000000000007 -3.4999999999999996 194.50000000000003 1.0000000180025095e-35 -5.4999999999999991 4.0000000000000009 24.500000000000004
decision_type=2 2 2 2 2 2 2 2 2 2 2 2 2 2
left_child=1 4 3 -3 10 -6 7 8 -2 -4 -1 -12 -11 -14
right_child=6 2 9 -5 5 -7 -8 -9 -10 12 11 -13 13 -15
leaf_value=-0.026814279490125315 -0.030380295634281292 -0.028025370654609801 -0.031006717147437246 0.031378671723498244 -0.027801612050071076 0.034336047713292343 -0.026431825168225544 -0.029638492742748875 0.032197527798554823 0.033651430313628064 -0.027602431664988838 0.029921168635628811 -0.055350846643829804 0.032206678894871388
leaf_weight=16590.341632895172 59.766142964363098 7417.9555458053946 40.797451391816139 313.93916617333889 210.26443810015917 229.41185817122459 107.13646409660578 64.617431491613388 29170.603227958083 8100.8790263980627 98.88298125565052 108.45869424939156 50.789904609322548 137.6555403470993
leaf_count=149465 300 59597 199 832 1834 609 888 400 88002 22463 816 287 214 370
internal_value=0.00900897 -0.011035 0.004659 -0.0255989 -0.0256587 0.00457673 0.0317095 0.0319256 0.0320656 0.0327461 -0.0264522 0.00236642 0.0330739 0.00797998
internal_weight=62701.5 33299.4 16062 7731.89 17237.4 439.676 29402.1 29295 29230.4 8330.12 16797.7 207.342 8289.32 188.445
internal_count=326276 236686 83675 60429 153011 2443 89590 88702 88302 23246 150568 1103 23047 584
is_linear=0
shrinkage=0.025


Tree=43
num_leaves=15
num_cat=0
split_feature=239 4 3 5 37 40 0 38 10 19 24 3 38 35
split_gain=44193.9 11870.7 21157.3 1689.07 644.738 665.32 576.817 395.956 378.017 275.218 271.946 271.456 182.061 1178.68
threshold=1.0000000180025095e-35 1.0000000180025095e-35 -5.4999999999999991 1.0000000180025095e-35 32.500000000000007 5.5000000000000009 1.0000000180025095e-35 42.500000000000007 -3.4999999999999996 1.0000000180025095e-35 194.50000000000003 -5.4999999999999991 4.5000000000000009 142.50000000000003
decision_type=2 2 2 2 2 2 2 2 2 2 2 2 2 2
left_child=1 4 3 -3 9 -6 7 8 -2 12 -4 -11 13 -1
right_child=6 2 10 -5 5 -7 -8 -9 -10 11 -12 -13 -14 -15
leaf_value=-0.028405979763059044 -0.030051757672453092 -0.028295104507710514 -0.03067065825948458 0.031137508876503319 0.033658013789129679 -0.028045160189975167 -0.026276100686298133 -0.029430492910632655 0.031958415839418747 -0.027462369029573514 0.032454703392291333 0.029321856033188511 -0.027444355648618947 0.036168330059695913
leaf_weight=1023.7311304360628 58.952106475830078 7179.4594760462642 40.253091126680374 309.06155304610729 228.55096569657326 203.57283084839582 105.12029411643744 63.482752069830894 28660.579143449664 96.942344069480896 8249.8674184828997 107.97600482404232 15026.706513926387 210.39616198837757
leaf_count=9318 300 59303 199 829 619 1824 888 400 88002 816 23344 287 138916 1231
internal_value=0.00894741 -0.0109675 0.00462443 -0.0258274 -0.0255264 0.00453935 0.0314736 0.0316881 0.0318271 -0.0263176 0.0321342 0.00232961 -0.0266805 -0.017316
internal_weight=61564.7 32676.5 15778.6 7488.52 16897.9 432.124 28888.1 28783 28719.5 16465.8 8290.12 204.918 16260.8 1234.13
internal_count=326276 236686 83675 60132 153011 2443 89590 88702 88302 150568 23543 1103 149465 10549
is_linear=0
shrinkage=0.025


Tree=44
num_leaves=15
num_cat=0
split_feature=37 4 3 38 33 3 5 38 3 37 6 0 240 24
split_gain=40547.3 9184.26 19974.2 1744.23 2807.88 1718.21 1546.61 961.315 753.404 597.069 580.845 578.392 444.016 541.834
threshold=29.500000000000004 1.0000000180025095e-35 -4.4999999999999991 21.500000000000004 1.0000000180025095e-35 -3.4999999999999996 1.0000000180025095e-35 19.500000000000004 -5.4999999999999991 7.5000000000000009 -1.0000000180025095e-35 1.0000000180025095e-35 1.0000000180025095e-35 335.50000000000006
decision_type=2 2 2 2 2 2 2 2 2 2 2 2 2 2
left_child=1 3 6 4 7 -2 -3 10 -6 -9 -1 -7 -10 -14
right_child=5 2 -4 -5 8 11 -8 9 12 -11 -12 -13 13 -15
leaf_value=-0.028362724661406481 -0.01683235315627055 -0.027714928958093861 0.032393336983723119 -0.027659217841009776 -0.027606999755883373 0.031815016089885406 0.030345297972530629 0.086252291646192678 0.021639759920036014 -0.025624783719353939 0.0021253852230039153 -0.0278844686221792 -0.023728945810686318 0.094494095117856572
leaf_weight=2959.3742856234312 463.1254284158349 7042.5401136577129 7633.5117410570383 12380.391164280474 176.84155913442373 27612.397679686546 296.12775938212872 78.707497715950012 1065.7075172290206 44.724455341696739 447.66126749664545 99.202740535140038 29.232458025217056 108.28547452390194
leaf_count=27576 3262 59006 21985 117235 1565 86204 810 403 3914 407 2542 862 202 303
internal_value=0.0088877 -0.0102471 0.0040856 -0.0226577 -0.0100337 0.0307987 -0.0253573 -0.0218521 0.0201636 0.0458708 -0.0243511 0.0315974 0.0272566 0.0692152
internal_weight=60437.8 32263.1 14972.2 17290.9 4910.53 28174.7 7338.67 3530.47 1380.07 123.432 3407.04 27711.6 1203.23 137.518
internal_count=326276 235948 81801 154147 36912 90328 59816 30928 5984 810 30118 87066 4419 505
is_linear=0
shrinkage=0.025


Tree=45
num_leaves=15
num_cat=0
split_feature=239 4 3 134 0 39 10 39 240 32 19 3 40 29
split_gain=41472.5 11201.9 19839.2 1337.39 541.951 482.964 365.635 271.613 821.682 1564.11 254.025 277.846 181.836 457.578
threshold=1.0000000180025095e-35 1.0000000180025095e-35 -5.4999999999999991 1.0000000180025095e-35 1.0000000180025095e-35 164.50000000000003 -3.4999999999999996 119.50000000000001 1.0000000180025095e-35 1.0000000180025095e-35 1.0000000180025095e-35 -5.4999999999999991 4.0000000000000009 24.500000000000004
decision_type=2 2 2 2 2 2 2 2 2 2 2 2 2 2
left_child=1 7 3 -3 5 6 -2 -1 10 -10 -9 -12 -4 -14
right_child=4 2 12 -5 -6 -7 -8 8 9 -11 11 -13 13 -15
leaf_value=-0.027824538537859902 -0.029834169639686228 -0.027643471365433044 0.032150108242467161 0.03036725250796244 -0.025989832937222509 -0.029992156768517672 0.031549891554353685 -0.024430191097896015 -0.027555668307617444 0.074578877186730813 -0.027181577846450995 0.031771656349534751 -0.054986187904945964 0.031246688668759251
leaf_weight=10088.042736157775 58.151910737156868 6941.4370924010873 7846.4325238913298 254.81441642343998 101.2113154605031 77.640432000160217 27639.846420809627 5578.741214685142 225.89832588285208 155.65014146268368 89.887362711131573 104.9094849973917 50.785269767045975 131.63735090196133
leaf_count=97289 300 59371 22959 761 888 400 88002 52143 2121 404 782 272 214 370
internal_value=0.00882647 -0.010843 0.00456199 -0.0255741 0.0310297 0.0312411 0.0314169 -0.0252822 -0.0210999 0.0143012 -0.0234499 0.00444212 0.0315755 0.00660396
internal_weight=59345.1 31468.2 15225.1 7196.25 27876.9 27775.6 27698 16243.1 6155.09 381.548 5773.54 194.797 8028.86 182.423
internal_count=326276 236686 83675 60132 89590 88702 88302 153011 55722 2525 53197 1054 23543 584
is_linear=0
shrinkage=0.025


Tree=46
num_leaves=15
num_cat=0
split_feature=239 4 3 5 37 33 0 39 38 11 39 36 31 24
split_gain=40173 10868.8 19202.7 1560.19 614.938 620.71 525.258 468.243 382.086 356.262 293.111 1252.64 759.476 271.859
threshold=1.0000000180025095e-35 1.0000000180025095e-35 -5.4999999999999991 1.0000000180025095e-35 32.500000000000007 1.0000000180025095e-35 1.0000000180025095e-35 164.50000000000003 42.500000000000007 5.5000000000000009 128.50000000000003 113.50000000000001 20.500000000000004 194.50000000000003
decision_type=2 2 2 2 2 2 2 2 2 2 2 2 2 2
left_child=1 4 3 -3 10 -6 7 8 9 -2 -1 12 -12 -4
right_child=6 2 13 -5 5 -7 -8 -9 -10 -11 11 -13 -14 -15
leaf_value=-0.028122994456483454 0.031480714343145616 -0.027912416629328075 -0.031038152155184653 0.030270581933638213 -0.027459440478545996 0.033276274433013384 -0.025840378402978405 -0.02968542788012777 -0.029266162507421006 -0.029521624823006066 0.077362936785936309 -0.023373072586437279 -0.020969227497727047 0.031637076620541514
leaf_weight=11117.414243236184 27076.067623868585 6757.2855660840869 40.847334444522858 298.0834035128355 194.97377432137728 221.13151597976685 99.293287925422192 76.526638776063919 62.526023373007774 57.340373650193214 124.95736849308014 4192.0093707218766 77.395228497684002 7858.3051063716412
leaf_count=110028 87602 59303 199 829 1832 611 888 400 400 300 363 39551 626 23344
internal_value=0.00876848 -0.0107758 0.00452888 -0.0254389 -0.0251448 0.00476494 0.0308191 0.0310291 0.0312041 0.0313476 -0.0259495 -0.0204297 0.0398745 0.0312982
internal_weight=58254.2 30882.4 14954.5 7055.37 15927.9 416.105 27371.8 27272.5 27195.9 27133.4 15511.8 4394.36 202.353 7899.15
internal_count=326276 236686 83675 60132 153011 2443 89590 88702 88302 87902 150568 40540 989 23543
is_linear=0
shrinkage=0.025


Tree=47
num_leaves=15
num_cat=0
split_feature=239 4 3 135 0 39 38 33 9 38 10 24 24 35
split_gain=38929.1 10550.1 18607 1244.06 509.288 454.148 420.175 1291.71 843.594 370.647 345.656 337.407 2305.65 337.351
threshold=1.0000000180025095e-35 1.0000000180025095e-35 -4.4999999999999991 1.0000000180025095e-35 1.0000000180025095e-35 164.50000000000003 30.500000000000004 1.0000000180025095e-35 1.0000000180025095e-35 42.500000000000007 -3.4999999999999996 498.50000000000006 500.50000000000006 142.50000000000003
decision_type=2 2 2 2 2 2 2 2 2 2 2 2 2 2
left_child=1 6 3 -3 5 9 7 11 13 10 -2 -1 -13 -9
right_child=4 2 -4 -5 -6 -7 -8 8 -10 -11 -12 12 -14 -15
leaf_value=-0.026684834533429704 -0.029217679666506808 -0.026971902900761666 0.031388552024047445 0.029612839008071712 -0.025692865880241611 -0.029387363335068986 -0.028012144235408404 -0.023046207922859403 -0.004485819337965288 -0.029068697707316807 0.031279610116749477 0.15224803447189994 -0.027041296024303458 0.068504598432685512
leaf_weight=4172.6016952171922 56.52988064289093 6758.9980079680681 7674.0031372010708 249.09511129558086 97.407757639884949 75.414697676897049 10213.768876515329 27.726050898432732 675.9676606580615 61.411407843232155 26575.214317932725 49.295512497425079 310.91529425233603 161.58885037899017
leaf_count=40841 300 59664 23246 765 888 400 103701 202 4612 400 87602 202 3049 404
internal_value=0.00871434 -0.0107139 0.00449785 -0.0249453 0.0306212 0.0308299 -0.0250194 -0.0193397 0.00860463 0.0310043 0.031147 -0.0246818 -0.00138153 0.0548162
internal_weight=57159.9 30294 14682.1 7008.09 26866 26768.6 15611.9 5398.1 865.283 26693.2 26631.7 4532.81 360.211 189.315
internal_count=326276 236686 83675 60429 89590 88702 153011 49310 5218 88302 87902 44092 3251 606
is_linear=0
shrinkage=0.025


Tree=48
num_leaves=15
num_cat=0
split_feature=239 241 3 5 5 37 3 0 39 38 10 24 39 35
split_gain=37730.3 8887.2 18154.5 2011.56 1103.23 603.886 597.088 493.914 440.574 359.629 335.44 271.689 208.047 1094.82
threshold=1.0000000180025095e-35 1.0000000180025095e-35 -5.4999999999999991 1.0000000180025095e-35 1.0000000180025095e-35 32.500000000000007 -1.4999999999999998 1.0000000180025095e-35 164.50000000000003 42.500000000000007 -3.4999999999999996 197.50000000000003 128.50000000000003 149.50000000000003
decision_type=2 2 2 2 2 2 2 2 2 2 2 2 2 2
left_child=1 3 4 5 -3 12 -7 8 9 10 -2 -4 -1 -14
right_child=7 2 11 -5 -6 6 -8 -9 -10 -11 -12 -13 13 -15
leaf_value=-0.027964335576415551 -0.028921845306823235 -0.027596829742103375 -0.031206384936233667 0.02963262965675488 0.0292932254776027 -0.027697356601239745 0.03309672216621358 -0.025547173025890896 -0.029097464158676631 -0.028876595009915674 0.031085953959704288 0.031039156430976246 0.034303403006814524 -0.024264040251693861
leaf_weight=10643.567623652518 55.721290498971939 6625.738236233592 41.424833282828331 425.77882090210915 217.35287515819073 184.91067796945572 215.01754048466682 95.55463170260191 74.305778220295906 60.308298006653786 26078.517503902316 7375.2683450579643 207.65834202617407 3787.8325610905886
leaf_count=110007 300 60507 202 1384 605 1824 603 888 400 400 87602 22630 1111 37813
internal_value=0.00866015 -0.0106496 0.00358461 -0.0237744 -0.0257742 -0.0252937 0.00492901 0.0304306 0.030638 0.0308118 0.0309537 0.0306756 -0.0261219 -0.0211904
internal_weight=56089 29724.5 14259.8 15464.8 6843.09 15039 399.928 26364.4 26268.9 26194.5 26134.2 7416.69 14639.1 3995.49
internal_count=326276 236686 83944 152742 61112 151358 2427 89590 88702 88302 87902 22832 148931 38924
is_linear=0
shrinkage=0.025


Tree=49
num_leaves=15
num_cat=0
split_feature=239 4 24 35 38 37 40 0 39 24 22 5 37 38
split_gain=36575.9 9944.16 1128.53 840.644 618.576 578.856 570.912 479.108 427.497 425.69 425.778 495.852 506.002 349.012
threshold=1.0000000180025095e-35 1.0000000180025095e-35 197.50000000000003 188.50000000000003 5.5000000000000009 32.500000000000007 5.5000000000000009 1.0000000180025095e-35 164.50000000000003 641.50000000000011 1.5000000000000002 1.0000000180025095e-35 30.500000000000004 42.500000000000007
decision_type=2 2 2 2 2 2 2 2 2 2 2 2 2 2
left_child=1 5 -3 4 -4 -1 -7 8 13 10 11 12 -5 -2
right_child=7 2 3 9 -6 6 -8 -9 -10 -11 -12 -13 -14 -15
leaf_value=-0.025583731972542559 0.030767591043513322 -0.025618457721981375 -0.0027160222572129907 -0.022989219344099188 0.011974188036845865 0.032264028810835475 -0.027455777755665496 -0.025403188082156872 -0.028815259799798227 0.0313643848813022 0.022374690608129352 0.026848690980164177 0.01569415063397913 -0.02868958430030279
leaf_weight=14600.702831298113 25641.192884221673 736.74460406601429 2244.0897688120604 1572.4849662184715 8809.8679276183248 215.66387645900249 181.27230250090361 93.733770258724689 73.200973182916641 161.39128291606903 220.56630021333694 166.8171151727438 241.13763989508152 59.217170491814613
leaf_count=150568 87902 7041 14786 14415 44635 619 1824 888 400 499 893 520 886 400
internal_value=0.00860948 -0.0105911 0.0044382 0.00609595 0.00898971 -0.0247737 0.00492738 0.0302469 0.0304532 -0.00742793 -0.0103226 -0.0140051 -0.0178147 0.0306263
internal_weight=55018.1 29150.7 14153.1 13416.4 11054 14997.6 396.936 25867.3 25773.6 2362.4 2201.01 1980.44 1813.62 25700.4
internal_count=326276 236686 83675 76634 59421 153011 2443 89590 88702 17213 16714 15821 15301 88302
is_linear=0
shrinkage=0.025


Tree=50
num_leaves=15
num_cat=0
split_feature=37 3 3 40 234 3 5 40 179 0 10 18 24 38
split_gain=33583.2 6835.54 18468.2 2922.54 1530.59 1466.86 1385.52 763.408 696.687 487.984 391.083 380.355 354.989 307.212
threshold=29.500000000000004 -1.0000000180025095e-35 -5.4999999999999991 23.500000000000004 1.0000000180025095e-35 -3.4999999999999996 1.0000000180025095e-35 8.5000000000000018 1.0000000180025095e-35 1.0000000180025095e-35 -3.4999999999999996 1.0000000180025095e-35 198.50000000000003 42.500000000000007
decision_type=2 2 2 2 2 2 2 2 2 2 2 2 2 2
left_child=1 2 6 8 7 -2 -1 -3 10 -7 -4 -10 -12 -14
right_child=5 4 3 -5 -6 9 -8 -9 11 -11 12 -13 13 -15
leaf_value=-0.027559559039870098 -0.016340111547609004 -0.026636145894936084 -0.026335935181167464 -0.025967502473790552 0.028173106268175346 0.030629069617182803 0.029077518518304521 0.077393363232156259 0.027505126417735937 -0.027342888130186302 -0.030383706026527353 0.1403540422183773 0.030525182248325622 -0.025469274008330524
leaf_weight=8383.7383674532175 424.09354221075773 11239.984455361962 76.168211169540882 629.00800268352032 329.92781416326761 24691.455311059952 276.16683757305145 41.332007043063641 31.728227198123932 88.46138434112072 58.45850744843483 52.407896757125854 7793.7346142604947 59.116302020847797
leaf_count=80925 3262 120007 610 6432 1202 86204 807 202 106 862 303 199 24750 405
internal_value=0.0085263 -0.00983162 9.87879e-05 0.0258206 -0.0246774 0.0296282 -0.0257411 -0.0262323 0.0298676 0.0304178 0.029083 0.100497 0.0296295 0.0300909
internal_weight=54175.8 28971.8 17360.5 8700.62 11611.2 25204 8659.91 11281.3 8071.61 24779.9 7987.48 84.1361 7911.31 7852.85
internal_count=326276 235948 114537 32805 121411 90328 81732 120209 26373 87066 26068 305 25458 25155
is_linear=0
shrinkage=0.025


Tree=51
num_leaves=15
num_cat=0
split_feature=239 4 3 5 37 33 0 38 10 38 33 9 24 24
split_gain=34358.9 9411.45 16837.4 1365.59 544.473 539.874 451.555 327.712 326.831 277.469 615.415 993.63 397.47 1802.19
threshold=1.0000000180025095e-35 1.0000000180025095e-35 -4.4999999999999991 1.0000000180025095e-35 32.500000000000007 1.0000000180025095e-35 1.0000000180025095e-35 42.500000000000007 -3.4999999999999996 26.500000000000004 1.0000000180025095e-35 1.0000000180025095e-35 498.50000000000006 500.50000000000006
decision_type=2 2 2 2 2 2 2 2 2 2 2 2 2 2
left_child=1 4 3 -3 9 -6 7 8 -2 10 12 -12 -1 -14
right_child=6 2 -4 -5 5 -7 -8 -9 -10 -11 11 -13 13 -15
leaf_value=-0.026077548474484399 -0.028961563773885032 -0.027003756934143516 0.030619519260818646 0.028906394970661581 -0.026980072841932767 0.031985946963450522 -0.025144448915164316 -0.028348597095948665 0.030368703454517393 -0.027653937681167497 0.059175878433465501 -0.015723266923201671 0.12579621113991676 -0.026482236964455799
leaf_weight=3363.8130030110478 55.517489239573479 6304.7229002863169 7248.1297119259834 282.59237460792065 177.16001043468714 207.120535582304 90.238288372755051 57.185833469033241 24692.465984776616 9812.9178304821253 148.91889126598835 404.61186851561069 57.7302186191082 239.50289405882359
leaf_count=35584 300 59597 23246 832 1832 611 888 400 88002 108350 505 3384 202 2543
internal_value=0.00847643 -0.0103942 0.00433209 -0.0245894 -0.0245313 0.00473862 0.0298874 0.0300916 0.0302311 -0.0253358 -0.0199166 0.00459264 -0.0236298 0.00397229
internal_weight=53142.6 28247.2 13835.4 6587.32 14411.8 384.281 24895.4 24805.2 24748 14027.5 4214.58 553.531 3661.05 297.233
internal_count=326276 236686 83675 60429 153011 2443 89590 88702 88302 150568 42218 3889 38329 2745
is_linear=0
shrinkage=0.025


Tree=52
num_leaves=15
num_cat=0
split_feature=239 4 3 5 0 39 10 39 9 32 24 24 24 24
split_gain=33318.1 9138.83 16312.5 1325.12 438.187 425.997 317.807 280.09 737.573 1224.34 324.131 969.231 738.951 253.263
threshold=1.0000000180025095e-35 1.0000000180025095e-35 -4.4999999999999991 1.0000000180025095e-35 1.0000000180025095e-35 164.50000000000003 -3.4999999999999996 119.50000000000001 1.0000000180025095e-35 1.0000000180025095e-35 427.50000000000006 502.50000000000006 498.50000000000006 194.50000000000003
decision_type=2 2 2 2 2 2 2 2 2 2 2 2 2 2
left_child=1 7 3 -3 5 6 -2 -1 9 -9 -10 12 -12 -4
right_child=4 2 13 -5 -6 -7 -8 8 10 -11 11 -13 -14 -15
leaf_value=-0.027215933948353529 -0.028672531854132752 -0.026876051393848733 -0.030447248354093015 0.02859630733875353 -0.025004559615066299 -0.028987269544133162 0.030240998146305473 -0.026947092942468744 -0.024527805153385897 0.064570590956840632 0.0014202955697327675 -0.026193074911063777 0.11004797137369011 0.030748758794728073
leaf_weight=8692.7562875524163 54.71555669605732 6177.9238987639546 39.859012484550476 278.59822416305542 88.513068228960037 73.834394425153732 24201.340759456158 199.57812742888927 4544.6866880431771 163.38018152117729 93.517448224127293 362.47014413028955 65.005248427391052 7082.0340956449509
leaf_count=97289 300 59597 199 832 888 400 88002 2121 48403 404 652 3928 214 23047
internal_value=0.00842848 -0.010338 0.0043044 -0.0244664 0.0297165 0.0299196 0.0301035 -0.024417 -0.019918 0.0143715 -0.0223868 -0.00362956 0.0473365 0.0303901
internal_weight=52118.2 27699.8 13578.4 6456.52 24418.4 24329.9 24256.1 14121.4 5428.64 362.958 5065.68 520.993 158.523 7121.89
internal_count=326276 236686 83675 60429 89590 88702 88302 153011 55722 2525 53197 4794 866 23246
is_linear=0
shrinkage=0.025


Tree=53
num_leaves=15
num_cat=0
split_feature=37 3 3 40 234 3 134 40 0 179 10 24 38 33
split_gain=30648.5 6281.4 16847.9 2655.59 1401.79 1360.37 1047.35 744.546 448.845 445.388 355.626 338.978 293.506 250.593
threshold=29.500000000000004 -1.0000000180025095e-35 -5.4999999999999991 23.500000000000004 1.0000000180025095e-35 -3.4999999999999996 1.0000000180025095e-35 8.5000000000000018 1.0000000180025095e-35 1.0000000180025095e-35 -3.4999999999999996 198.50000000000003 42.500000000000007 1.0000000180025095e-35
decision_type=2 2 2 2 2 2 2 2 2 2 2 2 2 2
left_child=1 2 6 9 7 13 -1 -3 -7 10 -4 -12 -13 -2
right_child=5 4 3 -5 -6 8 -8 -9 -10 -11 11 12 -14 -15
leaf_value=-0.026949809743738229 -0.027612923514951582 -0.026352737882173682 -0.025809338233404061 -0.025674233758878007 0.027565106989461609 0.03012709748694167 0.027455300289349907 0.075618938125370516 -0.027075663257367866 0.082199315969330444 -0.030075057757368285 0.029878087360114935 -0.025273512972125156 0.016727062884707915
leaf_weight=7918.7890405654907 301.62418213486671 10552.256670638919 72.165594607591629 592.51432054489851 312.53160436451435 23295.868734970689 224.74355342239141 42.012345507740974 83.414600782096386 95.937195807695389 57.614054009318352 7401.6272405311465 58.180714413523674 104.84605546295643
leaf_count=80943 2858 120007 610 6432 1202 86204 789 202 862 305 303 24750 405 404
internal_value=0.00838082 -0.00967849 8.87182e-05 0.0252016 -0.0243825 0.0291295 -0.0254357 -0.0259247 0.0299185 0.0291356 0.0284293 0.0289634 0.0294346 -0.0160759
internal_weight=51114.1 27328.4 16421.6 8278.04 10906.8 23785.8 8143.53 10594.3 23379.3 7685.52 7589.59 7517.42 7459.81 406.47
internal_count=326276 235948 114537 32805 121411 90328 81732 120209 87066 26373 26068 25458 25155 3262
is_linear=0
shrinkage=0.025


Tree=54
num_leaves=15
num_cat=0
split_feature=239 4 3 5 37 3 39 0 39 35 33 24 24 24
split_gain=31337.6 8618.08 15337.7 1263.97 521.116 501.4 416.442 413.687 316.335 972.137 692.645 264.391 1439.57 238.548
threshold=1.0000000180025095e-35 1.0000000180025095e-35 -4.4999999999999991 1.0000000180025095e-35 32.500000000000007 -3.4999999999999996 164.50000000000003 1.0000000180025095e-35 128.50000000000003 148.50000000000003 1.0000000180025095e-35 498.50000000000006 500.50000000000006 194.50000000000003
decision_type=2 2 2 2 2 2 2 2 2 2 2 2 2 2
left_child=1 4 3 -3 8 -6 7 -2 -1 10 -10 -11 -13 -4
right_child=6 2 13 -5 5 -7 -8 -9 9 11 -12 12 -14 -15
leaf_value=-0.027481158118759449 0.029780800125488144 -0.026648035353547529 -0.029828159665254945 0.02820024387962854 -0.026954701718898046 0.031255417396427572 -0.02887050974951454 -0.024730764034480608 -0.026348816710978881 -0.024346362626436049 0.064708616041457945 0.098027145225450307 -0.025285039261792808 0.03034119608284553
leaf_weight=9371.0028344392776 23320.520744472742 5931.674614071846 38.766252756118774 271.95463126897812 164.77906307578087 202.82256224751472 73.764198653399944 84.72536063939333 79.493345677852631 3223.5933234989643 140.50596284121275 69.653046682476997 315.63930623233318 6832.2317019104958
leaf_count=110028 88302 59597 199 832 1827 616 404 884 820 35591 389 206 3534 23047
internal_value=0.00833493 -0.0102214 0.00426107 -0.0242271 -0.0241775 0.00508804 0.0293909 0.0295793 -0.0249954 -0.0188884 0.0317825 -0.0220081 -0.00234317 0.0299852
internal_weight=50121.1 26642.1 13074.6 6203.63 13567.5 367.602 23479 23405.2 13199.9 3828.88 219.999 3608.89 385.292 6871
internal_count=326276 236686 83675 60429 153011 2443 89590 89186 150568 40540 1209 39331 3740 23246
is_linear=0
shrinkage=0.025


Tree=55
num_leaves=15
num_cat=0
split_feature=239 4 3 5 37 40 39 0 38 39 36 31 10 24
split_gain=30398.3 8369.34 14868.5 1226.76 506.529 486.1 404.322 401.608 324.32 317.434 1066.9 530.652 313.592 261.138
threshold=1.0000000180025095e-35 1.0000000180025095e-35 -4.4999999999999991 1.0000000180025095e-35 32.500000000000007 5.5000000000000009 164.50000000000003 1.0000000180025095e-35 42.500000000000007 128.50000000000003 113.50000000000001 20.500000000000004 -3.4999999999999996 498.50000000000006
decision_type=2 2 2 2 2 2 2 2 2 2 2 2 2 2
left_child=1 4 3 -3 9 -6 7 8 12 -1 11 -11 -2 -12
right_child=6 2 -4 -5 5 -7 -8 -9 -10 10 13 -13 -14 -15
leaf_value=-0.02740800222841186 -0.028716391691672644 -0.02652588267360418 0.029786271285615853 0.027906826033307255 0.030938631307978318 -0.026936982439817198 -0.028595216704319516 -0.024594022962915112 -0.028388251262817688 0.064074801746459201 -0.024283726082710344 -0.019676015550575066 0.029916575113917307 -0.0023114999322623817
leaf_weight=9163.727951683104 54.496667981147766 5811.5413022562861 6745.4770187586546 268.02481016516685 199.89083071053028 160.85845378786325 72.655349358916283 83.103626072406769 57.42472805082798 137.56881210952997 3178.8380148783326 68.924593560397625 22754.162018477917 381.85070156306028
leaf_count=110028 300 59597 23246 832 619 1824 404 884 400 363 35815 626 87602 3736
internal_value=0.00829065 -0.0101697 0.004236 -0.0241095 -0.0240693 0.00505379 0.0292323 0.0294202 0.0296208 -0.0248847 -0.0187232 0.0361192 0.0297716 -0.0219384
internal_weight=49138.5 26116.7 12825 6079.57 13291.7 360.749 23021.8 22949.2 22866.1 12930.9 3767.18 206.493 22808.7 3560.69
internal_count=326276 236686 83675 60429 153011 2443 89590 89186 88302 150568 40540 989 87902 39551
is_linear=0
shrinkage=0.025


Tree=56
num_leaves=15
num_cat=0
split_feature=38 23 252 4 22 24 35 35 23 24 234 238 24 5
split_gain=20693 9248.69 4789.48 1823.09 1471.03 891.874 706.754 689.714 573.793 459.753 438.825 432.159 670.935 425.577
threshold=21.500000000000004 8.5000000000000018 1.0000000180025095e-35 1.0000000180025095e-35 -1.0000000180025095e-35 197.50000000000003 129.50000000000003 190.50000000000003 12.500000000000002 641.50000000000011 1.0000000180025095e-35 1.0000000180025095e-35 379.50000000000006 1.0000000180025095e-35
decision_type=2 2 2 2 2 2 2 2 2 2 2 2 2 2
left_child=1 2 -1 11 -3 -6 -4 8 -7 -9 -8 12 -2 -5
right_child=3 4 6 13 5 7 10 9 -10 -11 -12 -13 -14 -15
leaf_value=-0.027099226034103488 -0.024866982717284627 -0.021100250682818379 -0.025446753584156757 -0.0033293636020512185 -0.025270570683437545 0.0035630180859419292 0.029591046678017971 -0.017196536620180069 0.017364101083507957 0.029792536952444628 -0.02647537403642258 -0.02667066426541298 0.011302516378620377 0.027311251602792849
leaf_weight=988.67713954299688 862.21891850233078 1754.3031073063612 145.27894334495068 1489.6467579081655 626.48786485940218 5998.0865434482694 22689.02779854089 1125.4685247838497 2747.1239932402968 144.00484512746334 84.945926167070866 8659.3730167448521 505.81836850196123 346.51122166216373
leaf_count=11717 9843 19389 1616 10988 6868 40104 89807 10808 13235 505 898 105707 3497 1294
internal_value=0.00824805 0.0176154 0.0267004 -0.0204119 8.84991e-05 0.00358899 0.0290255 0.00540387 0.00790566 -0.0117889 0.0293774 -0.0246047 -0.01148 0.00247452
internal_weight=48167 36303.4 23907.9 11863.6 12395.5 10641.2 22919.3 10014.7 8745.21 1269.47 22774 10027.4 1368.04 1836.16
internal_count=326276 194947 104038 131329 90909 71520 92321 64652 53339 11313 90705 119047 13340 12282
is_linear=0
shrinkage=0.025


Tree=57
num_leaves=15
num_cat=0
split_feature=37 4 3 38 6 3 5 37 0 39 38 35 249 3
split_gain=27208.8 6329.8 14010.3 1390.69 1690.82 1231.59 1160.04 441.786 403.224 340.706 317.536 432.184 269.259 567.135
threshold=29.500000000000004 1.0000000180025095e-35 -5.4999999999999991 21.500000000000004 -1.0000000180025095e-35 -3.4999999999999996 1.0000000180025095e-35 6.5000000000000009 1.0000000180025095e-35 161.50000000000003 19.500000000000004 188.50000000000003 1.0000000180025095e-35 -3.4999999999999996
decision_type=2 2 2 2 2 2 2 2 2 2 2 2 2 2
left_child=1 3 6 4 10 -2 -3 -6 -7 -9 -1 -12 -5 -14
right_child=5 2 -4 12 7 8 -8 9 -10 -11 11 -13 13 -15
leaf_value=-0.022304563492504717 -0.015719360302179533 -0.026874358005905975 0.029397702792364373 -0.026982523122616144 -0.020335425558992221 0.029535983897066853 0.027489781519196343 0.024063718389270922 -0.026776638822998224 -0.020985146180742646 0.087671567906714376 -0.025266236993701702 -0.025259082663301992 0.089600850157301043
leaf_weight=2490.1251088157296 383.58547443151474 5519.7819738462567 6316.932064563036 9303.9158454537392 200.21685473620892 21520.464504107833 253.93342827260494 1049.7319151982665 77.120590358972549 113.64871989935637 36.48856221139431 42.985454984009266 83.592504344880581 35.923030689358711
leaf_count=28786 3262 58712 22282 116116 2026 86204 807 4762 862 732 101 505 1018 101
internal_value=0.0081686 -0.00942902 0.0036741 -0.0212902 -0.0087853 0.0285407 -0.024466 0.0136853 0.0293301 0.0195989 -0.0207214 0.0275862 -0.0265025 0.0104092
internal_weight=47428.4 25447.3 12090.6 13356.6 3933.2 21981.2 5773.72 1363.6 21597.6 1163.38 2569.6 79.474 9423.43 119.516
internal_count=326276 235948 81801 154147 36912 90328 59519 7520 87066 5494 29392 606 117235 1119
is_linear=0
shrinkage=0.025


Tree=58
num_leaves=15
num_cat=0
split_feature=239 22 3 5 5 39 0 38 33 9 24 24 10 38
split_gain=27793.9 6711.17 14063.8 1534.15 878.992 391.909 368.089 340.882 1134.03 552.836 322.95 1234.42 305.857 300.724
threshold=1.0000000180025095e-35 -1.0000000180025095e-35 -5.4999999999999991 1.0000000180025095e-35 1.0000000180025095e-35 164.50000000000003 1.0000000180025095e-35 30.500000000000004 1.0000000180025095e-35 1.0000000180025095e-35 498.50000000000006 501.50000000000006 -3.4999999999999996 42.500000000000007
decision_type=2 2 2 2 2 2 2 2 2 2 2 2 2 2
left_child=1 3 4 7 -3 6 12 8 10 -10 -1 -12 -2 -14
right_child=5 2 -4 -5 -6 -7 -8 -9 9 -11 11 -13 13 -15
leaf_value=-0.025924146331195875 -0.028685742650727698 -0.026714647743508603 0.028866262920154075 0.027830115204091017 0.026888416243117542 -0.028415999483309941 -0.024204636393364846 -0.027234572731440948 0.04849755978746452 -0.0030905749561186816 0.086803332953561671 -0.026716199799594022 0.029499858395157522 -0.027923251194749633
leaf_weight=3308.7151655256748 54.235141336917877 5602.3998184129596 6390.8960879743099 361.78394965827465 195.18019345402718 71.879501208662987 78.352158442139626 8052.3273740187287 190.50274217128754 391.16085261106491 75.461498349905014 249.64403790980577 21420.700509279966 54.492445588111877
leaf_count=40557 300 60609 22832 1383 606 404 884 103653 606 3208 202 3030 87602 400
internal_value=0.00812557 -0.00993842 0.00329331 -0.0227077 -0.0248928 0.0288042 0.0289996 -0.0242066 -0.0184014 0.0139246 -0.0235899 0.000109815 0.0291978 0.0293491
internal_weight=46497.7 24818.1 12188.5 12629.6 5797.58 21679.7 21607.8 12267.8 4215.48 581.664 3633.82 325.106 21529.4 21475.2
internal_count=326276 236686 84047 152639 61215 89590 89186 151256 47603 3814 43789 3232 88302 88002
is_linear=0
shrinkage=0.025


Tree=59
num_leaves=15
num_cat=0
split_feature=239 4 3 225 38 33 9 39 10 38 35 249 12 3
split_gain=26983.9 7471.01 13494.9 939.736 430.338 1086.09 586.388 380.853 297.024 261.22 234.662 222.552 491.674 192.715
threshold=1.0000000180025095e-35 1.0000000180025095e-35 -4.4999999999999991 1.5000000000000002 30.500000000000004 1.0000000180025095e-35 1.0000000180025095e-35 164.50000000000003 -3.4999999999999996 42.500000000000007 142.50000000000003 1.0000000180025095e-35 4.6520068645477304 -5.4999999999999991
decision_type=2 2 2 2 2 2 2 2 2 2 2 2 2 2
left_child=1 4 3 -3 5 11 10 8 -2 -10 -7 -1 -13 -8
right_child=7 2 -4 -5 -6 6 13 -9 9 -11 -12 12 -14 -15
leaf_value=-0.024236483678093151 -0.028404959924112488 -0.025713715343466018 0.029160450599154508 0.029574679320680627 -0.027125916901463123 -0.021763009702967066 -0.026534247858208706 -0.028151946090886407 0.02916325752625968 -0.024464944260352291 0.057506883995507518 0.079406127122860673 -0.025979131560597973 0.0055235088457724901
leaf_weight=3493.3429400995374 53.766201876103878 5513.3171487227082 6348.9692760258913 196.25261855125427 7877.4478684440255 24.949943996965885 156.8457347676158 70.781841427087784 21059.663248509169 54.296842031180859 167.16611188650131 39.295006431639194 76.868947491049767 434.60098202526569
leaf_count=43070 303 59717 23246 712 103701 202 1750 404 88478 405 404 103 919 2862
internal_value=0.00808574 -0.00988789 0.00408523 -0.0237944 -0.0236193 -0.0173115 0.00931668 0.0286745 0.0288697 0.0290207 0.0469077 -0.0231018 0.0105616 -0.00302684
internal_weight=45567.6 24329.1 12058.5 5709.57 12270.5 4393.07 783.563 21238.5 21167.7 21114 192.116 3609.51 116.164 591.447
internal_count=326276 236686 83675 60429 153011 49310 5218 89590 89186 88883 606 44092 1022 4612
is_linear=0
shrinkage=0.025


Tree=60
num_leaves=15
num_cat=0
split_feature=239 4 3 134 37 33 39 0 39 35 33 10 40 12
split_gain=26192.7 7254.64 13081.2 934.427 480.108 441.929 370.052 366.024 325.794 846.396 530.11 289.085 222.976 380.107
threshold=1.0000000180025095e-35 1.0000000180025095e-35 -5.4999999999999991 1.0000000180025095e-35 32.500000000000007 1.0000000180025095e-35 164.50000000000003 1.0000000180025095e-35 128.50000000000003 148.50000000000003 1.0000000180025095e-35 -3.4999999999999996 4.0000000000000009 51.352048873901374
decision_type=2 2 2 2 2 2 2 2 2 2 2 2 2 2
left_child=1 4 3 -3 8 -6 7 11 -1 10 -10 -2 -4 -14
right_child=6 2 12 -5 5 -7 -8 -9 9 -11 -12 -13 13 -15
leaf_value=-0.027084990441620778 -0.028128320797094077 -0.026164740245087432 0.02931622901855396 0.027378479198075085 -0.026236015504772336 0.030695461704837203 -0.027894115396951021 -0.024227147261982631 -0.02580167306907823 -0.021112887055824897 0.055706747769750757 0.029092485964110262 0.026828580487408452 -0.054517187820176699
leaf_weight=8217.9689586907625 52.657383933663368 5295.1022377461195 6173.1814517825842 209.06097813695669 148.8011182025075 190.9820719063282 69.691666387021542 78.613497011363506 71.55782525241375 3244.2679875120521 149.09884104132652 20609.077494822443 101.16492205858231 51.76507081091404
leaf_count=110028 300 59371 22959 761 1832 611 404 884 820 39331 389 88002 355 229
internal_value=0.00804497 -0.00983609 0.0040609 -0.0241127 -0.0235104 0.00567914 0.0285403 0.0287352 -0.0243627 -0.017881 0.0291707 0.0289414 0.0285777 -0.00106484
internal_weight=44663 23853 11830.3 5504.16 12022.7 339.783 20810 20740.3 11682.9 3464.92 220.657 20661.7 6326.11 152.93
internal_count=326276 236686 83675 60132 153011 2443 89590 89186 150568 40540 1209 88302 23543 584
is_linear=0
shrinkage=0.025


Tree=61
num_leaves=15
num_cat=0
split_feature=239 4 3 5 39 0 39 9 32 24 24 24 10 24
split_gain=25430.4 7044.87 12693.5 1085.69 359.647 355.722 286.735 629.622 886.458 304.907 772.3 389.413 281.053 246.636
threshold=1.0000000180025095e-35 1.0000000180025095e-35 -4.4999999999999991 1.0000000180025095e-35 164.50000000000003 1.0000000180025095e-35 119.50000000000001 1.0000000180025095e-35 1.0000000180025095e-35 427.50000000000006 502.50000000000006 498.50000000000006 -3.4999999999999996 194.50000000000003
decision_type=2 2 2 2 2 2 2 2 2 2 2 2 2 2
left_child=1 6 3 -3 5 12 -1 8 -8 -9 11 -11 -2 -4
right_child=4 2 13 -5 -6 -7 7 9 -10 10 -12 -13 -14 -15
leaf_value=-0.026561149678307801 -0.027859356054280429 -0.026001611692444374 -0.030791870673548744 0.02690729895659736 -0.0276421608730337 -0.024093622794543162 -0.026190426514374844 -0.023444329790982248 0.054288550288630756 0.0025748213856753945 -0.025433200588382301 0.078947901757314115 0.028964220934636853 0.029214367545465386
leaf_weight=7145.4904830604792 51.875440910458565 5235.6716059744358 40.408488199114799 251.34940041601658 68.609713196754456 77.108521223068237 167.24539359658957 3821.4948402121663 168.86188399791718 84.43598173558712 309.81456634402275 81.288176104426384 20188.140830494463 6075.9620070382953
leaf_count=97289 300 59597 199 832 404 884 2121 48403 404 652 3928 214 88002 23047
internal_value=0.008006 -0.00978633 0.00403755 -0.02356 0.0284131 0.0286077 -0.0234042 -0.018516 0.0142914 -0.0210961 -0.0021448 0.0409219 0.0288132 0.0287989
internal_weight=43767.8 23382 11603.4 5487.02 20385.7 20317.1 11778.6 4633.14 336.107 4297.03 475.539 165.724 20240 6116.37
internal_count=326276 236686 83675 60429 89590 89186 153011 55722 2525 53197 4794 866 88302 23246
is_linear=0
shrinkage=0.025


Tree=62
num_leaves=15
num_cat=0
split_feature=239 241 3 5 5 37 3 0 38 10 24 38 24 24
split_gain=24692.8 6007.09 12456.7 1366.79 802.153 482.9 431.144 345.289 293.405 272.963 239.132 210.305 367.692 921.511
threshold=1.0000000180025095e-35 1.0000000180025095e-35 -5.4999999999999991 1.0000000180025095e-35 1.0000000180025095e-35 32.500000000000007 -1.4999999999999998 1.0000000180025095e-35 42.500000000000007 -3.4999999999999996 197.50000000000003 26.500000000000004 335.50000000000006 337.50000000000006
decision_type=2 2 2 2 2 2 2 2 2 2 2 2 2 2
left_child=1 3 4 5 -3 11 -7 8 9 -2 -4 12 -1 -14
right_child=7 2 10 -5 -6 6 -8 -9 -10 -11 -12 -13 13 -15
leaf_value=-0.024950198159013393 -0.027596411648035026 -0.026321803851233352 -0.030542493464513668 0.027123137447886171 0.026150645882341467 -0.026632664109569926 0.030786081249708754 -0.023982640051306441 -0.027956799291219178 0.028806036571033217 0.02855834930472145 -0.026973293527165754 0.048581650551656572 -0.016954688435986954
leaf_weight=2254.9649960845709 51.098859190940857 5145.5728671625257 40.381964057683945 336.31843777745962 185.98442682623863 140.55005970597267 186.48106536269188 76.036749206483364 54.700202718377113 19786.074554741383 5906.5130573660135 7708.4277167916298 155.67294751852751 860.80249748378992
leaf_count=29664 300 60507 202 1384 605 1824 603 888 400 88002 22630 108275 505 10487
internal_value=0.00796744 -0.0097362 0.00326538 -0.0223302 -0.024473 -0.0238102 0.00601537 0.0282896 0.0284942 0.0286553 0.0281376 -0.0247022 -0.0193235 -0.00677987
internal_weight=42889.6 22921.7 11278.5 11643.2 5331.56 11306.9 327.031 19967.9 19891.9 19837.2 5946.9 10979.9 3271.44 1016.48
internal_count=326276 236686 83944 152742 61112 151358 2427 89590 88702 88302 22832 148931 40656 10992
is_linear=0
shrinkage=0.025


Tree=63
num_leaves=15
num_cat=0
split_feature=239 4 3 5 38 3 32 40 40 3 39 0 24 38
split_gain=23979.1 6641.88 11956.3 1024.45 431.594 422.341 1057.87 1153.81 675.794 438.987 356.867 336.2 308.756 304.354
threshold=1.0000000180025095e-35 1.0000000180025095e-35 -4.4999999999999991 1.0000000180025095e-35 30.500000000000004 -5.4999999999999991 1.0000000180025095e-35 12.500000000000002 8.5000000000000018 1.0000000180025095e-35 164.50000000000003 1.0000000180025095e-35 375.50000000000006 19.500000000000004
decision_type=2 2 2 2 2 2 2 2 2 2 2 2 2 2
left_child=1 4 3 -3 5 -1 -7 8 9 -8 11 -2 -11 -10
right_child=10 2 -4 -5 -6 6 7 -9 13 12 -12 -13 -14 -15
leaf_value=-0.026826400234552884 0.02857520529119241 -0.025796884303059261 0.028474915571981091 0.026380357882619988 -0.026885856757710564 -0.026759957257557566 0.030709528236584044 -0.026849298182664707 -0.020632031132351208 -0.025444509738747425 -0.027651508030291566 -0.023828584123805136 0.026568826391416847 0.089665100037920178
leaf_weight=1577.7070643827319 19414.338897675276 5022.1929172426462 5886.2263246700168 243.92071689665318 7205.996732801199 1238.4772997945547 392.95140571892262 444.67656605690718 16.543825104832649 216.73666569590569 68.63840601593256 74.184313580393791 102.44320303201675 111.42580617964268
leaf_count=21169 88302 59597 23246 832 103701 17118 1452 5963 205 2700 404 884 400 303
internal_value=0.00793131 -0.00969135 0.00399582 -0.0233617 -0.023191 -0.0166777 -0.0102979 0.00557694 0.0228047 0.0131023 0.0281687 0.0283708 -0.00858089 0.0750691
internal_weight=42016.5 22459.3 11152.3 5266.11 11307 4100.96 2523.25 1284.78 840.101 712.131 19557.2 19488.5 319.18 127.97
internal_count=326276 236686 83675 60429 153011 49310 28141 11023 5060 4552 89590 89186 3100 508
is_linear=0
shrinkage=0.025


Tree=64
num_leaves=15
num_cat=0
split_feature=239 241 3 150 225 39 234 38 33 38 234 24 24 38
split_gain=23285.6 5675.15 11722.8 1005.93 664.769 346.882 326.365 299.129 953.355 435.772 321.827 316.601 989.249 293.611
threshold=1.0000000180025095e-35 1.0000000180025095e-35 -5.4999999999999991 1.0000000180025095e-35 3.5000000000000004 164.50000000000003 1.0000000180025095e-35 30.500000000000004 1.0000000180025095e-35 5.5000000000000009 1.0000000180025095e-35 498.50000000000006 501.50000000000006 42.500000000000007
decision_type=2 2 2 2 2 2 2 2 2 2 2 2 2 2
left_child=1 3 4 7 -3 6 13 8 11 -10 -9 -1 -13 -2
right_child=5 2 -4 -5 -6 -7 -8 10 9 -11 -12 12 -14 -15
leaf_value=-0.025368103033404706 0.028621101221880399 -0.025753131162883421 0.027769148640510444 0.027328665048594381 0.030746947086306372 -0.027404877005514108 -0.023692450415119252 -0.026890922889075741 0.038916104056026093 -0.0055114293078482425 0.0242872319964423 0.073382414375596547 -0.026282694914400623 -0.027960039758544275
leaf_weight=2927.1890360563993 18960.871714755893 4981.4785001054406 5732.7028755769134 248.09214226901531 130.8253176882863 67.565248087048531 72.678306818008423 7034.2205480411649 225.6163444519043 344.53902543336153 74.940352872014046 83.178276658058167 221.038783416152 54.810294471681118
leaf_count=40568 87902 60610 22832 1052 502 404 883 103613 807 3119 351 202 3030 401
internal_value=0.00789547 -0.00964811 0.00322865 -0.0221625 -0.0242852 0.0280469 0.0282488 -0.0232973 -0.0175884 0.0121371 -0.0263379 -0.0228474 0.0013366 0.0284523
internal_weight=41159.7 22003.8 10845 11158.8 5112.3 19155.9 19088.4 10910.7 3801.56 570.155 7109.16 3231.41 304.217 19015.7
internal_count=326276 236686 83944 152742 61112 89590 89186 151690 47726 3926 103964 43800 3232 88303
is_linear=0
shrinkage=0.025


Tree=65
num_leaves=15
num_cat=0
split_feature=239 4 3 5 37 3 0 38 3 32 40 40 3 38
split_gain=22617.8 6273.03 11257.4 976.065 445.764 392.298 317.236 293.117 285.354 834.383 969.226 537.843 470.166 283.111
threshold=1.0000000180025095e-35 1.0000000180025095e-35 -4.4999999999999991 1.0000000180025095e-35 32.500000000000007 -1.4999999999999998 1.0000000180025095e-35 26.500000000000004 -5.4999999999999991 1.0000000180025095e-35 20.000000000000004 8.5000000000000018 1.0000000180025095e-35 42.500000000000007
decision_type=2 2 2 2 2 2 2 2 2 2 2 2 2 2
left_child=1 4 3 -3 7 -6 13 8 -1 -10 11 12 -11 -2
right_child=6 2 -4 -5 5 -7 -8 -9 9 10 -12 -13 -14 -15
leaf_value=-0.026685679729911212 0.028304563746774276 -0.025598565029606862 0.028142226668834966 0.02602545853542601 -0.025458050388567244 0.030328449244950817 -0.023588478016580993 -0.026729771599483407 -0.026646698077670825 0.029609647690692045 -0.026719349081963936 0.06907362157312133 -0.025693719638900915 -0.027796053168940394
leaf_weight=1325.8839334771037 18631.429205164313 4818.6607852578163 5667.7915538027883 237.49972568452358 135.66593291610479 179.10152460634708 71.755080439150333 7206.2795592173934 1071.4005777016282 299.78320346027613 352.34628444164991 134.09966675937176 137.62111636251211 53.701040983200073
leaf_count=18515 88302 59597 23246 832 1840 603 888 108350 15417 1125 4950 511 1700 400
internal_value=0.00785961 -0.00960068 0.00395455 -0.0231547 -0.0230078 0.00619224 0.0279346 -0.0238847 -0.0176855 -0.011661 0.00572107 0.0258 0.0120962 0.0281376
internal_weight=40323 21566.1 10724 5056.16 10842.2 314.767 18756.9 10527.4 3321.13 1995.25 923.85 571.504 437.404 18685.1
internal_count=326276 236686 83675 60429 153011 2443 89590 150568 42218 23703 8286 3336 2825 88702
is_linear=0
shrinkage=0.025


Tree=66
num_leaves=15
num_cat=0
split_feature=239 4 3 5 0 11 241 9 252 28 249 3 3 18
split_gain=21966.9 6097.59 10920.2 947.76 308.421 280.505 209.971 177.454 1123.62 178.505 140.996 431.346 132.903 180.267
threshold=1.0000000180025095e-35 1.0000000180025095e-35 -4.4999999999999991 1.0000000180025095e-35 1.0000000180025095e-35 5.5000000000000009 1.0000000180025095e-35 1.0000000180025095e-35 1.0000000180025095e-35 1.0000000180025095e-35 1.0000000180025095e-35 -3.4999999999999996 -5.4999999999999991 1.0000000180025095e-35
decision_type=2 2 2 2 2 2 2 2 2 2 2 2 2 2
left_child=1 6 3 -3 5 -2 7 8 -1 -10 -9 -12 -8 -14
right_child=4 2 -4 -5 -6 -7 12 10 9 -11 11 -13 13 -15
leaf_value=-0.026208299476406571 0.028188670971240046 -0.025488541212768858 0.027979036326775931 0.025772974718523148 -0.023458117978519787 -0.028146781492242708 -0.020357732606612469 -0.024935329185219769 -0.022946969025084099 0.049181964138861202 -0.026183423412734264 0.062984962453548399 -0.026844759824747502 0.035878074772494099
leaf_weight=815.27434040606022 18246.213638491929 4719.7326388433576 5559.7066137492657 233.90549074113369 70.383931875228882 52.710574105381966 102.8911956101656 9209.960267983377 22.190650969743729 170.20790176093578 119.04063530266285 43.936063185334206 37.999176219105721 92.045120090246201
leaf_count=11919 88402 59597 23246 832 888 300 1217 136892 303 404 1717 101 232 226
internal_value=0.00782503 -0.0095587 0.00393382 -0.0230488 0.027818 0.0280204 -0.0229235 -0.0234502 -0.0133623 0.0405103 -0.0245274 -0.00129039 0.000439604 0.0171704
internal_weight=39496.2 21126.9 10513.3 4953.64 18369.3 18298.9 10613.5 10380.6 1007.67 192.399 9372.94 162.977 232.935 130.044
internal_count=326276 236686 83675 60429 89590 88702 153011 151336 12626 707 138710 1818 1675 458
is_linear=0
shrinkage=0.025


Tree=67
num_leaves=15
num_cat=0
split_feature=239 241 5 24 35 38 39 38 33 38 23 24 24 0
split_gain=21334.6 5206.34 1179.42 693.144 565.328 362.661 351.379 336.19 903.98 377.835 309.092 306.37 859.493 300.599
threshold=1.0000000180025095e-35 1.0000000180025095e-35 1.0000000180025095e-35 197.50000000000003 188.50000000000003 5.5000000000000009 164.50000000000003 30.500000000000004 1.0000000180025095e-35 5.5000000000000009 12.500000000000002 498.50000000000006 501.50000000000006 1.0000000180025095e-35
decision_type=2 2 2 2 2 2 2 2 2 2 2 2 2 2
left_child=1 2 7 -3 5 -5 13 8 11 -10 -7 -1 -13 -2
right_child=6 3 -4 4 -6 10 -8 -9 9 -11 -12 12 -14 -15
leaf_value=-0.025122358608083248 0.028123987271042844 -0.024605581816923409 0.026265635890841757 -0.0029464427747926333 -0.008650113820651199 0.0065223842406064844 -0.027662614961778988 -0.026721331152963535 0.036762833249896244 -0.0049120983685910884 0.018541080052968086 0.066145278425886786 -0.026064505119130388 -0.023305106311211004
leaf_weight=2743.432266920805 17851.411528348923 528.89980612695217 305.67414708435535 1665.5983716994524 1642.1268012300134 4475.1595392823219 68.663118079304695 6579.174934335053 225.77876525372267 331.56735048443079 1915.3226757049561 87.373147740960121 206.85644146054983 68.674192190170288
leaf_count=40557 88302 7171 1384 15051 17172 34042 404 103653 807 3109 10508 202 3030 884
internal_value=0.00778907 -0.00951148 -0.0218928 0.00317606 0.00470087 0.0074276 0.0277035 -0.0233494 -0.0171544 0.0120321 0.0101355 -0.0225243 0.00162485 0.0279216
internal_weight=38695.7 20707 10479.9 10227.1 9698.21 8056.08 17988.7 10174.2 3595.01 557.346 6390.48 3037.66 294.23 17920.1
internal_count=326276 236686 152742 83944 76773 59601 89590 151358 47705 3916 44550 43789 3232 89186
is_linear=0
shrinkage=0.025


Tree=68
num_leaves=15
num_cat=0
split_feature=239 4 3 5 38 3 32 40 40 6 0 38 10 40
split_gain=20716.6 5768.75 10555.3 941.562 422.691 404.026 966.112 993.835 508.401 352.092 291.62 286.67 280.096 251.054
threshold=1.0000000180025095e-35 1.0000000180025095e-35 -5.4999999999999991 1.0000000180025095e-35 30.500000000000004 -5.4999999999999991 1.0000000180025095e-35 12.500000000000002 8.5000000000000018 26.500000000000004 1.0000000180025095e-35 42.500000000000007 -3.4999999999999996 4.0000000000000009
decision_type=2 2 2 2 2 2 2 2 2 2 2 2 2 2
left_child=1 4 3 -3 5 -1 -7 8 9 -8 11 12 -2 -4
right_child=10 2 13 -5 -6 6 7 -9 -10 -11 -12 -13 -14 -15
leaf_value=-0.02652668114740719 -0.02814656065547981 -0.025968079587697382 0.028214666565883395 0.025699800141525782 -0.026616085896299657 -0.026456995370499475 0.025841247286441795 -0.026540139686629362 0.064753493222578937 -0.011125861955812761 -0.02319856216235679 -0.027963768248610368 0.028151482893915759 -0.0056595905051051165
leaf_weight=1419.8732313625515 52.709942772984505 4524.3494398072362 5376.6054816693068 228.91898925602436 6433.7540010586381 1108.920267701149 438.89300894737244 399.15114264935255 137.52291998267174 250.06539940834045 67.723667174577713 54.743308037519455 17438.344548001885 138.11521755903959
leaf_count=21169 300 59303 22959 829 103701 17118 2033 5963 508 2519 888 400 88002 584
internal_value=0.00772079 -0.00939065 0.00383155 -0.0234598 -0.0227161 -0.0160103 -0.0095777 0.00570122 0.0213421 0.0123974 0.0275935 0.0277949 0.0279756 0.0273591
internal_weight=38069.7 20456.2 10268 4753.27 10188.2 3754.43 2334.55 1225.63 826.481 688.958 17613.5 17545.8 17491.1 5514.72
internal_count=326276 236686 83675 60132 153011 49310 28141 11023 5060 4552 89590 88702 88302 23543
is_linear=0
shrinkage=0.025


Tree=69
num_leaves=15
num_cat=0
split_feature=239 4 3 5 37 3 39 39 36 0 31 10 40 29
split_gain=20129.3 5604.82 10241.6 890.688 434.384 361.758 348.843 325.289 749.124 284.475 281.208 272.946 253.91 480.127
threshold=1.0000000180025095e-35 1.0000000180025095e-35 -4.4999999999999991 1.0000000180025095e-35 32.500000000000007 -1.4999999999999998 164.50000000000003 128.50000000000003 113.50000000000001 1.0000000180025095e-35 20.500000000000004 -3.4999999999999996 4.0000000000000009 24.500000000000004
decision_type=2 2 2 2 2 2 2 2 2 2 2 2 2 2
left_child=1 4 3 -3 7 -6 9 -1 10 11 -9 -2 -4 -14
right_child=6 2 12 -5 5 -7 -8 8 -10 -11 -12 -13 13 -15
leaf_value=-0.026594379439998168 -0.027877180890788986 -0.025294695457834082 0.028529514393336154 0.025256378835925315 -0.025116476376686216 0.030057845730405791 -0.027666271659826117 0.046862547992933788 -0.020020154808922299 -0.023045686719165834 -0.017935790326128628 0.028095658565900884 -0.070146120705796941 0.026559048852486451
leaf_weight=6720.0862444378436 51.927659407258034 4521.139413241297 5178.7616882100701 226.0474306344986 124.68647230416536 174.16538493335247 68.667333453893661 149.27003638446331 2753.2899225689471 66.082287520170212 55.219245038926601 17054.907908305526 45.016992717981339 93.544304713606834
leaf_count=110028 300 59597 22662 832 1840 603 404 363 39551 884 626 88002 214 370
internal_value=0.00768808 -0.00934886 0.00381199 -0.0228679 -0.0226252 0.00693445 0.0274911 -0.0235424 -0.01658 0.0277179 0.0292379 0.0279194 0.0276354 -0.00550349
internal_weight=37282.8 20041.2 10064.5 4747.19 9976.72 298.852 17241.6 9677.87 2957.78 17172.9 204.489 17106.8 5317.32 138.561
internal_count=326276 236686 83675 60429 153011 2443 89590 150568 40540 89186 989 88302 23246 584
is_linear=0
shrinkage=0.025


Tree=70
num_leaves=15
num_cat=0
split_feature=239 4 3 225 37 40 39 39 36 0 10 24 40 29
split_gain=19560.1 5442.55 9947.07 745.07 422.052 351.36 339.313 327.242 721.265 276.782 265.585 248.573 249.889 451.083
threshold=1.0000000180025095e-35 1.0000000180025095e-35 -5.4999999999999991 1.5000000000000002 32.500000000000007 5.5000000000000009 164.50000000000003 128.50000000000003 113.50000000000001 1.0000000180025095e-35 -3.4999999999999996 194.50000000000003 4.0000000000000009 24.500000000000004
decision_type=2 2 2 2 2 2 2 2 2 2 2 2 2 2
left_child=1 4 3 -3 7 -6 9 -1 -9 10 -2 -4 -13 -14
right_child=6 2 11 -5 5 -7 -8 8 -10 -11 -12 12 13 -15
leaf_value=-0.026544359984253713 -0.027613845529182814 -0.025250893338809144 -0.031732467804308377 0.028543527698977906 0.02929011918660282 -0.025863280375614996 -0.027419262342274431 0.02855608233610454 -0.019838290822231066 -0.022916429543919165 0.027996687446819643 0.02843486659878738 -0.066914024150853971 0.026372444454781974
leaf_weight=6566.3679590933025 51.150699615478516 4392.4883333034813 41.838006600737572 164.20448081940413 174.72189789265394 118.38878659158945 67.594340950250626 204.17419846355915 2709.6463290192187 64.826391406357288 16691.894471406937 5127.2458205223083 46.141671195626259 91.893083125352859
leaf_count=110028 300 59426 199 706 619 1824 404 989 39551 884 88002 22760 214 370
internal_value=0.00765582 -0.00930544 0.00379321 -0.0232894 -0.0225251 0.00689264 0.0273924 -0.0234391 -0.0164128 0.0276192 0.0278204 0.0270511 0.0275407 -0.00539374
internal_weight=36512.6 19637.1 9863.81 4556.69 9773.3 293.111 16875.5 9480.19 2913.82 16807.9 16743 5307.12 5265.28 138.035
internal_count=326276 236686 83675 60132 153011 2443 89590 150568 40540 89186 88302 23543 23344 584
is_linear=0
shrinkage=0.025


Tree=71
num_leaves=15
num_cat=0
split_feature=239 4 39 37 33 39 39 36 167 234 31 11 23 23
split_gain=19008.5 5283.83 562.257 409.901 340.884 330.08 329.891 693.334 322.952 268.96 267.058 258.449 247.709 285.98
threshold=1.0000000180025095e-35 1.0000000180025095e-35 158.50000000000003 32.500000000000007 1.0000000180025095e-35 164.50000000000003 128.50000000000003 113.50000000000001 1.0000000180025095e-35 1.0000000180025095e-35 20.500000000000004 5.5000000000000009 12.500000000000002 9.5000000000000018
decision_type=2 2 2 2 2 2 2 2 2 2 2 2 2 2
left_child=1 3 12 6 -5 9 -1 10 -4 11 -8 -2 13 -3
right_child=5 2 8 4 -6 -7 7 -9 -10 -11 -12 -13 -14 -15
leaf_value=-0.026495526082295297 0.027899975909247882 0.020572730986352285 -0.011498926124653228 -0.025373185352787205 0.029366651585066024 -0.027177517185073736 0.044877737088941716 -0.019655990369403714 0.0093309956857767704 -0.022782228401699217 -0.018069363114856182 -0.027356221615355253 0.014680260319745701 0.0022153076731460152
leaf_weight=6415.9042524285614 16335.429494410753 599.11942653357983 1896.3706981800497 117.60838248208165 169.81859141588211 66.530803523957729 149.72227463871241 2666.9750376418233 612.30571692809463 63.520051509141922 55.60307339578867 50.379573181271553 2051.976982280612 4507.5424156412482
leaf_count=110028 88003 3515 22596 1832 611 404 363 39551 4960 883 626 300 12806 39798
internal_value=0.00762352 -0.00926147 0.00377421 -0.0224216 0.00685158 0.0272962 -0.0233321 -0.0162369 -0.00639983 0.0275229 0.0276966 0.0277236 0.00734428 0.00438473
internal_weight=35758.8 19242.9 9667.32 9575.63 287.427 16515.9 9288.2 2872.3 2508.68 16449.3 205.325 16385.8 7158.64 5106.66
internal_count=326276 236686 83675 153011 2443 89590 150568 40540 27556 89186 989 88303 56119 43313
is_linear=0
shrinkage=0.025


Tree=72
num_leaves=15
num_cat=0
split_feature=37 4 3 38 33 3 5 3 6 40 24 24 3 3
split_gain=17700.1 4163.82 9419.88 1072.16 1181.38 873.766 807.864 349.451 310.89 577.336 445.609 682.477 298.656 295.771
threshold=29.500000000000004 1.0000000180025095e-35 -4.4999999999999991 26.500000000000004 1.0000000180025095e-35 -3.4999999999999996 1.0000000180025095e-35 -5.4999999999999991 -1.0000000180025095e-35 8.5000000000000018 498.50000000000006 502.50000000000006 1.0000000180025095e-35 1.0000000180025095e-35
decision_type=2 2 2 2 2 2 2 2 2 2 2 2 2 2
left_child=1 3 6 4 8 -2 -3 -6 10 13 -1 -12 -9 -10
right_child=5 2 -4 -5 7 -7 -8 12 9 -11 11 -13 -14 -15
leaf_value=-0.026530435461393938 -0.015123776083385497 -0.025070552891540476 0.027660698340575954 -0.026370697432270496 -0.025627884594807884 0.02769105096704684 0.024651395916163291 0.022870707237391156 0.016523220486038503 0.073640212901861915 0.06326953224369794 -0.02526287491020264 -0.024521893050271321 -0.026388998198788358
leaf_weight=1865.0775618813932 301.11116156354547 4280.9802589789033 4793.46795938164 6198.6890906170011 126.00103745609522 15775.756528191268 211.63834614306688 843.71569067239761 157.44038902968168 55.210145719349384 88.993072971701622 130.10085963830352 89.197172984480858 264.42895667999983
leaf_count=30908 3262 59006 21985 108550 1734 87066 810 4045 872 214 202 2122 1200 4300
internal_value=0.00755658 -0.00870865 0.00329021 -0.0200565 -0.00922523 0.0268849 -0.0227078 0.0129465 -0.018406 -0.00014494 -0.0225679 0.0109541 0.0182486 -0.0103119
internal_weight=35181.8 19104.9 9286.09 9818.85 3620.16 16076.9 4492.62 1058.91 2561.25 477.079 2084.17 219.094 932.913 421.869
internal_count=326276 235948 81801 154147 45597 90328 59816 6979 38618 5386 33232 2324 5245 5172
is_linear=0
shrinkage=0.025


Tree=73
num_leaves=15
num_cat=0
split_feature=239 241 5 24 35 37 12 33 40 234 37 11 24 23
split_gain=17936.5 4441.41 1000.93 606.796 474.943 396.496 354.338 330.538 312.476 267.237 263.405 253.635 227.699 214.296
threshold=1.0000000180025095e-35 1.0000000180025095e-35 1.0000000180025095e-35 197.50000000000003 188.50000000000003 32.500000000000007 52.280015945434577 1.0000000180025095e-35 5.5000000000000009 1.0000000180025095e-35 18.500000000000004 5.5000000000000009 319.50000000000006 12.500000000000002
decision_type=2 2 2 2 2 2 2 2 2 2 2 2 2 2
left_child=1 2 5 -3 6 -1 -5 -7 13 11 -6 -2 -12 -8
right_child=9 3 -4 4 10 7 8 -9 -10 -11 12 -13 -14 -15
leaf_value=-0.023778483915317474 0.027486171556656971 -0.024296678443829899 0.025422190560037174 -0.00042286141256952213 -0.019082253783007555 -0.025929511170062303 0.0082930467284166708 0.029325788420825366 -0.070252326407812968 -0.022828098695908575 -0.012308948600305058 -0.027323856551749584 0.014589771015598458 0.02014343703898995
leaf_weight=8690.0887330919504 15709.036711983383 479.44617336988449 273.94797541201115 2559.9170307293534 727.00629203021526 111.55233439430594 3497.1425421759486 161.91436347365379 26.329190164804459 64.077377751469612 372.02176834270358 50.23753023147583 410.13518556207418 1321.1496251150966
leaf_count=148931 88403 7171 1384 23744 10504 1824 27876 603 204 887 3839 300 2829 7777
internal_value=0.00752506 -0.00909708 -0.0214033 0.00300549 0.00448449 -0.0228452 0.0070915 0.00665888 0.0110651 0.0270958 -0.0082787 0.0273047 0.00176579 0.0115581
internal_weight=34454 18630.7 9237.5 9393.15 8913.7 8963.56 7404.54 273.467 4844.62 15823.4 1509.16 15759.3 782.157 4818.29
internal_count=326276 236686 152742 83944 76773 151358 59601 2427 35857 89590 17172 88703 6668 35653
is_linear=0
shrinkage=0.025


Tree=74
num_leaves=15
num_cat=0
split_feature=239 4 3 5 38 33 39 9 24 24 37 38 0 11
split_gain=17423.3 4874.03 9292.77 848.815 424.37 783.098 333.317 321.186 309.813 742.667 294.565 265.662 291.774 250.939
threshold=1.0000000180025095e-35 1.0000000180025095e-35 -5.4999999999999991 1.0000000180025095e-35 30.500000000000004 1.0000000180025095e-35 164.50000000000003 1.0000000180025095e-35 498.50000000000006 500.50000000000006 27.500000000000004 42.500000000000007 1.0000000180025095e-35 5.5000000000000009
decision_type=2 2 2 2 2 2 2 2 2 2 2 2 2 2
left_child=1 4 3 -3 5 8 11 -7 -1 -10 -9 12 13 -2
right_child=6 2 -4 -5 -6 7 -8 10 9 -11 -12 -13 -14 -15
leaf_value=-0.024025977932940919 0.02785103501451866 -0.025627928771049011 0.026705181332490543 0.02493584056217981 -0.026339796482122424 0.035967261401069935 -0.027381998992410513 -0.014023065284659958 0.061760817185824934 -0.024821724383378454 0.028334715868262125 -0.025184298380002187 -0.025546194717119275 -0.027072286943665522
leaf_weight=2412.2862340509892 15251.405385136604 4146.4078243859112 5043.9814866408706 215.61379789561033 5628.1773385964334 190.82590086758137 67.417505830526352 357.03168549761176 89.811096385121346 182.8307114392519 140.42003502696753 57.493709795176983 61.989569038152695 49.47426101565361
leaf_count=40841 87602 59303 23543 829 103701 606 404 4076 202 3049 536 405 879 300
internal_value=0.00745945 -0.00898035 0.00360199 -0.0231074 -0.0221279 -0.0150757 0.0269979 0.00865991 -0.0211725 0.00397055 -0.00191823 0.0272425 0.0274453 0.0276665
internal_weight=33895.2 18407.4 9406 4362.02 9001.38 3373.21 15487.8 688.278 2684.93 272.642 497.452 15420.4 15362.9 15300.9
internal_count=326276 236686 83675 60132 153011 49310 89590 5218 44092 3251 4612 89186 88781 87902
is_linear=0
shrinkage=0.025


Tree=75
num_leaves=15
num_cat=0
split_feature=37 4 3 38 33 3 5 3 24 24 0 3 24 39
split_gain=16263.5 3828.75 8833.3 1031.07 1080.74 818.157 760.621 325.848 295.186 644.14 287.637 273.988 254.663 238.135
threshold=29.500000000000004 1.0000000180025095e-35 -4.4999999999999991 26.500000000000004 1.0000000180025095e-35 -3.4999999999999996 1.0000000180025095e-35 -5.4999999999999991 498.50000000000006 500.50000000000006 1.0000000180025095e-35 1.0000000180025095e-35 198.50000000000003 164.50000000000003
decision_type=2 2 2 2 2 2 2 2 2 2 2 2 2 2
left_child=1 3 6 4 8 -2 -3 -6 -1 -10 -7 13 -4 -9
right_child=5 2 12 -5 7 10 -8 11 9 -11 -12 -13 -14 -15
leaf_value=-0.02090990927381297 -0.014720953017668468 -0.024878379079883765 -0.031634088512578082 -0.026235235317607769 -0.025459091485386044 0.02765668289555059 0.024188937222495585 0.026749671291141211 0.059512448418497621 -0.024380762714905805 -0.026247786897219457 -0.024252605971621204 0.027937854687475911 -0.017847042746461175
leaf_weight=2179.7579096034169 290.94476630911231 4097.0824793241918 42.549833059310913 5797.7685793600976 120.65132310986519 14721.066327348351 204.62420146912336 734.82676278054714 90.97200433909893 142.99212181940675 59.437897801399231 84.637957978993654 4533.3615652546287 80.512102648615837
leaf_count=35974 3262 59006 203 108550 1734 86204 810 3593 202 2442 862 1200 21782 452
internal_value=0.00743116 -0.00853438 0.00318549 -0.0198043 -0.00892708 0.0266148 -0.0225233 0.0126 -0.0180443 0.0084743 0.0274329 0.0177975 0.0273581 0.0222661
internal_weight=33181.2 18109.7 8877.62 9232.12 3434.35 15071.4 4301.71 1020.63 2413.72 233.964 14780.5 899.977 4575.91 815.339
internal_count=326276 235948 81801 154147 45597 90328 59816 6979 38618 2644 87066 5245 21985 4045
is_linear=0
shrinkage=0.025


Tree=76
num_leaves=15
num_cat=0
split_feature=239 4 24 38 35 24 24 38 37 38 37 38 0 10
split_gain=16481.1 4607.02 564.046 417.036 405.469 327.093 544.757 345.655 316.489 306.938 264.161 249.432 276.112 244.171
threshold=1.0000000180025095e-35 1.0000000180025095e-35 197.50000000000003 30.500000000000004 188.50000000000003 334.50000000000006 337.50000000000006 19.500000000000004 5.5000000000000009 5.5000000000000009 32.500000000000007 42.500000000000007 1.0000000180025095e-35 -3.4999999999999996
decision_type=2 2 2 2 2 2 2 2 2 2 2 2 2 2
left_child=1 3 -3 5 9 -1 -7 -8 -9 -4 -10 12 13 -2
right_child=11 2 4 -5 -6 6 7 8 10 -11 -12 -13 -14 -15
leaf_value=-0.020409011328390809 -0.026965002157835441 -0.02376413885505747 -0.0027954887692270983 -0.026252719368406958 -0.006888421903680682 0.038871625726263133 -0.024487011615989471 0.040760670053366893 -0.023177731034447313 0.010100882997112273 0.028963685365499078 -0.024785185233523511 -0.025407278723172264 0.027446659597715813
leaf_weight=2188.9336254894733 49.021759435534477 445.1474916562438 1443.1641798466444 5372.3833078332245 1479.558522336185 158.01464030146599 514.32198568806052 115.4794086329639 202.09349722415209 5665.3545564338565 83.118017792701721 55.583487451076508 59.787712432444096 14659.24911943078
leaf_count=35840 300 7041 14786 103701 17213 517 8645 609 3395 44635 304 405 883 88002
internal_value=0.00740094 -0.00890702 0.00357177 -0.0219619 0.00499939 -0.0148697 -0.00352108 -0.0109723 0.00636624 0.00747908 -0.00775232 0.0268371 0.0270381 0.0272581
internal_weight=32491.2 17667.6 9033.22 8634.34 8588.08 3261.96 1073.03 915.013 400.691 7108.52 285.212 14823.6 14768.1 14708.3
internal_count=326276 236686 83675 153011 76634 49310 13470 12953 4308 59421 3699 89590 89185 88302
is_linear=0
shrinkage=0.025


Tree=77
num_leaves=15
num_cat=0
split_feature=37 4 3 38 33 3 177 6 24 24 39 24 3 0
split_gain=15391.3 3622.22 8554.91 998.732 1011.94 782.373 645.116 309.031 420.726 559.662 382.759 365.05 305.312 273.119
threshold=29.500000000000004 1.0000000180025095e-35 -5.4999999999999991 26.500000000000004 1.0000000180025095e-35 -3.4999999999999996 1.0000000180025095e-35 -1.0000000180025095e-35 498.50000000000006 502.50000000000006 123.50000000000001 214.50000000000003 -5.4999999999999991 1.0000000180025095e-35
decision_type=2 2 2 2 2 2 2 2 2 2 2 2 2 2
left_child=1 3 6 4 7 -2 -3 8 -1 -10 -9 -12 -6 -7
right_child=5 2 -4 -5 12 13 -8 10 9 -11 11 -13 -14 -15
leaf_value=-0.026319157787942145 -0.014288795414993331 -0.025038206696096812 0.026706142006573654 -0.026143965207205983 -0.025300231943452978 0.027502862924775325 0.024614157792683479 -0.02550299542651574 0.056132880279484591 -0.024909442478364976 0.091459727047607575 0.0081591939583608979 0.017366211357353854 -0.026091008247866084
leaf_weight=1684.9030617251992 286.22744684666395 3954.1528505608439 4551.3524234890938 5535.7283557020128 115.87368441745639 14091.884133040905 167.7884020768106 189.99127852171659 92.530679225921631 117.20872630178928 36.183180078864098 215.38930055499077 877.44189554825425 56.985998969525099
leaf_count=30908 3262 58611 22282 108550 1734 86204 908 3505 202 2122 143 1738 5245 862
internal_value=0.00733412 -0.00840042 0.00308346 -0.0196357 -0.00879364 0.026451 -0.0229946 -0.0177784 -0.0221623 0.0110138 0.000998075 0.021175 0.0123027 0.0272798
internal_weight=31973.6 17538.5 8673.29 8865.25 3329.52 14435.1 4121.94 2336.21 1894.64 209.739 441.564 251.572 993.316 14148.9
internal_count=326276 235948 81801 154147 45597 90328 59519 38618 33232 2324 5386 1881 6979 87066
is_linear=0
shrinkage=0.025


Tree=78
num_leaves=15
num_cat=0
split_feature=239 4 3 5 37 39 35 39 3 32 40 29 10 0
split_gain=15575.7 4366.4 8483.4 769.298 340.208 340.103 551.069 329.43 287.819 264.083 259.319 414.618 240.767 233.985
threshold=1.0000000180025095e-35 1.0000000180025095e-35 -4.4999999999999991 1.0000000180025095e-35 32.500000000000007 128.50000000000003 149.50000000000003 164.50000000000003 -1.4999999999999998 1.0000000180025095e-35 4.0000000000000009 24.500000000000004 -3.4999999999999996 1.0000000180025095e-35
decision_type=2 2 2 2 2 2 2 2 2 2 2 2 2 2
left_child=1 4 3 -3 5 -1 9 12 -6 -7 -4 -12 -2 -14
right_child=7 2 10 -5 8 6 -8 -9 -10 -11 11 -13 13 -15
leaf_value=-0.026201156468071685 -0.026912063373042028 -0.024742889878772437 0.02775126124255994 0.024254543322413988 -0.024526353143565809 -0.024283344943113998 -0.018560130031114654 -0.027386961943854822 0.028620425662135476 0.039624002156144367 -0.065578405567454603 0.025363401773157442 0.027336629354427051 -0.022126766273894732
leaf_weight=5484.2789721786976 49.002689778804779 3984.485875274986 4513.4956231787801 208.03996276855469 106.03131987527013 51.317395158112049 2338.5763271860778 67.397564575076103 149.72715038061142 156.6891984641552 46.364754125475883 82.590451955795288 14017.511925324798 57.379199258983135
leaf_count=110028 303 59597 22662 832 1840 814 39308 404 603 418 214 370 88002 881
internal_value=0.00730336 -0.00874758 0.00347691 -0.02229 -0.0217806 -0.0226852 -0.0150815 0.0266681 0.00646153 0.0236178 0.0267513 -0.00789205 0.0269336 0.0271285
internal_weight=31312.9 17121.6 8834.98 4192.53 8286.62 8030.86 2546.58 14191.3 255.758 208.007 4642.45 128.955 14123.9 14074.9
internal_count=326276 236686 83675 60429 153011 150568 40540 89590 2443 1232 23246 584 89186 88883
is_linear=0
shrinkage=0.025


Tree=79
num_leaves=15
num_cat=0
split_feature=239 4 24 38 33 35 39 24 24 38 9 37 38 0
split_gain=15144.6 4239.3 522.922 413.575 699.189 367.767 320.622 290.728 617.418 278.402 263.056 253.985 244.184 257.294
threshold=1.0000000180025095e-35 1.0000000180025095e-35 197.50000000000003 30.500000000000004 1.0000000180025095e-35 188.50000000000003 164.50000000000003 498.50000000000006 501.50000000000006 5.5000000000000009 1.0000000180025095e-35 27.500000000000004 42.500000000000007 1.0000000180025095e-35
decision_type=2 2 2 2 2 2 2 2 2 2 2 2 2 2
left_child=1 3 -3 4 7 9 12 -1 -9 -4 -6 -12 13 -2
right_child=6 2 5 -5 10 -7 -8 8 -10 -11 11 -13 -14 -15
leaf_value=-0.023571289791453749 0.027287191625868609 -0.023582421902621678 -0.0027180847845457183 -0.026130804869115287 0.033098758041965742 -0.0066936075207285799 -0.027145886566883833 0.054510251407998624 -0.024695943114242364 0.0098224213114039421 -0.01310421433611857 0.02762188404283791 -0.024608874462594413 -0.025177040148140442
leaf_weight=2188.8406106941402 13704.258630730212 421.74621877446771 1384.3423863649368 5014.6017003431916 188.24543980509043 1420.808621622622 66.336230866611004 94.132243111729622 164.52565503120422 5429.6313132867217 338.22914262488484 129.92707068473101 54.699959933757782 55.982250578701496
leaf_count=40841 87902 7041 14786 103701 606 17213 404 206 3045 44635 4076 536 405 879
internal_value=0.00727506 -0.00870764 0.00346078 -0.0216821 -0.0144684 0.00485692 0.0265891 -0.0206109 0.00432817 0.00727092 0.00838661 -0.00164456 0.0268548 0.0270665
internal_weight=30656.3 16775 8656.53 8118.5 3103.9 8234.78 13881.3 2447.5 258.658 6813.97 656.402 468.156 13814.9 13760.2
internal_count=326276 236686 83675 153011 49310 76634 89590 44092 3251 59421 5218 4612 89186 88781
is_linear=0
shrinkage=0.025


Tree=80
num_leaves=15
num_cat=0
split_feature=3 3 40 5 40 234 0 24 10 3 252 226 28 33
split_gain=10276.5 15756.1 1511.54 787.392 726.912 675.207 406.741 313.673 294.82 190.211 844.926 134.367 106.523 97.0778
threshold=-1.0000000180025095e-35 -5.4999999999999991 23.500000000000004 1.0000000180025095e-35 8.5000000000000018 1.0000000180025095e-35 1.0000000180025095e-35 195.50000000000003 -4.4999999999999991 1.0000000180025095e-35 1.0000000180025095e-35 3.5000000000000004 1.0000000180025095e-35 4.5000000000000009
decision_type=2 2 2 2 2 2 2 2 2 2 2 2 2 2
left_child=1 3 6 11 5 9 7 -3 -9 10 -2 -1 -12 -11
right_child=4 2 -4 -5 -6 -7 -8 8 -10 13 12 -13 -14 -15
leaf_value=-0.025639252187714491 -0.026240448990021526 -0.030511279887717169 -0.023772750445501669 0.024266846296640901 0.081214961893255208 0.024071714812484039 -0.025298558366124171 -0.026516180931349553 0.027086335077370641 -0.025544530766266338 -0.021192781902509266 0.065287928256000563 0.041491172814452512 0.024331548130106219
leaf_weight=5057.4991263449192 594.20352769643068 56.923400208353996 379.69951445236802 204.31622518599033 39.867567285895348 188.83509644493461 91.750821378082037 61.64843812584877 18084.45332730934 5193.7452154196799 16.495000198483467 7.2594213150441638 162.23012655973434 21.771641582250595
leaf_count=83079 11700 300 7046 829 204 1205 1123 502 111416 108007 300 65 400 100
internal_value=0.00721111 0.0146478 0.0254202 -0.0235195 -0.0214183 -0.0221238 0.0264463 0.0267126 0.0268985 -0.023596 -0.0118934 -0.0254654 0.035314 -0.0253177
internal_weight=30160.7 23943.6 18674.5 5269.07 6217.15 6177.28 18294.8 18203 18146.1 5988.45 772.929 5064.76 178.725 5215.52
internal_count=326276 204360 120387 83973 121916 121712 113341 112218 111918 120507 12400 83144 700 108107
is_linear=0
shrinkage=0.025


Tree=81
num_leaves=15
num_cat=0
split_feature=239 4 38 38 35 37 32 35 32 194 40 6 37 38
split_gain=14311 4015.92 408.644 352.265 390.378 447.716 1168.14 255.151 248.833 748.091 315.638 287.068 255.184 240.719
threshold=1.0000000180025095e-35 1.0000000180025095e-35 30.500000000000004 5.5000000000000009 168.50000000000003 20.500000000000004 1.5000000000000002 165.50000000000003 1.0000000180025095e-35 1.0000000180025095e-35 8.5000000000000018 24.500000000000004 1.5000000000000002 42.500000000000007
decision_type=2 2 2 2 2 2 2 2 2 2 2 2 2 2
left_child=1 2 8 7 5 -5 -7 -3 -1 10 11 -10 -11 -2
right_child=13 3 -4 4 -6 6 -8 -9 9 12 -12 -13 -14 -15
leaf_value=-0.0257634452025889 0.026649645646410647 0.0008505368292774471 -0.026052546537174977 0.012622682552479392 0.0014551223841651074 -0.017067346689396988 0.25829713843605984 -0.018847162652529323 0.022029801795979933 0.026791762507393575 0.074254510091986151 -0.011853083425980286 -0.021910888783020017 -0.024626678453108668
leaf_weight=840.82629589363933 13226.107868570834 1072.1330998539925 4786.9027983471751 2370.3232874199748 4319.337089151144 22.001769311726093 13.46168205142021 661.00898883864284 356.56491835787892 67.673369251191616 44.587146930396557 272.86649464070797 1412.7259395048022 54.766784131526947
leaf_count=17156 89185 11108 103701 18820 43605 310 99 9733 1899 505 221 3370 26159 405
internal_value=0.00718494 -0.00855413 -0.0215115 0.00336797 0.00595969 0.0140249 0.0988027 -0.00666722 -0.0142271 -0.00968357 0.0120895 0.00731506 -0.019618 0.0264308
internal_weight=29521.3 16240.4 7782.15 8458.27 6725.12 2405.79 35.4635 1733.14 2995.24 2154.42 674.019 629.431 1480.4 13280.9
internal_count=326276 236686 153011 83675 62834 19229 409 20841 49310 32154 5490 5269 26664 89590
is_linear=0
shrinkage=0.025


Tree=82
num_leaves=15
num_cat=0
split_feature=239 4 24 39 39 37 39 35 24 40 10 28 234 24
split_gain=13902.7 3912.66 483.342 337.825 321.501 319.351 341.803 491.3 287.746 263.726 238.18 226.558 219.893 218.938
threshold=1.0000000180025095e-35 1.0000000180025095e-35 197.50000000000003 158.50000000000003 164.50000000000003 32.500000000000007 128.50000000000003 149.50000000000003 319.50000000000006 5.5000000000000009 -3.4999999999999996 1.0000000180025095e-35 1.0000000180025095e-35 498.50000000000006
decision_type=2 2 2 2 2 2 2 2 2 2 2 2 2 2
left_child=1 5 -3 -4 10 6 -1 11 -5 -7 -2 -8 -12 -9
right_child=4 2 3 8 -6 9 7 13 -10 -11 12 -13 -14 -15
leaf_value=-0.026050597452267787 -0.026915993179247769 -0.023282160184967322 0.0075541879487586033 -0.012003027221725466 -0.027277023095403887 0.027649245681992618 -0.024502419224505807 -0.02099858651288862 0.0075537803369457399 -0.025190263262514685 0.027051948975402113 0.036980415565375943 -0.021848253704643748 0.0024793501516633815
leaf_weight=5005.050664357841 49.0069809705019 403.99003639817238 6072.7152739837766 1199.0832062885165 66.799638994038105 146.37153170257807 46.263062030076981 1896.9133783467114 768.17662800475955 94.419865354895592 12826.651265129447 155.14764541387558 55.077874548733234 282.72005392238498
leaf_count=110028 303 7041 53041 16258 404 619 808 35568 7335 1824 88003 424 880 3740
internal_value=0.00711628 -0.00843073 0.00329031 0.00463681 0.0263389 -0.0214069 -0.0223314 -0.0144799 -0.00435391 0.00677209 0.026624 0.0225835 0.0268359 -0.0179426
internal_weight=29068.4 16070.9 8443.97 8039.98 12997.5 7626.89 7386.09 2381.04 1967.26 240.791 12930.7 201.411 12881.7 2179.63
internal_count=326276 236686 83675 76634 89590 153011 150568 40540 23593 2443 89186 1232 88883 39308
is_linear=0
shrinkage=0.025


Tree=83
num_leaves=15
num_cat=0
split_feature=239 4 24 38 33 35 39 24 24 38 38 0 10 9
split_gain=13516.7 3813.02 465.877 408.724 637.24 330.261 312.967 284.001 562.647 247.718 242.365 243.836 234.867 220.308
threshold=1.0000000180025095e-35 1.0000000180025095e-35 197.50000000000003 30.500000000000004 1.0000000180025095e-35 188.50000000000003 164.50000000000003 498.50000000000006 501.50000000000006 5.5000000000000009 42.500000000000007 1.0000000180025095e-35 -3.4999999999999996 1.0000000180025095e-35
decision_type=2 2 2 2 2 2 2 2 2 2 2 2 2 2
left_child=1 3 -3 4 7 9 10 -1 -9 -4 11 12 -2 -6
right_child=6 2 5 -5 13 -7 -8 8 -10 -11 -12 -13 -14 -15
leaf_value=-0.023216783984041481 -0.02667023028162617 -0.023112882040161126 -0.0026902576040677539 -0.025978314806060387 0.031021173151801276 -0.0065580129228087749 -0.027038136798982489 0.052021487825403882 -0.024450910079339964 0.0092858027881746932 -0.02464456439382353 -0.025027112543713495 0.027227850119685433 -0.0012325299417695489
leaf_weight=2018.9272033646703 48.026743024587631 396.88679737970233 1350.7683784589171 4571.8303740099072 183.71627978980541 1384.6762884780765 65.744886577129364 94.854097276926041 152.78588071838021 5290.441731851548 54.836909070611 53.82961205765605 12488.476006656885 449.2914872802794
leaf_count=40841 300 7041 14786 103701 606 17213 404 206 3045 44635 405 879 87602 4612
internal_value=0.00705202 -0.00831462 0.0032156 -0.0213125 -0.0139278 0.00452883 0.0262664 -0.0201189 0.0050128 0.00684609 0.0265519 0.0267827 0.027013 0.00819124
internal_weight=28605.1 15894.2 8422.77 7471.41 2899.57 8025.89 12710.9 2266.57 247.64 6641.21 12645.2 12590.3 12536.5 633.008
internal_count=326276 236686 83675 153011 49310 76634 89590 44092 3251 59421 89186 88781 87902 5218
is_linear=0
shrinkage=0.025


Tree=84
num_leaves=15
num_cat=0
split_feature=239 4 3 5 38 33 39 40 36 38 0 3 10 38
split_gain=13146.6 3715.37 7924.04 729.166 407.552 620.402 304.792 260.374 396.034 236.16 237.571 232.733 228.861 204.687
threshold=1.0000000180025095e-35 1.0000000180025095e-35 -4.4999999999999991 1.0000000180025095e-35 30.500000000000004 1.0000000180025095e-35 164.50000000000003 4.0000000000000009 123.50000000000001 42.500000000000007 1.0000000180025095e-35 -5.4999999999999991 -3.4999999999999996 19.500000000000004
decision_type=2 2 2 2 2 2 2 2 2 2 2 2 2 2
left_child=1 4 3 -3 5 13 9 -4 -9 10 12 -7 -2 -1
right_child=6 2 7 -5 -6 11 -8 8 -10 -11 -12 -13 -14 -15
leaf_value=-0.025234144953486831 -0.02643131671840759 -0.024591543608998314 0.027483777835163814 0.023862219517241899 -0.025941118149869997 -0.025009659185348029 -0.026804043849599474 0.025702596254519025 -0.063227004104439599 -0.024449094281582585 -0.024945439184251371 0.014896373321292247 0.027167405505525873 -0.00887899406703185
leaf_weight=1508.3586061783135 47.285803183913231 3826.9460690841079 4248.7887413874269 201.64661192148924 4465.2690874785185 107.25954443588853 64.700465604662895 77.928871691226959 47.965730890631676 53.928886637091637 52.679992891848087 524.90595328807831 12206.899697840214 714.38782477378845
leaf_count=31351 300 59597 22662 832 103701 1750 404 363 221 405 879 3468 87602 12741
internal_value=0.00698834 -0.00819804 0.00314193 -0.0221441 -0.0212152 -0.0137955 0.0262048 0.0264324 -0.00866854 0.0264908 0.0267219 0.00800001 0.0269521 -0.0200079
internal_weight=28149 15723.5 8403.28 4028.59 7320.18 2854.91 12425.5 4374.68 125.895 12360.8 12306.9 632.165 12254.2 2222.75
internal_count=326276 236686 83675 60429 153011 49310 89590 23246 584 89186 88781 5218 87902 44092
is_linear=0
shrinkage=0.025


Tree=85
num_leaves=15
num_cat=0
split_feature=239 4 24 39 39 39 36 24 19 10 24 24 0 29
split_gain=12791.5 3605.21 440.936 308.21 296.86 294.644 491.926 268.041 220.448 220.232 214.334 587.348 202.328 194.539
threshold=1.0000000180025095e-35 1.0000000180025095e-35 197.50000000000003 158.50000000000003 164.50000000000003 128.50000000000003 113.50000000000001 319.50000000000006 1.0000000180025095e-35 -3.4999999999999996 498.50000000000006 500.50000000000006 1.0000000180025095e-35 24.500000000000004
decision_type=2 2 2 2 2 2 2 2 2 2 2 2 2 2
left_child=1 5 -3 -4 9 -1 -7 -5 10 -2 -8 -12 -11 -9
right_child=4 2 3 7 -6 6 8 13 -10 12 11 -13 -14 -15
leaf_value=-0.024614661451088884 -0.026201296350386295 -0.022950428987084659 0.0072281599322505559 -0.011781489739471095 -0.026574473204969362 0.024609912857953484 -0.022431732620405286 0.024373225328526919 0.014339624918919706 0.026859733178803233 0.051200459858303196 -0.02531798787651799 -0.021424262318039084 -0.0020867512059627932
leaf_weight=4861.246052172035 46.770071610808372 383.01166456192732 5932.8357901386917 1166.8944899663329 63.666863366961479 189.01725892722607 1728.4088683910668 266.23942473530769 127.46305789798498 11983.514416113496 93.543199345469475 175.73977979645133 51.832830663770437 483.8889130577445
leaf_count=111949 303 7041 53041 16258 404 989 35383 1586 929 88002 202 3559 881 5749
internal_value=0.00696217 -0.00815941 0.00312768 0.00441155 0.0261449 -0.0211093 -0.0137126 -0.00428999 -0.0171627 0.0264313 -0.0192037 0.00144234 0.0266444 0.00733104
internal_weight=27554.1 15408.3 8232.87 7849.86 12145.8 7175.42 2314.17 1917.02 2125.15 12082.1 1997.69 269.283 12035.3 750.128
internal_count=326276 236686 83675 76634 89590 153011 41062 23593 40073 89186 39144 3761 88883 7335
is_linear=0
shrinkage=0.025


Tree=86
num_leaves=15
num_cat=0
split_feature=239 4 3 177 38 33 39 24 24 40 29 38 24 3
split_gain=12438 3509.04 7666.01 602.472 410.611 601.322 289.055 273.472 512.702 256.86 376.246 235.493 232.126 223.809
threshold=1.0000000180025095e-35 1.0000000180025095e-35 -4.4999999999999991 1.0000000180025095e-35 30.500000000000004 1.0000000180025095e-35 164.50000000000003 498.50000000000006 501.50000000000006 4.0000000000000009 24.500000000000004 42.500000000000007 198.50000000000003 -5.4999999999999991
decision_type=2 2 2 2 2 2 2 2 2 2 2 2 2 2
left_child=1 4 3 -3 5 7 11 -1 -9 12 -11 -2 -4 -7
right_child=6 2 9 -5 -6 13 -8 8 -10 10 -12 -13 -14 -15
leaf_value=-0.022921603983455916 0.026605375541084976 -0.024107543365691632 -0.03038371203786059 0.023964515409879466 -0.025871507089320733 -0.024903663999638521 -0.026349173824005163 0.049476260260224787 -0.024234576394071283 -0.062210006563935438 0.024846572891253377 -0.02446667344343614 0.027953817873274681 0.014722312863162258
leaf_weight=1903.7084860987961 11759.518655844033 3778.0702338926494 40.340078122913837 167.44722916930914 4265.6488721072674 104.05868016928434 62.644514940679073 95.400577694177628 143.99787958711386 47.426079928874969 77.471165426075459 53.996406756341457 4098.7541935145855 522.90885079652071
leaf_count=40841 88781 59487 202 942 103701 1750 404 206 3045 214 370 405 22460 3468
internal_value=0.00689789 -0.0080433 0.00305785 -0.0220444 -0.0209958 -0.0134588 0.0260769 -0.0197561 0.00528494 0.0262903 -0.00869897 0.0263637 0.0273576 0.00801857
internal_weight=27121.4 15245.2 8209.51 3945.52 7035.72 2770.07 11876.2 2143.11 239.398 4263.99 124.897 11813.5 4139.09 626.968
internal_count=326276 236686 83675 60429 153011 49310 89590 44092 3251 23246 584 89186 22662 5218
is_linear=0
shrinkage=0.025


Tree=87
num_leaves=15
num_cat=0
split_feature=239 4 24 38 33 35 39 24 24 38 0 38 10 240
split_gain=12095.4 3407.44 412.865 408.555 584.758 292.159 281.391 266.558 490.391 229.345 231.506 226.429 222.158 197.433
threshold=1.0000000180025095e-35 1.0000000180025095e-35 197.50000000000003 30.500000000000004 1.0000000180025095e-35 188.50000000000003 164.50000000000003 498.50000000000006 501.50000000000006 42.500000000000007 1.0000000180025095e-35 5.5000000000000009 -3.4999999999999996 1.0000000180025095e-35
decision_type=2 2 2 2 2 2 2 2 2 2 2 2 2 2
left_child=1 3 -3 4 7 11 9 -1 -9 10 12 -4 -2 -6
right_child=6 2 5 -5 13 -7 -8 8 -10 -11 -12 -13 -14 -15
leaf_value=-0.02281384441434851 -0.026200324002155159 -0.022668975058504088 -0.0027903801492205043 -0.025836260664066399 -0.0011422178847504798 -0.0063707952438756604 -0.0261279063884165 0.04821943669057345 -0.024150630744532949 -0.024273295224026787 -0.024881039544162944 0.0089094122769691041 0.026997671208423252 0.029579140580914251
leaf_weight=1865.379989925772 46.563774704933167 369.01636530831456 1294.0931049883366 4165.9382251426578 443.09196150302887 1324.0178524553776 61.633805871009827 95.516446128487587 140.93491703271866 53.101112678647041 51.785791728645563 5056.0306040495634 11402.523145653307 181.50940601527691
leaf_count=40841 300 7041 14786 103701 4612 17213 404 206 3045 405 879 44635 87602 606
internal_value=0.00687141 -0.00800756 0.00304384 -0.0209035 -0.013337 0.00429189 0.0260023 -0.0196456 0.0052173 0.0262892 0.0265311 0.00652098 0.0267723 0.0078443
internal_weight=26551.1 14935.5 8043.16 6892.37 2726.43 7674.14 11615.6 2101.83 236.451 11554 11500.9 6350.12 11449.1 624.601
internal_count=326276 236686 83675 153011 49310 76634 89590 44092 3251 89186 88781 59421 87902 5218
is_linear=0
shrinkage=0.025


Tree=88
num_leaves=15
num_cat=0
split_feature=239 4 24 37 22 5 23 40 40 188 10 0 37 24
split_gain=11767.1 3319.83 397.868 313.582 264.16 290.338 297.001 326.456 236.583 227.878 211.305 195.323 175.392 151.167
threshold=1.0000000180025095e-35 1.0000000180025095e-35 197.50000000000003 32.500000000000007 1.5000000000000002 1.0000000180025095e-35 12.500000000000002 5.5000000000000009 5.5000000000000009 1.0000000180025095e-35 -3.4999999999999996 1.0000000180025095e-35 21.500000000000004 377.50000000000006
decision_type=2 2 2 2 2 2 2 2 2 2 2 2 2 2
left_child=1 3 -3 9 5 6 -4 -8 -5 -1 -2 12 13 -12
right_child=10 2 4 8 -6 -7 7 -9 -10 -11 11 -13 -14 -15
leaf_value=-0.022636471871953154 -0.02597508523404167 -0.022494083648242753 -0.001622366421119495 0.02745304145919605 0.020818325730373705 0.023872887905269712 0.012312934659681314 -0.037027888367535886 -0.024803107975022155 0.004385879836116535 0.020315666311129778 -0.021328741606179355 0.026940717188118829 -0.014709800020020262
leaf_weight=6329.3293273486197 46.05150480940938 362.69156200811267 4826.5215107761323 142.35076843947172 551.53078761696815 386.74510871618986 1813.1268973015249 84.773780055344105 83.104617565870285 198.7344682328403 223.12802796065807 51.195107087492943 10918.554152339697 113.39992651343346
leaf_count=148915 303 7041 54889 619 3863 2093 15190 599 1824 1653 1601 885 86001 800
internal_value=0.00680844 -0.00789328 0.00297374 -0.0208062 0.00419078 0.00288943 0.00166877 0.0100409 0.00800882 -0.0218084 0.025947 0.0261675 0.0263914 0.0084138
internal_weight=26131.2 14778.9 8025.39 6753.52 7662.7 7111.17 6724.42 1897.9 225.455 6528.06 11352.3 11306.3 11255.1 336.528
internal_count=326276 236686 83675 153011 76634 72771 70678 15789 2443 150568 89590 89287 88402 2401
is_linear=0
shrinkage=0.025


Tree=89
num_leaves=15
num_cat=0
split_feature=3 3 40 5 40 234 0 24 10 38 38 33 35 6
split_gain=8533.73 12823 1205.76 722.414 712.4 578.111 366.275 269.736 253.178 254.148 223.788 596.271 203.685 153.16
threshold=-5.4999999999999991 -1.0000000180025095e-35 23.500000000000004 1.0000000180025095e-35 8.5000000000000018 1.0000000180025095e-35 1.0000000180025095e-35 195.50000000000003 -4.4999999999999991 42.500000000000007 30.500000000000004 1.0000000180025095e-35 142.50000000000003 23.500000000000004
decision_type=2 2 2 2 2 2 2 2 2 2 2 2 2 2
left_child=3 2 6 -1 5 10 7 -2 -9 -10 11 -3 -13 -14
right_child=1 4 -4 -5 -6 -7 -8 8 9 -11 -12 12 13 -15
leaf_value=-0.025205192020569086 -0.028949157097051443 -0.025878676548373333 -0.023066586166982352 0.023711888084302593 0.080764844948489692 0.023643668064266016 -0.024961440365633691 -0.025483506407953591 0.026725897105416774 -0.02747421806580367 -0.025872447250079172 -0.024847691990136238 0.032655651642465977 -0.007216767507579408
leaf_weight=4628.5339876934886 52.596296921372414 742.71828178688884 318.73174557089806 193.9090374559164 40.012353919446468 169.03885089978576 85.436715979129076 55.986160766333342 15188.027534555644 51.533707618713379 3826.5233212523162 69.096595127135515 218.2985981553793 80.120043568313122
leaf_count=83144 300 17900 7046 829 204 1205 1123 502 111016 400 99807 900 847 1053
internal_value=0.00674611 0.0136645 0.024857 -0.0232196 -0.0205874 -0.0214335 0.0258526 0.0261419 0.0263386 0.0265356 -0.0229955 -0.0130142 0.0129154 0.0219024
internal_weight=25720.6 20898.1 15752.3 4822.44 5145.81 5105.8 15433.6 15348.1 15295.5 15239.6 4936.76 1110.23 367.515 298.419
internal_count=326276 242303 120387 83973 121916 121712 113341 112218 111918 111416 120507 20700 2800 1900
is_linear=0
shrinkage=0.025


Tree=90
num_leaves=15
num_cat=0
split_feature=37 3 3 5 3 234 6 24 39 24 24 0 32 35
split_gain=10827.7 2636.06 7222.4 664.596 596.435 577.086 554.781 516.986 411.826 416.928 248.661 221.13 205.855 202.4
threshold=29.500000000000004 -5.4999999999999991 -1.0000000180025095e-35 1.0000000180025095e-35 -3.4999999999999996 1.0000000180025095e-35 -1.0000000180025095e-35 498.50000000000006 153.50000000000003 217.50000000000003 198.50000000000003 1.0000000180025095e-35 2.5000000000000004 163.50000000000003
decision_type=2 2 2 2 2 2 2 2 2 2 2 2 2 2
left_child=1 3 6 -1 -2 8 7 -3 -4 -10 -8 -6 -12 -14
right_child=4 2 5 -5 11 -7 10 -9 9 -11 12 -13 13 -15
leaf_value=-0.025089379865933459 -0.012891651475313097 -0.023216717461560316 -0.023959347234558361 0.023174193305926759 0.026708960611741179 0.024104145494499678 -0.028683972875353778 0.040842441544447224 0.093840917950907571 -0.020627070728761542 0.025888765724013909 -0.025745685421060416 0.025570831063967639 -0.031149518475097327
leaf_weight=4408.855326782912 243.74077035114169 297.43296809867024 4689.5665287896991 183.04013086110353 10548.410696752369 165.25973312929273 52.094208039343357 103.61854676529765 34.840409129858017 39.507943458855152 4199.9110768958926 47.755149882286787 73.168241292238235 78.08869830518961
leaf_count=80925 3262 6636 119308 807 86204 1202 303 408 101 800 24448 862 505 505
internal_value=0.00672388 -0.00753931 -0.000169131 -0.0231462 0.0255724 -0.0214258 0.0216346 -0.0064237 -0.0230247 0.0342498 0.0241984 0.026463 0.0248566 -0.00358615
internal_weight=25165.3 14325.4 9733.49 4591.9 10839.9 4929.17 4804.31 401.052 4763.91 74.3484 4403.26 10596.2 4351.17 151.257
internal_count=326276 235948 154216 81732 90328 121411 32805 7044 120209 901 25761 87066 25458 1010
is_linear=0
shrinkage=0.025


Tree=91
num_leaves=15
num_cat=0
split_feature=37 3 3 40 5 40 3 234 24 0 32 35 3 33
split_gain=10532.4 2564.44 7004.87 947.81 646.445 643.02 583.902 579.259 243.553 215.503 202.974 196.097 173.539 601.816
threshold=29.500000000000004 -5.4999999999999991 -1.0000000180025095e-35 23.500000000000004 1.0000000180025095e-35 8.5000000000000018 -3.4999999999999996 1.0000000180025095e-35 198.50000000000003 1.0000000180025095e-35 2.5000000000000004 163.50000000000003 1.0000000180025095e-35 1.0000000180025095e-35
decision_type=2 2 2 2 2 2 2 2 2 2 2 2 2 2
left_child=1 4 3 8 -1 7 -2 12 -3 -8 -10 -12 13 -4
right_child=6 2 5 -5 -6 -7 9 -9 10 -11 11 -13 -14 -15
leaf_value=-0.025015232997747494 -0.012633742613233138 -0.028426700406634448 -0.025844091880807038 -0.022987100929570178 0.022956003439627212 0.071266978376845133 0.026651934556910992 0.023838799931015477 0.025956316192167747 -0.025659795248828041 0.02546395150726426 -0.030850065174655796 -0.025766163433193712 0.030184216157587398
leaf_weight=4312.5949397310615 242.57480586320162 51.288845006376505 460.62730513513088 278.79046894609928 180.2244606539607 43.463600374758244 10309.712605662644 162.00728631019592 4237.3100026585162 46.739938370883465 71.669915772974491 76.919396363198757 4004.0216307453811 158.47347784042358
leaf_count=80925 3262 303 11800 6432 807 204 86204 1200 25060 862 505 505 107707 500
internal_value=0.00669839 -0.00750373 -0.000168195 0.0214936 -0.0230713 -0.0213302 0.0255069 -0.0222206 0.0243076 0.0264061 0.024949 -0.0035565 -0.0238545 -0.0113857
internal_weight=24636.4 14037.4 9544.57 4715.98 4492.82 4828.59 10599 4785.13 4437.19 10356.5 4385.9 148.589 4623.12 619.101
internal_count=326276 235948 154216 32805 81732 121411 90328 121207 26373 87066 26070 1010 120007 12300
is_linear=0
shrinkage=0.025


Tree=92
num_leaves=15
num_cat=0
split_feature=239 4 3 5 38 33 39 24 24 10 38 0 3 24
split_gain=10524.8 2973.84 6809.29 632.504 402.926 529.519 273.77 255.556 429.98 212.036 209.396 206.445 196.495 192.084
threshold=1.0000000180025095e-35 1.0000000180025095e-35 -4.4999999999999991 1.0000000180025095e-35 30.500000000000004 1.0000000180025095e-35 164.50000000000003 498.50000000000006 501.50000000000006 -3.4999999999999996 42.500000000000007 1.0000000180025095e-35 -5.4999999999999991 194.50000000000003
decision_type=2 2 2 2 2 2 2 2 2 2 2 2 2 2
left_child=1 4 3 -3 5 7 9 -1 -9 -2 11 -11 -7 -4
right_child=6 2 13 -5 -6 12 -8 8 -10 10 -12 -13 -14 -15
leaf_value=-0.022391235177483846 -0.025985586313476552 -0.024144244038583951 -0.028893087010943636 0.022852526999003663 -0.025679045072096229 -0.024555170639263449 -0.026051042205026777 0.045434008290075462 -0.023819856055300861 0.026744439544149262 -0.023551636180882688 -0.024531528472941582 0.014160306711692059 0.026425315741539408
leaf_weight=1686.6805201098323 46.071904987096786 3443.3862890489399 36.872377276420593 185.9507507532835 3718.2652666009963 94.653616640716791 60.791284941136837 95.31588451564312 127.06925998628139 10163.686515945941 49.812077715992928 46.612720414996147 500.67867443338037 3854.5515437200665
leaf_count=40841 303 59597 199 832 103701 1750 404 206 3045 87602 405 876 3468 23047
internal_value=0.00667502 -0.00766905 0.00290647 -0.0217126 -0.02045 -0.012655 0.02569 -0.0190712 0.00596159 0.0260051 0.0262485 0.0265008 0.00787078 0.0258729
internal_weight=24110.4 13743.4 7520.76 3629.34 6222.66 2504.4 10367 1909.07 222.385 10306.2 10260.1 10210.3 595.332 3891.42
internal_count=326276 236686 83675 60429 153011 49310 89590 44092 3251 89186 88883 88478 5218 23246
is_linear=0
shrinkage=0.025


Tree=93
num_leaves=15
num_cat=0
split_feature=239 4 38 33 24 39 39 24 24 11 38 0 38 39
split_gain=10244.6 2887.13 400.695 514.647 343.75 266.775 259.113 248.783 412.444 206.704 204.183 201.282 192.059 337.369
threshold=1.0000000180025095e-35 1.0000000180025095e-35 30.500000000000004 1.0000000180025095e-35 197.50000000000003 164.50000000000003 175.50000000000003 498.50000000000006 500.50000000000006 5.5000000000000009 42.500000000000007 1.0000000180025095e-35 17.500000000000004 141.50000000000003
decision_type=2 2 2 2 2 2 2 2 2 2 2 2 2 2
left_child=1 2 3 7 -3 9 12 -1 -9 10 11 -2 -6 -14
right_child=5 4 -4 -5 6 -7 -8 8 -10 -11 -12 -13 13 -15
leaf_value=-0.02227883624697026 0.026697661621375469 -0.021999992149593271 -0.025646965642450253 0.0076995072119509303 0.0074594213601366704 -0.025834272173325935 -0.015250175169832911 0.044808950304130755 -0.023458479407664497 -0.025759434832919349 -0.023367854441141735 -0.024451690353490325 0.005825123980698255 -0.019997018051391872
leaf_weight=1653.2467175573111 9929.8993850164115 327.89113894104958 3630.9440645463765 593.09255197644234 5231.0587323792279 59.80643117800355 405.42331026867032 94.032811343669891 125.42062009498477 45.349925953894854 48.982797764241695 45.618100430816412 926.72382956370711 475.81133768707514
leaf_count=40841 87602 7041 103701 5218 53563 404 7229 202 3049 303 405 876 9101 6741
internal_value=0.00665213 -0.00763538 -0.0203573 -0.0125362 0.00289364 0.0256412 0.00406566 -0.0189603 0.00589061 0.025957 0.0262011 0.026454 0.00525631 -0.00294126
internal_weight=23593.3 13463.6 6096.74 2465.79 7366.91 10129.7 7039.02 1872.7 219.453 10069.9 10024.5 9975.52 6633.59 1402.54
internal_count=326276 236686 153011 49310 83675 89590 76634 44092 3251 89186 88883 88478 69405 15842
is_linear=0
shrinkage=0.025


Tree=94
num_leaves=15
num_cat=0
split_feature=37 3 3 40 40 3 234 225 24 38 35 234 38 35
split_gain=9710 2453.48 6489.43 876.608 627.031 554.356 545.07 531.486 225.144 222.728 630.148 200.766 188.76 192.53
threshold=29.500000000000004 -5.4999999999999991 -1.0000000180025095e-35 23.500000000000004 8.5000000000000018 -3.4999999999999996 1.0000000180025095e-35 3.5000000000000004 198.50000000000003 4.5000000000000009 142.50000000000003 1.0000000180025095e-35 42.500000000000007 207.50000000000003
decision_type=2 2 2 2 2 2 2 2 2 2 2 2 2 2
left_child=1 7 3 8 6 -2 9 -1 -3 10 -4 -7 13 -10
right_child=5 2 4 -5 -6 11 -8 -9 12 -11 -12 -13 -14 -15
leaf_value=-0.024406548362485972 -0.012384984445719007 -0.027743179329124373 -0.025681554519580013 -0.022751383181093938 0.069714886047250874 0.026504249796489156 0.023611385387048812 0.028528274871366405 0.025764507526383835 -0.025695883708438422 0.037067630136811899 -0.025511449373427669 -0.023185707137038401 -0.029907553214834681
leaf_weight=4169.4833217337728 235.19061369821429 49.055015880614519 342.09751282632351 263.09474550187588 44.077793292701244 9624.5567665398121 154.98098561912775 119.17513481527567 4107.1796635650098 3846.3150643929839 137.74475678801537 43.88311481103301 48.167275942862034 36.408147152513266
leaf_count=81038 3262 303 9100 6432 204 86204 1200 694 25463 110507 400 862 405 202
internal_value=0.00659062 -0.00734843 4.57992e-05 0.0212859 -0.0210889 0.0253341 -0.0220337 -0.0229108 0.024038 -0.0236899 -0.00749844 0.0262577 0.0246693 0.025248
internal_weight=23221.4 13317.8 9029.12 4503.9 4525.22 9903.63 4481.14 4288.66 4240.81 4326.16 479.842 9668.44 4191.76 4143.59
internal_count=326276 235948 154216 32805 121411 90328 121207 81732 26373 120007 9500 87066 26070 25665
is_linear=0
shrinkage=0.025


Tree=95
num_leaves=15
num_cat=0
split_feature=239 241 3 225 225 40 12 38 33 39 24 24 38 37
split_gain=9694.92 2446.1 6483.39 535.858 442.592 278.37 356.72 272.774 444.397 259.835 239.833 397.313 214.591 250.588
threshold=1.0000000180025095e-35 1.0000000180025095e-35 -5.4999999999999991 2.5000000000000004 3.5000000000000004 5.5000000000000009 51.352048873901374 30.500000000000004 1.0000000180025095e-35 164.50000000000003 498.50000000000006 501.50000000000006 5.5000000000000009 32.500000000000007
decision_type=2 2 2 2 2 2 2 2 2 2 2 2 2 2
left_child=1 3 4 7 -3 -4 -7 8 10 -2 -1 -12 -10 -14
right_child=9 2 5 -5 -6 6 -8 -9 12 -11 11 -13 13 -15
leaf_value=-0.02271477990336997 0.025854498117104763 -0.024141188631692987 0.026036658687332057 0.02522478469811424 0.029811554277123176 0.025135997267576635 -0.067538965352057959 -0.025084399492651524 0.028378432718288295 -0.025673113494191699 0.043352196768033938 -0.024702722817657445 -0.025572313487900157 0.026923272315697074
leaf_weight=1560.8505816422403 9615.0562112405896 3326.0192071087658 3666.2954186499119 160.17084561660886 94.96794955804944 56.006872102618217 43.33228288218379 3501.3817352429032 191.8267355710268 58.814634434878826 93.477006256580353 117.48343367874622 155.70159582793713 85.361292436718941
leaf_count=40462 89186 60610 22322 1213 502 306 204 103927 799 404 202 3026 2712 401
internal_value=0.00656721 -0.00748796 0.00228722 -0.0194626 -0.0226113 0.0249136 -0.0158399 -0.020734 -0.0137889 0.0255308 -0.0193352 0.00552075 0.00883133 -0.00677855
internal_weight=22726.7 13052.9 7186.62 5866.25 3420.99 3765.63 99.3392 5706.08 2204.7 9673.87 1771.81 210.96 432.89 241.063
internal_count=326276 236686 83944 152742 61112 22832 510 151529 47602 89590 43690 3228 3912 3113
is_linear=0
shrinkage=0.025


Tree=96
num_leaves=15
num_cat=0
split_feature=239 4 3 177 38 3 32 40 40 40 36 39 10 38
split_gain=9426.95 2668.92 6231.31 511.256 388.357 342.517 644.984 552.264 269.846 255.728 327.007 252.949 210.346 198.827
threshold=1.0000000180025095e-35 1.0000000180025095e-35 -4.4999999999999991 1.0000000180025095e-35 30.500000000000004 -5.4999999999999991 1.0000000180025095e-35 12.500000000000002 8.5000000000000018 4.0000000000000009 123.50000000000001 164.50000000000003 -3.4999999999999996 42.500000000000007
decision_type=2 2 2 2 2 2 2 2 2 2 2 2 2 2
left_child=1 4 3 -3 5 -1 -7 8 -8 -4 -11 12 -2 -14
right_child=11 2 9 -5 -6 6 7 -9 -10 10 -12 -13 13 -15
leaf_value=-0.025318221995804486 -0.02598797865318735 -0.023483795041468428 0.02677457283101646 0.023449034086177243 -0.025556521430914171 -0.025202194921740154 0.010923533567757996 -0.025344400817650756 0.049386964354497562 0.024712016999117001 -0.057644077805026776 -0.025461986629287815 0.026310692330017118 -0.023206501449359519
leaf_weight=816.45519845932722 46.073155030608177 3267.4108533225954 3526.7784627303481 148.95033291727304 3382.9909808337688 606.98772307112813 548.68411487340927 230.49536703899503 142.88518937304616 67.723157472908497 49.415977165102959 57.856717266142368 9310.2601210400462 48.260040812194347
leaf_count=21169 303 59487 22662 942 103701 17118 4552 5963 508 363 221 404 88478 405
internal_value=0.00654163 -0.00745361 0.00283098 -0.0214115 -0.0201284 -0.012266 -0.00524438 0.00790579 0.0190854 0.0255653 -0.0103943 0.0254556 0.0257795 0.0260453
internal_weight=22251.2 12788.8 7060.28 3416.36 5728.5 2345.51 1529.05 922.065 691.569 3643.92 117.139 9462.45 9404.59 9358.52
internal_count=326276 236686 83675 60429 153011 49310 28141 11023 5060 23246 584 89590 89186 88883
is_linear=0
shrinkage=0.025


Tree=97
num_leaves=15
num_cat=0
split_feature=239 4 3 5 38 3 35 40 40 6 40 29 10 24
split_gain=9173.56 2592.07 6048.5 590.269 385.473 336.66 522.964 434.179 322.564 350.92 250.298 310.87 202.455 195.803
threshold=1.0000000180025095e-35 1.0000000180025095e-35 -4.4999999999999991 1.0000000180025095e-35 30.500000000000004 -5.4999999999999991 142.50000000000003 12.500000000000002 8.5000000000000018 27.500000000000004 4.0000000000000009 24.500000000000004 -3.4999999999999996 198.50000000000003
decision_type=2 2 2 2 2 2 2 2 2 2 2 2 2 2
left_child=1 4 3 -3 5 -1 -7 8 9 -8 13 -12 -2 -4
right_child=12 2 10 -5 -6 6 7 -9 -10 -11 11 -13 -14 -15
leaf_value=-0.025273657675166313 -0.025761772256710409 -0.023786480239761293 -0.02860718198032626 0.022566299541018915 -0.025526157924243998 -0.024992794789354501 0.023440819516965125 -0.025448418523571832 0.047938910368152843 -0.014249449591844472 -0.056747116307678203 0.023838465035060659 0.025663479116510887 0.027308916024083953
leaf_weight=797.68857256323099 45.351214490830898 3172.1447323858738 36.85591409355402 178.67278859019279 3303.3436073251069 534.52689689770341 341.80608085542917 214.61125160008669 143.60233736410737 276.12318408861756 48.685063511133194 67.871650129556656 9203.0529314652085 3414.8569409027696
leaf_count=21169 303 59597 202 832 103701 14232 2253 5760 508 5388 214 370 89287 22460
internal_value=0.00651764 -0.00741955 0.00281757 -0.0212894 -0.0200409 -0.0121575 -0.00517882 0.00568893 0.014562 0.0065711 0.0254613 -0.0101919 0.0254003 0.0266803
internal_weight=21779.2 12530.8 6919.09 3350.82 5611.7 2308.36 1510.67 976.143 761.532 617.929 3568.27 116.557 9248.4 3451.71
internal_count=326276 236686 83675 60429 153011 49310 28141 13909 8149 7641 23246 584 89590 22662
is_linear=0
shrinkage=0.025


Tree=98
num_leaves=15
num_cat=0
split_feature=239 4 39 9 37 39 39 235 10 32 167 0 177 33
split_gain=8919.64 2518.16 287.289 401.899 298.112 272.808 251.768 201.056 199.72 197.288 183.232 175.835 153.954 152.02
threshold=1.0000000180025095e-35 1.0000000180025095e-35 128.50000000000003 1.0000000180025095e-35 32.500000000000007 158.50000000000003 164.50000000000003 1.0000000180025095e-35 -3.4999999999999996 1.0000000180025095e-35 1.0000000180025095e-35 1.0000000180025095e-35 1.0000000180025095e-35 1.0000000180025095e-35
decision_type=2 2 2 2 2 2 2 2 2 2 2 2 2 2
left_child=1 2 4 9 -1 12 8 -5 -2 -4 -7 -10 -3 -6
right_child=6 5 3 7 13 10 -8 -9 11 -11 -12 -13 -14 -15
leaf_value=-0.02556150159120478 -0.025539247803246519 0.0047322440766456361 -0.022068608601979418 -0.018443774459909138 -0.023551314768287521 -0.010431350745104678 -0.025463638030999748 0.013368353349330966 0.026186119142266845 0.035904328887014621 0.0084366664760729231 -0.020833227507236349 0.024896259810912803 0.027218269147750607
leaf_weight=3486.4879774004221 44.637843914330006 4805.819913007319 45.688276682049036 1527.4050277918577 53.523292973637581 1298.8891380354762 57.864216934889555 132.08786499872804 8897.4178682491183 147.53516671061516 423.31906768679619 47.317152537405491 246.95307070016861 102.31594224274158
leaf_count=110028 303 54414 1111 38352 1419 22596 404 1195 88002 404 4960 881 1705 502
internal_value=0.00649368 -0.00739066 -0.0199619 -0.0118904 -0.0240476 0.00280624 0.0253228 -0.0158771 0.0256609 0.0219412 -0.00577249 0.0259277 0.00573689 0.00950848
internal_weight=21317.3 12270 5495.04 1852.72 3642.33 6774.98 9047.24 1659.49 8989.37 193.223 1722.21 8944.74 5052.77 155.839
internal_count=326276 236686 153011 41062 111949 83675 89590 39547 89186 1515 27556 88883 56119 1921
is_linear=0
shrinkage=0.025


Tree=99
num_leaves=15
num_cat=0
split_feature=3 3 5 6 0 39 0 24 24 24 11 3 252 225
split_gain=6744.31 9687.81 602.47 556.605 438.226 375.02 337.892 322.355 304.985 230.223 193.708 168.885 603.795 132.452
threshold=-5.4999999999999991 -1.0000000180025095e-35 1.0000000180025095e-35 -1.0000000180025095e-35 1.0000000180025095e-35 153.50000000000003 1.0000000180025095e-35 498.50000000000006 217.50000000000003 195.50000000000003 5.5000000000000009 1.0000000180025095e-35 1.0000000180025095e-35 12.500000000000002
decision_type=2 2 2 2 2 2 2 2 2 2 2 2 2 2
left_child=2 3 13 7 5 11 9 -2 -7 -5 -11 12 -3 -1
right_child=1 4 -4 6 -6 8 -8 -9 -10 10 -12 -13 -14 -15
leaf_value=-0.024795812440621408 -0.016840627092062795 -0.025699402620154979 0.022542197169026668 -0.027657677644705943 0.022668991164602706 0.078860592748346794 -0.02469195412948012 0.033234696352018395 -0.019666007076855434 0.025823416073972972 -0.025313256208590637 -0.024550391576377041 0.031701485010462618 0.09427515820539388
leaf_weight=3864.6370194572955 314.44663716293871 404.60100888088346 174.16976705938578 48.114953115582466 143.45173968374729 39.125759765505791 81.945962112396955 104.46194199472666 34.369738355278969 12204.801633298397 43.739946708083153 3371.1253824289888 156.17461842671037 2.8892153091728678
leaf_count=83123 7454 11800 829 300 1212 101 1114 511 800 110708 300 107303 700 21
internal_value=0.00643217 0.0133542 -0.0225733 0.0241165 -0.0198305 -0.0213746 0.0250757 -0.00414672 0.0334941 0.0254154 0.0256326 -0.0224313 -0.00958543 -0.0246274
internal_weight=20988.1 16946.4 4041.7 12797.5 4148.85 4005.4 12378.6 418.909 73.4955 12296.7 12248.5 3931.9 560.776 3867.53
internal_count=326276 242303 83973 120387 121916 120704 112422 7965 901 111308 111008 119803 12500 83144
is_linear=0
shrinkage=0.025


Tree=100
num_leaves=15
num_cat=0
split_feature=239 4 3 5 38 3 32 40 40 29 39 35 38 0
split_gain=8442.41 2381.95 5703.6 551.801 379.297 326.468 596.45 497.993 251.307 297.07 248.136 239.392 205.813 195.159
threshold=1.0000000180025095e-35 1.0000000180025095e-35 -4.4999999999999991 1.0000000180025095e-35 30.500000000000004 -5.4999999999999991 1.0000000180025095e-35 12.500000000000002 4.0000000000000009 24.500000000000004 164.50000000000003 142.50000000000003 42.500000000000007 1.0000000180025095e-35
decision_type=2 2 2 2 2 2 2 2 2 2 2 2 2 2
left_child=1 4 3 -3 5 -1 -7 11 -4 -10 12 -8 13 -2
right_child=10 2 8 -5 -6 6 7 -9 9 -11 -12 -13 -14 -15
leaf_value=-0.025156301421966981 0.026135744390729767 -0.023607880884164954 0.026528219748049815 0.02206102348888862 -0.025441435941330706 -0.025047715091802959 -0.022560565480640449 -0.025188407963520034 -0.055738840750379673 0.023524700263466009 -0.025397080433132952 0.023721049328465402 -0.023628429432374337 -0.024435258777296173
leaf_weight=748.88983212411404 8492.5459237918258 3043.2399773150682 3292.9344223700464 171.99946232140064 3082.0491751432419 556.03599594347179 76.063862208276987 212.7655857950449 48.983987003564835 65.322700493037701 57.404471646994352 599.71173930540681 50.137018036097288 45.24519769102335
leaf_count=21169 87902 59597 22662 832 103701 17118 1218 5963 214 370 404 3842 405 879
internal_value=0.00640904 -0.00725037 0.00273043 -0.0211388 -0.0197787 -0.0117866 -0.00480053 0.00788347 0.0252607 -0.0107859 0.0252065 0.0183982 0.0255564 0.0258563
internal_weight=20543.3 11898 6622.48 3215.24 5275.52 2193.47 1444.58 888.541 3407.24 114.307 8645.33 675.776 8587.93 8537.79
internal_count=326276 236686 83675 60429 153011 49310 28141 11023 23246 584 89590 5060 89186 88781
is_linear=0
shrinkage=0.025


Tree=101
num_leaves=15
num_cat=0
split_feature=239 4 38 33 24 39 24 24 39 38 10 38 39 38
split_gain=8217.26 2314.68 375.003 419.472 286.639 241.794 216.008 321.193 210.676 200.644 196.335 174.748 273.964 243.022
threshold=1.0000000180025095e-35 1.0000000180025095e-35 30.500000000000004 1.0000000180025095e-35 197.50000000000003 164.50000000000003 498.50000000000006 501.50000000000006 175.50000000000003 42.500000000000007 -3.4999999999999996 17.500000000000004 141.50000000000003 5.5000000000000009
decision_type=2 2 2 2 2 2 2 2 2 2 2 2 2 2
left_child=1 2 3 6 -3 9 -1 -8 11 10 -2 13 -13 -6
right_child=5 4 -4 -5 8 -7 7 -9 -10 -11 -12 12 -14 -15
leaf_value=-0.021572044737950352 -0.025326564597535423 -0.021535034462728642 -0.025412444894694387 0.0070978222075101559 -0.0032165237939330129 -0.025189781066752698 0.039722371504192965 -0.023203351323141386 -0.014748048317008343 -0.023443864203961023 0.026090120715128708 0.0051241800647175073 -0.019571525723683005 0.010390169399359111
leaf_weight=1409.3209415320307 43.947799697518349 287.67108120396733 3009.3427786212415 549.37096036598086 1062.6203933767974 56.466480858623981 92.073365017771721 105.39390072412789 354.92946585640311 49.302581798285246 8298.595335546881 817.47560350224376 423.30134582147002 3541.1492909006774
leaf_count=40841 303 7041 103701 5218 15098 404 206 3045 7229 405 88478 9101 6741 38465
internal_value=0.00638731 -0.00722108 -0.0197031 -0.0116988 0.00271862 0.025156 -0.0181423 0.00616778 0.00385795 0.0255067 0.0258073 0.00499912 -0.00330775 0.00724406
internal_weight=20101 11652.6 5165.5 2156.16 6487.15 8448.31 1606.79 197.467 6199.48 8391.85 8342.54 5844.55 1240.78 4603.77
internal_count=326276 236686 153011 49310 83675 89590 44092 3251 76634 89186 88781 69405 15842 53563
is_linear=0
shrinkage=0.025


Tree=102
num_leaves=15
num_cat=0
split_feature=3 3 40 5 40 234 0 10 38 38 33 35 226 3
split_gain=6330.43 8906.84 863.507 571.859 538.338 428.507 342.326 227.181 224.541 202.754 460.221 160.606 135.239 119.218
threshold=-5.4999999999999991 -1.0000000180025095e-35 23.500000000000004 1.0000000180025095e-35 8.5000000000000018 1.0000000180025095e-35 1.0000000180025095e-35 -4.4999999999999991 42.500000000000007 30.500000000000004 1.0000000180025095e-35 142.50000000000003 3.5000000000000004 1.0000000180025095e-35
decision_type=2 2 2 2 2 2 2 2 2 2 2 2 2 2
left_child=3 2 6 12 5 9 7 -2 -9 10 -3 -12 -1 -13
right_child=1 4 -4 -5 -6 -7 -8 8 -10 -11 11 13 -14 -15
leaf_value=-0.02471430346913002 -0.024947770377170626 -0.025496749173332264 -0.021911019427648115 0.022156570240188748 0.061993836859897226 0.022380715544871706 -0.025142878260955567 0.025713355569035302 -0.02693715153562869 -0.025520398374789401 -0.024200932726539649 0.035436540928084459 0.067647061223525123 0.0020922760028039343
leaf_weight=3678.3550430964679 53.346585255116224 560.12891931459308 248.90921887941658 169.20880320668221 46.967589445412159 136.79884949326515 82.112227529287338 11606.009250324219 48.092732191085815 2819.3824753109366 60.747561607509851 141.44202321767807 7.0026049464941016 128.90723162889481
leaf_count=83079 502 17900 7046 829 204 1205 1123 111316 400 99807 900 400 65 1500
internal_value=0.00632716 0.0132834 0.0239144 -0.0224079 -0.0195665 -0.0206162 0.0248894 0.0252488 0.0254871 -0.0222249 -0.011721 0.0115289 -0.0244771 0.0198263
internal_weight=19787.4 15932.8 12038.5 3854.57 3894.37 3847.41 11789.6 11707.4 11654.1 3710.61 891.226 331.097 3685.36 270.349
internal_count=326276 242303 120387 83973 121916 121712 113341 112218 111716 120507 20700 2800 83144 1900
is_linear=0
shrinkage=0.025


Tree=103
num_leaves=15
num_cat=0
split_feature=239 4 3 5 38 33 40 36 39 24 24 24 38 0
split_gain=7785.66 2187.75 5359.93 522.641 369.132 396.735 248.217 282.217 240.98 207.275 300.701 190.643 190.109 189.805
threshold=1.0000000180025095e-35 1.0000000180025095e-35 -4.4999999999999991 1.0000000180025095e-35 30.500000000000004 1.0000000180025095e-35 4.0000000000000009 123.50000000000001 164.50000000000003 498.50000000000006 500.50000000000006 198.50000000000003 42.500000000000007 1.0000000180025095e-35
decision_type=2 2 2 2 2 2 2 2 2 2 2 2 2 2
left_child=1 4 3 -3 5 9 11 -8 12 -1 -11 -4 13 -2
right_child=8 2 6 -5 -6 -7 7 -9 -10 10 -12 -13 -14 -15
leaf_value=-0.021379883994772197 0.026013878314393304 -0.023427706407042712 -0.028452951822690843 0.021669976672744392 -0.025356019005929004 0.0068388191251333432 0.024147679191111895 -0.053346978823263849 -0.025193537558503121 0.038980063475021864 -0.022759076503977172 0.027021625939526051 -0.023051075492379738 -0.024357837972827361
leaf_weight=1354.4870906993747 7922.0154367424548 2916.5520927794278 36.461539283394814 167.10919044911861 2868.7923147119582 542.86864361539483 61.691776361316442 50.690776377916336 56.476052671670914 89.879024282097816 101.86419900879264 3101.2614239379764 47.548713278025389 44.30944400280714
leaf_count=40841 87902 59597 202 832 103701 5218 363 221 404 202 3049 22460 405 879
internal_value=0.00630603 -0.00709433 0.0026386 -0.020957 -0.0195274 -0.0114866 0.0250322 -0.0110683 0.025054 -0.0179374 0.00620724 0.0263425 0.0254205 0.0257215
internal_weight=19362 11291.7 6333.77 3083.66 4957.89 2089.1 3250.11 112.383 8070.35 1546.23 191.743 3137.72 8013.87 7966.32
internal_count=326276 236686 83675 60429 153011 49310 23246 584 89590 44092 3251 22662 89186 88781
is_linear=0
shrinkage=0.025


Tree=104
num_leaves=15
num_cat=0
split_feature=239 4 3 5 38 33 39 24 24 10 38 234 24 6
split_gain=7578.1 2121.57 5207.26 507.468 367.907 385.866 234.844 201.374 289.874 188.767 187.604 186.454 175.002 155.878
threshold=1.0000000180025095e-35 1.0000000180025095e-35 -4.4999999999999991 1.0000000180025095e-35 30.500000000000004 1.0000000180025095e-35 164.50000000000003 498.50000000000006 501.50000000000006 -3.4999999999999996 42.500000000000007 1.0000000180025095e-35 194.50000000000003 -1.0000000180025095e-35
decision_type=2 2 2 2 2 2 2 2 2 2 2 2 2 2
left_child=1 4 3 -3 5 7 9 13 -9 -2 11 -11 -4 -1
right_child=6 2 12 -5 -6 -7 -8 8 -10 10 -12 -13 -14 -15
leaf_value=-0.025445389451890996 -0.025119128648480139 -0.023318161342252269 -0.028211024750682968 0.021456024523783122 -0.025327877515197685 0.0066651309086663895 -0.024989083117983792 0.038054016952528191 -0.022955166258378273 0.026265953456346455 -0.02287147055172864 -0.024268944038098587 0.025589434716716028 -0.0036117401589893967
leaf_weight=1071.5112690664828 43.273476667702198 2857.7520048413426 35.4663927257061 164.61756953597069 2801.0347705893219 543.16442152485251 55.550887659192085 90.060247495770454 98.821700500324368 7697.0952832922339 46.757594849914312 43.191188625991344 3143.9168044514954 257.12891478836536
leaf_count=34544 303 59597 199 832 103701 5218 404 206 3045 87602 405 876 23047 6297
internal_value=0.00628368 -0.0070619 0.00262808 -0.0208524 -0.0194218 -0.0113567 0.0250056 -0.0178241 0.00614431 0.0253729 0.0256663 0.0259714 0.0249554 -0.0212564
internal_weight=18949.3 11063.5 6201.75 3022.37 4861.72 2060.69 7885.87 1517.52 188.882 7830.32 7787.04 7740.29 3179.38 1328.64
internal_count=326276 236686 83675 60429 153011 49310 89590 44092 3251 89186 88883 88478 23246 40841
is_linear=0
shrinkage=0.025


Tree=105
num_leaves=15
num_cat=0
split_feature=239 4 38 33 24 39 24 24 39 11 38 0 24 38
split_gain=7379.38 2057.85 366.318 375.563 256.799 228.975 195.755 279.492 192.837 184.124 183.041 181.896 176.583 167.022
threshold=1.0000000180025095e-35 1.0000000180025095e-35 30.500000000000004 1.0000000180025095e-35 197.50000000000003 164.50000000000003 498.50000000000006 500.50000000000006 158.50000000000003 5.5000000000000009 42.500000000000007 1.0000000180025095e-35 319.50000000000006 17.500000000000004
decision_type=2 2 2 2 2 2 2 2 2 2 2 2 2 2
left_child=1 2 3 6 -3 9 -1 -8 13 10 11 -2 -10 -6
right_child=5 4 -4 -5 8 -7 7 -9 12 -11 -12 -13 -14 -15
leaf_value=-0.021144549262218707 0.026232153589916984 -0.021201652221962013 -0.02529997839484547 0.0064958739044536128 0.0090965818628100086 -0.024787383701790008 0.037794216873540232 -0.022572398102362903 -0.011377896662093094 -0.024906250628135944 -0.022693233380228946 -0.024189480670951172 0.0067323442866931375 -0.0021634638078037605
leaf_weight=1302.7317472081631 7516.608458660543 267.1022757794708 2734.8550025653094 543.45862230658531 3311.4140815585852 54.638760011643171 88.253823131322861 97.744597397744656 859.41025130078197 42.586565595120192 45.980091381818056 42.271176483482122 547.48760874196887 1089.7124906219542
leaf_count=40841 87602 7041 103701 5218 38993 404 202 3049 16258 303 405 876 7335 14048
internal_value=0.0062616 -0.00702842 -0.0193189 -0.0112322 0.0026164 0.0249686 -0.0177206 0.00608375 0.00372644 0.0253369 0.0256312 0.0259374 -0.00431332 0.00630336
internal_weight=18544.3 10842.2 4767.04 2032.19 6075.13 7702.09 1488.73 185.998 5808.02 7647.45 7604.86 7558.88 1406.9 4401.13
internal_count=326276 236686 153011 49310 83675 89590 44092 3251 76634 89186 88883 88478 23593 53041
is_linear=0
shrinkage=0.025


Tree=106
num_leaves=15
num_cat=0
split_feature=37 3 3 5 3 234 188 39 24 35 39 38 35 0
split_gain=7077.88 1963.22 4710.86 496.519 438.821 403.861 402.753 377.084 267.313 254.075 222.9 207.914 490.898 182.94
threshold=29.500000000000004 -5.4999999999999991 -1.0000000180025095e-35 1.0000000180025095e-35 -3.4999999999999996 1.0000000180025095e-35 1.0000000180025095e-35 153.50000000000003 217.50000000000003 175.50000000000003 111.50000000000001 4.5000000000000009 142.50000000000003 1.0000000180025095e-35
decision_type=2 2 2 2 2 2 2 2 2 2 2 2 2 2
left_child=1 3 6 -1 -2 7 9 11 -9 10 -3 12 -4 -6
right_child=4 2 5 -5 13 -7 -8 8 -10 -11 -12 -13 -14 -15
leaf_value=-0.024209346522209574 -0.011683056044639026 -0.018239945921166064 -0.025330039296713649 0.021211598522644801 0.026025765546020013 0.022900227126374875 0.024375845485719527 0.073858923046119171 -0.01920803091450618 -0.016302230311186303 0.022963726454706873 -0.025430221309814174 0.03383285510512573 -0.025532717491256598
leaf_weight=3356.052457632497 198.7783918865025 100.88611920922995 263.64989600889385 154.6657611951232 7310.4558368250728 127.95865369960666 2960.9524562247097 40.670045286417007 32.143524510785937 255.43307651020586 386.17475390993059 2902.2590434662998 127.45787722244859 40.532312165945768
leaf_count=80925 3262 1934 9100 807 86204 1202 21517 101 800 5300 4054 109808 400 862
internal_value=0.00620164 -0.00686618 0.00060833 -0.0221848 0.0247352 -0.0202015 0.0202493 -0.0218663 0.0333105 0.00372772 0.0143187 -0.023123 -0.00587527 0.0257278
internal_weight=18258.1 10708.3 7197.59 3510.72 7549.77 3494.14 3703.45 3366.18 72.8136 742.494 487.061 3293.37 391.108 7350.99
internal_count=326276 235948 154216 81732 90328 121411 32805 120209 901 11288 5988 119308 9500 87066
is_linear=0
shrinkage=0.025


Tree=107
num_leaves=15
num_cat=0
split_feature=239 3 4 38 32 5 40 40 38 39 40 10 24 38
split_gain=6997.21 1971.83 4916.89 619.16 517.019 514.597 416.568 241.723 266.669 219.41 195.103 179.645 176.207 175.052
threshold=1.0000000180025095e-35 -5.4999999999999991 1.0000000180025095e-35 30.500000000000004 1.0000000180025095e-35 1.0000000180025095e-35 12.500000000000002 4.0000000000000009 19.500000000000004 164.50000000000003 8.5000000000000018 -3.4999999999999996 198.50000000000003 42.500000000000007
decision_type=2 2 2 2 2 2 2 2 2 2 2 2 2 2
left_child=1 5 3 4 -3 -1 10 12 -9 11 -6 -2 -4 -13
right_child=9 2 7 -5 6 -7 -8 8 -10 -11 -12 13 -14 -15
leaf_value=-0.02419285102848907 -0.024756453182337865 -0.02478988240797815 -0.027974279464507014 -0.025308497606212212 0.0097256527293085471 0.021369373849428538 -0.024957104932449233 0.024935690770754016 -0.051230009412989434 -0.024457812872379449 0.042874426673161596 0.025872207340527361 0.026053798094978528 -0.022373916554465516
leaf_weight=3372.5901383571327 41.875501748174429 479.78720012493432 35.443264454603195 2537.0596179962158 511.32538733445108 159.57439684122801 186.69266330078244 56.187085881829262 52.721845123916864 53.151875074952841 141.06035566329956 7211.6311139166355 2986.6869222410023 44.607586480677128
leaf_count=83144 303 17118 202 101029 4552 829 5963 349 235 404 508 88478 22757 405
internal_value=0.00617944 -0.00689607 0.000798239 -0.0180902 -0.00415985 -0.022111 0.00765306 0.0240627 -0.012097 0.0248881 0.0170947 0.0252608 0.0253848 0.025563
internal_weight=17870.4 10519.1 6986.96 3855.93 1318.87 3532.16 839.078 3131.04 108.909 7351.27 652.386 7298.11 3022.13 7256.24
internal_count=326276 236686 152713 129170 28141 83973 11023 23543 584 89590 5060 89186 22959 88883
is_linear=0
shrinkage=0.025


Tree=108
num_leaves=15
num_cat=0
split_feature=239 3 4 38 32 5 40 40 29 39 35 10 24 38
split_gain=6811.15 1917.15 4773.13 610.96 502.438 500.595 400.25 236.157 254.25 213.86 209.624 175.167 171.493 170.738
threshold=1.0000000180025095e-35 -5.4999999999999991 1.0000000180025095e-35 30.500000000000004 1.0000000180025095e-35 1.0000000180025095e-35 12.500000000000002 4.0000000000000009 24.500000000000004 164.50000000000003 142.50000000000003 -3.4999999999999996 198.50000000000003 42.500000000000007
decision_type=2 2 2 2 2 2 2 2 2 2 2 2 2 2
left_child=1 5 3 4 -3 -1 10 12 -9 11 -6 -2 -4 -13
right_child=9 2 7 -5 6 -7 -8 8 -10 -11 -12 13 -14 -15
leaf_value=-0.02411988346172322 -0.024548069650545415 -0.024748320121886672 -0.027711286097175422 -0.025282666482043709 -0.022400980387154122 0.021159743452019743 -0.024911911355559008 -0.051984740632473075 0.022740849277686718 -0.024262703636932465 0.021734225351562705 0.025827278967074332 0.025960117507410164 -0.022199071605469103
leaf_weight=3299.1558891125023 41.209075644612312 468.72222433798015 34.920216433703899 2476.9188580736518 73.041490828618407 157.18633465468884 182.41477029584348 49.814603254199028 58.562593579292297 52.275001227855682 579.33245754241943 7045.6626237109303 2923.3360575325787 43.867918200790882
leaf_count=83144 303 17118 202 101029 1218 829 5963 214 370 404 3842 88478 22757 405
internal_value=0.00615831 -0.00686715 0.000793051 -0.0179967 -0.00410653 -0.0220369 0.00750082 0.0239594 -0.0118567 0.0248407 0.0166747 0.0252143 0.0252907 0.0255173
internal_weight=17486.4 10303.4 6847.06 3780.43 1303.51 3456.34 834.789 3066.63 108.377 7183.01 652.374 7130.74 2958.26 7089.53
internal_count=326276 236686 152713 129170 28141 83973 11023 23543 584 89590 5060 89186 22959 88883
is_linear=0
shrinkage=0.025


Tree=109
num_leaves=15
num_cat=0
split_feature=239 3 4 38 32 225 40 40 36 39 35 10 24 38
split_gain=6630.31 1863.63 4635.12 601.451 488.244 437.705 385.337 230.685 245.506 208.459 200.406 170.809 166.913 166.538
threshold=1.0000000180025095e-35 -5.4999999999999991 1.0000000180025095e-35 30.500000000000004 1.0000000180025095e-35 3.5000000000000004 12.500000000000002 4.0000000000000009 123.50000000000001 164.50000000000003 142.50000000000003 -3.4999999999999996 198.50000000000003 42.500000000000007
decision_type=2 2 2 2 2 2 2 2 2 2 2 2 2 2
left_child=1 5 3 4 -3 -1 10 12 -9 11 -6 -2 -4 -13
right_child=9 2 7 -5 6 -7 -8 8 -10 -11 -12 13 -14 -15
leaf_value=-0.023559372922602535 -0.024342371410141103 -0.024706692993966148 -0.027453760919374071 -0.025257042039163343 -0.022243592637226695 0.028296775532370123 -0.024866724517554468 0.023597678737300509 -0.049902685312215284 -0.024069812541413903 0.021239230246114713 0.025782519856765732 0.025866898485919994 -0.0220252841686281
leaf_weight=3280.0943544860929 40.552009202539921 457.91501816548407 34.401272125542164 2418.1868067402393 71.756790407001972 102.12397334724665 178.23556460253894 56.321674168109894 51.374636441469193 51.41151262447238 578.09906877949834 6883.4896005392075 2861.3155620321631 43.141537040472031
leaf_count=83261 303 17118 202 101029 1218 712 5963 363 221 404 3842 88478 22757 405
internal_value=0.00613773 -0.00684046 0.000787316 -0.0179158 -0.00406529 -0.0219625 0.00736682 0.0238575 -0.0116407 0.0247935 0.0163194 0.0251679 0.0251971 0.0254717
internal_weight=17108.4 10089.8 6707.61 3704.19 1286.01 3382.22 828.091 3003.41 107.696 7018.59 649.856 6967.18 2895.72 6926.63
internal_count=326276 236686 152713 129170 28141 83973 11023 23543 584 89590 5060 89186 22959 88883
is_linear=0
shrinkage=0.025


Tree=110
num_leaves=15
num_cat=0
split_feature=239 3 4 18 5 37 39 39 40 36 39 9 35 10
split_gain=6454.16 1809.42 4500.97 536.703 481.15 306.4 276.982 290.728 225.34 233.439 203.201 176.105 404.315 166.567
threshold=1.0000000180025095e-35 -5.4999999999999991 1.0000000180025095e-35 1.0000000180025095e-35 1.0000000180025095e-35 32.500000000000007 153.50000000000003 154.50000000000003 4.0000000000000009 123.50000000000001 164.50000000000003 1.0000000180025095e-35 142.50000000000003 -3.4999999999999996
decision_type=2 2 2 2 2 2 2 2 2 2 2 2 2 2
left_child=1 4 3 5 -1 6 11 -8 -4 -10 13 12 -3 -2
right_child=10 2 8 -5 -6 -7 7 -9 9 -11 -12 -13 -14 -15
leaf_value=-0.023975651653951713 -0.024139216223801351 -0.024375500196968755 0.025103847993506723 0.020006922946806682 0.020932087156307122 0.017222289282385339 0.065338294402710426 -0.02196593701743306 0.023452210113180327 -0.048396127514415063 -0.023879007204453254 -0.025370895465202062 0.025899439825755734 0.025426270510216366
leaf_weight=3159.0531874336302 39.904382158070803 311.73053900152445 2834.4909912385046 217.20062306523323 153.67994766682386 128.25886844284832 43.524962723255157 46.031600223854184 55.285915069282055 51.738172769546509 50.56145404279232 2739.665187286213 143.34191923215985 6767.4674314931035
leaf_count=83144 303 11414 22959 1872 829 1311 104 1062 363 221 404 112296 1111 88883
internal_value=0.0061161 -0.0068114 0.000781577 -0.017834 -0.0218678 -0.0202652 -0.0217512 0.0209368 0.023756 -0.0114264 0.0247464 -0.0229742 -0.00841906 0.0251215
internal_weight=16741.9 9884 6571.27 3629.75 3312.73 3412.55 3284.29 89.5566 2941.52 107.024 6857.93 3194.74 455.072 6807.37
internal_count=326276 236686 152713 129170 83973 127298 125987 1166 23543 584 89590 124821 12525 89186
is_linear=0
shrinkage=0.025


Tree=111
num_leaves=15
num_cat=0
split_feature=239 3 22 5 38 32 5 40 40 29 39 35 0 24
split_gain=6279.19 1759.24 4225.58 468.055 398.918 406.989 377.048 306.514 245.488 228.711 197.985 192.465 167.24 167.357
threshold=1.0000000180025095e-35 -5.4999999999999991 -1.0000000180025095e-35 1.0000000180025095e-35 30.500000000000004 1.0000000180025095e-35 1.0000000180025095e-35 12.500000000000002 5.5000000000000009 28.000000000000004 164.50000000000003 142.50000000000003 1.0000000180025095e-35 198.50000000000003
decision_type=2 2 2 2 2 2 2 2 2 2 2 2 2 2
left_child=1 3 4 -1 5 -3 -6 11 12 -10 -2 -7 13 -4
right_child=10 2 8 -5 6 7 -8 -9 9 -11 -12 -13 -14 -15
leaf_value=-0.023901973770899962 0.025062693978687624 -0.024091875876383756 -0.027540029573597503 0.020723787173020453 -0.025281655407273507 -0.023016257587246125 0.022931259052567085 -0.021023038536290388 -0.054163301416975174 0.023479691673271991 -0.023690167862824293 0.021614302826108264 -0.02752218052719408 0.026080487017757188
leaf_weight=3090.4435750786215 6654.6118221580982 442.77342716604471 34.110795468091965 151.40295269340277 2303.4603083524853 66.262988418340683 103.25307468697429 186.7280267495662 46.06402787193656 42.892386645078659 49.72484689950943 467.31632410362363 35.086210388690233 2711.3532283008099
leaf_count=83144 89186 17170 200 829 101024 1212 1008 6024 204 306 404 3443 221 21901
internal_value=0.00609447 -0.00678217 0.000777682 -0.0217929 -0.0173692 -0.00530134 -0.0231769 0.00626667 0.0233564 -0.0169094 0.0246869 0.0159275 0.0246704 0.0253759
internal_weight=16385.5 9681.15 6439.3 3241.85 3569.79 1163.08 2406.71 720.307 2869.51 88.9564 6704.34 533.579 2780.55 2745.46
internal_count=326276 236686 152713 83973 129881 27849 102032 10679 22832 510 89590 4655 22322 22101
is_linear=0
shrinkage=0.025


Tree=112
num_leaves=15
num_cat=0
split_feature=239 3 4 5 39 37 3 40 40 40 36 39 11 226
split_gain=6106.64 1709.93 4242.53 455.319 454.052 332.373 292.076 522.19 267.899 213.353 212.753 192.813 165.9 138.758
threshold=1.0000000180025095e-35 -5.4999999999999991 1.0000000180025095e-35 1.0000000180025095e-35 128.50000000000003 32.500000000000007 1.0000000180025095e-35 8.5000000000000018 12.500000000000002 4.0000000000000009 123.50000000000001 164.50000000000003 5.5000000000000009 3.5000000000000004
decision_type=2 2 2 2 2 2 2 2 2 2 2 2 2 2
left_child=1 3 4 13 5 -3 8 -8 -6 -4 -11 12 -2 -1
right_child=11 2 9 -5 6 -7 7 -9 -10 10 -12 -13 -14 -15
leaf_value=-0.024116428543415867 0.025309995824623888 -0.02523921644692281 0.024895302756301269 0.020516449397667055 0.020365641332224668 0.020296465651117774 -0.024387272099885428 0.062974404369730036 -0.024796214263758318 0.02324758953962754 -0.045680359663505782 -0.023503174600394715 -0.024146909996914892 0.070978186382606473
leaf_weight=3016.7138254735619 6468.5796843580902 2394.1599080041051 2718.0152295865119 149.16826831176877 377.70756534859538 101.80002503842115 464.89921760559082 44.062288448214531 101.5087214987725 53.575784124433994 52.231247425079346 48.901703514158726 39.928876202553511 6.6776002496480933
leaf_count=83079 88883 104654 22959 829 2468 911 17400 101 3636 363 221 404 303 65
internal_value=0.00607169 -0.00675578 0.000772032 -0.0217177 -0.0176751 -0.0233499 -0.00328915 -0.0164506 0.0106528 0.0235362 -0.01087 0.0246157 0.0249918 -0.023828
internal_weight=16037.9 9480.52 6307.96 3172.56 3484.14 2495.96 988.178 508.962 479.216 2823.82 105.807 6557.41 6508.51 3023.39
internal_count=326276 236686 152713 83973 129170 105565 23605 17501 6104 23543 584 89590 89186 83144
is_linear=0
shrinkage=0.025


Tree=113
num_leaves=15
num_cat=0
split_feature=239 3 241 5 38 32 5 40 40 12 39 35 38 0
split_gain=5940.64 1662.26 3979.45 442.939 388.832 388.423 357.993 286.301 233.562 209.067 187.866 178.296 172.337 197.577
threshold=1.0000000180025095e-35 -5.4999999999999991 1.0000000180025095e-35 1.0000000180025095e-35 30.500000000000004 1.0000000180025095e-35 1.0000000180025095e-35 12.500000000000002 5.5000000000000009 51.352048873901374 164.50000000000003 142.50000000000003 42.500000000000007 1.0000000180025095e-35
decision_type=2 2 2 2 2 2 2 2 2 2 2 2 2 2
left_child=1 3 4 -1 5 -3 -6 11 -4 -10 12 -7 13 -2
right_child=10 2 8 -5 6 7 -8 -9 9 -11 -12 -13 -14 -15
leaf_value=-0.023754092480545635 0.025668893717491953 -0.02399496133298783 0.024439870558528875 0.020310027242613143 -0.025235954671655417 -0.022773358061715269 0.022711202417184249 -0.020756063556663637 0.023228760921742177 -0.051590548532163806 -0.023317919976794513 0.02094746212591447 -0.022445743684995925 -0.024561550797557976
leaf_weight=2957.5935645159334 6271.3067204318941 424.26518367417157 2669.0736831687391 146.97546082735062 2195.5337238870561 63.617285326123238 99.04719015955925 179.9647897426039 41.317434832453728 46.303374167531729 48.092011243104935 461.92139247432351 44.913933623582125 46.589833453297615
leaf_count=83144 87902 17170 22322 829 101024 1212 1008 6024 306 204 404 3443 405 879
internal_value=0.00605038 -0.0067267 0.000767861 -0.0216424 -0.0172196 -0.005167 -0.0231284 0.00617385 0.0231152 -0.0164327 0.0245552 0.0155085 0.0249318 0.025283
internal_weight=15696.5 9285.61 6181.04 3104.57 3424.35 1129.77 2294.58 705.503 2756.69 87.6208 6410.9 525.539 6362.81 6317.9
internal_count=326276 236686 152713 83973 129881 27849 102032 10679 22832 510 89590 4655 89186 88781
is_linear=0
shrinkage=0.025


Tree=114
num_leaves=15
num_cat=0
split_feature=239 3 4 39 5 37 35 32 40 36 39 24 234 185
split_gain=5783.56 1616.01 4001 439.107 430.89 317.728 307.847 371.23 201.681 194.599 183.184 166.783 162.314 142.958
threshold=1.0000000180025095e-35 -5.4999999999999991 1.0000000180025095e-35 128.50000000000003 1.0000000180025095e-35 32.500000000000007 191.50000000000003 1.5000000000000002 4.0000000000000009 123.50000000000001 164.50000000000003 198.50000000000003 1.0000000180025095e-35 1.0000000180025095e-35
decision_type=2 2 2 2 2 2 2 2 2 2 2 2 2 2
left_child=1 4 3 5 -1 -3 7 -5 11 -10 12 -4 13 -2
right_child=10 2 8 6 -6 -7 -8 -9 9 -11 -12 -13 -14 -15
leaf_value=-0.023679367204761742 0.025578239696739433 -0.025190153779231606 -0.027668734262660363 0.018697004359381601 0.020104477501963477 0.01996922736491516 -0.023277346153659 -0.022907348947568545 0.023046065531331792 -0.043265719216093887 -0.023134295252379658 0.025413883554426704 -0.020625634483947025 -0.017094036724665692
leaf_weight=2893.5686778277159 6123.1789685189724 2283.2714693285525 34.748026296496391 459.94643667526543 144.82407707348466 98.951655175536871 317.82688966579735 185.44394103623927 51.932692185044289 52.528496295213699 47.29574778303504 2575.7639932483435 45.895147483795881 46.826388321816921
leaf_count=83144 87903 104654 202 4782 829 911 11866 6957 363 221 404 22757 883 400
internal_value=0.00602843 -0.00669605 0.000762079 -0.017526 -0.0215664 -0.0232811 -0.00323844 0.00665334 0.0233006 -0.0103432 0.0245122 0.0246668 0.0248897 0.0252422
internal_weight=15362 9098.81 6060.41 3345.44 3038.39 2382.22 963.217 645.39 2714.97 104.461 6263.2 2610.51 6215.9 6170.01
internal_count=326276 236686 152713 129170 83973 105565 23605 11739 23543 584 89590 22959 89186 88303
is_linear=0
shrinkage=0.025


Tree=115
num_leaves=15
num_cat=0
split_feature=239 3 4 38 32 5 40 40 38 37 0 24 40 6
split_gain=5629.65 1570.8 3884.04 548.105 420.209 419.169 325.384 196.978 193.37 179.337 179.53 162.319 153.528 143.458
threshold=1.0000000180025095e-35 -5.4999999999999991 1.0000000180025095e-35 30.500000000000004 1.0000000180025095e-35 1.0000000180025095e-35 12.500000000000002 4.0000000000000009 19.500000000000004 21.500000000000004 1.0000000180025095e-35 198.50000000000003 8.5000000000000018 27.500000000000004
decision_type=2 2 2 2 2 2 2 2 2 2 2 2 2 2
left_child=1 5 3 4 -3 -1 12 11 -9 -2 -11 -4 13 -6
right_child=9 2 7 -5 6 -7 -8 8 -10 10 -12 -13 -14 -15
leaf_value=-0.023604228301483964 0.0025015575416721335 -0.024484121525076088 -0.027413203711906954 -0.025111992932078483 0.018246490240723803 0.019899760015466273 -0.024660798807746874 0.024519153159482186 -0.041890282070369406 0.025682731578681131 -0.024196131618019132 0.025322183120198596 0.03776740766031892 -0.010000921827221175
leaf_weight=2831.0068985875696 226.99134399741888 402.27111703157425 34.229633048176765 2095.5077329277992 310.53212022222579 142.71365060284734 159.38930557109416 49.455545708537102 54.183272771537304 5850.321996897459 42.718589305877686 2521.1623709611595 140.89472122117877 171.50632942467928
leaf_count=83144 2527 17118 202 101029 2052 829 5963 349 235 86201 862 22757 508 2500
internal_value=0.00600737 -0.0066676 0.000756893 -0.0174347 -0.00380365 -0.0214901 0.00685135 0.0232013 -0.0101676 0.0244647 0.0253048 0.0245747 0.0150338 0.008145
internal_weight=15032.9 8912.85 5939.13 3280.1 1184.59 2973.72 782.322 2659.03 103.639 6120.03 5893.04 2555.39 622.933 482.038
internal_count=326276 236686 152713 129170 28141 83973 11023 23543 584 89590 87063 22959 5060 4552
is_linear=0
shrinkage=0.025


Tree=116
num_leaves=15
num_cat=0
split_feature=37 3 4 3 5 39 3 39 35 0 24 28 24 0
split_gain=5441.78 1465.55 3519.2 649.66 381.565 373.422 343.614 334.526 248.472 190.764 184.959 154.509 152.416 141.33
threshold=29.500000000000004 -5.4999999999999991 1.0000000180025095e-35 1.0000000180025095e-35 1.0000000180025095e-35 123.50000000000001 -3.4999999999999996 153.50000000000003 173.50000000000003 1.0000000180025095e-35 217.50000000000003 1.0000000180025095e-35 198.50000000000003 1.0000000180025095e-35
decision_type=2 2 2 2 2 2 2 2 2 2 2 2 2 2
left_child=1 4 3 5 -1 -3 -2 -5 11 -8 -9 -7 -4 -13
right_child=6 2 12 7 -6 8 9 10 -10 -11 -12 13 -14 -15
leaf_value=-0.0234599281540087 -0.010549268910699921 -0.019561425954826482 -0.027170295112315945 -0.025186367515324212 0.019317020764585378 -0.023473231438568515 0.025704769697660657 0.057807546716667692 -0.0094825882842908184 -0.025844738768078818 -0.018853447223922661 0.028927127382104869 0.024193835132670729 -0.029843355703592523
leaf_weight=2696.284374056384 169.3666450958699 402.46012611314654 33.842283815145493 2229.1469157002866 134.12013716250658 41.704120418056846 5792.320568908006 45.546666353940964 254.4576540030539 42.467764921486378 30.466333718970418 410.81650495529175 2404.8970164433122 24.474827244877815
leaf_count=80925 3262 14441 203 106907 807 1515 86204 101 5020 862 800 3000 22079 150
internal_value=0.00598606 -0.00663648 0.000478585 -0.0158017 -0.0214058 -0.000282793 0.0242917 -0.0234144 0.0103272 0.0253122 0.0272159 0.0209403 0.0234383 0.025384
internal_weight=14712.4 8708.22 5877.81 3439.07 2830.4 1133.91 6004.15 2305.16 731.453 5834.79 76.013 476.995 2438.74 435.291
internal_count=326276 235948 154216 131934 81732 24126 90328 107808 9685 87066 901 4665 22282 3150
is_linear=0
shrinkage=0.025


Tree=117
num_leaves=15
num_cat=0
split_feature=239 3 4 38 32 5 40 40 38 39 38 0 10 24
split_gain=5335.76 1483.73 3664.61 529.218 398.105 397.535 307.341 194.685 184.498 176.731 168.849 179.494 170.587 153.809
threshold=1.0000000180025095e-35 -5.4999999999999991 1.0000000180025095e-35 30.500000000000004 1.0000000180025095e-35 1.0000000180025095e-35 12.500000000000002 4.0000000000000009 19.500000000000004 164.50000000000003 42.500000000000007 1.0000000180025095e-35 -3.4999999999999996 198.50000000000003
decision_type=2 2 2 2 2 2 2 2 2 2 2 2 2 2
left_child=1 5 3 4 -3 -1 -6 13 -9 10 11 12 -2 -4
right_child=9 2 7 -5 6 -7 -8 8 -10 -11 -12 -13 -14 -15
leaf_value=-0.0234539663287529 -0.024274427449428267 -0.024405221386907233 -0.026916971954204456 -0.025064184494968958 0.014600711733428379 0.019515058991717411 -0.024588946351486323 0.024297473803851243 -0.0412341493915451 -0.02290242936226999 -0.022346811831075383 -0.024259314319504052 0.025895058049435645 0.025146313078260835
leaf_weight=2711.1860226932913 39.95109224319458 385.01479164324701 33.206607945263386 1997.6800652500242 612.82932755351067 138.76757138967514 153.74159951508045 47.587774850428104 54.021957784891129 46.285676319152117 44.453659743070602 42.881976308301091 5672.5321984551847 2418.5884212553501
leaf_count=83144 300 17118 202 101029 5060 829 5963 349 235 404 405 879 87602 22757
internal_value=0.00596465 -0.00661519 0.000743959 -0.01729 -0.00375213 -0.0213347 0.00664323 0.0229902 -0.0104875 0.0243667 0.0247599 0.0251395 0.0255273 0.024399
internal_weight=14398.7 8552.62 5702.67 3149.27 1151.59 2849.95 766.571 2553.4 101.61 5846.1 5799.82 5755.37 5712.48 2451.8
internal_count=326276 236686 152713 129170 28141 83973 11023 23543 584 89590 89186 88781 87902 22959
is_linear=0
shrinkage=0.025


Tree=118
num_leaves=15
num_cat=0
split_feature=239 3 4 38 32 5 37 0 3 35 0 226 31 6
split_gain=5197.61 1442.07 3556.82 522.088 386.856 386.72 174.665 166.453 155.944 163.114 145.067 141.759 133.823 1812.36
threshold=1.0000000180025095e-35 -5.4999999999999991 1.0000000180025095e-35 30.500000000000004 1.0000000180025095e-35 1.0000000180025095e-35 21.500000000000004 1.0000000180025095e-35 -3.4999999999999996 142.50000000000003 1.0000000180025095e-35 3.5000000000000004 17.500000000000004 159.50000000000003
decision_type=2 2 2 2 2 2 2 2 2 2 2 2 2 2
left_child=1 5 3 4 -3 11 -2 -8 -6 -10 -11 12 13 -1
right_child=6 2 -4 -5 8 -7 7 -9 9 10 -12 -13 -14 -15
leaf_value=-0.021746755864376174 0.0022516010001183934 -0.024362141412469618 0.022890807423791081 -0.025039669631963642 -0.010513513351670974 0.019312474339305517 0.025588268058070015 -0.023955031090417998 -0.021238384726253019 0.023067482524359164 -0.031072665431189923 0.073648841645711463 -0.025465414268498493 0.28365994545018164
leaf_weight=225.86806737631559 218.36264627799392 376.16970030590892 2500.9454248435795 1950.2436839994043 230.59093804657459 136.77432457357645 5449.7671676836908 39.983096180483699 68.475307850167155 433.43207193911076 30.350922100245953 6.4309942312538615 2410.6877480726689 9.8224570732563716
leaf_count=7291 2527 17118 23543 101029 6440 829 86201 862 1320 3080 183 65 75659 129
internal_value=0.00594445 -0.00658586 0.000738141 -0.0171925 -0.00370412 -0.0212568 0.0243377 0.02521 0.00650547 0.0139429 0.0192939 -0.0233774 -0.0237057 -0.00550889
internal_weight=14087.9 8379.79 5590.21 3089.26 1139.02 2789.58 5708.11 5489.75 762.849 532.258 463.783 2652.81 2646.38 235.691
internal_count=326276 236686 152713 129170 28141 83973 89590 87063 11023 4583 3263 83144 83079 7420
is_linear=0
shrinkage=0.025


Tree=119
num_leaves=15
num_cat=0
split_feature=37 38 234 39 11 20 35 0 24 24 6 12 23 39
split_gain=5025.01 1195.32 339.781 324.244 330.824 276.637 274.357 177.875 175.716 1528.74 168.685 131.96 130.265 179.142
threshold=28.500000000000004 26.500000000000004 1.0000000180025095e-35 119.50000000000001 4.5000000000000009 20.500000000000004 179.50000000000003 1.0000000180025095e-35 231.50000000000003 232.50000000000003 74.500000000000014 72.87988662719728 8.5000000000000018 161.50000000000003
decision_type=2 2 2 2 2 2 2 2 2 2 2 2 2 2
left_child=1 3 11 -1 6 7 8 -2 -5 10 -10 -3 13 -8
right_child=5 2 -4 4 -6 -7 12 -9 9 -11 -12 -13 -14 -15
leaf_value=-0.020482479200574333 0.025669878185844486 -0.024801643945114277 0.025470961361075801 -0.002669424243644151 -0.022901335504817218 0.0001874595430828436 0.047551422047770575 -0.025818658399889557 0.018586779565491231 0.0084639445785600152 0.27481347105012938 0.0012046046948546432 -0.0088122252124645719 -0.0054219560696538039
leaf_weight=462.04663013108075 5335.4863829258829 2179.6874837111682 89.7743298150599 910.20727274380624 327.86918389052153 291.72326294705272 60.913937494158745 39.516664035618305 2.5497334953397504 2552.2570160366595 12.059595279395579 126.93888477049768 1299.6735098175704 102.9566861949861
leaf_count=18729 86135 109364 1120 17478 12751 4746 304 862 106 39105 96 2708 31560 1212
internal_value=0.00592138 -0.00667601 -0.0214906 -0.000468446 0.0012927 0.0239863 0.00291625 0.0252725 0.00674024 0.0100858 0.242299 -0.0233599 -0.00614693 0.0146203
internal_weight=13793.7 8126.93 2396.4 5730.53 5268.49 5666.73 4940.62 5375 3477.07 2566.87 14.6093 2306.63 1463.54 163.871
internal_count=326276 234533 113192 121341 102612 91743 89861 86997 56785 39307 202 112072 33076 1516
is_linear=0
shrinkage=0.025


Tree=120
num_leaves=15
num_cat=0
split_feature=239 3 22 5 40 40 234 40 12 39 10 0 35 3
split_gain=4928.92 1417.04 3288.27 378.558 287.299 362.687 269.36 218.47 175.979 171.29 162.749 160.943 155.989 144.546
threshold=1.0000000180025095e-35 -5.4999999999999991 -1.0000000180025095e-35 1.0000000180025095e-35 4.0000000000000009 12.500000000000002 1.0000000180025095e-35 5.5000000000000009 51.352048873901374 164.50000000000003 -3.4999999999999996 1.0000000180025095e-35 209.50000000000003 1.0000000180025095e-35
decision_type=2 2 2 2 2 2 2 2 2 2 2 2 2 2
left_child=1 3 4 -1 6 -6 13 11 -9 10 -2 12 -4 -3
right_child=9 2 7 -5 5 -7 -8 8 -10 -11 -12 -13 -14 -15
leaf_value=-0.023298763565904466 -0.024181805897236543 -0.0069938389033031394 0.025292040435767257 0.01916475973590771 0.028951946489031086 -0.020079863614615511 0.020820411617059876 0.022539912809870298 -0.04818353395088739 -0.022697168729306064 0.025035794081091495 -0.0274504645272763 -0.035152284653776317 -0.023794946061483455
leaf_weight=2587.5262675732374 39.569552265107632 385.71087811328471 2304.7186319977045 135.39007684960961 180.80191874690354 190.34765093401074 96.061723191291094 36.785434491932392 46.161451350897551 45.414679232984781 5368.6038463413715 34.907978165894747 24.160869672894478 2121.2724056467414
leaf_count=83144 303 12400 22001 829 1020 7251 1204 306 204 404 88883 221 100 108006
internal_value=0.00585906 -0.00645566 0.000933004 -0.0211594 -0.0167151 0.00377931 -0.0196478 0.02239 -0.0168361 0.0242467 0.0246579 0.0237966 0.0246098 -0.0212314
internal_weight=13597.4 8143.85 5420.93 2722.92 2974.19 371.15 2603.05 2446.73 82.9469 5453.59 5408.17 2363.79 2328.88 2506.98
internal_count=326276 236686 152713 83973 129881 8271 121610 22832 510 89590 89186 22322 22101 120406
is_linear=0
shrinkage=0.025


Tree=121
num_leaves=15
num_cat=0
split_feature=239 3 4 38 32 5 40 40 37 38 0 24 35 35
split_gain=4795.19 1377.47 3292.45 505.4 369.666 368.247 281.051 186.759 172.818 169.686 162.07 154.301 148.774 141.111
threshold=1.0000000180025095e-35 -5.4999999999999991 1.0000000180025095e-35 30.500000000000004 1.0000000180025095e-35 1.0000000180025095e-35 12.500000000000002 4.0000000000000009 21.500000000000004 19.500000000000004 1.0000000180025095e-35 198.50000000000003 209.50000000000003 142.50000000000003
decision_type=2 2 2 2 2 2 2 2 2 2 2 2 2 2
left_child=1 5 3 4 -3 -1 13 11 -2 -9 -10 -4 -13 -6
right_child=8 2 7 -5 6 -7 -8 9 10 -11 -12 12 -14 -15
leaf_value=-0.023220795823824979 0.0019934231470407162 -0.024273466047064485 -0.027079204195366031 -0.024970712464704295 -0.021232325711938553 0.018963451897742151 -0.02446537697888175 0.024047007188980712 0.025502767262047352 -0.039508265778800761 -0.023882439130932645 0.025572228296115614 -0.033447530652996264 0.01814501962239912
leaf_weight=2532.0175525285304 213.51666915416718 358.04461935721338 33.487284265458584 1818.2442675493658 60.431950584053993 133.46286720782518 143.95680165663362 45.363094158470631 5079.0300765186548 54.206879798322916 39.139492621645331 2240.1614505797625 24.195530943572521 540.9268256649375
leaf_count=83144 2527 17118 202 101029 1218 829 5963 349 86201 235 862 22653 104 3842
internal_value=0.00583424 -0.00642237 0.000926085 -0.0168789 -0.00349019 -0.0210803 0.00651784 0.0226285 0.0241872 -0.0104529 0.0251065 0.0240846 0.0248871 0.0140608
internal_weight=13316.2 7984.5 5319.02 2921.6 1103.36 2665.48 745.316 2397.41 5331.69 99.57 5118.17 2297.84 2264.36 601.359
internal_count=326276 236686 152713 129170 28141 83973 11023 23543 89590 584 87063 22959 22757 5060
is_linear=0
shrinkage=0.025


Tree=122
num_leaves=15
num_cat=0
split_feature=239 3 22 5 38 32 5 40 40 37 12 234 234 24
split_gain=4666.15 1338.25 3094.38 358.214 346.971 318.404 284.42 218.228 208.184 173.707 162.087 158.23 155.171 152.485
threshold=1.0000000180025095e-35 -5.4999999999999991 -1.0000000180025095e-35 1.0000000180025095e-35 30.500000000000004 1.0000000180025095e-35 1.0000000180025095e-35 12.500000000000002 5.5000000000000009 25.500000000000004 51.352048873901374 1.0000000180025095e-35 1.0000000180025095e-35 198.50000000000003
decision_type=2 2 2 2 2 2 2 2 2 2 2 2 2 2
left_child=1 3 4 -1 5 -3 -6 -7 11 -2 -10 13 -11 -4
right_child=9 2 8 -5 6 7 -8 -9 10 12 -12 -13 -14 -15
leaf_value=-0.02314221975711693 0.0042606252703114101 -0.023655328697249543 -0.026965603430258278 0.018762812355496358 -0.025041222975882661 0.013758675293355387 0.021762055222446657 -0.019901897859581866 0.022283862160818211 0.025581677171800404 -0.04630192348528836 -0.027351219909588456 -0.023703391396070923 0.02524807276967175
leaf_weight=2477.7918728198856 265.42757702991366 353.9673516061157 32.736507788300514 131.57378093898296 1773.7130888439715 498.0518105532974 82.24870390444994 155.15850955992937 35.409313634037971 4909.1152212489396 46.002289276570082 34.681682895869017 37.522745611146092 2199.4562756195664
leaf_count=83144 3234 17170 200 829 101024 4655 1008 6024 306 85501 204 221 855 21901
internal_value=0.00581272 -0.00639645 0.000918909 -0.0210005 -0.0165149 -0.00465069 -0.0229219 0.00567067 0.0221796 0.0241307 -0.0164431 0.0235976 0.0251886 0.024436
internal_weight=13032.9 7820.79 5211.43 2609.37 2863.14 1007.18 1855.96 653.21 2348.29 5212.07 81.4116 2266.87 4946.64 2232.19
internal_count=326276 236686 152713 83973 129881 27849 102032 10679 22832 89590 510 22322 86356 22101
is_linear=0
shrinkage=0.025


Tree=123
num_leaves=15
num_cat=0
split_feature=239 3 4 38 225 39 40 39 38 10 0 40 38 40
split_gain=4540.28 1300.35 3103.57 490.339 348.829 328.786 176.757 167.277 164.956 166.099 165.517 162.677 156.784 148.945
threshold=1.0000000180025095e-35 -5.4999999999999991 1.0000000180025095e-35 30.500000000000004 3.5000000000000004 114.50000000000001 4.0000000000000009 164.50000000000003 42.500000000000007 -3.4999999999999996 1.0000000180025095e-35 12.500000000000002 19.500000000000004 8.5000000000000018
decision_type=2 2 2 2 2 2 2 2 2 2 2 2 2 2
left_child=1 4 3 5 -1 -3 -4 8 9 -2 -11 13 -8 -7
right_child=7 2 6 -5 -6 11 12 -9 -10 10 -12 -13 -14 -15
leaf_value=-0.022632150772703457 -0.024299110030984603 -0.02236177465467995 0.023915036180340288 -0.024922858995702499 0.0284640192134471 0.0044203477427657272 0.023902646137894452 -0.022567654132240905 -0.022241862725513477 0.025762801718811335 -0.023985766664864884 -0.024231946866863682 -0.037679909278544144 0.033684148928033342
leaf_weight=2471.0120458863676 39.73114625737071 371.73014878667891 2200.3275002278388 1732.7780768685043 83.532044054940343 476.68824219144881 43.979309357702732 44.870249085128307 44.017596375197172 4927.2343663331121 39.427227340638638 89.890541693195701 54.15737471729517 139.38065648451447
leaf_count=83261 303 16614 22959 101029 712 7178 349 404 405 87602 876 3841 235 508
internal_value=0.00579016 -0.00636759 0.000912015 -0.0166964 -0.0209201 -0.00341374 0.0224474 0.0240737 0.0245062 0.0249353 0.0253486 0.00658069 -0.00994451 0.0112126
internal_weight=12758.8 7663.48 5108.93 2810.47 2554.54 1077.69 2298.46 5095.28 5050.41 5006.39 4966.66 705.959 98.1367 616.069
internal_count=326276 236686 152713 129170 83973 28141 23543 89590 89186 88781 88478 11527 584 7686
is_linear=0
shrinkage=0.025


Tree=124
num_leaves=15
num_cat=0
split_feature=239 4 38 33 37 24 38 38 0 35 37 32 37 6
split_gain=4422.78 1199.18 297.768 234.409 171.123 165.554 163.914 304.935 147.776 142.282 281.753 1256.97 140.533 113.641
threshold=1.0000000180025095e-35 1.0000000180025095e-35 30.500000000000004 1.0000000180025095e-35 25.500000000000004 197.50000000000003 19.500000000000004 21.500000000000004 1.0000000180025095e-35 168.50000000000003 20.500000000000004 1.5000000000000002 1.5000000000000002 24.500000000000004
decision_type=2 2 2 2 2 2 2 2 2 2 2 2 2 2
left_child=1 2 3 6 -2 -3 -1 -8 -6 10 -7 -12 -9 -5
right_child=4 5 -4 13 8 9 7 12 -10 -11 11 -13 -14 -15
leaf_value=-0.023469085981948759 0.0041220134315317061 -0.020161468274094891 -0.024805899696470596 0.01433875363293519 0.025530116903103028 0.0068225907747986245 0.033061082235804923 0.026511552764166193 -0.023545223571800368 -0.00049733909516268087 -0.0017369003326090573 0.24212792876485928 -0.023426034147723474 -0.011635237641946926
leaf_weight=673.49355191551149 259.70096348598599 190.81074942275882 1739.9920090828091 299.46934234537184 4678.9127537291497 1642.3258113246411 103.67859328910708 38.028150588274002 35.935410231351852 2357.6533323638141 53.468110041692853 14.44076321274042 245.58259144425392 157.85456917621195
leaf_count=31351 3234 7041 103701 2769 85501 28641 813 201 855 46788 1105 100 11727 2449
internal_value=0.00576726 -0.00633165 -0.0177414 -0.00959493 0.0240472 0.00239779 -0.0160374 -0.00296876 0.025136 0.00347618 0.00895978 0.0578181 -0.0164355 0.0053016
internal_weight=12491.3 7516.8 3258.1 1518.11 4974.55 4258.7 1060.78 387.289 4714.85 4067.89 1710.23 67.9089 283.611 457.324
internal_count=326276 236686 153011 49310 89590 83675 44092 12741 86356 76634 29846 1205 11928 5218
is_linear=0
shrinkage=0.025


Tree=125
num_leaves=15
num_cat=0
split_feature=239 3 4 38 5 32 40 40 37 3 32 24 38 226
split_gain=4302.14 1280.39 2961.29 479.338 344.469 336.888 248.325 172.242 171.933 150.664 254.632 154.353 150.019 138.379
threshold=1.0000000180025095e-35 -5.4999999999999991 1.0000000180025095e-35 30.500000000000004 1.0000000180025095e-35 1.0000000180025095e-35 12.500000000000002 4.0000000000000009 25.500000000000004 -4.4999999999999991 1.5000000000000002 198.50000000000003 19.500000000000004 3.5000000000000004
decision_type=2 2 2 2 2 2 2 2 2 2 2 2 2 2
left_child=1 4 3 5 13 -3 -7 9 -2 10 -4 -11 -9 -1
right_child=8 2 7 -5 -6 6 -8 12 -10 11 -12 -13 -14 -15
leaf_value=-0.023352158652411369 0.0040235612986894032 -0.024118552910278795 0.035600085727825352 -0.024873973047524645 0.018556020215705141 0.01318979575725243 -0.024304817294536218 0.023770235561972022 0.02510664823728101 -0.026669503117095997 -0.045706316189053714 0.026070229335181445 -0.036761319229027797 0.072170379035541007
leaf_weight=2362.1241037938744 259.48040600866079 329.62943032942712 42.483398117125034 1651.6275808736682 128.84793096780777 592.63692793995142 132.30631618015468 43.136942535638809 4603.6687510516495 32.525185249745846 48.002894073724747 2027.5081392638385 54.1805185303092 6.5646941289305678
leaf_count=83079 3234 17118 99 101029 829 5060 5963 349 86356 202 198 22460 235 65
internal_value=0.00570555 -0.00622903 0.0011265 -0.0164761 -0.0208131 -0.00326673 0.00624051 0.0223233 0.02399 0.0237989 -0.00734805 0.0251878 -0.00977243 -0.0229859
internal_weight=12314.7 7451.57 4954.04 2706.2 2497.54 1054.57 724.943 2247.84 4863.15 2150.52 90.4863 2060.03 97.3175 2368.69
internal_count=326276 236686 152713 129170 83973 28141 11023 23543 89590 22959 297 22662 584 83144
is_linear=0
shrinkage=0.025


Tree=126
num_leaves=15
num_cat=0
split_feature=239 3 4 38 5 32 40 40 39 10 38 0 3 32
split_gain=4183.04 1243.81 2875.75 472.707 335.064 327.302 239.006 168.444 163.797 162.974 164.725 161.577 147.946 244.034
threshold=1.0000000180025095e-35 -5.4999999999999991 1.0000000180025095e-35 30.500000000000004 1.0000000180025095e-35 1.0000000180025095e-35 12.500000000000002 4.0000000000000009 164.50000000000003 -3.4999999999999996 42.500000000000007 1.0000000180025095e-35 -4.4999999999999991 1.5000000000000002
decision_type=2 2 2 2 2 2 2 2 2 2 2 2 2 2
left_child=1 4 3 5 -1 -3 -7 12 9 -2 11 -11 13 -4
right_child=8 2 7 -5 -6 6 -8 -9 -10 10 -12 -13 -14 -15
leaf_value=-0.022905673722281892 -0.024379746023435594 -0.024073151161609782 0.035122406614108141 -0.024849405307327026 0.018355745170785844 0.012867311586657213 -0.024257391050711993 -0.0096075282262144679 -0.022453989337764688 0.025703711461693764 -0.022131573985942878 -0.023914260971205956 0.025142871181493838 -0.044719985964003173
leaf_weight=2317.9797802902758 39.720031658187509 322.09518809989095 42.03115052729845 1612.4243550328538 127.05286622419953 592.38100032508373 129.29458900541067 96.499062046408653 44.39588812366128 4591.2359675243497 43.554685488343239 38.657537698745728 2012.632583104074 47.902446091175079
leaf_count=83144 303 17118 99 101029 829 5060 5963 584 404 87602 405 876 22662 198
internal_value=0.00568299 -0.00620129 0.00111903 -0.016374 -0.0207315 -0.00322347 0.00610871 0.0222532 0.0239166 0.0243727 0.0248078 0.0252688 0.023739 -0.0072068
internal_weight=12057.9 7300.29 4855.26 2656.2 2445.03 1043.77 721.676 2199.07 4757.56 4713.17 4673.45 4629.89 2102.57 89.9336
internal_count=326276 236686 152713 129170 83973 28141 11023 23543 89590 89186 88883 88478 22959 297
is_linear=0
shrinkage=0.025


Tree=127
num_leaves=15
num_cat=0
split_feature=239 3 4 18 225 39 39 40 39 10 3 32 36 31
split_gain=4075.15 1208.51 2789.82 382.741 326.955 184.25 184.609 165.276 159.854 159.055 144.978 234.046 144.478 137.202
threshold=1.0000000180025095e-35 -5.4999999999999991 1.0000000180025095e-35 1.0000000180025095e-35 3.5000000000000004 153.50000000000003 154.50000000000003 4.0000000000000009 164.50000000000003 -3.4999999999999996 -4.4999999999999991 1.5000000000000002 123.50000000000001 17.500000000000004
decision_type=2 2 2 2 2 2 2 2 2 2 2 2 2 2
left_child=1 4 3 5 13 -3 -7 10 9 -2 11 -4 -9 -1
right_child=8 2 7 -5 -6 6 -8 12 -10 -11 -12 -13 -14 -15
leaf_value=-0.0030839445982994312 -0.024173746302549048 -0.020348738651100134 0.034665103784084446 0.017369129742964468 0.028173568734302656 0.047941869772782114 -0.021537632740738631 0.022357710364465995 -0.022276847192539282 0.024785671868123069 0.025067501836249319 -0.043791402990988985 -0.036978517663530788 -0.024318342308378354
leaf_weight=213.11580582521856 39.090558705851436 2324.8272747211158 41.566409803926945 192.65067312866449 79.919186383485794 47.919067978858948 42.003870245069265 44.940138470381498 43.663294844329357 4561.9086341522634 1968.7774834036827 47.760579071938992 51.884697943925858 2100.9962800145149
leaf_count=7433 303 126131 99 1872 712 104 1063 363 404 88883 22662 198 221 75828
internal_value=0.00566205 -0.00617058 0.00111087 -0.0162708 -0.0206489 -0.0189831 0.0155707 0.0221471 0.023891 0.0243488 0.0236522 -0.00707245 -0.0093436 -0.0223801
internal_weight=11801 7156.36 4762.33 2607.4 2394.03 2414.75 89.9229 2154.93 4644.66 4601 2058.1 89.327 96.8248 2314.11
internal_count=326276 236686 152713 129170 83973 127298 1167 23543 89590 89186 22959 297 584 83261
is_linear=0
shrinkage=0.025


Tree=128
num_leaves=15
num_cat=0
split_feature=37 3 4 38 35 177 3 40 0 31 6 24 3 32
split_gain=3983.7 1115.01 2541.14 660.046 319.495 302.725 269.406 198.097 166.628 146.579 1114.61 141.952 139.551 224.618
threshold=29.500000000000004 -5.4999999999999991 1.0000000180025095e-35 26.500000000000004 138.50000000000003 1.0000000180025095e-35 -3.4999999999999996 23.500000000000004 1.0000000180025095e-35 17.500000000000004 153.50000000000003 198.50000000000003 -4.4999999999999991 1.5000000000000002
decision_type=2 2 2 2 2 2 2 2 2 2 2 2 2 2
left_child=1 5 3 4 -3 9 -2 -6 -8 10 -1 -4 13 -13
right_child=6 2 11 -5 7 -7 8 -9 -10 -11 -12 12 -14 -15
leaf_value=-0.021839080079057421 -0.0098085649373665443 -0.022651987950729192 -0.026884871255223777 -0.024645918932529719 0.012850318281165979 0.020847895664823191 0.025383349153815224 -0.024550993520793013 -0.025738419904056498 -0.024598482827960337 0.16718883499987428 0.034226835700707357 0.0247371604800894 -0.042915547224921718
leaf_weight=185.14136120676994 141.56476416997612 277.80435857176781 33.081105314195156 1665.4390227897093 716.52881832048297 102.61847775615752 4374.476338615641 97.72938659414649 37.455473596230149 1974.7403658013791 18.746804917231202 41.090594239532948 1852.0615436024964 47.580372095108032
leaf_count=6872 3262 13518 203 104440 9128 1367 86204 4848 862 73298 195 99 21782 198
internal_value=0.00563441 -0.00618568 0.000733896 -0.0147556 0.000330932 -0.02053 0.0238354 0.00825708 0.0249265 -0.0225164 -0.00216548 0.0223756 0.0232683 -0.00694443
internal_weight=11566.1 7012.56 4731.32 2757.5 1092.06 2281.25 4553.5 814.258 4411.93 2178.63 203.888 1973.81 1940.73 88.671
internal_count=326276 235948 154216 131934 27494 81732 90328 13976 87066 80365 7067 22282 22079 297
is_linear=0
shrinkage=0.025


Tree=129
num_leaves=15
num_cat=0
split_feature=37 3 3 40 40 5 3 0 24 32 38 35 24 0
split_gain=3877.44 1082.09 2432.66 333.48 327.043 296.502 264.625 236.446 209.616 200.674 187.771 329.148 168.729 169.682
threshold=29.500000000000004 -5.4999999999999991 -1.0000000180025095e-35 8.5000000000000018 4.0000000000000009 1.0000000180025095e-35 -3.4999999999999996 1.0000000180025095e-35 399.50000000000006 2.5000000000000004 4.5000000000000009 142.50000000000003 199.50000000000003 1.0000000180025095e-35
decision_type=2 2 2 2 2 2 2 2 2 2 2 2 2 2
left_child=1 5 4 7 9 -1 -2 10 -6 12 11 -4 -3 -14
right_child=6 2 3 -5 8 -7 -8 -9 -10 -11 -12 -13 13 -15
leaf_value=-0.022584224922920178 -0.0095999215948415345 -0.025854035104827023 -0.024726826422509583 0.042374085901354566 -0.021368440856530512 0.01771037894515835 0.024893200219191454 0.021107688343071886 0.022168580990105352 -0.012877686156532951 -0.024901777971425086 0.03052265017973238 0.024676007113554544 -0.028380935265630243
leaf_weight=2117.7573494613171 141.09666477888823 41.047917310148478 165.1735210493207 51.606690026819706 201.17564128432423 117.78387267515063 4308.5899658687413 80.31419020332396 101.24832014366984 101.46424210816622 1753.4441622486338 109.36036521196365 2001.1610632389784 35.57884931191802
leaf_count=80925 3262 303 9100 204 6532 807 87066 1204 1022 1010 110503 400 23701 237
internal_value=0.00561071 -0.00615217 0.000727488 -0.0186532 0.0176075 -0.0204292 0.0237881 -0.0202169 -0.00663628 0.0209878 -0.0218946 -0.00253613 0.0226698 0.0236965
internal_weight=11326.8 6877.12 4641.57 2159.9 2481.68 2235.54 4449.69 2108.29 302.424 2179.25 2027.98 274.534 2077.79 2036.74
internal_count=326276 235948 154216 121411 32805 81732 90328 121207 7554 25251 120003 9500 24241 23938
is_linear=0
shrinkage=0.025


Tree=130
num_leaves=15
num_cat=0
split_feature=37 3 4 39 225 3 40 3 35 0 31 6 24 3
split_gain=3771.14 1050.94 2396.22 521.834 289.977 286.85 355.511 259.69 197.959 166.014 142.688 985.608 134.62 138.942
threshold=29.500000000000004 -5.4999999999999991 1.0000000180025095e-35 123.50000000000001 3.5000000000000004 1.0000000180025095e-35 8.5000000000000018 -3.4999999999999996 172.50000000000003 1.0000000180025095e-35 17.500000000000004 159.50000000000003 198.50000000000003 -4.4999999999999991
decision_type=2 2 2 2 2 2 2 2 2 2 2 2 2 2
left_child=1 4 3 -3 10 8 -7 -2 -5 -9 11 -1 -4 -14
right_child=7 2 12 5 -6 6 -8 9 -10 -11 -12 -13 13 -15
leaf_value=-0.020378525695898056 -0.0093947284085682987 -0.023822470310282819 -0.02645634686682577 0.019735292546545671 0.027934425087311667 -0.023976133190820113 0.046306191114493848 0.025317987197968479 -0.0094350233856722813 -0.025736043929391435 -0.024137060014041558 0.15948228014407054 -0.0071799286257512134 0.024610308934218717
leaf_weight=182.41511896438897 140.64524631388485 1565.4450658373535 32.073238402605057 413.52936224453151 72.2393649071455 408.61457982286811 47.496864438056946 4173.6289544329047 219.81683824770153 37.428468348458409 1916.5565230036154 18.218177806586027 87.778267823159695 1773.6248560510576
leaf_count=7001 3262 99246 203 4661 694 22902 101 86204 5024 862 73908 129 297 21782
internal_value=0.00558894 -0.00612441 0.000723253 -0.0145892 -0.0203428 -0.00127013 -0.0163481 0.0237224 0.00957505 0.0248403 -0.0220391 -0.00181485 0.0221957 0.0230886
internal_weight=11089.5 6737.81 4548.38 2654.9 2189.43 1089.46 456.111 4351.7 633.346 4211.06 2117.19 200.633 1893.48 1861.4
internal_count=326276 235948 154216 131934 81732 32688 23003 90328 9685 87066 81038 7130 22282 22079
is_linear=0
shrinkage=0.025


Tree=131
num_leaves=15
num_cat=0
split_feature=3 3 40 225 40 177 31 24 10 40 3 252 31 6
split_gain=2995.27 4029.19 499.458 301.751 298.956 200.977 194.116 167.787 162.653 141.507 131.139 331.7 129.258 876.135
threshold=-4.4999999999999991 -1.0000000180025095e-35 4.0000000000000009 3.5000000000000004 8.5000000000000018 3.5000000000000004 26.500000000000004 195.50000000000003 -3.4999999999999996 23.500000000000004 1.0000000180025095e-35 1.0000000180025095e-35 17.500000000000004 153.50000000000003
decision_type=2 2 2 2 2 2 2 2 2 2 2 2 2 2
left_child=3 2 7 12 5 10 -4 -2 -9 -8 11 -3 13 -1
right_child=1 4 6 -5 -6 -7 9 8 -10 -11 -12 -13 -14 -15
leaf_value=-0.021621584030201434 -0.025465854097692121 -0.02450779604715508 -0.025696599932608883 0.0281357674132524 0.040346517264565847 0.024554540385467685 0.024142327914056582 -0.024458794834975997 0.024671325675190581 -0.019149666278678992 -0.023066148992791056 0.02698685297313725 -0.023372193519578935 0.13246883035620258
leaf_weight=182.78228586073965 39.804023887962103 211.05261021479964 165.49893687758595 76.535818396136165 51.687954097986221 61.65115266572684 142.9878752194345 39.64986639842391 5973.1641902886331 66.497815076261759 1689.3346928004175 119.99110373295844 2016.2509404150769 23.324977034702897
leaf_count=7237 303 11752 4699 717 204 1136 918 303 110697 3164 108129 695 76126 196
internal_value=0.0055661 0.0123713 0.0222523 -0.0197495 -0.0173717 -0.0188726 -0.00565161 0.0239871 0.0243312 0.010206 -0.0202446 -0.00569331 -0.0214455 -0.00241344
internal_weight=10860.2 8561.32 6427.6 2298.89 2133.72 2082.03 374.985 6052.62 6012.81 209.486 2020.38 331.044 2222.36 206.107
internal_count=326276 242000 120084 84276 121916 121712 8781 111303 111000 4082 120576 12447 83559 7433
is_linear=0
shrinkage=0.025


Tree=132
num_leaves=15
num_cat=0
split_feature=37 38 177 39 40 35 23 12 30 37 0 12 24 28
split_gain=3579.67 887.425 283.225 222.079 210.553 203.857 196.101 209.812 228.572 543.397 174.57 158.386 165.2 145.682
threshold=28.500000000000004 21.500000000000004 1.0000000180025095e-35 119.50000000000001 5.5000000000000009 191.50000000000003 8.5000000000000018 52.280015945434577 1.5000000000000002 20.500000000000004 1.0000000180025095e-35 4.0783731937408456 374.50000000000006 1.0000000180025095e-35
decision_type=2 2 2 2 2 2 2 2 2 2 2 2 2 2
left_child=1 3 11 -1 10 6 13 -8 9 -9 -2 -3 -13 -5
right_child=4 2 -4 5 -6 -7 7 8 -10 -11 -12 12 -14 -15
leaf_value=-0.019111094330683212 0.02476984081991062 -0.024136478370867034 0.023223195064346627 -0.023245478455106907 -0.014551940732566616 -0.013158645840305622 -0.0056686532564338464 0.0024193892206518766 0.0057969396488615973 0.13647865916809152 -0.026669498432574795 -0.021203440747298338 0.006618717859789066 0.025050042583464271
leaf_weight=320.45404984708875 4086.7982585951686 1688.9982128106058 94.189981607720256 40.46327487565577 86.577417403459549 455.32432905770838 1210.2786318985745 56.761732185259461 1615.6543410820886 25.712757728993893 38.867289604619145 284.56530620343983 244.84576988592744 389.54858339764178
leaf_count=16403 88304 111513 1628 1919 2556 15594 33222 1418 32933 202 883 10220 5034 4447
internal_value=0.00554162 -0.00619528 -0.0185757 0.000766151 0.0234467 0.00246552 0.00461387 0.00226483 0.00793385 0.0478302 0.0242602 -0.0203906 -0.00832431 0.0203182
internal_weight=10639 6426.8 2312.6 4114.2 4212.24 3793.74 3338.42 2908.41 1698.13 82.4745 4125.67 2218.41 529.411 430.012
internal_count=326276 234533 128395 106138 91743 89735 74141 67775 34553 1620 89187 126767 15254 6366
is_linear=0
shrinkage=0.025


Tree=133
num_leaves=15
num_cat=0
split_feature=37 38 42 20 252 194 39 12 24 31 31 24 23 0
split_gain=3482.95 885.289 270.308 220.885 215.117 232.78 218.168 159.058 161.656 152.321 457.815 197.119 171.342 151.926
threshold=29.500000000000004 21.500000000000004 4.5000000000000009 20.500000000000004 1.0000000180025095e-35 1.0000000180025095e-35 158.50000000000003 4.0783731937408456 374.50000000000006 17.500000000000004 16.500000000000004 254.50000000000003 9.5000000000000018 1.0000000180025095e-35
decision_type=2 2 2 2 2 2 2 2 2 2 2 2 2 2
left_child=1 4 7 13 -1 6 9 -3 -9 10 -6 -12 -11 -2
right_child=3 2 -4 -5 5 -7 -8 8 -10 12 11 -13 -14 -15
leaf_value=-0.02347672015209187 0.025460779856892598 -0.024182175123392633 0.020263138372802393 -0.00060707657320982435 0.012785950138831409 -0.016419076707170813 -0.0058186759203214984 -0.021163766048918113 0.0063464558152876716 0.019669914291159919 0.14042888729661068 0.0099526032090438282 0.0023526499062567364 -0.024825409841259641
leaf_weight=211.15048118680716 3810.1973916944116 1650.7763464488089 104.51656041666865 221.01167646236718 274.16449511982501 374.01700686104596 974.22713470645249 281.70992561522871 247.39419178385288 442.69407653436065 24.857474222779274 11.009098796173928 1826.5518897157162 35.174628777429461
leaf_count=11919 85193 111705 1977 4284 5050 17549 27775 10292 5128 6668 101 202 37582 851
internal_value=0.00548164 -0.00597759 -0.0184597 0.0235793 0.000914438 0.00224903 0.00423312 -0.0203531 -0.00829052 0.00804185 0.0244232 0.104882 0.00576349 0.0249753
internal_weight=10489.5 6423.07 2284.4 4066.38 4138.67 3927.52 3553.5 2179.88 529.104 2579.28 310.031 35.8666 2269.25 3845.37
internal_count=326276 235948 129102 90328 106846 94927 77378 127125 15420 49603 5353 303 44250 86044
is_linear=0
shrinkage=0.025


Tree=134
num_leaves=15
num_cat=0
split_feature=37 3 3 40 40 5 3 234 24 32 38 35 0 24
split_gain=3387.94 1013.49 2161.33 294.182 290.935 283.138 250.003 216.167 193.034 187.611 172.574 290.579 164.508 162.205
threshold=29.500000000000004 -5.4999999999999991 -1.0000000180025095e-35 4.0000000000000009 8.5000000000000018 1.0000000180025095e-35 -3.4999999999999996 1.0000000180025095e-35 498.50000000000006 2.5000000000000004 4.5000000000000009 142.50000000000003 1.0000000180025095e-35 199.50000000000003
decision_type=2 2 2 2 2 2 2 2 2 2 2 2 2 2
left_child=1 5 3 9 7 -1 -2 10 -5 12 11 -4 13 -3
right_child=6 2 4 8 -6 -7 -8 -9 -10 -11 -12 -13 -14 -15
leaf_value=-0.022352589179077953 -0.0094055674777129908 -0.025287044053156627 -0.02457417073971107 -0.01845065165761298 0.03862182866349323 0.017550049529595442 0.024708287400867678 0.020862253662085939 0.027372071153556693 -0.012280298176500963 -0.024785004081969309 0.029331283671336913 -0.028490487242599644 0.024460829305349943
leaf_weight=1976.8340715309605 136.57375722751021 39.078551918268204 149.03882335312665 212.49461074918509 51.515206854790449 114.89817641302943 3838.6113811209798 74.888948649168015 75.175601767376065 100.03582688048482 1566.017589436844 103.0241172388196 36.125393323600292 1869.0233188308775
leaf_count=80925 3262 300 9100 7146 204 807 87066 1200 408 1010 110507 400 240 23701
internal_value=0.00542206 -0.00587938 0.00109288 0.0173178 -0.0183488 -0.0201268 0.0235238 -0.0199711 -0.00623107 0.0206481 -0.0216984 -0.00235787 0.0223716 0.0233908
internal_weight=10343.3 6368.15 4276.42 2331.93 1944.48 2091.73 3975.19 1892.97 287.67 2044.26 1818.08 252.063 1944.23 1908.1
internal_count=326276 235948 154216 32805 121411 81732 90328 121207 7554 25251 120007 9500 24241 24001
is_linear=0
shrinkage=0.025


Tree=135
num_leaves=15
num_cat=0
split_feature=239 3 4 38 225 32 10 39 38 0 31 31 32 24
split_gain=3274.12 1039.89 2276.58 419.86 287.019 272.61 160.115 160.388 145.251 156.794 133.886 619.372 332.535 125.483
threshold=1.0000000180025095e-35 -5.4999999999999991 1.0000000180025095e-35 30.500000000000004 3.5000000000000004 1.0000000180025095e-35 -3.4999999999999996 164.50000000000003 42.500000000000007 1.0000000180025095e-35 17.500000000000004 16.500000000000004 1.5000000000000002 335.50000000000006
decision_type=2 2 2 2 2 2 2 2 2 2 2 2 2 2
left_child=1 4 3 5 10 -3 -2 8 9 -8 11 -1 -13 -7
right_child=6 2 -4 -5 -6 13 7 -9 -10 -11 -12 12 -14 -15
leaf_value=-0.02403756047874589 -0.024630092109559652 -0.023721597600562219 0.0216172771718804 -0.02464725617456286 0.027740902921726387 -0.0037879330561955784 0.025550269740060794 -0.022319636463800502 -0.021287948824001798 -0.023858071959453227 -0.02394883567846651 -0.02019635008149559 0.12863858750290244 0.018032209278852886
leaf_weight=164.24644791800529 40.062714038416743 268.94103700574487 1898.1368361581117 1313.1100382758304 72.837235933169723 362.7233705194667 3717.5206470675766 43.501444725319743 40.07802801951766 37.84332725033164 1835.2027667667717 12.237058352679012 26.808717556297779 295.37625661678612
leaf_count=6730 303 17118 23543 101029 712 8092 87602 404 405 876 75828 603 100 2931
internal_value=0.00540002 -0.00579506 0.00148579 -0.0155671 -0.0200595 -0.00264056 0.0234338 0.0239608 0.024515 0.0250271 -0.0218179 -0.00239165 0.0832859 0.00600522
internal_weight=10128.6 6249.62 4138.29 2240.15 2111.33 927.041 3879.01 3838.94 3795.44 3755.36 2038.49 203.292 39.0458 658.1
internal_count=326276 236686 152713 129170 83973 28141 89590 89287 88883 88478 83261 7433 703 11023
is_linear=0
shrinkage=0.025


Tree=136
num_leaves=15
num_cat=0
split_feature=37 3 3 40 40 5 3 234 24 32 0 24 0 35
split_gain=3208.62 954.855 2031.69 286.573 281.623 273.024 243.317 205.59 184.655 182.674 159.275 159.154 157.694 136.434
threshold=29.500000000000004 -5.4999999999999991 -1.0000000180025095e-35 4.0000000000000009 8.5000000000000018 1.0000000180025095e-35 -3.4999999999999996 1.0000000180025095e-35 399.50000000000006 2.5000000000000004 1.0000000180025095e-35 199.50000000000003 1.0000000180025095e-35 209.50000000000003
decision_type=2 2 2 2 2 2 2 2 2 2 2 2 2 2
left_child=1 5 3 9 7 -1 -2 -4 -5 10 11 -3 -8 -13
right_child=6 2 4 8 -6 -7 12 -9 -10 -11 -12 13 -14 -15
leaf_value=-0.022193561059372625 -0.0093060170018295554 -0.025216232107641363 -0.021617708089551144 -0.020834698869608367 0.037788799562430475 0.017368496760476995 0.025157683486499022 0.020640147522583849 0.021194427375812497 -0.012277403579181926 -0.028277699593235475 0.02511703418052836 -0.025638008095984106 -0.032527693053724549
leaf_weight=1895.4896820299327 134.39467544667423 38.689452961087227 1738.7884636297822 186.59864414483309 51.526792149990797 112.80700915679336 3627.8476619832218 72.173438496887684 96.426092468202114 98.602187640964985 35.479215770959854 1773.7618271186948 35.836923338472843 23.209853023290634
leaf_count=80925 3262 300 120007 6532 204 807 86204 1200 1022 1010 240 23601 862 100
internal_value=0.0053755 -0.00581804 0.0010753 0.0170429 -0.0182212 -0.0199363 0.0234195 -0.0198884 -0.00635592 0.0204222 0.0221755 0.0232088 0.0246334 0.0243056
internal_weight=9921.63 6123.55 4115.26 2252.77 1862.49 2008.3 3798.08 1810.96 283.025 1969.74 1871.14 1835.66 3663.68 1796.97
internal_count=326276 235948 154216 32805 121411 81732 90328 121207 7554 25251 24241 24001 87066 23701
is_linear=0
shrinkage=0.025


Tree=137
num_leaves=15
num_cat=0
split_feature=37 3 4 38 39 177 3 35 0 31 31 32 33 24
split_gain=3122.57 927.304 2017.31 559.285 289.017 267.726 239.074 166.492 153.866 145.75 586.245 278.528 127.3 128.975
threshold=29.500000000000004 -5.4999999999999991 1.0000000180025095e-35 26.500000000000004 123.50000000000001 1.0000000180025095e-35 -3.4999999999999996 192.50000000000003 1.0000000180025095e-35 17.500000000000004 16.500000000000004 1.5000000000000002 1.5000000000000002 199.50000000000003
decision_type=2 2 2 2 2 2 2 2 2 2 2 2 2 2
left_child=1 5 3 4 -3 9 -2 -6 -8 10 -1 -12 13 -4
right_child=6 2 12 -5 7 -7 8 -9 -10 -11 11 -13 -14 -15
leaf_value=-0.024106726676870877 -0.0091058957094952552 -0.019236395633200412 -0.025874014786773977 -0.024373887973182903 0.015079828012220598 0.020859116976516694 0.025124293034572077 -0.019513713314278293 -0.025563949636713754 -0.024251780199199061 -0.018626292360729942 0.11882025896897877 -0.021256332970072886 0.023755602705525646
leaf_weight=149.75462399236858 133.98574465885758 313.63248988054693 30.570170931518078 1358.3826129185036 562.73262205719948 93.258468640968204 3542.9234294872731 99.508637858554721 35.060680028051138 1684.3340187240392 11.555501004680989 28.650873616337776 39.230631269514561 1635.5172507613897
leaf_count=6369 3262 17229 203 104440 7524 1367 86204 2741 862 73298 598 100 276 21803
internal_value=0.00535154 -0.00578445 0.00106751 -0.0140195 0.000398375 -0.0198451 0.0233699 0.00977965 0.0245996 -0.0219138 -0.000998979 0.0801884 0.0217218 0.0227851
internal_weight=9719.1 6007.13 4039.57 2334.26 975.874 1967.55 3711.97 662.241 3577.98 1874.3 189.961 40.2064 1705.32 1666.09
internal_count=326276 235948 154216 131934 27494 81732 90328 10265 87066 80365 7067 698 22282 22006
is_linear=0
shrinkage=0.025


Tree=138
num_leaves=15
num_cat=0
split_feature=239 3 4 38 5 32 40 40 39 185 31 31 32 3
split_gain=3021.99 952.107 2079.47 404.331 284.623 256.937 193.17 156.066 151.63 150.749 146.983 576.048 213.465 140.827
threshold=1.0000000180025095e-35 -5.4999999999999991 1.0000000180025095e-35 30.500000000000004 1.0000000180025095e-35 1.0000000180025095e-35 12.500000000000002 4.0000000000000009 164.50000000000003 1.0000000180025095e-35 17.500000000000004 16.500000000000004 1.5000000000000002 -4.4999999999999991
decision_type=2 2 2 2 2 2 2 2 2 2 2 2 2 2
left_child=1 4 3 5 10 -3 -7 13 9 -2 11 -1 -13 -4
right_child=8 2 7 -5 -6 6 -8 -9 -10 -11 -12 12 -14 -15
leaf_value=-0.02439598546342937 0.024459314704960183 -0.023603713815854167 -0.0076140791130964091 -0.024576799815557483 0.017642369511785726 0.01217154513359029 -0.023914226739978922 -0.010002536307154461 -0.022119870556216989 -0.020334477595322087 -0.024515743345954265 -0.011865558877794419 0.10888438151686056 0.024661277436026127
leaf_weight=151.41010825801641 3530.9039984289557 254.17278691474348 86.618361093103886 1226.8203365402296 116.69766306877136 533.68411260284483 108.86169875599444 91.87431176751852 42.591628070920706 44.853183832019567 1678.4114992748946 11.317296314053236 30.729111060500145 1613.7322676926851
leaf_count=6724 88782 17118 297 101029 829 5060 5963 584 404 404 75718 602 100 22662
internal_value=0.00532592 -0.00569587 0.00145486 -0.0152657 -0.0197702 -0.00245971 0.00593635 0.0212727 0.0233077 0.0238739 -0.0221404 -0.00134532 0.0772024 0.0229919
internal_weight=9522.68 5904.33 3915.76 2123.54 1988.57 896.719 642.546 1792.22 3618.35 3575.76 1871.87 193.457 42.0464 1700.35
internal_count=326276 236686 152713 129170 83973 28141 11023 23543 89590 89186 83144 7426 702 22959
is_linear=0
shrinkage=0.025


Tree=139
num_leaves=15
num_cat=0
split_feature=37 3 4 39 177 3 35 32 0 31 31 32 3 32
split_gain=2962.51 873.116 1899.36 445.545 257.152 229.976 229.062 221.736 153.232 142.178 505.867 213.837 126.232 201.218
threshold=29.500000000000004 -5.4999999999999991 1.0000000180025095e-35 123.50000000000001 1.0000000180025095e-35 -3.4999999999999996 191.50000000000003 1.5000000000000002 1.0000000180025095e-35 17.500000000000004 16.500000000000004 1.5000000000000002 -4.4999999999999991 1.5000000000000002
decision_type=2 2 2 2 2 2 2 2 2 2 2 2 2 2
left_child=1 4 3 -3 9 -2 7 -5 -7 10 -1 -12 13 -4
right_child=5 2 12 6 -6 8 -8 -9 -10 -11 11 -13 -14 -15
leaf_value=-0.023999617501893989 -0.0088906437475900543 -0.023421700269065857 0.032757464391787672 0.013551976965457336 0.020696822106258669 0.025073469233008145 -0.021555373724430432 -0.01995960815599411 -0.025549581362398086 -0.024151380540131398 -0.018458303696236567 0.10065020716130646 0.023138007113603119 -0.041140846095920475
leaf_weight=143.1471904842183 131.20316966436803 1291.7830460732803 39.252750046551228 560.70571455452591 90.925095336511731 3381.6049214936793 247.16125370562077 154.70481012202799 35.018442386761308 1609.9091930650175 11.234297192655502 32.631648302078247 1552.0561427008361 47.435509398579597
leaf_count=6369 3262 99246 99 9387 1367 86204 13651 9650 862 73298 598 100 21985 198
internal_value=0.0053011 -0.00573235 0.00103008 -0.0138444 -0.0196705 0.0232761 -0.000932835 0.00621734 0.0245253 -0.0217581 -0.000967748 0.0703836 0.0214954 -0.00742423
internal_weight=9328.77 5780.95 3893.1 2254.35 1887.85 3547.83 962.572 715.411 3416.62 1796.92 187.013 43.8659 1638.74 86.6883
internal_count=326276 235948 154216 131934 81732 90328 32688 19037 87066 80365 7067 698 22282 297
is_linear=0
shrinkage=0.025


Tree=140
num_leaves=15
num_cat=0
split_feature=3 3 40 0 225 40 31 10 177 24 38 28 38 31
split_gain=2425.64 3153.64 440.426 280.667 264.541 251.794 174.684 167.581 167.109 165.337 133.882 235.179 124.675 121.691
threshold=-4.4999999999999991 -1.0000000180025095e-35 4.0000000000000009 1.0000000180025095e-35 3.5000000000000004 8.5000000000000018 26.500000000000004 -3.4999999999999996 3.5000000000000004 195.50000000000003 4.5000000000000009 1.0000000180025095e-35 44.500000000000007 17.500000000000004
decision_type=2 2 2 2 2 2 2 2 2 2 2 2 2 2
left_child=4 2 3 7 13 8 -4 -2 10 -9 11 -3 -11 -1
right_child=1 5 6 -5 -6 -7 -8 9 -10 12 -12 -13 -14 -15
leaf_value=-0.0018130334125622688 -0.024821667159211188 -0.024267578158241168 -0.025437158119202653 -0.025432368171318571 0.027926925096321265 0.03645831901577988 0.010089541367392811 -0.025179821510635865 0.024440321519003223 0.02538857451577034 -0.022547649632052295 0.025666616333353626 -0.024618083772295126 -0.022906023728256463
leaf_weight=193.09150347299874 40.380998611450195 129.39606196153909 151.8786886734888 69.341440360993147 69.270277237519622 51.053747411817312 192.1754464302212 38.500902786850929 52.361445774324238 4843.1320528015494 1447.3642786927521 103.14920467883348 28.618007995188236 1733.7196603482589
leaf_count=7433 300 9159 4699 1102 717 204 4082 300 1136 109301 111019 398 300 76126
internal_value=0.00527423 0.0120811 0.0216556 0.0235312 -0.019068 -0.0166918 -0.00560559 0.024237 -0.018333 0.0246605 -0.0197222 -0.00196752 0.0250747 -0.0208113
internal_weight=9143.43 7147.35 5364.03 5019.97 1996.08 1783.32 344.054 4950.63 1732.27 4910.25 1679.91 232.545 4871.75 1926.81
internal_count=326276 242000 120084 111303 84276 121916 8781 110201 121712 109901 120576 9557 109601 83559
is_linear=0
shrinkage=0.025


Tree=141
num_leaves=15
num_cat=0
split_feature=37 3 3 40 40 5 3 234 32 0 31 31 32 0
split_gain=2812.85 821.276 1748.85 260.446 254.856 250.884 221.967 182.148 164.75 154.118 147.318 497.86 164.746 146.14
threshold=29.500000000000004 -5.4999999999999991 -1.0000000180025095e-35 4.0000000000000009 8.5000000000000018 1.0000000180025095e-35 -3.4999999999999996 1.0000000180025095e-35 2.5000000000000004 1.0000000180025095e-35 17.500000000000004 16.500000000000004 1.5000000000000002 1.0000000180025095e-35
decision_type=2 2 2 2 2 2 2 2 2 2 2 2 2 2
left_child=1 5 3 8 7 10 -2 -4 9 -3 11 -1 -13 -8
right_child=6 2 4 -5 -6 -7 13 -9 -10 -11 -12 12 -14 -15
leaf_value=-0.024259859851615825 -0.0086826008455508068 0.022828834804749371 -0.021292988068633778 -0.0063137224451867884 0.035650594675390362 0.016984314940286079 0.025024644621939696 0.020217732333885973 -0.011395146360449747 -0.028148274214218439 -0.024355397583565305 -0.011541952022045417 0.093837344211763443 -0.025430117163607546
leaf_weight=138.96592127159238 128.7042056620121 1660.3074121214449 1572.6099588330835 269.94810731895268 50.974127564579248 108.08655290305614 3226.1116364449263 66.065812015905976 96.636033834889531 35.043456733226776 1523.8753129765391 10.993034844286738 34.336835578083992 33.512450871989131
leaf_count=6421 3262 24001 120007 7554 204 807 86204 1200 1010 240 73802 602 100 862
internal_value=0.00525108 -0.00567508 0.00100223 0.0164493 -0.0178294 -0.0194601 0.0232019 -0.0195703 0.0198972 0.0217125 -0.0218065 -0.000544544 0.0686342 0.0244753
internal_weight=8956.17 5567.84 3751.58 2061.94 1689.65 1816.26 3388.33 1638.68 1791.99 1695.35 1708.17 184.296 45.3299 3259.62
internal_count=326276 235948 154216 32805 121411 81732 90328 121207 25251 24241 80925 7123 702 87066
is_linear=0
shrinkage=0.025


Tree=142
num_leaves=15
num_cat=0
split_feature=37 3 4 38 5 3 252 0 40 226 24 3 36 40
split_gain=2736.98 798.706 1738.5 516.401 244.142 218.21 203.717 142.603 139.843 127.115 123.242 128.794 191.345 112.336
threshold=29.500000000000004 -5.4999999999999991 1.0000000180025095e-35 26.500000000000004 1.0000000180025095e-35 -3.4999999999999996 1.0000000180025095e-35 1.0000000180025095e-35 23.500000000000004 2.5000000000000004 198.50000000000003 -4.4999999999999991 125.50000000000001 5.5000000000000009
decision_type=2 2 2 2 2 2 2 2 2 2 2 2 2 2
left_child=1 4 3 6 9 -2 -3 -7 -8 -1 -4 12 -12 -13
right_child=5 2 10 -5 -6 7 8 -9 -10 -11 11 13 -14 -15
leaf_value=-0.022271645866666079 -0.0084935249768398943 -0.022755002867953275 -0.026051287243273297 -0.024223965958192383 0.016782008979402765 0.024990441140773548 0.010224601337020123 -0.025353690291730131 -0.024229422854840817 0.063023735065629097 -0.040012301961177957 0.025480482311875181 0.032392224673206675 -0.0087682322978382393
leaf_weight=1663.4270372642204 128.35138317383826 184.47603837959468 30.923217982053757 1219.5891121234745 106.70841635391116 3150.7152791786939 660.80906528793275 32.791252486407757 79.602992304600775 8.0379616282880288 47.132209181785583 1368.9002274069935 38.729585610330105 60.07845613732934
leaf_count=80821 3262 12416 203 104440 807 86204 10230 862 4848 104 198 21408 99 374
internal_value=0.00522377 -0.00563526 0.000993557 -0.0135607 -0.0193846 0.0231502 0.000506249 0.0244407 0.00640393 -0.0217344 0.0211883 0.0222187 -0.00708056 0.0240078
internal_weight=8780.27 5468.41 3690.24 2144.48 1778.17 3311.86 924.888 3183.51 740.412 1671.46 1545.76 1514.84 85.8618 1428.98
internal_count=326276 235948 154216 131934 81732 90328 27494 87066 15078 80925 22282 22079 297 21782
is_linear=0
shrinkage=0.025


Tree=143
num_leaves=15
num_cat=0
split_feature=37 38 177 8 32 194 39 0 23 23 38 39 39 38
split_gain=2663.43 695.7 234.172 189.566 171.722 179.16 176.072 136.814 120.826 115.14 108.624 105.088 104.798 102.085
threshold=28.500000000000004 21.500000000000004 1.0000000180025095e-35 1.0000000180025095e-35 1.0000000180025095e-35 1.0000000180025095e-35 158.50000000000003 1.0000000180025095e-35 8.5000000000000018 8.5000000000000018 19.500000000000004 141.50000000000003 124.50000000000001 5.5000000000000009
decision_type=2 2 2 2 2 2 2 2 2 2 2 2 2 2
left_child=1 4 9 7 -1 6 8 -2 12 -3 -7 -11 -6 -10
right_child=3 2 -4 -5 5 10 -8 -9 13 11 -12 -13 -14 -15
leaf_value=-0.019973703152061498 0.025241595467611979 -0.024053866074221202 0.023027064910647647 0.0025286966418899526 -0.005561939478992993 -0.021334619517718201 -0.0057018874889524047 -0.025481443619405582 -0.0049614814653425451 -0.0003495222609804373 0.01954320277714993 -0.023458243074170219 0.027634611813030299 0.0088090617956471801
leaf_weight=227.23819310870022 2984.3764678593725 1261.049828982912 79.848083612509072 265.75465763639659 71.640061661601067 272.53352592885494 794.24709470383823 30.845140926539898 446.76974210608751 304.58274910785258 44.605111350305378 205.99463714379817 294.90339566767216 1317.7197813363746
leaf_count=14847 85401 107021 1628 5488 1415 16834 26866 854 12930 10711 613 9035 3537 29096
internal_value=0.0051996 -0.00572022 -0.018082 0.0229062 0.000879013 0.00236525 0.00431115 0.0246896 0.00805755 -0.0199847 -0.0153779 -0.00980408 0.0210863 0.0053057
internal_weight=8602.11 5321.13 1851.48 3280.98 3469.66 3242.42 2925.28 3015.22 2131.03 1771.63 317.139 510.577 366.543 1764.49
internal_count=326276 234533 128395 91743 106138 91291 73844 86255 46978 126767 17447 19746 4952 42026
is_linear=0
shrinkage=0.025


Tree=144
num_leaves=15
num_cat=0
split_feature=37 3 4 38 39 5 3 31 31 35 32 0 24 3
split_gain=2590.47 780.785 1661.49 497.407 238.406 237.735 214.853 148.774 471.387 146.987 145.367 135.999 119.42 126.901
threshold=29.500000000000004 -5.4999999999999991 1.0000000180025095e-35 26.500000000000004 123.50000000000001 1.0000000180025095e-35 -3.4999999999999996 17.500000000000004 16.500000000000004 192.50000000000003 1.5000000000000002 1.0000000180025095e-35 198.50000000000003 -4.4999999999999991
decision_type=2 2 2 2 2 2 2 2 2 2 2 2 2 2
left_child=1 5 3 4 -3 7 -2 8 -1 -6 -10 -8 -4 -14
right_child=6 2 12 -5 9 -7 11 -9 10 -11 -12 -13 13 -15
leaf_value=-0.024167407849918301 -0.0083631921206005801 -0.018504094149802142 -0.025794522615696182 -0.02415125853410529 0.014221448478714281 0.016613204343308395 0.024927119777832619 -0.024268522307803735 -0.011096727177602659 -0.019201862934210723 0.088726226944398995 -0.025218137443873408 -0.0071023650651244122 0.023946032909746853
leaf_weight=132.57281867414713 128.11193084530532 280.5912041887641 30.346997320652008 1164.7269832128659 532.31015271227807 105.48904120177031 3006.2302232515067 1451.6248956099153 10.566480911336837 93.903869113884866 35.694585859775543 31.415993446484208 84.854615464806557 1392.2546510137618
leaf_count=6421 3262 17229 203 104440 7524 807 86204 73802 602 2741 100 862 297 21782
internal_value=0.00514318 -0.00551696 0.00115275 -0.0133633 0.000499615 -0.0192605 0.0230365 -0.021623 0 0.00910207 0.0661309 0.0243759 0.021104 0.0221347
internal_weight=8480.69 5314.94 3578.99 2071.53 906.805 1735.95 3165.76 1630.46 178.834 626.214 46.2611 3037.65 1507.46 1477.11
internal_count=326276 235948 154216 131934 27494 81732 90328 80925 7123 10265 702 87066 22282 22079
is_linear=0
shrinkage=0.025


Tree=145
num_leaves=15
num_cat=0
split_feature=37 3 4 38 177 39 3 35 31 31 37 0 24 3
split_gain=2520.62 758.792 1610.74 488.197 234.97 229.17 211.258 140.786 138.798 421.356 154.393 132.716 116.143 124.754
threshold=29.500000000000004 -5.4999999999999991 1.0000000180025095e-35 26.500000000000004 1.0000000180025095e-35 123.50000000000001 -3.4999999999999996 192.50000000000003 17.500000000000004 16.500000000000004 20.500000000000004 1.0000000180025095e-35 198.50000000000003 -4.4999999999999991
decision_type=2 2 2 2 2 2 2 2 2 2 2 2 2 2
left_child=1 4 3 5 8 -3 -2 -7 9 -1 -11 -8 -4 -14
right_child=6 2 12 -5 -6 7 11 -9 -10 10 -12 -13 13 -15
leaf_value=-0.023798369301886221 -0.0081798578085475453 -0.018300926647405076 -0.025577510308337062 -0.024112365445242725 0.020544536404205112 0.013911434883234396 0.024891671546101894 -0.018988225064916438 -0.023911679690842447 -0.018077298824163514 0.083498975825460037 -0.025138385423303135 -0.0069265122264419044 0.023868690951735508
leaf_weight=130.37377083208412 127.7802002504468 276.69623906258494 29.870824605226517 1137.7839908208698 85.391446941532195 530.65631198044866 2936.1338010039181 92.636200751177967 1436.2678171955049 10.478722267784176 37.149297624826431 30.745721332728863 84.909167356789112 1362.2342936266214
leaf_count=6369 3262 17229 203 104440 1367 7524 86204 2741 73298 598 100 862 297 21782
internal_value=0.00511858 -0.00548557 0.00114247 -0.0132512 -0.0191845 0.000486455 0.0229825 0.00891431 -0.0213357 -0.000360836 0.0609103 0.0243399 0.0210043 0.022034
internal_weight=8309.11 5214.45 3514.79 2037.77 1699.66 899.989 3094.66 623.293 1614.27 178.002 47.628 2966.88 1477.01 1447.14
internal_count=326276 235948 154216 131934 81732 27494 90328 10265 80365 7067 698 87066 22282 22079
is_linear=0
shrinkage=0.025


Tree=146
num_leaves=15
num_cat=0
split_feature=37 38 20 225 35 194 39 0 12 31 31 20 39 38
split_gain=2452.79 648.183 223.513 206.817 162.003 161.783 163.195 131.16 127.207 108.503 198.749 119.649 106.023 102.948
threshold=28.500000000000004 21.500000000000004 20.500000000000004 1.5000000000000002 129.50000000000003 1.0000000180025095e-35 158.50000000000003 1.0000000180025095e-35 4.0783731937408456 17.500000000000004 16.500000000000004 1.0000000180025095e-35 141.50000000000003 19.500000000000004
decision_type=2 2 2 2 2 2 2 2 2 2 2 2 2 2
left_child=1 4 7 8 -1 6 9 -2 -3 10 -6 -11 -10 -7
right_child=2 3 -4 -5 5 13 -8 -9 12 11 -12 -13 -14 -15
leaf_value=-0.023321080087121977 0.02512148823201861 -0.023561186694293319 -0.0020114127480729926 0.027215445702897439 0.011841724741585402 -0.021151385315397647 -0.0057654449858156945 -0.025438797908257451 0.0022430644667534977 0.019322494203649652 0.067442479164153843 0.0024516329245559449 -0.02295166768971519 0.019181873262330805
leaf_weight=161.12838307209313 2827.6267347596586 1254.4411569321528 210.20871097873896 58.330606257542968 217.9004628136754 259.02180818654597 776.37737960740924 29.667211599647999 261.97807465866208 316.7455418119207 47.384323004633188 1510.9544353429228 168.36440716590732 43.523957767523825
leaf_count=11615 86135 111860 4746 1115 5050 16834 27674 862 8411 5295 303 38754 7009 613
internal_value=0.00509243 -0.00556951 0.0227323 -0.0179091 0.000886685 0.00214515 0.00398988 0.0245617 -0.0195319 0.00762354 0.0225092 0.00541593 -0.00764692 -0.0151359
internal_weight=8143.65 5076.15 3067.5 1743.11 3333.04 3171.91 2869.36 2857.29 1684.78 2092.98 265.285 1827.7 430.342 302.546
internal_count=326276 234533 91743 128395 106138 94523 77076 86997 127280 49402 5353 44049 15420 17447
is_linear=0
shrinkage=0.025


Tree=147
num_leaves=15
num_cat=0
split_feature=37 3 3 40 5 40 20 234 38 35 31 31 31 35
split_gain=2385.52 745.212 1499.06 234.096 230.164 228.513 212.041 158.836 160.908 235.92 140.516 399.711 129.087 127.553
threshold=29.500000000000004 -5.4999999999999991 -1.0000000180025095e-35 4.0000000000000009 1.0000000180025095e-35 8.5000000000000018 20.500000000000004 1.0000000180025095e-35 4.5000000000000009 142.50000000000003 17.500000000000004 16.500000000000004 26.500000000000004 207.50000000000003
decision_type=2 2 2 2 2 2 2 2 2 2 2 2 2 2
left_child=1 4 3 13 10 7 -2 8 9 -4 11 -1 -5 -3
right_child=6 2 5 12 -6 -7 -8 -9 -10 -11 -12 -13 -14 -15
leaf_value=-0.024078201412616278 0.024644835270124427 0.020422678872915188 -0.024227742377597741 -0.026298636096595281 0.016461307296451174 0.033674432174568829 -0.0021830880208372878 0.019757393406093667 -0.024490445964514128 0.028104497062368328 -0.02417569653331542 0.057488372786479461 0.0090736165241075591 -0.028632027417114493
leaf_weight=126.75131115224212 2763.4111141785979 1624.2705363575369 117.23777809180319 109.72941876761615 103.78841663524508 50.009470507502556 194.93708527088165 59.839337136596441 1181.8506930759177 94.455211579799652 1380.4611246408895 49.835300302132964 146.82007521763444 30.887340439483523
leaf_count=6421 86044 25049 9100 4085 807 204 4284 1200 110507 400 73802 702 3469 202
internal_value=0.00503445 -0.00536182 0.00131437 0.0159987 -0.0190824 -0.0173362 0.0228682 -0.0191743 -0.0209028 -0.00069476 -0.0214948 -0.000343916 -0.00608832 0.019442
internal_weight=8034.28 5075.94 3415.1 1911.71 1660.84 1503.39 2958.35 1453.38 1393.54 211.693 1557.05 176.587 256.549 1655.16
internal_count=326276 235948 154216 32805 81732 121411 90328 121207 120007 9500 80925 7123 7554 25251
is_linear=0
shrinkage=0.025


Tree=148
num_leaves=15
num_cat=0
split_feature=239 3 4 38 5 39 10 39 40 31 31 3 36 38
split_gain=2301.57 772.073 1597.73 349.223 245.044 194.992 168.395 150.209 146.88 134.683 381.728 127.578 181.38 122.856
threshold=1.0000000180025095e-35 -5.4999999999999991 1.0000000180025095e-35 30.500000000000004 1.0000000180025095e-35 114.50000000000001 -3.4999999999999996 164.50000000000003 4.0000000000000009 17.500000000000004 16.500000000000004 -4.4999999999999991 125.50000000000001 19.500000000000004
decision_type=2 2 2 2 2 2 2 2 2 2 2 2 2 2
left_child=1 4 3 5 9 -3 -2 -8 11 10 -1 12 -4 -10
right_child=6 2 8 -5 -6 -7 7 -9 13 -11 -12 -13 -14 -15
leaf_value=-0.024088719608926015 -0.025393331167305584 -0.021082638821050603 -0.039233851208734509 -0.024335388359851849 0.016817041078986412 0.0059001257872083263 0.024220840826608667 -0.021979817024692455 0.023323973994842775 -0.024182144594327479 0.05465604843361678 0.024246257017810469 0.031854090684583412 -0.034261480199802762
leaf_weight=129.26158645376563 41.880304163321853 234.20049994066358 46.441958911716938 979.70701905991882 108.46857710182667 564.307218529284 2802.8961275666952 41.915935821831226 36.6922337859869 1393.4230231884867 51.24428216740489 1356.5087114907801 37.928976848721504 52.235279530286789
leaf_count=6724 303 16614 198 101029 829 11527 88883 404 349 75718 702 22662 99 235
internal_value=0.0050077 -0.00526654 0.00174179 -0.0143544 -0.0190401 -0.00203196 0.0227651 0.0235089 0.0204594 -0.0215544 -0.00106936 0.022389 -0.00699367 -0.0102435
internal_weight=7877.11 4990.42 3308.02 1778.21 1682.4 798.508 2886.69 2844.81 1529.81 1573.93 180.506 1440.88 84.3709 88.9275
internal_count=326276 236686 152713 129170 83973 28141 89590 89287 23543 83144 7426 22959 297 584
is_linear=0
shrinkage=0.025


Tree=149
num_leaves=15
num_cat=0
split_feature=37 38 44 20 32 194 39 0 12 24 23 31 31 38
split_gain=2260.9 613.927 206.993 205.895 155.293 156.551 142.58 123.824 116.628 122.241 115.608 123.932 158.602 98.7352
threshold=29.500000000000004 21.500000000000004 4.5000000000000009 20.500000000000004 1.0000000180025095e-35 1.0000000180025095e-35 158.50000000000003 1.0000000180025095e-35 4.0783731937408456 374.50000000000006 8.5000000000000018 17.500000000000004 16.500000000000004 19.500000000000004
decision_type=2 2 2 2 2 2 2 2 2 2 2 2 2 2
left_child=1 4 8 7 -1 6 10 -2 -3 -10 -6 12 -12 -7
right_child=3 2 -4 -5 5 13 -8 -9 9 -11 11 -13 -14 -15
leaf_value=-0.019727660008561455 0.025146223199930252 -0.023750334269411529 0.020266616729405593 -0.0021193129604888433 0.020765496910712014 -0.020945774775886643 -0.0050024010547618609 -0.024230520465946998 -0.020973134141222798 0.0062098531332418364 0.010123113923689135 0.0022786524675533306 0.060429803859897969 0.018972714957716075
leaf_weight=207.5301567511633 2611.0428998563439 1165.3765817321837 82.337827928364277 191.72521214000881 352.67760629020631 247.95022310316563 739.82111946959049 29.376756120473146 213.62841743417084 193.78175925370306 165.5080677876249 1427.6828386718407 49.796846533194184 42.720970276743174
leaf_count=14847 85193 111705 1977 4284 5255 16936 26967 851 10292 5128 4040 37885 303 613
internal_value=0.00498178 -0.00531134 -0.0176803 0.0227453 0.00102238 0.00247177 0.00433681 0.0245605 -0.0197176 -0.00803194 0.0078138 0.00498567 0.0225434 -0.0148598
internal_weight=7720.96 4888.81 1655.12 2832.14 3233.69 3026.16 2735.49 2640.42 1572.79 407.41 1995.67 1642.99 215.305 290.671
internal_count=326276 235948 129102 90328 106846 91999 74450 86044 127125 15420 47483 42228 4343 17549
is_linear=0
shrinkage=0.025


Tree=150
num_leaves=15
num_cat=0
split_feature=37 3 4 38 5 20 39 31 31 35 0 226 24 3
split_gain=2198.59 709.707 1436.74 441.023 218.269 204.364 199.858 133.783 340.451 126.135 120.906 117.864 117.312 120.828
threshold=29.500000000000004 -5.4999999999999991 1.0000000180025095e-35 26.500000000000004 1.0000000180025095e-35 20.500000000000004 123.50000000000001 17.500000000000004 16.500000000000004 192.50000000000003 1.0000000180025095e-35 1.5000000000000002 198.50000000000003 -4.4999999999999991
decision_type=2 2 2 2 2 2 2 2 2 2 2 2 2 2
left_child=1 4 3 6 7 10 -3 8 -1 -8 -2 -9 -4 -14
right_child=5 2 12 -5 -6 -7 9 11 -10 -11 -12 -13 13 -15
leaf_value=-0.023971737219286183 0.025121335232201121 -0.018006362192382563 -0.025766472839406435 -0.023937558397975078 0.016076686900458652 -0.0020670087454317089 0.013101728757136534 -0.02477726623787253 0.050169086703353349 -0.018645192958013708 -0.024148075752242846 0.052541155921623672 -0.0069016751539707072 0.023708660273519387
leaf_weight=120.34052420314401 2549.0704241413623 255.02208087034523 30.311223708093166 1016.7816101647913 101.29824326746166 191.73803524952382 511.03578995727003 1302.0500525804237 53.403345994651318 88.970035331323743 28.75815505720675 9.5308865653350932 83.425450161099434 1275.3454699851573
leaf_count=6421 85193 17229 203 104440 807 4284 7524 73598 702 2741 851 204 297 21782
internal_value=0.00492521 -0.00522347 0.00144487 -0.0128345 -0.0189211 0.0226837 0.000377516 -0.0213523 -0.000577006 0.00828343 0.0245346 -0.0240778 0.0206906 0.0217998
internal_weight=7617.08 4847.51 3260.89 1871.81 1586.62 2769.57 855.028 1485.32 173.744 600.006 2577.83 1311.58 1389.08 1358.77
internal_count=326276 235948 154216 131934 81732 90328 27494 80925 7123 10265 86044 73802 22282 22079
is_linear=0
shrinkage=0.025


Tree=151
num_leaves=15
num_cat=0
split_feature=37 3 4 38 177 3 39 0 31 6 35 33 24 0
split_gain=2138.56 673.717 1400.37 419.046 219.509 216.207 196.837 134.531 124.338 306.389 120.454 116.127 120.222 108.189
threshold=28.500000000000004 -5.4999999999999991 1.0000000180025095e-35 26.500000000000004 1.0000000180025095e-35 -3.4999999999999996 123.50000000000001 1.0000000180025095e-35 17.500000000000004 146.50000000000003 192.50000000000003 1.5000000000000002 199.50000000000003 1.0000000180025095e-35
decision_type=2 2 2 2 2 2 2 2 2 2 2 2 2 2
left_child=1 4 3 6 8 -2 -3 -7 9 -1 13 12 -4 -8
right_child=5 2 11 -5 -6 7 10 -9 -10 -11 -12 -13 -14 -15
leaf_value=-0.02044694987129346 -0.0077728245895026006 -0.01854418621278137 -0.025549526197422807 -0.023983019850042739 0.020583332170281968 0.024663758653790044 0.015987345940061258 -0.026213532378904104 -0.023717313536434661 0.054198298055994722 -0.018648180252846119 -0.021639648966023821 0.023002227750230506 -0.026944162315134482
leaf_weight=129.57985587511212 138.15609909500927 247.20268493611366 29.835860431194305 987.8899852167815 80.715301848016679 2579.4613905660808 465.10976291634142 30.106850385665894 1291.3587052356452 43.378002897836268 87.320187645964324 36.712341837584972 1282.3661119453609 36.709056811407208
leaf_count=6839 3768 17129 203 103940 1359 87104 7070 871 72901 228 2739 276 21597 252
internal_value=0.00490013 -0.00530685 0.00128087 -0.012984 -0.018829 0.0224225 1.76247e-05 0.0240378 -0.0210561 -0.000978898 0.00790287 0.0205767 0.0218235 0.0126558
internal_weight=7465.9 4718.18 3173.15 1824.23 1545.03 2747.72 836.342 2609.57 1464.32 172.958 589.139 1348.91 1312.2 501.819
internal_count=326276 234533 153206 131130 81327 91743 27190 87975 79968 7067 10061 22076 21800 7322
is_linear=0
shrinkage=0.025


Tree=152
num_leaves=15
num_cat=0
split_feature=37 39 20 234 10 32 24 0 30 33 39 40 40 0
split_gain=2080.47 530.854 203.498 177.106 144.839 149.008 124.565 115.145 103.943 99.3124 86.5323 85.6675 85.4349 73.4871
threshold=29.500000000000004 128.50000000000003 17.500000000000004 1.0000000180025095e-35 -4.4999999999999991 3.5000000000000004 198.50000000000003 1.0000000180025095e-35 7.5000000000000009 1.0000000180025095e-35 174.50000000000003 5.5000000000000009 14.500000000000002 1.0000000180025095e-35
decision_type=2 2 2 2 2 2 2 2 2 2 2 2 2 2
left_child=1 3 7 -1 -3 6 -6 -2 10 -4 12 -10 13 -8
right_child=2 4 9 -5 5 -7 8 -9 11 -11 -12 -13 -14 -15
leaf_value=-0.021240277722212861 0.025086892056793292 -0.021345517945775255 -0.01624421251731805 0.02612715540927877 -0.018935734441539624 -0.026087560818386441 0.009651348821978066 -0.023973674151718125 -0.001463034590859456 0.020067913206736027 -0.023678482105617248 -0.040459531099550729 -0.018339057844645304 -0.026188526537205371
leaf_weight=1175.4098337339237 2428.9115391690284 187.08275530580431 118.26082580350339 48.563617655076087 162.48768898844719 118.1649743039161 1731.767566408962 27.516074737533927 1056.2239912506193 73.756290568038821 52.986483778804541 33.532888100482523 71.619481227360666 33.341053999960423
leaf_count=112401 85155 12956 3228 1123 8694 7677 47215 851 37774 1094 2020 715 4901 472
internal_value=0.00487295 -0.00515925 0.0225624 -0.0192812 -0.000125421 0.00110314 0.00215761 0.0244986 0.00333422 -0.00207391 0.00688007 -0.00279365 0.00781239 0.00891695
internal_weight=7319.63 4671.18 2648.44 1223.97 3447.21 3260.12 3141.96 2456.43 2979.47 192.017 1889.71 1089.76 1836.73 1765.11
internal_count=326276 235948 90328 113524 122424 109468 101791 86006 93097 4322 54608 38489 52588 47687
is_linear=0
shrinkage=0.025


Tree=153
num_leaves=15
num_cat=0
split_feature=37 3 4 38 177 20 32 40 31 31 32 0 33 24
split_gain=2025.02 675.78 1327.21 423.773 214.554 200.377 182.527 126.334 121.618 294.382 115.684 112.445 110.895 114.945
threshold=29.500000000000004 -5.4999999999999991 1.0000000180025095e-35 26.500000000000004 1.0000000180025095e-35 17.500000000000004 1.0000000180025095e-35 20.000000000000004 17.500000000000004 16.500000000000004 1.5000000000000002 1.0000000180025095e-35 1.5000000000000002 199.50000000000003
decision_type=2 2 2 2 2 2 2 2 2 2 2 2 2 2
left_child=1 4 3 6 8 11 -3 -8 9 -1 -11 -2 13 -4
right_child=5 2 12 -5 -6 -7 7 -9 -10 10 -12 -13 -14 -15
leaf_value=-0.023534842729261828 0.025061654940110301 -0.020723500887304361 -0.025177601187862442 -0.023820798291550593 0.020243916497585068 -0.0020361169602015196 0.010924980835342928 -0.023461238700025422 -0.023619060350201185 -0.018928434784602551 0.063409714605912673 -0.023887689038731799 -0.020683888949772897 0.022893719730085284
leaf_weight=116.50849353242666 2371.3001463934779 190.80728865787387 29.021045081317425 953.09141119662672 80.656940991990268 190.16696729511023 571.48846031539142 72.341692831367254 1268.8310986720026 11.812862002290784 43.002631112933159 26.94275963306427 36.832088809460402 1262.5683924797922
leaf_count=6369 85155 15617 203 104440 1367 4322 6927 4950 73298 598 100 851 276 21803
internal_value=0.00481219 -0.00507245 0.00159047 -0.0124573 -0.0187175 0.0225149 0.000528033 0.00693175 -0.0209544 -0.00100952 0.0451718 0.0244722 0.0204995 0.0217384
internal_weight=7225.37 4636.96 3116.15 1787.73 1520.81 2588.41 834.637 643.83 1440.16 171.324 54.8155 2398.24 1328.42 1291.59
internal_count=326276 235948 154216 131934 81732 90328 27494 11877 80365 7067 698 86006 22282 22006
is_linear=0
shrinkage=0.025


Tree=154
num_leaves=15
num_cat=0
split_feature=37 3 4 38 3 5 35 31 31 40 0 226 3 36
split_gain=1970.26 672.772 1290.43 439.972 216.907 212.582 176.157 127.6 296.903 120.723 119.191 111.697 110.323 166.421
threshold=30.500000000000004 -5.4999999999999991 1.0000000180025095e-35 26.500000000000004 -3.4999999999999996 1.0000000180025095e-35 142.50000000000003 17.500000000000004 16.500000000000004 23.500000000000004 1.0000000180025095e-35 1.5000000000000002 -4.4999999999999991 125.50000000000001
decision_type=2 2 2 2 2 2 2 2 2 2 2 2 2 2
left_child=1 5 3 6 -2 7 -3 8 -1 -8 -6 -9 13 -4
right_child=4 2 12 -5 10 -7 9 11 -10 -11 -12 -13 -14 -15
leaf_value=-0.023844472754469034 -0.013216918858976863 -0.019186583625720826 -0.037853674224775244 -0.02382255622350779 0.024845969653095139 0.016051986559727924 0.011116740922163844 -0.024697097365860662 0.045271125817372644 -0.023911923371278586 -0.025299470674545205 0.049047227196372702 0.022342503265810998 0.031008403659403629
leaf_weight=113.12383934948593 98.068079973571002 201.90120495669544 46.016806229948997 941.15573647618294 2356.4108827915043 100.0664232801646 577.41476203966886 1219.441443933174 55.357381181791425 65.569813501089811 27.225690888240933 10.071251871995626 1236.9914359934628 36.559314623475075
leaf_count=6421 2959 14432 198 104540 85504 809 8917 73797 702 4747 855 205 22091 99
internal_value=0.00478445 -0.00489125 0.00174189 -0.0120936 0.0227276 -0.018635 0.000980474 -0.0211647 -0.00059486 0.00741145 0.0242317 -0.0239548 0.0204721 -0.00705565
internal_weight=7085.37 4603.67 3105.61 1786.04 2481.7 1498.06 844.886 1397.99 168.481 642.985 2383.64 1229.51 1319.57 82.5761
internal_count=326276 236958 155024 132636 89318 81934 28096 81125 7123 13664 86359 74002 22388 297
is_linear=0
shrinkage=0.025


Tree=155
num_leaves=15
num_cat=0
split_feature=37 3 3 3 40 177 40 24 234 24 0 32 31 31
split_gain=1917.67 653.573 1246.74 212.31 208.41 206.214 205.187 150.561 132.491 123.866 125.409 131.852 117.772 267.249
threshold=30.500000000000004 -5.4999999999999991 -1.0000000180025095e-35 -3.4999999999999996 4.0000000000000009 1.0000000180025095e-35 8.5000000000000018 399.50000000000006 1.0000000180025095e-35 198.50000000000003 1.0000000180025095e-35 2.5000000000000004 17.500000000000004 16.500000000000004
decision_type=2 2 2 2 2 2 2 2 2 2 2 2 2 2
left_child=1 5 4 -2 9 12 8 -6 -4 -3 11 -11 13 -1
right_child=3 2 6 -5 7 -7 -8 -9 -10 10 -12 -13 -14 -15
leaf_value=-0.02341621454659195 -0.012974269399771541 -0.024563366836350416 -0.020512679596900445 0.024199976534131501 -0.020642347603603412 0.019811942996105992 0.032101968465042409 0.020326898275672776 0.019066370451943034 0.023352547857416646 -0.023724457666475449 -0.0053827010811288087 -0.023514533483729599 0.042016580582303835
leaf_weight=111.45443325769156 97.468393357470632 37.022829892113805 1198.4274162342772 2327.6949298102409 154.94840465206653 79.785382557660341 48.544962827116251 83.635447643697262 52.377172226086259 1336.1112783253193 36.960569839924574 105.24794524535537 1219.5626113312319 56.160456948913634
leaf_count=6369 2959 303 120107 86359 6532 1372 204 1022 1201 24301 254 1100 73495 698
internal_value=0.00475959 -0.00485885 0.00172579 0.0226814 0.0154722 -0.0185564 -0.0168034 -0.00610304 -0.0187937 0.0188909 0.0200436 0.0212302 -0.0208192 -0.0009927
internal_weight=6945.4 4520.24 3053.28 2425.16 1753.93 1466.96 1299.35 238.584 1250.8 1515.34 1478.32 1441.36 1387.18 167.615
internal_count=326276 236958 155024 89318 33512 81934 121512 7554 121308 25958 25655 25401 80562 7067
is_linear=0
shrinkage=0.025


Tree=156
num_leaves=15
num_cat=0
split_feature=37 3 188 38 20 5 32 32 177 31 31 234 226 24
split_gain=1865.09 603.054 1169.3 312.906 205.663 205.342 159.773 147.294 144.91 124.113 269.146 119.059 109.297 107.867
threshold=28.500000000000004 -5.4999999999999991 1.0000000180025095e-35 26.500000000000004 20.500000000000004 1.0000000180025095e-35 1.0000000180025095e-35 4.5000000000000009 4.5000000000000009 17.500000000000004 16.500000000000004 1.0000000180025095e-35 1.5000000000000002 198.50000000000003
decision_type=2 2 2 2 2 2 2 2 2 2 2 2 2 2
left_child=1 5 3 6 11 9 -3 13 -5 10 -1 -2 -11 -4
right_child=4 2 7 8 -6 -7 -8 -9 -10 12 -12 -13 -14 -15
leaf_value=-0.023746309745431408 0.02491303762059412 -0.020169448442798443 -0.02512128571966887 -0.023904779765515798 -0.0022168801566263439 0.01603573675249912 0.0066083670146121973 -0.037571626212443678 0.025774130114517613 -0.024667453331573028 0.041906532707154408 -0.025243677372725443 0.047767051313245962 0.021911819290052419
leaf_weight=108.1730908183381 2233.5296450033784 182.96964507270604 28.381676465272903 898.07213060557842 197.03541304264218 97.700294034555554 551.36739278491586 24.712449125945568 35.406587804667652 1150.9158869488165 57.120682243257761 27.200852993875742 10.268665190786121 1210.713191524148
leaf_count=6421 86135 15655 202 104019 4746 803 11269 101 948 73199 702 862 202 21012
internal_value=0.00473178 -0.00508934 0.00138949 -0.0123368 0.0221325 -0.0184182 -8.46858e-05 0.0195098 -0.0219172 -0.0210051 -0.000567468 0.0242659 -0.023884 0.0207563
internal_weight=6813.57 4355.8 2931.62 1667.82 2457.77 1424.18 734.337 1263.81 933.479 1326.48 165.294 2260.73 1161.18 1239.09
internal_count=326276 234533 153206 131891 91743 81327 26924 21315 104967 80524 7123 86997 73401 21214
is_linear=0
shrinkage=0.025


Tree=157
num_leaves=15
num_cat=0
split_feature=239 3 4 38 5 32 11 39 3 38 31 31 226 39
split_gain=1804.51 641.863 1259.74 306.101 218.427 178.789 171.001 145.666 126.525 132.905 118.708 261.165 102.775 100.456
threshold=1.0000000180025095e-35 -5.4999999999999991 1.0000000180025095e-35 30.500000000000004 1.0000000180025095e-35 1.0000000180025095e-35 5.5000000000000009 164.50000000000003 -3.4999999999999996 17.500000000000004 17.500000000000004 16.500000000000004 1.5000000000000002 177.50000000000003
decision_type=2 2 2 2 2 2 2 2 2 2 2 2 2 2
left_child=1 4 3 5 10 -3 7 -2 9 13 11 -1 -12 -4
right_child=6 2 8 -5 -6 -7 -8 -9 -10 -11 12 -13 -14 -15
leaf_value=-0.023772063017665351 0.02402741475966973 -0.022844273367316446 0.023272671870569153 -0.024093889018206319 0.016233834248724967 0.0054633428758228408 -0.025693665276254486 -0.021852198968743908 0.024277229256640259 -0.014647087745120316 -0.024640827364667241 0.040348231276158414 0.043812421700978293 -0.030027399472447876
leaf_weight=110.76054329425097 2280.5808958187699 183.77405331842601 204.17782495543361 803.08975509181619 102.74195292964578 545.86010133288801 42.795988159254193 41.309203218668699 987.93483986519277 118.04497643560171 1172.9758596708998 57.948672905564308 10.982273351401089 21.762204021215439
leaf_count=6724 88883 17118 2624 101029 829 11023 303 404 19697 1123 75510 702 208 99
internal_value=0.00470308 -0.00490294 0.0019606 -0.0134724 -0.0184057 -0.00169676 0.0222469 0.0231733 0.0197294 0.00649907 -0.0210852 -0.00128212 -0.0238757 0.0177035
internal_weight=6684.74 4320.05 2864.64 1532.72 1455.41 729.634 2364.69 2321.89 1331.92 343.985 1352.67 168.709 1183.96 225.94
internal_count=326276 236686 152713 129170 83973 28141 89590 89287 23543 3846 83144 7426 75718 2723
is_linear=0
shrinkage=0.025


Tree=158
num_leaves=15
num_cat=0
split_feature=37 3 4 3 40 20 5 39 35 31 31 234 3 32
split_gain=1768.22 597.558 1144.43 330.272 256.836 204.955 194.206 131.159 123.098 120.592 244.37 110.998 107.683 152.348
threshold=30.500000000000004 -5.4999999999999991 1.0000000180025095e-35 1.0000000180025095e-35 8.5000000000000018 17.500000000000004 1.0000000180025095e-35 111.50000000000001 174.50000000000003 17.500000000000004 16.500000000000004 1.0000000180025095e-35 -4.4999999999999991 1.5000000000000002
decision_type=2 2 2 2 2 2 2 2 2 2 2 2 2 2
left_child=1 6 3 7 -5 11 9 -3 -9 10 -1 -2 13 -4
right_child=5 2 12 4 -6 -7 -8 8 -10 -11 -12 -13 -14 -15
leaf_value=-0.023643406650858581 0.025266707037802 -0.019407917279175402 0.03005804867985036 -0.024213373903021716 0.035760177151498915 -0.0040857983644401958 0.015468390463264451 0.014375473958883675 -0.010364753313238821 -0.023773843596246649 0.038883112238786974 -0.024310808028457316 0.021998638811455667 -0.036776960633069969
leaf_weight=103.34401147440076 2078.218952412717 151.64597070124 34.853414922952652 913.04403838329017 44.005732893943787 165.49540327489376 96.072065819054842 392.1347845364362 180.63995508011431 1122.1868755770847 58.731731289997697 25.857443833723664 1143.8120318036526 45.550908729434013
leaf_count=6421 84372 11612 99 107807 101 4102 809 7907 5209 74002 702 844 22091 198
internal_value=0.00467638 -0.004768 0.00166105 -0.0117094 -0.0213266 0.0225056 -0.0182939 0.000997374 0.00651621 -0.0208691 -0.000539224 0.0246118 0.0200295 -0.0074667
internal_weight=6555.59 4286.02 2905.69 1681.47 957.05 2269.57 1380.33 724.421 572.775 1284.26 162.076 2104.08 1224.22 80.4043
internal_count=326276 236958 155024 132636 107908 89318 81934 24728 13116 81125 7123 85216 22388 297
is_linear=0
shrinkage=0.025


Tree=159
num_leaves=15
num_cat=0
split_feature=37 3 3 3 40 177 40 24 38 35 0 24 0 35
split_gain=1720.41 580.459 1091.29 203.523 201.156 191.498 188.745 146.048 122.938 191.202 154.526 119.651 124.331 125.965
threshold=30.500000000000004 -5.4999999999999991 -1.0000000180025095e-35 -3.4999999999999996 4.0000000000000009 1.0000000180025095e-35 8.5000000000000018 498.50000000000006 4.5000000000000009 142.50000000000003 1.0000000180025095e-35 198.50000000000003 1.0000000180025095e-35 203.50000000000003
decision_type=2 2 2 2 2 2 2 2 2 2 2 2 2 2
left_child=1 5 4 -2 11 -1 8 -6 9 -4 -10 -3 13 -13
right_child=3 2 6 -5 7 -7 -8 -9 10 -11 -12 12 -14 -15
leaf_value=-0.020529371054909911 -0.012904546855718364 -0.02447742984591127 -0.023488504129367139 0.024055648430633906 -0.018592758180347103 0.01951463456108965 0.03085960927570346 0.02497925650149433 -0.024231617773121411 0.026398566823727244 0.021261301127510082 0.022471848198401839 -0.023822442949911569 -0.015520366193492882
leaf_weight=1275.858145060949 94.690700591541827 36.612801970914006 98.271641539409757 2124.0211840365082 170.0402686195448 76.324877227656543 47.679471142590046 63.378265250474215 926.1898805340752 88.305291466414928 46.319486556574702 1287.65878922306 37.119437070563436 54.14886936545372
leaf_count=80562 2959 303 9191 86359 7146 1372 204 408 110603 404 1110 24901 254 500
internal_value=0.00465197 -0.00473671 0.0016477 0.0224517 0.0148653 -0.0182124 -0.0163847 -0.00648941 -0.0184242 3.48643e-05 -0.0219805 0.0184106 0.0196181 0.0208889
internal_weight=6426.62 4207.91 2855.72 2218.71 1648.96 1352.18 1206.77 233.419 1159.09 186.577 972.509 1415.54 1378.93 1341.81
internal_count=326276 236958 155024 89318 33512 81934 121512 7554 121308 9595 111713 25958 25655 25401
is_linear=0
shrinkage=0.025


Tree=160
num_leaves=15
num_cat=0
split_feature=37 3 4 38 20 5 32 31 32 40 0 3 32 24
split_gain=1672.42 561.607 1078.75 390.195 202.748 187.041 156.314 121.753 238.852 114.051 110.776 106.159 145.739 112.735
threshold=30.500000000000004 -5.4999999999999991 1.0000000180025095e-35 26.500000000000004 17.500000000000004 1.0000000180025095e-35 1.0000000180025095e-35 17.500000000000004 1.5000000000000002 20.000000000000004 1.0000000180025095e-35 -4.4999999999999991 1.5000000000000002 198.50000000000003
decision_type=2 2 2 2 2 2 2 2 2 2 2 2 2 2
left_child=1 5 3 6 10 7 -3 8 -1 -8 -2 12 -4 -13
right_child=4 2 11 -5 -6 -7 9 -9 -10 -11 -12 13 -14 -15
leaf_value=-0.023165755215960239 0.025244479150187411 -0.020240512396177076 0.029583074670236815 -0.023588514546862602 -0.0041838206409132708 0.01528727838392461 0.0104014342875451 -0.023684345002327103 0.039380277510030773 -0.023301056802810846 -0.024307359375589949 -0.025009750040487822 -0.036376137328786799 0.023152892721330767
leaf_weight=100.88321576826274 1981.4648602204397 168.68505882658064 33.934326760470867 825.36673839716241 163.59983264002949 94.547408679500222 561.24667698331177 1075.9493869598955 57.313058936037123 67.3863440239802 25.846795711666346 28.411574669182301 45.083510383963585 1072.1944855600595
leaf_count=6321 84372 15617 99 104540 4102 809 7529 74002 802 4950 844 203 198 21888
internal_value=0.00462655 -0.00470575 0.00163646 -0.0115711 0.0223784 -0.0180743 0.000879532 -0.0206812 -3.96296e-05 0.0066556 0.0245587 0.0198092 -0.00769907 0.0218223
internal_weight=6301.91 4131 2802.31 1622.68 2170.91 1328.69 797.318 1234.15 158.196 628.633 2007.31 1179.62 79.0178 1100.61
internal_count=326276 236958 155024 132636 89318 81934 28096 81125 7123 12479 85216 22388 297 22091
is_linear=0
shrinkage=0.025


Tree=161
num_leaves=15
num_cat=0
split_feature=37 3 188 39 20 225 234 35 32 0 40 24 24 0
split_gain=1627.36 518.036 1005.21 235.895 196.133 182.556 169.81 149.569 133.786 137.275 129.664 123.521 116.971 115.95
threshold=28.500000000000004 -5.4999999999999991 1.0000000180025095e-35 123.50000000000001 20.500000000000004 3.5000000000000004 1.0000000180025095e-35 170.50000000000003 4.5000000000000009 1.0000000180025095e-35 5.5000000000000009 327.50000000000006 198.50000000000003 1.0000000180025095e-35
decision_type=2 2 2 2 2 2 2 2 2 2 2 2 2 2
left_child=1 5 3 6 13 -1 -3 11 9 10 12 -5 -4 -2
right_child=4 2 8 7 -6 -7 -8 -9 -10 -11 -12 -13 -14 -15
leaf_value=-0.019920361497689543 0.024838239814248392 -0.023095214385490906 -0.024876401713559766 -0.01130802650680634 -0.0022722568024075378 0.026504381281305861 0.030063632809535962 -0.011710024824504187 -0.035814769906874724 -0.028371818230053761 -0.020259627779767177 0.022138748620038774 0.024841008054849262 -0.025222896206152493
leaf_weight=1235.7998112454079 1984.3451072731987 815.21333332033828 27.653044864535332 97.405781240202487 190.29220078792423 52.337462561205029 36.460400126874447 369.36510912422091 24.334359712898731 32.368717480450869 41.37616952508688 216.10541412886232 1028.5018218830228 26.565244333818555
leaf_count=80638 86135 98739 200 5760 4746 689 987 22969 101 210 303 3436 20501 862
internal_value=0.00460119 -0.00494022 0.00129986 -0.0119382 0.0218343 -0.0179575 -0.0206927 -0.000940514 0.0189067 0.020199 0.0217277 0.0116594 0.0234489 0.0241279
internal_weight=6178.12 3976.92 2688.78 1534.55 2201.2 1288.14 851.674 682.876 1154.23 1129.9 1097.53 313.511 1056.15 2010.91
internal_count=326276 234533 153206 131891 91743 81327 99726 32165 21315 21214 21004 9196 20701 86997
is_linear=0
shrinkage=0.025


Tree=162
num_leaves=15
num_cat=0
split_feature=37 3 188 38 3 225 32 0 234 40 24 0 31 32
split_gain=1583.63 528.123 1065.03 311.803 198.256 181.041 145.597 138.888 132.706 132.099 118.789 113.051 99.6227 233.181
threshold=30.500000000000004 -4.4999999999999991 1.0000000180025095e-35 26.500000000000004 -3.4999999999999996 3.5000000000000004 1.0000000180025095e-35 1.0000000180025095e-35 1.0000000180025095e-35 5.5000000000000009 198.50000000000003 1.0000000180025095e-35 17.500000000000004 1.5000000000000002
decision_type=2 2 2 2 2 2 2 2 2 2 2 2 2 2
left_child=1 5 3 6 -2 12 -3 9 -5 10 -4 -6 13 -1
right_child=4 2 7 8 11 -7 -8 -9 -10 -11 -12 -13 -14 -15
leaf_value=-0.023504608212998254 -0.012830471054929848 -0.019690064709309858 -0.024685939530680785 -0.024009176966104176 0.024652706991581202 0.026562646366605609 0.006905437533524782 -0.028162308569754303 0.020921344416517676 -0.019638076223655515 0.025845538587260256 -0.02520314076426209 -0.021700046595197628 0.038363168671002229
leaf_weight=99.122090771794319 93.341547854244709 164.41283921990544 27.198616310954094 793.12455914681777 1956.300159917213 53.492705976590514 551.75018421467394 31.982557043433189 40.501811990514398 41.709256567060947 977.2383796684444 26.061284830793738 1148.4682971858419 57.69922383222729
leaf_count=6328 2959 15655 200 104528 85504 701 12178 211 1045 303 20601 855 74406 802
internal_value=0.00457213 -0.00464363 0.00189339 -0.0113633 0.0222656 -0.0172811 0.000708356 0.0209514 -0.0217291 0.0225529 0.024383 0.0239476 -0.0191537 -0.000292359
internal_weight=6062.4 3986.7 2627.92 1549.79 2075.7 1358.78 716.163 1078.13 833.626 1046.15 1004.44 1982.36 1305.29 156.821
internal_count=326276 236958 154721 133406 89318 82237 27833 21315 105573 21104 20801 86359 81536 7130
is_linear=0
shrinkage=0.025


Tree=163
num_leaves=15
num_cat=0
split_feature=37 3 4 3 40 20 5 31 31 39 35 0 226 3
split_gain=1541.03 512.419 983.644 297.2 241.254 199.568 179.444 120.969 226.528 113.193 115.025 103.207 100.147 99.6957
threshold=30.500000000000004 -5.4999999999999991 1.0000000180025095e-35 1.0000000180025095e-35 8.5000000000000018 17.500000000000004 1.0000000180025095e-35 17.500000000000004 16.500000000000004 111.50000000000001 174.50000000000003 1.0000000180025095e-35 1.5000000000000002 -4.4999999999999991
decision_type=2 2 2 2 2 2 2 2 2 2 2 2 2 2
left_child=1 6 3 9 -5 11 7 8 -1 -3 -11 -2 -9 -4
right_child=5 2 13 4 -6 -7 -8 12 -10 10 -12 -13 -14 -15
leaf_value=-0.023436827995579432 0.025210200063624674 -0.018830925483529232 -0.0072659082400785228 -0.024067799997108133 0.034756332155669693 -0.0042304079349962378 0.015173275204653639 -0.024439935601061114 0.037818425320972099 0.01396687592030409 -0.010366046822145918 -0.024085255804923877 0.042831743066078024 0.021613230948586103
leaf_weight=94.412649364210665 1843.0444853249937 139.72549412585795 77.760074879974127 819.5078357225284 43.100628986954689 161.65727209299803 92.823834596201777 999.99308891454712 58.581236555241048 373.85210037231445 175.42089081276208 24.175952957011759 11.13438845053315 1031.773480432108
leaf_count=6421 84372 11612 297 107807 101 4102 809 73797 702 7907 5209 844 205 22091
internal_value=0.0045447 -0.00460899 0.00159924 -0.0112359 -0.0209895 0.0222149 -0.0177451 -0.0204236 0.000133735 0.000977277 0.00613633 0.024521 -0.02355 0.0195527
internal_weight=5946.96 3918.09 2661.14 1551.61 862.608 2028.88 1256.95 1164.12 152.994 688.998 549.273 1867.22 1011.13 1109.53
internal_count=326276 236958 155024 132636 107908 89318 81934 81125 7123 24728 13116 85216 74002 22388
is_linear=0
shrinkage=0.025


Tree=164
num_leaves=15
num_cat=0
split_feature=37 3 4 3 40 20 5 252 40 31 31 39 3 37
split_gain=1499.04 497.635 951.718 291.207 234.626 197.531 174.564 119.51 132.095 119.065 216.24 107.55 100.485 114.411
threshold=30.500000000000004 -5.4999999999999991 1.0000000180025095e-35 1.0000000180025095e-35 8.5000000000000018 17.500000000000004 1.0000000180025095e-35 1.0000000180025095e-35 23.500000000000004 17.500000000000004 16.500000000000004 145.50000000000003 -3.4999999999999996 8.5000000000000018
decision_type=2 2 2 2 2 2 2 2 2 2 2 2 2 2
left_child=1 6 3 7 -5 -2 9 -3 11 10 -1 -9 13 -4
right_child=5 2 12 4 -6 -7 -8 8 -10 -11 -12 -13 -14 -15
leaf_value=-0.02338230755743792 0.024506689278374579 -0.020200108725382228 0.02653824080997302 -0.024032526660873271 0.034294277667243023 -0.0041267812873546621 0.014972946606600228 0.017933675688811476 -0.024041151460924535 -0.023500603003939528 0.03653363104665875 -0.0089233500117604971 0.023886367320760805 -0.0059347343168213579
leaf_weight=92.300525948870927 1822.0749483304098 130.99500106647611 105.8036442771554 800.43691672245041 42.635573908686638 161.64914802089334 91.767649272456765 355.68759620375931 74.989780401345342 988.08087555784732 59.222528139129281 122.42780585773289 808.67094888724387 175.68277519568801
leaf_count=6421 85216 12020 1618 107807 101 4102 809 4947 6363 74002 702 1398 18750 2020
internal_value=0.00451944 -0.00457569 0.00158491 -0.011134 -0.0209422 0.0221581 -0.0176626 0.000955717 0.00609307 -0.0203449 0.000128581 0.0109919 0.019407 0.0063343
internal_weight=5832.43 3848.7 2617.33 1527.17 843.072 1983.72 1231.37 684.1 553.105 1139.6 151.523 478.115 1090.16 281.486
internal_count=326276 236958 155024 132636 107908 89318 81934 24728 12708 81125 7123 6345 22388 3638
is_linear=0
shrinkage=0.025


Tree=165
num_leaves=15
num_cat=0
split_feature=37 3 4 39 20 177 35 3 24 0 31 37 39 0
split_gain=1457.33 457.95 922.507 289.042 189.494 171.831 135.173 112.127 165.739 110.767 108.556 213.066 98.2161 88.8896
threshold=28.500000000000004 -5.4999999999999991 1.0000000180025095e-35 123.50000000000001 20.500000000000004 1.0000000180025095e-35 191.50000000000003 -3.4999999999999996 244.50000000000003 1.0000000180025095e-35 17.500000000000004 20.500000000000004 177.50000000000003 1.0000000180025095e-35
decision_type=2 2 2 2 2 2 2 2 2 2 2 2 2 2
left_child=1 5 3 13 9 10 -5 8 -4 -2 11 -1 -10 -3
right_child=4 2 7 6 -6 -7 -8 -9 12 -11 -12 -13 -14 -15
leaf_value=-0.023573292623056023 0.024772829238603643 -0.023171004027318472 -0.022274750189632715 0.0058311535607323932 -0.0022393652207605727 0.019536590552445755 -0.019750189332620349 0.023862645149427007 0.026228617690521747 -0.025144083244449767 -0.022985535312894555 0.036120042534634043 -0.028458090662712255 0.064560811313461405
leaf_weight=92.388439059723169 1804.5451693423092 744.56461710389704 89.285541690886021 548.1635007718578 186.9867733605206 70.461678982712328 165.56935940263793 785.137730631046 151.01384759321809 25.436712551862001 972.56599388644099 58.440830216743052 20.741540625691414 4.3388065565377465
leaf_count=6274 86135 98698 813 18835 4746 1359 13449 18636 2528 862 72901 793 99 148
internal_value=0.00449468 -0.00481455 0.0012449 -0.011557 0.0215783 -0.0175402 -0.000126069 0.0191486 0.00476553 0.0240253 -0.0199337 -2.84353e-05 0.0191063 -0.0223739
internal_weight=5719.64 3702.67 2508.81 1462.64 2016.97 1193.86 713.733 1046.18 261.041 1829.98 1123.4 150.829 171.755 748.903
internal_count=326276 234533 153206 131130 91743 81327 32284 22076 3440 86997 79968 7067 2627 98846
is_linear=0
shrinkage=0.025


Tree=166
num_leaves=15
num_cat=0
split_feature=37 38 20 42 252 23 0 24 10 12 24 24 33 225
split_gain=1417.13 446.644 193.911 162.394 113.325 110.472 100.643 88.6303 81.2956 77.865 92.0064 75.5543 72.8608 58.268
threshold=30.500000000000004 21.500000000000004 17.500000000000004 4.5000000000000009 1.0000000180025095e-35 8.5000000000000018 1.0000000180025095e-35 502.50000000000006 -4.4999999999999991 4.0783731937408456 374.50000000000006 198.50000000000003 1.0000000180025095e-35 6.5000000000000009
decision_type=2 2 2 2 2 2 2 2 2 2 2 2 2 2
left_child=1 4 6 9 -1 7 -2 -6 -7 -3 -11 -10 -4 -13
right_child=2 3 12 -5 5 8 -8 -9 11 10 -12 13 -14 -15
leaf_value=-0.02178690767599592 0.025173600729796464 -0.02334579516671284 -0.015753448561429975 0.02024535275709953 0.018281089105774122 -0.020384419568836031 -0.024009101410797075 -0.021680286287515688 -0.01805180144633323 -0.021273037285116876 0.0056802338017461424 0.0020132374798348478 0.019091387840159707 0.030552359252877061
leaf_weight=121.40600953856483 1714.2090494763106 821.35220498079434 108.35212479718029 65.845637823920697 366.56691579986364 109.52401804411784 23.646629163995385 35.21112903021276 112.83936287090182 162.01735272957012 148.06886359257624 1730.9644593806006 53.269382210448384 43.104211829602718
leaf_count=11919 84372 111803 3140 1980 8286 9997 844 505 7681 10292 5128 68807 962 560
internal_value=0.00446435 -0.00450867 0.0220153 -0.0170615 0.00145954 0.00267252 0.0244498 0.0145825 0.000244884 -0.0193025 -0.00839166 0.00148598 -0.00397833 0.00277112
internal_weight=5616.38 3716.9 1899.48 1197.28 2519.62 2398.21 1737.86 401.778 1996.43 1131.44 310.086 1886.91 161.622 1774.07
internal_count=326276 236958 89318 129203 107755 95836 85216 8791 87045 127223 15420 77048 4102 69367
is_linear=0
shrinkage=0.025


Tree=167
num_leaves=15
num_cat=0
split_feature=37 3 3 252 40 20 40 5 0 32 3 31 32 31
split_gain=1379.61 472.79 878.245 226.487 206.367 190.811 174.724 167.226 121.53 120.019 135.114 115.863 202.495 103.651
threshold=30.500000000000004 -5.4999999999999991 1.0000000180025095e-35 1.0000000180025095e-35 8.5000000000000018 17.500000000000004 4.0000000000000009 1.0000000180025095e-35 1.0000000180025095e-35 1.5000000000000002 -4.4999999999999991 17.500000000000004 1.5000000000000002 26.500000000000004
decision_type=2 2 2 2 2 2 2 2 2 2 2 2 2 2
left_child=1 7 3 -3 -4 -2 8 11 9 -5 -11 12 -1 -8
right_child=5 2 4 6 -6 -7 13 -9 -10 10 -12 -13 -14 -15
leaf_value=-0.022853521184031167 0.024435430974847488 -0.019910621650622289 -0.022126593134013096 0.022813830124640257 0.032978241020170516 -0.0039070348889331625 -0.026572730861669676 0.014764262739743857 -0.024819585646173793 -0.035080679716358712 0.012484323183805712 -0.023394738233006425 0.035779083617529947 0.0082861883948907276
leaf_weight=89.847569512203336 1695.840825162828 124.17750697722659 791.20759715232998 1082.5663435710594 41.929211497306824 160.19685954973102 87.570522662252188 89.923744754865766 37.036221414804459 44.409585602581501 171.52436241693795 942.43409530399367 57.989398088306189 125.65828732028604
leaf_count=6321 85216 12021 108885 22900 102 4102 3983 809 263 200 3201 74002 802 3469
internal_value=0.00441129 -0.0044351 0.00170328 0.0121514 -0.0192151 0.0219734 0.0147717 -0.017462 0.0181264 0.019425 0.00224112 -0.0201761 0.000233702 -0.00608438
internal_weight=5542.31 3686.27 2506.08 1672.94 833.137 1856.04 1548.77 1180.19 1335.54 1298.5 215.934 1090.27 147.837 213.229
internal_count=326276 236958 155024 46037 108987 89318 34016 81934 26564 26301 3401 81125 7123 7452
is_linear=0
shrinkage=0.025


Tree=168
num_leaves=15
num_cat=0
split_feature=239 3 4 38 5 10 39 35 40 40 31 31 3 24
split_gain=1325.83 484.049 923.53 252.827 180.616 165.75 134.557 133.265 132.46 115.538 110.592 201.634 108.607 115.887
threshold=1.0000000180025095e-35 -5.4999999999999991 1.0000000180025095e-35 30.500000000000004 1.0000000180025095e-35 -3.4999999999999996 164.50000000000003 142.50000000000003 4.0000000000000009 12.500000000000002 17.500000000000004 16.500000000000004 -4.4999999999999991 198.50000000000003
decision_type=2 2 2 2 2 2 2 2 2 2 2 2 2 2
left_child=1 4 3 7 10 -2 -7 -3 12 -9 11 -1 -4 -14
right_child=5 2 8 -5 -6 6 -8 9 -10 -11 -12 -13 13 -15
leaf_value=-0.023350969233932144 -0.025659474976638064 -0.021766124084596078 -0.0072138222733469336 -0.02373622057268094 0.015235617335892893 0.023694164343579453 -0.021407602191718084 0.0099138197965188968 -0.011319595659643369 -0.023602416358649476 -0.023418759428147064 0.034545875768961225 -0.024700228177276115 0.024975773062734435
leaf_weight=91.763783524278551 42.611204804852605 151.1183834830299 75.526358984410763 628.15056123770773 94.388956647366285 1775.8562321988866 39.536131406202912 421.62298733508214 82.184289388358593 72.538430451415479 954.14528402825817 59.30635588336736 27.51694718003273 922.70739302132279
leaf_count=6724 303 14232 297 101029 829 88883 404 8149 584 5760 75718 702 202 22460
internal_value=0.00438308 -0.00450338 0.00201387 -0.0124832 -0.0174345 0.0215032 0.0226645 -0.00143119 0.0186876 0.00483092 -0.0202809 -0.000229756 0.0211422 0.0234378
internal_weight=5438.97 3580.97 2381.37 1273.43 1199.6 1858 1815.39 645.28 1107.93 494.161 1105.22 151.07 1025.75 950.224
internal_count=326276 236686 152713 129170 83973 89590 89287 28141 23543 13909 83144 7426 22959 22662
is_linear=0
shrinkage=0.025


Tree=169
num_leaves=15
num_cat=0
split_feature=37 38 20 42 32 194 0 39 23 38 31 12 24 33
split_gain=1306.92 412.923 184.533 157.387 104.903 102.705 102.622 100.08 87.7242 77.1424 76.6199 74.2879 85.6001 71.4562
threshold=30.500000000000004 21.500000000000004 17.500000000000004 4.5000000000000009 1.0000000180025095e-35 1.0000000180025095e-35 1.0000000180025095e-35 158.50000000000003 8.5000000000000018 19.500000000000004 17.500000000000004 4.0783731937408456 374.50000000000006 1.0000000180025095e-35
decision_type=2 2 2 2 2 2 2 2 2 2 2 2 2 2
left_child=1 4 6 11 -1 7 -2 8 -6 -7 13 -3 -13 -10
right_child=2 3 -4 -5 5 9 -8 -9 10 -11 -12 12 -14 -15
leaf_value=-0.018594984349250828 0.025141699424326449 -0.023214515530395805 -0.0037765982231426978 0.020257392796483437 0.019892832467031565 -0.019995886260506763 -0.024078885078240665 -0.0046673561002597624 0.041691953724309429 0.018709415069462776 0.0022063919423034885 -0.020986822393670612 0.0055279006258251301 0.0075753300232280028
leaf_weight=149.79487849259749 1596.3486575707793 773.13373637059703 157.69354360643774 64.44595371838659 300.44837958179414 182.49438731558621 24.158913313411176 538.43302261084318 59.640367306768894 35.809226267971098 1044.0664822170511 154.92227804893628 142.77513784496114 109.69058925751597
leaf_count=14847 84372 111803 4102 1980 5861 16936 844 26967 505 613 38188 10292 5128 3838
internal_value=0.00435658 -0.00439045 0.0218389 -0.0168103 0.00143834 0.00279377 0.0243494 0.00454191 0.00783663 -0.0133664 0.00478915 -0.0191148 -0.00825899 0.0202533
internal_weight=5333.86 3555.65 1778.2 1135.28 2420.38 2270.58 1620.51 2052.28 1513.85 218.304 1213.4 1070.83 297.697 169.331
internal_count=326276 236958 89318 129203 107755 92908 85216 75359 48392 17549 42531 127223 15420 4343
is_linear=0
shrinkage=0.025


Tree=170
num_leaves=15
num_cat=0
split_feature=37 3 4 39 3 177 32 0 31 37 30 3 26 10
split_gain=1270.96 449.102 825.17 258.693 184.232 162.604 115.523 107.256 100.983 187.301 98.5527 94.9963 135.719 94.1112
threshold=30.500000000000004 -5.4999999999999991 1.0000000180025095e-35 123.50000000000001 -3.4999999999999996 1.0000000180025095e-35 1.5000000000000002 1.0000000180025095e-35 17.500000000000004 20.500000000000004 7.5000000000000009 -3.4999999999999996 164.50000000000003 -2.4999999999999996
decision_type=2 2 2 2 2 2 2 2 2 2 2 2 2 2
left_child=1 5 3 -3 -2 8 10 13 9 -1 -5 12 -4 -6
right_child=4 2 11 6 7 -7 -8 -9 -10 -11 -12 -13 -14 -15
leaf_value=-0.023429148613949097 -0.012859257001714745 -0.021526214112203727 -0.017789786669478402 0.011711866048390258 -0.026419063584479426 0.019257429306941933 -0.020002029026512606 -0.025081871655833001 -0.022786326450063975 0.033214369592457708 -0.011292518821970264 0.02364206151810385 0.018968112811852934 0.025161416377193237
leaf_weight=86.439565018750727 88.336892820894718 687.9582702498883 93.336770430207253 402.29760839324445 19.637081235647202 68.388237294740975 140.63466009357944 24.969164257869124 915.55449797119945 58.613487631082535 159.62686825171113 738.2124859392643 176.05573796108365 1606.0789948785678
leaf_count=6274 2959 99446 802 11076 100 1372 14164 855 73495 793 7950 18750 2836 85404
internal_value=0.00430389 -0.00431567 0.00179914 -0.0106647 0.0217779 -0.0172967 0 0.0236666 -0.0197249 -0.000162372 0.00510745 0.0190048 0.00608511 0.0244755
internal_weight=5266.14 3527.12 2398.12 1390.52 1739.02 1129 702.559 1650.69 1060.61 145.053 561.924 1007.6 269.393 1625.72
internal_count=326276 236958 155024 132636 89318 81934 33190 86359 80562 7067 19026 22388 3638 85504
is_linear=0
shrinkage=0.025


Tree=171
num_leaves=15
num_cat=0
split_feature=37 38 20 42 0 32 194 39 23 31 38 23 39 33
split_gain=1238.07 369.16 174.424 153.14 105.592 95.5592 91.6341 92.0794 78.0695 74.473 73.5341 71.0571 74.7349 69.9689
threshold=28.500000000000004 21.500000000000004 20.500000000000004 4.5000000000000009 1.0000000180025095e-35 1.0000000180025095e-35 1.0000000180025095e-35 158.50000000000003 9.5000000000000018 17.500000000000004 19.500000000000004 8.5000000000000018 141.50000000000003 1.0000000180025095e-35
decision_type=2 2 2 2 2 2 2 2 2 2 2 2 2 2
left_child=1 5 4 11 -2 -1 7 8 -7 -10 -8 -3 -13 -4
right_child=2 3 13 -5 -6 6 10 -9 9 -11 -12 12 -14 -15
leaf_value=-0.018328825861694608 0.024682946695930262 -0.023490235150485247 -0.014007135916450556 0.020613549877883306 -0.025059665650875834 0.01886532315983297 -0.01972154158993588 -0.0048267613749188656 0.019689942713976741 0.0017016095285787972 0.018406025024950676 0.00087563322452649116 -0.023088071409329339 0.017684018184912133
leaf_weight=145.2564275781624 1564.8228915641084 691.8582043396309 112.62549865990877 62.105204564053565 24.348377733491361 292.40896986890584 176.32478002551943 523.43934820359573 166.64121825620532 981.03217467293143 35.238055413588881 191.82865896588191 135.57666387036443 66.614075346849859
leaf_count=14847 86135 106749 3486 1954 862 5558 16834 26866 4343 37077 613 10680 9012 1260
internal_value=0.00427439 -0.00454155 0.0212258 -0.016585 0.0238593 0.00107455 0.00240528 0.00410453 0.00737148 0.00437975 -0.0130859 -0.0189298 -0.00909147 -0.00199477
internal_weight=5170.12 3401.71 1768.41 1081.37 1589.17 2320.34 2175.08 1963.52 1440.08 1147.67 211.563 1019.26 327.405 179.24
internal_count=326276 234533 91743 128395 86997 106138 91291 73844 46978 41420 17447 126441 19692 4746
is_linear=0
shrinkage=0.025


Tree=172
num_leaves=15
num_cat=0
split_feature=37 3 4 38 3 225 39 24 40 0 40 10 0 31
split_gain=1205.09 439.293 869.452 311.059 178.29 158.844 109.732 103.803 106.673 102.578 97.0867 91.0263 83.6174 82.8571
threshold=30.500000000000004 -4.4999999999999991 1.0000000180025095e-35 26.500000000000004 -3.4999999999999996 3.5000000000000004 122.50000000000001 198.50000000000003 5.5000000000000009 1.0000000180025095e-35 8.5000000000000018 -2.4999999999999996 1.0000000180025095e-35 17.500000000000004
decision_type=2 2 2 2 2 2 2 2 2 2 2 2 2 2
left_child=1 5 3 6 -2 13 -3 -4 -9 11 -10 -6 -8 -1
right_child=4 2 7 -5 9 -7 12 8 10 -11 -12 -13 -14 -15
leaf_value=-0.00065692128071114702 -0.012607580551539307 -0.015403868394277709 -0.024581605125727428 -0.023059601199460555 -0.026012832203548327 0.026138090287578075 0.009632993708032455 0.024821120195865968 -0.044359926801448665 -0.024965808535313716 0.018895037956482549 0.025142576740828811 -0.027844346918388874 -0.021072076241710407
leaf_weight=145.21298122406006 86.970595923252404 186.09634346095845 27.288822464644909 641.00374683132395 19.276439025998116 49.144883764907718 486.90209989529103 829.86618155706674 25.070092715322971 23.924242299050093 29.755920758470893 1530.578321014531 37.098768807016313 987.13589467527345
leaf_count=7130 2959 17228 203 104540 100 701 10569 21514 101 855 273 85404 293 74406
internal_value=0.0042215 -0.00420798 0.0022357 -0.010476 0.0216963 -0.016546 0.000897332 0.021068 0.0225826 0.0236282 -0.0103978 0.0244412 0.00678879 -0.0184847
internal_weight=5105.33 3444.58 2263.08 1351.1 1660.75 1181.49 710.097 911.981 884.692 1573.78 54.826 1549.85 524.001 1132.35
internal_count=326276 236958 154721 132630 89318 82237 28090 22091 21888 86359 374 85504 10862 81536
is_linear=0
shrinkage=0.025


Tree=173
num_leaves=15
num_cat=0
split_feature=37 3 4 38 3 5 252 31 31 0 226 3 24 10
split_gain=1173.36 425.516 763.989 305.65 174.651 157.218 106.116 105.216 177.331 100.236 97.8083 91.6669 142.918 88.9856
threshold=30.500000000000004 -5.4999999999999991 1.0000000180025095e-35 26.500000000000004 -3.4999999999999996 1.0000000180025095e-35 1.0000000180025095e-35 17.500000000000004 16.500000000000004 1.0000000180025095e-35 1.5000000000000002 -3.4999999999999996 231.50000000000003 -2.4999999999999996
decision_type=2 2 2 2 2 2 2 2 2 2 2 2 2 2
left_child=1 5 3 6 -2 7 -3 8 -1 13 -9 12 -4 -6
right_child=4 2 11 -5 9 -7 -8 10 -10 -11 -12 -13 -14 -15
leaf_value=-0.023147262467654431 -0.012373928805700145 -0.020906144295414281 -0.018967491148118871 -0.023001184876856109 -0.025733328120997736 0.014520783957487663 0.0051824263839890215 -0.02421063789538476 0.032146217617751341 -0.024889648098960625 0.042128534526049574 0.023518733825019504 0.019272266848599902 0.025132632680894752
leaf_weight=83.617821119725704 86.460661919787526 113.3290940085426 90.217283021658659 626.75280670914799 19.034307077527046 87.625768987461925 594.87420546449721 845.57945696637034 59.341610690578818 23.413124419748783 11.227192744612692 703.60029577463865 173.11070220544934 1493.3725560326129
leaf_count=6421 2959 12416 907 104540 100 809 15680 73797 702 855 205 18750 2731 85404
internal_value=0.00419216 -0.00417258 0.00190929 -0.0103282 0.0216586 -0.01704 0.000901917 -0.0198662 0 0.0236112 -0.0231683 0.0188099 0.00601121 0.0244263
internal_weight=5011.56 3389.28 2301.88 1334.96 1622.28 1087.39 708.203 999.766 142.959 1535.82 856.807 966.928 263.328 1512.41
internal_count=326276 236958 155024 132636 89318 81934 28096 81125 7123 86359 74002 22388 3638 85504
is_linear=0
shrinkage=0.025


Tree=174
num_leaves=15
num_cat=0
split_feature=37 3 4 38 3 5 0 3 24 31 32 32 226 10
split_gain=1142.38 380.014 741.512 268.649 174.807 152.127 106.325 104.428 137.404 103.176 172.943 101.63 96.9132 85.7798
threshold=27.500000000000004 -5.4999999999999991 1.0000000180025095e-35 26.500000000000004 -3.4999999999999996 1.0000000180025095e-35 1.0000000180025095e-35 -3.4999999999999996 244.50000000000003 17.500000000000004 1.5000000000000002 1.0000000180025095e-35 1.5000000000000002 -2.4999999999999996
decision_type=2 2 2 2 2 2 2 2 2 2 2 2 2 2
left_child=1 5 3 11 -2 9 13 8 -4 10 -1 -3 -11 -6
right_child=4 2 7 -5 6 -7 -8 -9 -10 12 -12 -13 -14 -15
leaf_value=-0.022660830513454189 -0.0069932363769052821 -0.019154593342490749 -0.020289186396910353 -0.023057643571146903 -0.025459844761860619 0.014474576286422092 -0.025856705724907971 0.023486053111267252 0.01840641098384567 -0.02420680577748437 0.03234796287484288 0.0047972390218205445 0.0417144967728885 0.024743193014568864
leaf_weight=83.734520903788507 127.10094799241051 136.1052070800215 87.535201974213123 599.15055743372068 18.793069303035736 85.770068045705557 24.333010437898338 679.92518384288996 152.71180525235832 808.30217907996848 57.732464951463044 539.42910280730575 11.288073834963141 1506.8134932168759
leaf_count=6321 4477 15617 813 103738 100 797 876 18533 2528 72598 802 11371 201 87504
internal_value=0.00416502 -0.00449569 0.00140906 -0.0109155 0.020899 -0.0168685 0.0232115 0.0184889 0.00412835 -0.019728 0 -5.50328e-05 -0.0231197 0.0240597
internal_weight=4918.72 3241.68 2194.86 1274.68 1677.04 1046.83 1549.94 920.172 240.247 961.057 141.467 675.534 819.59 1525.61
internal_count=326276 233319 152600 130726 92957 80719 88480 21874 3341 79922 7123 26988 72799 87604
is_linear=0
shrinkage=0.025


Tree=175
num_leaves=15
num_cat=0
split_feature=239 3 4 38 225 11 40 39 35 24 40 38 5 31
split_gain=1097.49 423.843 847.165 222.192 160.934 152.473 137.079 130.697 116.155 111.237 105.494 97.0613 85.4272 89.0351
threshold=1.0000000180025095e-35 -4.4999999999999991 1.0000000180025095e-35 30.500000000000004 3.5000000000000004 5.5000000000000009 4.0000000000000009 164.50000000000003 142.50000000000003 198.50000000000003 12.500000000000002 19.500000000000004 1.0000000180025095e-35 17.500000000000004
decision_type=2 2 2 2 2 2 2 2 2 2 2 2 2 2
left_child=1 4 3 8 12 7 9 -2 -3 -4 -10 -8 13 -1
right_child=5 2 6 -5 -6 -7 11 -9 10 -11 -12 -13 -14 -15
leaf_value=-0.0013668136460565706 0.023555860375540402 -0.02137452710034464 -0.024461184850275732 -0.023473268420098191 0.025606013412592488 -0.024847582493412897 0.022731615085160854 -0.021269198928848876 0.0095125684579547218 0.024838402072124434 -0.023465801957151533 -0.031615720358288225 0.011853714214223354 -0.022770695144009263
leaf_weight=143.38720017345622 1513.8041394446045 137.24986363993958 26.828806273639202 539.04527818737552 51.634287500753999 41.071832117624581 30.548893887549639 38.974458338692784 399.53667748626322 823.77488175779581 68.163294999394566 49.525301646441221 52.833946067839861 913.04557334212586
leaf_count=7417 88883 14232 202 101029 717 303 349 404 8143 22460 5760 235 258 75884
internal_value=0.00413654 -0.00422323 0.00253698 -0.0118458 -0.0163014 0.0210989 0.0202244 0.0223758 -0.00137926 0.0231737 0.00453421 -0.0105087 -0.0183384 -0.0199013
internal_weight=4829.42 3235.57 2074.67 1144 1160.9 1593.85 930.678 1552.78 604.95 850.604 467.7 80.0742 1109.27 1056.43
internal_count=326276 236686 152410 129164 84276 89590 23246 89287 28135 22662 13903 584 83559 83301
is_linear=0
shrinkage=0.025


Tree=176
num_leaves=15
num_cat=0
split_feature=37 3 3 40 4 20 177 3 24 31 32 5 0 165
split_gain=1084.12 401.347 709.527 184.055 177.694 157.206 149.453 93.5534 130.14 92.7869 169.111 92.1343 90.2591 87.4958
threshold=31.500000000000004 -5.4999999999999991 1.0000000180025095e-35 8.5000000000000018 1.0000000180025095e-35 21.500000000000004 1.0000000180025095e-35 -3.4999999999999996 231.50000000000003 17.500000000000004 1.5000000000000002 1.0000000180025095e-35 1.0000000180025095e-35 1.0000000180025095e-35
decision_type=2 2 2 2 2 2 2 2 2 2 2 2 2 2
left_child=1 6 4 13 -3 12 9 8 -6 10 -1 -11 -2 -4
right_child=5 2 3 -5 7 -7 -8 -9 -10 11 -12 -13 -14 -15
leaf_value=-0.023113876500641797 0.025075419039388883 0.0013919955513955293 -0.023682872504718542 0.031497890097216652 -0.017892818006239621 -0.0045986474889583321 0.018648242915776537 0.024008867035571587 0.018902204227136024 -0.024350634311798472 0.031402809487404225 0.013816499945122591 -0.023662016542383882 0.021918603240609572
leaf_weight=82.686840069014579 1339.9992982819676 623.74391909735277 638.35324185527861 40.054551042616367 89.625447921454906 126.81694990675896 66.465468764305115 631.7221812941134 166.83581361919641 789.71419562119991 57.774352232925594 38.90117609500885 21.416148273274302 24.598496607970446
leaf_count=6277 83793 25332 107782 102 907 3474 1380 17875 2731 73729 790 164 837 1103
internal_value=0.0041097 -0.00397714 0.00202273 -0.0186656 0.0116767 0.0217616 -0.0168032 0.0188423 0.0058889 -0.0193104 -0.0003281 -0.0224854 0.0242401 -0.0218622
internal_weight=4738.71 3250.48 2214.93 703.006 1511.93 1488.23 1035.54 888.183 256.461 969.077 140.461 828.615 1361.42 662.952
internal_count=326276 238172 155832 108987 46845 88104 82340 21513 3638 80960 7067 73893 84630 108885
is_linear=0
shrinkage=0.025


Tree=177
num_leaves=15
num_cat=0
split_feature=37 38 20 42 35 35 20 0 12 12 24 28 22 30
split_gain=1054.29 348.081 155.477 139.491 91.8242 89.2235 103.717 88.2384 74.8602 66.7287 78.044 60.3017 59.0519 66.163
threshold=31.500000000000004 21.500000000000004 21.500000000000004 1.5000000000000002 129.50000000000003 191.50000000000003 1.0000000180025095e-35 1.0000000180025095e-35 52.280015945434577 4.0783731937408456 374.50000000000006 1.0000000180025095e-35 1.0000000180025095e-35 1.5000000000000002
decision_type=2 2 2 2 2 2 2 2 2 2 2 2 2 2
left_child=1 4 7 9 -1 6 11 -2 -8 -3 -11 -6 -10 -14
right_child=2 3 -4 -5 5 -7 8 -9 12 10 -12 -13 13 -15
leaf_value=-0.021943479390191006 0.025063106198594517 -0.023468576228590294 -0.0044869908170155235 0.014269587595324491 -0.01827018411134276 -0.011011427083201672 -0.0046890113373532615 -0.023582123474287304 -0.019188739453500945 -0.020993762402480621 0.0058248850463927145 0.02055352122120576 0.030649479433425691 0.0058568031121072183
leaf_weight=95.960697568021715 1307.5500433379784 641.42485851841047 126.7983077019453 82.678364582825452 24.292049962095916 257.17365322355181 633.5211895047687 20.967298586852849 49.407800405286252 139.25505469832569 125.55236221197993 298.82609731517732 71.768401868641376 779.19623296242207
leaf_count=11615 83793 110021 3474 4071 1717 16000 34504 837 4146 10165 5047 6537 1298 33051
internal_value=0.00408193 -0.00393896 0.0217023 -0.0162452 0.00157062 0.00267929 0.00460344 0.0242252 0.00185926 -0.0190946 -0.00826215 0.0174169 0.00649471 0.00807736
internal_weight=4654.37 3199.06 1455.32 988.911 2210.15 2114.19 1857.01 1328.52 1533.89 906.232 264.807 323.118 900.372 850.965
internal_count=326276 238172 88104 129304 108868 97253 81253 84630 72999 125233 15212 8254 38495 34349
is_linear=0
shrinkage=0.025


Tree=178
num_leaves=15
num_cat=0
split_feature=37 3 4 39 3 177 35 234 3 37 32 10 5 32
split_gain=1025.65 351.25 666.333 224.906 164.91 139.651 115.706 101.901 99.0367 126.515 89.4107 81.4863 79.231 83.5121
threshold=27.500000000000004 -5.4999999999999991 1.0000000180025095e-35 123.50000000000001 -3.4999999999999996 1.0000000180025095e-35 191.50000000000003 1.0000000180025095e-35 -3.4999999999999996 8.5000000000000018 1.5000000000000002 -2.4999999999999996 1.0000000180025095e-35 1.5000000000000002
decision_type=2 2 2 2 2 2 2 2 2 2 2 2 2 2
left_child=1 5 3 -3 -2 12 10 11 9 -4 -5 -6 13 -1
right_child=4 2 8 6 7 -7 -8 -9 -10 -11 -12 -13 -14 -15
leaf_value=-0.024443764886070155 -0.0068288095235595168 -0.021657210893916163 0.026155068049430127 0.010398388136095347 -0.024891825316177941 0.018373259580802454 -0.020201632842513726 -0.025787320022898259 0.023285364903521025 -0.01081410921109419 -0.017951705405599309 0.024691770289710757 0.013585922343926575 -0.0045319506148140988
leaf_weight=712.27820207923651 122.75058035505936 581.29845166625455 93.867698464542627 408.71379636833444 18.25132542848587 63.601246893405914 136.25595477409661 23.391695850528777 634.32983196154237 139.95953718200326 80.320237052626908 1373.4530196590349 41.326770186424255 167.19713749550283
leaf_count=66892 4477 98646 1618 9081 100 1345 13349 876 18533 1723 9650 87504 176 12306
internal_value=0.00402941 -0.00433797 0.00149008 -0.0105053 0.0206664 -0.0166138 -4.42123e-05 0.0230785 0.018169 0.00406457 0.00561022 0.0239714 -0.0191093 -0.0207149
internal_weight=4597 3059.15 2074.75 1206.59 1537.85 984.403 625.29 1415.1 868.157 233.827 489.034 1391.7 920.802 879.475
internal_count=326276 233319 152600 130726 92957 80719 32080 88480 21874 3341 18731 87604 79374 79198
is_linear=0
shrinkage=0.025


Tree=179
num_leaves=15
num_cat=0
split_feature=239 3 4 38 225 10 40 32 24 40 0 38 5 185
split_gain=982.371 392.687 766.148 207.514 149.912 145.844 130.063 113.461 109.446 103.415 104.44 90.7992 78.8725 91.2515
threshold=1.0000000180025095e-35 -4.4999999999999991 1.0000000180025095e-35 30.500000000000004 3.5000000000000004 -3.4999999999999996 4.0000000000000009 1.0000000180025095e-35 198.50000000000003 12.500000000000002 1.0000000180025095e-35 19.500000000000004 1.0000000180025095e-35 1.0000000180025095e-35
decision_type=2 2 2 2 2 2 2 2 2 2 2 2 2 2
left_child=1 4 3 7 12 -2 8 -3 -4 10 -9 -8 13 -1
right_child=5 2 6 -5 -6 -7 11 9 -10 -11 -12 -13 -14 -15
leaf_value=-0.024749482606825045 -0.024505667260823719 -0.021754089052365016 -0.024395621966914874 -0.023310176347394795 0.024985793002735082 0.022180773313248529 0.022563893967129878 0.013864551400754472 0.024757727542024318 -0.022847273748293057 -0.02986475691272393 -0.030566622622576672 0.011259078517164643 -0.008201494453439484
leaf_weight=684.26126022916287 40.211243822239339 128.76004261430353 26.580308437347412 494.26988766761497 50.1036635376513 1421.7899900488555 29.583050824701786 351.462502239272 771.51463631726801 69.264099645894021 34.642933469265699 49.012373356148601 51.564626690000296 312.1136734848842
leaf_count=64301 303 17118 202 101029 717 89287 349 4823 22460 5963 231 235 258 19000
internal_value=0.00399985 -0.00406467 0.00264565 -0.0114375 -0.0160099 0.0208321 0.0199774 -0.00128096 0.0230043 0.00455796 0.00967673 -0.0101678 -0.0180595 -0.019631
internal_weight=4515.13 3053.13 1955.09 1078.4 1098.04 1462 876.69 584.13 798.095 455.37 386.105 78.5954 1047.94 996.375
internal_count=326276 236686 152410 129164 84276 89590 23246 28135 22662 11017 5054 584 83559 83301
is_linear=0
shrinkage=0.025


Tree=180
num_leaves=15
num_cat=0
split_feature=37 38 20 42 252 23 29 225 24 24 12 24 236 22
split_gain=975.606 323.915 149.402 132.405 85.1746 82.1808 82.5151 67.0011 68.7692 130.625 64.3387 72.5003 55.9242 47.9439
threshold=31.500000000000004 21.500000000000004 21.500000000000004 1.5000000000000002 1.0000000180025095e-35 8.5000000000000018 40.000000000000007 12.500000000000002 231.50000000000003 232.50000000000003 4.0783731937408456 374.50000000000006 1.0000000180025095e-35 -1.0000000180025095e-35
decision_type=2 2 2 2 2 2 2 2 2 2 2 2 2 2
left_child=1 4 12 10 -1 6 -6 8 -7 -10 -3 -12 -2 -11
right_child=2 3 -4 -5 5 7 -8 -9 9 13 11 -13 -14 -15
leaf_value=-0.020883861081644056 -0.0063945850273960979 -0.023375846515274058 -0.0044632361721530017 0.014075211743207425 0.017424294369268695 -0.0084829216517036607 -0.02156882491790427 0.032617846654692001 0.042542809457032094 -0.012428134435364948 -0.020653904331872454 0.0056738963448366561 0.025057296371971977 0.0030111026028609828
leaf_weight=97.576517780777067 33.978777408599854 604.76752281701192 122.93430478777736 80.317159281577915 325.44674541102722 471.6072850972414 34.7180435070768 36.205574162304401 46.528667974285781 140.93816939974204 133.54106977721676 121.31752956751734 1205.4650998851284 977.0822565453127
leaf_count=11919 1681 110021 3474 4071 8892 28853 505 521 202 12692 10165 5047 82949 45284
internal_value=0.00397127 -0.00383757 0.0215562 -0.0160393 0.00154989 0.00266835 0.0134496 0.000311622 -0.000446402 0.00280017 -0.0189211 -0.00810421 0.0241616 0.00101447
internal_weight=4432.42 3070.05 1362.38 939.943 2130.1 2032.53 360.165 1672.36 1636.16 1164.55 859.626 254.859 1239.44 1118.02
internal_count=326276 238172 88104 129304 108868 96949 9397 87552 87031 58178 125233 15212 84630 57976
is_linear=0
shrinkage=0.025


Tree=181
num_leaves=15
num_cat=0
split_feature=37 3 3 252 20 177 3 39 0 35 36 57 165 239
split_gain=948.419 374.888 631.335 161.139 147.643 135.173 135.105 120.376 119.4 97.4289 117.735 95.4817 90.6721 87.79
threshold=31.500000000000004 -5.4999999999999991 1.0000000180025095e-35 1.0000000180025095e-35 21.500000000000004 1.0000000180025095e-35 -3.4999999999999996 153.50000000000003 1.0000000180025095e-35 180.50000000000003 119.50000000000001 1.0000000180025095e-35 1.0000000180025095e-35 1.0000000180025095e-35
decision_type=2 2 2 2 2 2 2 2 2 2 2 2 2 2
left_child=1 5 3 11 -2 -1 9 12 13 10 -5 -3 -4 -8
right_child=4 2 7 6 -6 -7 8 -9 -10 -11 -12 -13 -14 -15
leaf_value=-0.019065560306904691 0.024133998739408268 -0.023108640086230411 -0.023733325940213573 -0.0092277844697845994 -0.0043549875474805438 0.017644995563214371 0.024524138294469075 0.016182933826635056 -0.025907480940371014 -0.018363506806937081 0.023755157427712174 0.098351288151733635 0.024589039738018344 0.0056309708704611224
leaf_weight=907.4253813456744 1210.1798496488482 99.363800210412592 562.04742335807532 117.65983276627958 122.91505623329431 64.319066572003067 721.36609746236354 54.591591858305037 33.147578477859497 110.5122678312473 149.95691756252199 1.2188028749078501 22.51095034647733 202.47219228558242
leaf_count=80960 84630 11994 106986 3559 3474 1380 18703 910 240 4386 2635 27 1091 5301
internal_value=0.00391984 -0.00377135 0.0022229 0.0114305 0.0214846 -0.0165632 0.0137474 -0.0183776 0.0187346 0.00101176 0.00922002 -0.0185896 -0.0217139 0.020442
internal_weight=4379.69 3046.59 2074.85 1435.7 1333.09 971.744 1335.11 639.15 956.986 378.129 267.617 100.583 584.558 923.838
internal_count=326276 238172 155832 46845 88104 82340 34824 108987 24244 10580 6194 12021 108077 24004
is_linear=0
shrinkage=0.025


Tree=182
num_leaves=15
num_cat=0
split_feature=37 38 20 42 0 35 35 20 24 24 23 24 28 0
split_gain=920.847 305.8 145.721 127.287 87.0953 81.4831 81.4194 92.5106 70.0531 111.606 60.8818 77.3954 54.2708 42.7243
threshold=31.500000000000004 21.500000000000004 17.500000000000004 1.5000000000000002 1.0000000180025095e-35 129.50000000000003 191.50000000000003 1.0000000180025095e-35 231.50000000000003 232.50000000000003 8.5000000000000018 374.50000000000006 1.0000000180025095e-35 1.0000000180025095e-35
decision_type=2 2 2 2 2 2 2 2 2 2 2 2 2 2
left_child=1 5 4 10 -2 -1 7 12 -9 -10 -3 -12 -7 -11
right_child=2 3 -4 -5 -6 6 -8 8 9 13 11 -13 -14 -15
leaf_value=-0.021625896114269696 0.025033627749781979 -0.02357837833878311 -0.0040789416635980064 0.013799593903964701 -0.023531865778521777 -0.017859983342531489 -0.01083279585245178 -0.0066492754584382271 0.041992416105969536 0.0043754507571243193 -0.020751581953069448 0.0053864206459102249 0.019955422751689631 -0.026678244129189368
leaf_weight=87.722288378514349 1160.4974587056786 550.22286310140043 124.4572240980342 79.57569069089368 20.782596037723124 22.871217750012875 244.1633459138684 426.71607556240633 46.620085880160332 952.6751271430403 152.80898118531331 125.75974414497614 283.21601378591731 25.365455338265747
leaf_count=11615 83753 105743 3514 4071 837 1717 16000 24103 202 48217 13668 5822 6537 477
internal_value=0.00389274 -0.00373514 0.0213924 -0.0158216 0.0241006 0.00152279 0.00258061 0.00447361 0.00180568 0.00536017 -0.0187353 -0.00893114 0.016903 0.00346547
internal_weight=4303.45 2997.72 1305.74 908.367 1181.28 2089.35 2001.63 1757.46 1451.38 1024.66 828.792 278.569 306.087 978.041
internal_count=326276 238172 88104 129304 84590 108868 97253 81253 72999 48896 125233 19490 8254 48694
is_linear=0
shrinkage=0.025


Tree=183
num_leaves=15
num_cat=0
split_feature=37 3 4 3 20 225 36 24 0 185 30 35 3 5
split_gain=895.605 367.757 662.789 207.368 144.189 128.473 96.5081 96.1866 85.1535 77.0488 107.385 97.7647 92.6652 84.4758
threshold=31.500000000000004 -4.4999999999999991 1.0000000180025095e-35 1.0000000180025095e-35 17.500000000000004 3.5000000000000004 123.50000000000001 198.50000000000003 1.0000000180025095e-35 1.0000000180025095e-35 3.5000000000000004 167.50000000000003 -5.4999999999999991 1.0000000180025095e-35
decision_type=2 2 2 2 2 2 2 2 2 2 2 2 2 2
left_child=1 5 3 -3 8 9 -5 -4 -2 13 11 -11 -13 -1
right_child=4 2 7 6 -6 -7 -8 -9 -10 10 -12 12 -14 -15
leaf_value=-0.024660618915023406 0.02502185470022707 0.001289674007799761 -0.024204891676083438 -0.023380250468886171 -0.0039797626388554481 0.024022477741228201 0.0079335099625362816 0.02218376145164699 -0.023450419263123856 0.033965444974282361 -0.021987759713352734 -0.021413911019523359 0.027897985233652885 0.012820886732861889
leaf_weight=631.3165879258886 1132.3719651438296 584.60296698613092 26.124530032277107 515.69177424348891 124.44475353322923 45.409535998478532 67.024768883362412 754.07132960204035 20.349281723611057 52.558020908385515 154.06721711857244 76.435465086717159 30.849173910915852 37.262511670589447
leaf_count=62990 83753 25326 203 104107 3514 703 3801 22092 837 601 11932 6116 99 202
internal_value=0.00384051 -0.00367168 0.0027049 -0.0091973 0.0213288 -0.0157501 -0.0197136 0.0205118 0.0240859 -0.0176812 -0.00725192 0.00694138 -0.00663465 -0.0224865
internal_weight=4252.58 2975.41 1947.52 1167.32 1277.17 1027.9 582.717 780.196 1152.72 982.489 313.91 159.843 107.285 668.579
internal_count=326276 238172 155529 133234 88104 82643 107908 22295 84590 81940 18748 6816 6215 63192
is_linear=0
shrinkage=0.025


Tree=184
num_leaves=15
num_cat=0
split_feature=3 3 0 3 33 10 225 38 35 38 24 185 30 35
split_gain=844.841 941.679 184.742 187.07 186.219 149.715 136.216 113.851 165.454 94.6803 81.1481 75.664 100.192 96.8404
threshold=-4.4999999999999991 -1.0000000180025095e-35 1.0000000180025095e-35 -3.4999999999999996 1.0000000180025095e-35 -3.4999999999999996 3.5000000000000004 21.500000000000004 142.50000000000003 42.500000000000007 195.50000000000003 1.0000000180025095e-35 3.5000000000000004 167.50000000000003
decision_type=2 2 2 2 2 2 2 2 2 2 2 2 2 2
left_child=6 2 3 4 -2 -5 11 8 -3 10 -7 -1 13 -13
right_child=1 7 -4 5 -6 9 -8 -9 -10 -11 -12 12 -14 -15
leaf_value=-0.022468774587308896 -0.012892763436943171 -0.021057396050260691 -0.024835514880875192 -0.024278404968824167 0.024967943196024821 -0.020964112592196171 0.024069768098723427 -0.019557292585687228 0.020066191112712163 -0.023199777271237672 0.024497378562289861 0.033133612844472748 -0.021819790962033275 -0.0071686570115656063
leaf_weight=675.3770866706036 203.38900319999084 110.67634134134278 57.808888558298349 39.454778000712395 130.68845876678824 22.122913256287575 48.161547093652189 549.02843595761806 129.1942415162921 24.243067372590303 1874.3289736350998 52.60524879489094 151.42833711160347 108.87012580316514
leaf_count=64507 8186 13333 1189 300 2901 200 717 107269 1314 400 106908 601 11932 6519
internal_value=0.00381298 0.0102752 0.0182023 0.0193286 0.00193428 0.022273 -0.01572 -0.0133063 0.000963094 0.0232786 0.0239216 -0.0177512 -0.00737297 0.00617384
internal_weight=4177.38 3140.94 2352.04 2294.23 334.077 1960.15 1036.44 788.899 239.871 1920.69 1896.45 988.281 312.904 161.475
internal_count=326276 242000 120084 118895 11087 107808 84276 121916 14647 107508 107108 83559 19052 7120
is_linear=0
shrinkage=0.025


Tree=185
num_leaves=15
num_cat=0
split_feature=239 3 4 38 39 225 40 24 32 40 0 38 5 31
split_gain=823.466 356.775 663.519 186.439 138.95 132.066 123.559 101.797 99.8487 96.1234 95.5399 83.5709 78.0176 78.7215
threshold=1.0000000180025095e-35 -4.4999999999999991 1.0000000180025095e-35 30.500000000000004 147.50000000000003 12.500000000000002 4.0000000000000009 198.50000000000003 1.0000000180025095e-35 12.500000000000002 1.0000000180025095e-35 19.500000000000004 1.0000000180025095e-35 17.500000000000004
decision_type=2 2 2 2 2 2 2 2 2 2 2 2 2 2
left_child=1 5 3 8 -2 12 7 -4 -3 10 -10 -8 13 -1
right_child=4 2 6 -5 -6 -7 11 -9 9 -11 -12 -13 -14 -15
leaf_value=-0.00080392112515482626 0.022452955132551786 -0.021385549776701099 -0.023855405171343887 -0.023040219417427482 -0.010707405008541041 0.033750474871130733 0.022317198920586853 0.024642282264221202 0.013571423725763844 -0.022702546912054047 -0.029238108165839938 -0.029527602308917003 0.0096423512779582957 -0.021926240525259974
leaf_weight=131.01150229386985 1207.241840957664 116.41859397152439 25.316292852163315 433.82754886848852 81.7203787881881 29.843452583998442 28.087101951241493 706.22654200159013 334.44822522439063 65.651667471975088 32.92800915800035 48.306174734607339 60.575654928572476 798.51078447746113
leaf_count=7422 87771 17118 202 101029 1819 460 349 22460 4823 5963 231 235 394 76000
internal_value=0.003787 -0.00379435 0.00291631 -0.0108467 0.0203113 -0.015578 0.0196752 0.0228393 -0.00110095 0.00440481 0.00946115 -0.0100282 -0.0171875 -0.0189881
internal_weight=4100.11 2811.15 1791.21 983.274 1288.96 1019.94 807.936 731.543 549.446 433.028 367.376 76.3933 990.098 929.522
internal_count=326276 236686 152410 129164 89590 84276 23246 22662 28135 11017 5054 584 83816 83422
is_linear=0
shrinkage=0.025


Tree=186
num_leaves=15
num_cat=0
split_feature=239 39 10 39 41 225 38 24 38 0 24 35 0 194
split_gain=798.298 244.03 135.935 124.488 106.204 101.858 103.91 98.1129 69.4636 93.3513 59.1002 63.679 67.4011 52.6346
threshold=1.0000000180025095e-35 118.50000000000001 -3.4999999999999996 164.50000000000003 1.5000000000000002 12.500000000000002 21.500000000000004 374.50000000000006 42.500000000000007 1.0000000180025095e-35 197.50000000000003 193.50000000000003 1.0000000180025095e-35 1.0000000180025095e-35
decision_type=2 2 2 2 2 2 2 2 2 2 2 2 2 2
left_child=1 4 -2 8 -1 6 10 -8 9 -4 -3 12 13 -12
right_child=2 5 3 -5 -6 -7 7 -9 -10 -11 11 -13 -14 -15
leaf_value=-0.023109675390698484 -0.024152027610449461 -0.018694648690889742 0.025059241051619344 -0.021089768263977703 0.018568620480298413 0.034991311944614918 -0.019633205602273884 0.0040725647836527146 -0.016363451548229938 -0.02253373157522319 0.0070132914875030445 -0.0098984181514646854 -0.028073722995229974 -0.0099278538788073502
leaf_weight=453.04562840424478 38.948335091583431 81.152995798736811 1139.3938106978312 38.358098229393363 38.827181649394333 46.980272036977112 310.92870875587687 163.50454423995689 24.534596629440784 23.596221109852195 1297.783426550217 212.58902971027419 35.170054260175675 121.92402247944847
leaf_count=93460 303 7233 87602 404 2267 783 39663 10360 405 876 57857 13901 686 10476
internal_value=0.00375886 -0.00376869 0.0201859 0.0216704 -0.0196766 -0.000289341 -0.00109232 -0.0114368 0.0231223 0.0240167 0.00171485 0.00275491 0.00463754 0.00552295
internal_weight=4026.74 2761.91 1264.83 1225.88 491.873 2270.03 2223.05 474.433 1187.52 1162.99 1748.62 1667.47 1454.88 1419.71
internal_count=326276 236686 89590 89287 95727 140959 140176 50023 88883 88478 90153 82920 69019 68333
is_linear=0
shrinkage=0.025


Tree=187
num_leaves=15
num_cat=0
split_feature=3 3 40 234 10 225 24 40 31 3 32 5 185 30
split_gain=790.208 867.33 240.867 187.415 142.953 125.889 122.955 115.209 102.171 84.1927 104.809 78.0027 88.7071 114.18
threshold=-4.4999999999999991 -1.0000000180025095e-35 4.0000000000000009 1.0000000180025095e-35 -3.4999999999999996 3.5000000000000004 195.50000000000003 8.5000000000000018 26.500000000000004 1.0000000180025095e-35 1.0000000180025095e-35 1.0000000180025095e-35 1.0000000180025095e-35 3.5000000000000004
decision_type=2 2 2 2 2 2 2 2 2 2 2 2 2 2
left_child=5 2 3 4 -2 11 -6 9 -4 10 -3 12 -1 -14
right_child=1 7 8 -5 6 -7 -8 -9 -10 -11 -12 -13 13 -15
leaf_value=-0.024598354219713826 -0.023945754495671448 -0.01938852350026328 -0.023175513188968738 -0.024242690991035279 -0.02310998418515044 0.023563327935745653 0.02405285333893592 0.026677096483384219 0.0089198905715696802 -0.019929744876287171 0.020453529618262051 0.011547306034109825 0.0068251350445652104 -0.024103820750243893
leaf_weight=610.45791250141338 38.252666465938091 78.890364008024335 107.85404616547748 52.986733151599765 32.414310313761234 46.157029646448791 1855.3342703003436 40.15583973377943 136.73559343349189 553.21577892778441 80.110128124244511 51.849738195538521 156.13128438685089 136.67112978734076
leaf_count=64301 300 11817 4699 1102 300 717 109601 204 4082 109188 707 258 7103 11897
internal_value=0.00370868 0.0101765 0.0180263 0.0209183 0.0222094 -0.0154629 0.0231944 -0.0129695 -0.00524123 -0.0153423 0.000538037 -0.0174429 -0.0191673 -0.00762507
internal_weight=3977.22 2975.95 2223.58 1978.99 1926 1001.27 1887.75 752.372 244.59 712.216 159 955.11 903.26 292.802
internal_count=326276 242000 120084 111303 110201 84276 109901 121916 8781 121712 12524 83559 83301 19000
is_linear=0
shrinkage=0.025


Tree=188
num_leaves=15
num_cat=0
split_feature=37 3 4 38 20 177 234 3 37 31 37 24 39 35
split_gain=789.814 290.576 525.38 202.315 142.128 113.836 87.8188 87.1113 113.217 84.4181 140.911 81.2721 77.4145 85.2361
threshold=27.500000000000004 -5.4999999999999991 1.0000000180025095e-35 26.500000000000004 20.500000000000004 1.0000000180025095e-35 1.0000000180025095e-35 -3.4999999999999996 8.5000000000000018 17.500000000000004 20.500000000000004 234.50000000000003 123.50000000000001 192.50000000000003
decision_type=2 2 2 2 2 2 2 2 2 2 2 2 2 2
left_child=1 5 3 12 6 9 -2 8 -4 10 -1 -10 -3 -14
right_child=4 2 7 -5 -6 -7 -8 -9 11 -11 -12 -13 13 -15
leaf_value=-0.022923101890255558 0.024363635001978939 -0.015684820120312536 0.02592766602289568 -0.022331274803733946 -0.00171857980591795 0.016978519463441279 -0.024613911557815549 0.022933258189440205 -0.03035079101250257 -0.021879961702084824 0.028916706288100086 0.0082486799598218107 0.0096919441844879953 -0.020249198000439329
leaf_weight=69.977068170905113 1063.3360719857737 147.29879918135703 85.125202409923077 450.19443522207439 159.98940958967432 58.165336549282074 20.585507931187749 539.18549447134137 63.120258472859859 676.41159433778375 56.468032890930772 66.831282710656524 379.79779446870089 67.069979896768928
leaf_count=6274 86732 17129 1618 103738 5358 1345 867 18533 409 72307 793 1314 7220 2639
internal_value=0.00368368 -0.00400117 0.00170765 -0.00974986 0.020105 -0.01592 0.0233451 0.0175807 0.00391649 -0.0183888 0.000168093 -0.0105737 -0.000110883 0.00503747
internal_weight=3903.56 2659.65 1798.62 1044.36 1243.91 861.022 1083.92 754.262 215.077 802.857 126.445 129.952 594.167 446.868
internal_count=326276 233319 152600 130726 92957 80719 87599 21874 3341 79374 7067 1723 26988 9859
is_linear=0
shrinkage=0.025


Tree=189
num_leaves=15
num_cat=0
split_feature=37 38 20 42 0 32 35 20 12 12 35 22 30 35
split_gain=767.344 254.138 133.856 120.765 77.4421 70.5556 70.1814 82.6508 59.6003 56.152 63.5945 50.0282 54.1708 48.6059
threshold=31.500000000000004 21.500000000000004 15.500000000000002 1.5000000000000002 1.0000000180025095e-35 1.0000000180025095e-35 191.50000000000003 1.0000000180025095e-35 52.280015945434577 4.0783731937408456 177.50000000000003 1.0000000180025095e-35 1.5000000000000002 138.50000000000003
decision_type=2 2 2 2 2 2 2 2 2 2 2 2 2 2
left_child=1 5 4 9 -2 -1 7 13 -9 -3 -11 -10 -13 -7
right_child=2 3 -4 -5 -6 6 -8 8 11 10 -12 12 -14 -15
leaf_value=-0.017531232970828352 0.024994644000450091 -0.023015498824093941 -0.003714688899427155 0.014250723877239148 -0.023131664907012642 -0.0094133791773949836 -0.010354512593541469 -0.0044195233817034413 -0.018765453438706732 0.01041225966508599 -0.017080284491433936 0.029105178441433451 0.0056992977028306833 0.021258066579989014
leaf_weight=111.78986203763634 982.89526082202792 505.70844254386611 119.51223909948021 75.460370144341141 18.58737613260746 34.454777587205172 222.35709552187473 538.72936062095687 43.149457384832203 76.225590711459517 150.98839428229257 66.48082927800715 658.23277217056602 232.53674335591495
leaf_count=14847 83724 110021 3545 4071 835 1130 15697 33700 4146 3515 11697 1298 32659 5391
internal_value=0.00365395 -0.00352361 0.02103 -0.015246 0.0240101 0.00144668 0.00266914 0.00454152 0.00191328 -0.0183626 -0.00773301 0.00638868 0.0079919 0.0171468
internal_weight=3837.11 2716.11 1120.99 808.383 1001.48 1907.73 1795.94 1573.58 1306.59 732.922 227.214 767.863 724.714 266.992
internal_count=326276 238172 88104 129304 84559 108868 94021 78324 71803 125233 15212 38103 33957 6521
is_linear=0
shrinkage=0.025


Tree=190
num_leaves=15
num_cat=0
split_feature=37 3 3 40 20 252 5 40 234 37 3 234 171 32
split_gain=746.038 319.88 501.402 145.825 132.482 129.721 120.251 117.847 99.5843 102.652 116.856 94.0724 84.7658 83.493
threshold=31.500000000000004 -5.4999999999999991 1.0000000180025095e-35 8.5000000000000018 15.500000000000002 1.0000000180025095e-35 1.0000000180025095e-35 4.0000000000000009 1.0000000180025095e-35 17.500000000000004 -4.4999999999999991 1.0000000180025095e-35 13.500000000000002 1.5000000000000002
decision_type=2 2 2 2 2 2 2 2 2 2 2 2 2 2
left_child=1 6 5 -4 -2 11 12 8 9 -7 -11 -3 13 -1
right_child=4 2 3 -5 -6 7 -8 -9 -10 10 -12 -13 -14 -15
leaf_value=-0.02386813675259615 0.023995254875810869 -0.023781483802721128 -0.02117413094031986 0.028978612738142201 -0.003624328227174926 0.023612396104377015 0.013044423878103532 -0.0050732670121084169 -0.023626392038618455 -0.031869187613178022 0.012065795377027238 0.07964664760873244 0.047877873590320974 -0.0030254735502697142
leaf_weight=627.72924680751748 977.26412855274975 85.840654877945781 505.27590112481266 36.039291396737099 119.50448160991073 659.64144633803517 78.262530683539808 184.4104151292704 34.316396255046129 40.554784782230854 279.43536191899329 2.8634782154113045 8.7531877961009723 153.05743942037225
leaf_count=68610 84559 11902 108885 102 3545 19101 813 7452 271 200 7800 119 213 12704
internal_value=0.00360412 -0.00346276 0.00246105 -0.0176479 0.0209614 0.0109592 -0.0159379 0.0131384 0.0164803 0.0179786 0.00617589 -0.0176738 -0.0188808 -0.0198415
internal_weight=3792.95 2696.18 1828.38 541.315 1096.77 1287.06 867.802 1198.36 1013.95 979.632 319.99 88.7041 789.54 780.787
internal_count=326276 238172 155832 108987 88104 46845 82340 34824 27372 27101 8000 12021 81527 81314
is_linear=0
shrinkage=0.025


Tree=191
num_leaves=15
num_cat=0
split_feature=37 3 4 38 3 5 0 3 37 226 37 35 24 11
split_gain=724.613 275.206 489.29 189.189 139.054 112.904 91.461 84.1971 107.234 83.8359 76.9772 171.154 76.3973 72.9455
threshold=27.500000000000004 -5.4999999999999991 1.0000000180025095e-35 27.500000000000004 -3.4999999999999996 1.0000000180025095e-35 1.0000000180025095e-35 -3.4999999999999996 8.5000000000000018 1.0000000180025095e-35 20.500000000000004 166.50000000000003 234.50000000000003 5.5000000000000009
decision_type=2 2 2 2 2 2 2 2 2 2 2 2 2 2
left_child=1 5 3 -3 -2 9 13 8 -4 10 -1 -12 -10 -6
right_child=4 2 7 -5 6 -7 -8 -9 12 -11 11 -13 -14 -15
leaf_value=-0.02397490533594375 -0.0068083485904233375 -0.00033894821842928887 0.025728922473304851 -0.022408608442890651 0.024558050631066142 0.012810084933832296 -0.025542124175078562 0.022779577826945771 -0.029565221939071767 0.03317677573541318 0.032255044145200966 -0.022865247669157037 0.0081727081022674019 -0.023782937699807816
leaf_weight=588.52606946416199 108.27026215428486 588.42569939605892 81.756037404760718 413.20622052554972 1024.1377407759428 75.789171344600618 21.318154467269778 517.61176247615367 62.390016552060843 16.103698429185897 50.948773589916527 97.969453102909029 65.228584969416261 17.10773566365242
leaf_count=67056 4477 28290 1618 102436 87504 797 876 18533 409 490 797 11579 1314 100
internal_value=0.00357673 -0.00387355 0.00179732 -0.00950802 0.0198432 -0.0156875 0.0225938 0.017383 0.00379058 -0.0186261 -0.0199209 -0.00357805 -0.0103405 0.0236738
internal_weight=3728.79 2557.96 1728.62 1001.63 1170.83 829.337 1062.56 726.986 209.375 753.548 737.444 148.918 127.619 1041.25
internal_count=326276 233319 152600 130726 92957 80719 88480 21874 3341 79922 79432 12376 1723 87604
is_linear=0
shrinkage=0.025


Tree=192
num_leaves=15
num_cat=0
split_feature=37 38 20 42 0 35 35 20 24 24 12 35 28 0
split_gain=704.496 233.334 129.892 116.415 75.5151 67.0454 65.3026 74.9396 58.8573 89.4403 54.3605 60.4376 46.77 38.3896
threshold=31.500000000000004 21.500000000000004 15.500000000000002 1.5000000000000002 1.0000000180025095e-35 129.50000000000003 191.50000000000003 1.0000000180025095e-35 231.50000000000003 232.50000000000003 4.0783731937408456 177.50000000000003 1.0000000180025095e-35 -6.4999999999999991
decision_type=2 2 2 2 2 2 2 2 2 2 2 2 2 2
left_child=1 5 4 10 -2 -1 7 12 -9 -10 -3 -12 -7 -8
right_child=2 3 -4 -5 -6 6 13 8 9 -11 11 -13 -14 -15
leaf_value=-0.021060828387500782 0.024965213613981709 -0.022867281451738306 -0.0036365614920597597 0.014185188208907138 -0.02304039975132139 -0.017284836792570871 -0.014473736374491772 -0.0065996436084025563 0.038319477226353336 0.0032392351376874084 0.010411479563371982 -0.016802021226591409 0.019132940495266967 0.014537987664465258
leaf_weight=76.123598793055862 914.52595240203664 476.67614802229218 118.01453380472958 74.38931322703138 18.183337045833468 21.095248344354331 188.66368376510218 373.69633493339643 45.262055053375661 856.66583906719461 73.961393177974969 145.81335592456162 252.33533027628437 30.163514127954841
leaf_count=11615 83724 110021 3545 4071 835 1717 14882 24103 202 48694 3515 11697 6537 1118
internal_value=0.00354807 -0.00339468 0.0208101 -0.0149193 0.0239317 0.00142579 0.0024422 0.00426326 0.00167991 0.00514852 -0.0181113 -0.00751469 0.0160758 -0.0102195
internal_weight=3665.57 2614.85 1050.72 770.84 932.709 1844.01 1767.88 1549.05 1275.62 901.928 696.451 219.775 273.431 218.827
internal_count=326276 238172 88104 129304 84559 108868 97253 81253 72999 48896 125233 15212 8254 16000
is_linear=0
shrinkage=0.025


Tree=193
num_leaves=15
num_cat=0
split_feature=37 38 20 42 0 225 252 194 38 39 0 23 247 12
split_gain=684.778 225.594 128.548 112.69 73.8597 64.773 68.9614 73.8078 82.2372 74.8125 69.5139 67.9348 57.3555 54.2427
threshold=31.500000000000004 21.500000000000004 15.500000000000002 1.5000000000000002 1.0000000180025095e-35 3.5000000000000004 1.0000000180025095e-35 1.0000000180025095e-35 19.500000000000004 158.50000000000003 1.0000000180025095e-35 8.5000000000000018 1.0000000180025095e-35 4.0783731937408456
decision_type=2 2 2 2 2 2 2 2 2 2 2 2 2 2
left_child=1 5 4 13 -2 6 -1 9 -9 10 11 -8 -13 -3
right_child=2 3 -4 -5 -6 -7 7 8 -10 -11 -12 12 -14 -15
leaf_value=-0.021679477197132285 0.024953551104023627 -0.022781769993278748 -0.0035481472134205865 0.013873421536423231 -0.022952645805895212 0.026667241075245235 0.019300733276882573 -0.023358876045087889 0.019942273561006731 -0.0059643624414712259 -0.028796700758138782 -0.015906205723463483 0.0063361112487379453 -0.0073687167138297531
leaf_weight=80.306991066318005 892.35927828913555 466.64137339824811 118.00626581721008 74.228970194701105 17.812673281878233 58.316389462444931 242.06174190109596 127.67503330297768 31.604391511529684 397.81400621356443 30.558910140767694 76.330107402987778 792.50486847711727 218.51451256382279
leaf_count=11887 83724 110021 3545 4071 835 931 7939 16963 607 27564 489 4162 38326 15212
internal_value=0.003499 -0.00333399 0.0207387 -0.0147696 0.0239163 0.00139563 0.000509619 0.00160978 -0.0144031 0.00330776 0.00656823 0.00763844 0.00430536 -0.017956
internal_weight=3624.74 2596.56 1028.18 759.385 910.172 1837.17 1778.86 1698.55 159.279 1539.27 1141.46 1110.9 868.835 685.156
internal_count=326276 238172 88104 129304 84559 108868 107937 96050 17570 78480 50916 50427 42488 125233
is_linear=0
shrinkage=0.025


Tree=194
num_leaves=15
num_cat=0
split_feature=3 3 40 10 225 24 40 31 3 35 1 5 185 12
split_gain=691.227 717.802 214.526 128.045 115.48 115.167 99.9312 94.2309 74.1298 98.4512 72.9659 70.7307 85.1901 91.6081
threshold=-4.4999999999999991 -1.0000000180025095e-35 4.0000000000000009 -3.4999999999999996 12.500000000000002 195.50000000000003 8.5000000000000018 26.500000000000004 1.0000000180025095e-35 142.50000000000003 1.5000000000000002 1.0000000180025095e-35 1.0000000180025095e-35 56.153436660766609
decision_type=2 2 2 2 2 2 2 2 2 2 2 2 2 2
left_child=4 2 3 -2 11 -5 8 -4 9 -3 -7 12 -1 -14
right_child=1 6 7 5 -6 10 -8 -9 -10 -11 -12 -13 13 -15
leaf_value=-0.024126737805897396 -0.023605611385821026 -0.019574127147713546 -0.022499132914093549 -0.023127481132876673 0.033077020157038006 0.0016539650909604591 0.025463639429067632 0.0089210766507699848 -0.019475696731632863 0.020764440503601267 0.023752990250689013 0.0091155914520064003 -0.023922700701112659 0.0049534416460478431
leaf_weight=563.94202779931948 37.361677935346961 71.670666033867747 102.67597729619592 32.56922310590744 27.087194552645087 102.33094533719122 37.872136235237122 133.08104159357026 485.97431034618057 73.520620055031031 1579.0427535157651 58.987624329514802 113.5175443594344 162.76084492867813
leaf_count=64406 303 11312 4699 303 460 2192 204 4082 109188 1212 108505 394 9613 9403
internal_value=0.00345118 0.00994073 0.0174811 0.0204936 -0.0151023 0.0215091 -0.0123952 -0.00476898 -0.014816 0.000690289 0.0224282 -0.0166865 -0.0185536 -0.00695123
internal_weight=3582.39 2656.1 1987.06 1751.3 926.295 1713.94 669.038 235.757 631.166 145.191 1681.37 899.208 840.22 276.278
internal_count=326276 242000 120084 111303 84276 111000 121916 8781 121712 12524 110697 83816 83422 19016
is_linear=0
shrinkage=0.025


Tree=195
num_leaves=15
num_cat=0
split_feature=3 3 40 0 10 24 5 40 31 177 226 31 31 3
split_gain=669.044 695.297 209.757 170.514 132.143 118.628 109.503 96.5662 90.6802 74.7556 74.2446 79.2089 131.661 63.2704
threshold=-4.4999999999999991 -1.0000000180025095e-35 4.0000000000000009 1.0000000180025095e-35 -3.4999999999999996 195.50000000000003 1.0000000180025095e-35 8.5000000000000018 26.500000000000004 3.5000000000000004 1.0000000180025095e-35 17.500000000000004 16.500000000000004 1.0000000180025095e-35
decision_type=2 2 2 2 2 2 2 2 2 2 2 2 2 2
left_child=6 2 3 4 -2 -6 10 9 -4 13 11 12 -1 -3
right_child=1 7 8 -5 5 -7 -8 -9 -10 -11 -12 -13 -14 -15
leaf_value=-0.023189064015065836 -0.023404840685334452 -0.001518518823959863 -0.022216773776336473 -0.023870772522006565 -0.022938352145826638 0.02382315988332416 0.01245862458492609 0.025115158848523684 0.0087215823640760682 0.026383851707000555 0.029855745410848747 -0.022059300773642952 0.028054617710172338 -0.02093335687551065
leaf_weight=66.568559732288122 36.694294393062592 140.15031743654981 101.43526326864958 49.872468891553581 31.842791348695755 1597.3894010242075 79.712059715762734 37.484223980456591 132.79425674350932 23.533157990779728 17.0909498850815 693.0160756779369 54.02065359428525 457.8398017717991
leaf_count=6685 300 12447 4699 1102 300 109601 832 204 4082 1136 507 75554 698 108129
internal_value=0.00342539 0.00986877 0.0173705 0.0203985 0.0217793 0.0228534 -0.0149844 -0.0122695 -0.0046827 -0.014674 -0.0176831 -0.0188184 0 -0.016455
internal_weight=3519.44 2609.04 1950.03 1715.8 1665.93 1629.23 910.408 659.008 234.23 621.523 830.696 813.605 120.589 597.99
internal_count=326276 242000 120084 111303 110201 109901 84276 121916 8781 121712 83444 82937 7383 120576
is_linear=0
shrinkage=0.025


Tree=196
num_leaves=15
num_cat=0
split_feature=3 3 40 0 11 24 225 40 24 177 38 35 38 185
split_gain=647.383 673.791 205.41 165.898 128.652 115.56 110.406 93.2104 83.5012 72.3546 73.8544 97.0123 71.3857 66.6716
threshold=-4.4999999999999991 -1.0000000180025095e-35 4.0000000000000009 1.0000000180025095e-35 5.5000000000000009 195.50000000000003 12.500000000000002 8.5000000000000018 498.50000000000006 3.5000000000000004 4.5000000000000009 142.50000000000003 44.500000000000007 1.0000000180025095e-35
decision_type=2 2 2 2 2 2 2 2 2 2 2 2 2 2
left_child=6 2 3 4 5 -2 13 9 -4 10 11 -3 -7 -1
right_child=1 7 8 -5 -6 12 -8 -9 -10 -11 -12 -13 -14 -15
leaf_value=-0.021290630859830729 -0.022770521216210902 -0.021917571450049758 -0.012921979289583496 -0.023716085421284436 -0.023209932688615334 0.024346471359295321 0.032831511909895271 0.024770978797879956 0.021678489150865857 0.026150858390205672 -0.020632612789399443 0.022684145564468728 -0.02205266964942083 -0.0063270920200943275
leaf_weight=583.3467241213657 31.304455801844597 54.88443881412968 178.62951812567189 48.973715212196112 36.109947361052036 1544.6083241244778 26.344858532771468 37.101455427706242 54.117337533272803 23.180464150384068 473.66296370769851 61.228346053510904 18.245282713323832 285.51439843326807
leaf_count=64714 300 9161 8270 1102 300 109301 460 204 511 1136 111019 396 300 19102
internal_value=0.00340026 0.00979962 0.0172743 0.0203234 0.0217028 0.0227774 -0.0148582 -0.0121253 -0.00459728 -0.014509 -0.0162735 0.00137079 0.0237476 -0.0164409
internal_weight=3457.25 2562.05 1911.99 1679.24 1630.27 1594.16 895.206 650.058 232.747 612.956 589.776 116.113 1562.85 868.861
internal_count=326276 242000 120084 111303 110201 109901 84276 121916 8781 121712 120576 9557 109601 83816
is_linear=0
shrinkage=0.025


Tree=197
num_leaves=15
num_cat=0
split_feature=3 3 40 0 10 24 225 39 31 234 30 38 5 185
split_gain=625.919 653.468 201.325 161.532 125.358 112.671 106.983 91.5448 85.9268 85.7048 74.1123 69.7075 68.0256 85.6563
threshold=-4.4999999999999991 -1.0000000180025095e-35 4.0000000000000009 1.0000000180025095e-35 -3.4999999999999996 195.50000000000003 12.500000000000002 136.50000000000003 26.500000000000004 1.0000000180025095e-35 7.5000000000000009 44.500000000000007 1.0000000180025095e-35 1.0000000180025095e-35
decision_type=2 2 2 2 2 2 2 2 2 2 2 2 2 2
left_child=6 2 3 4 -2 -6 12 9 -4 -3 -9 -7 13 -1
right_child=1 7 8 -5 5 11 -8 10 -10 -11 -12 -13 -14 -15
leaf_value=-0.024009011484955271 -0.023016847315741596 -0.01954108572786711 -0.021771021669158775 -0.023562082533796845 -0.022603826275922188 0.024292846636038604 0.032696455686764381 0.018956719625368306 0.0085445887535420956 0.021881484257568071 -0.019635517735840338 -0.021936119454192375 0.0090407109200077423 -0.0064765754722472249
leaf_weight=529.04600765695795 35.534970678389072 474.83227136032656 99.55508515285328 48.092187804169953 30.775725513696671 1509.7623336957768 25.811456745490432 90.469962343107909 131.86629652930424 30.407130942679942 43.317326681455597 17.903908140957355 58.837264257483184 269.74808285059407
leaf_count=64406 300 111708 4699 1102 300 109301 460 3435 4082 1117 5656 300 394 19016
internal_value=0.00337542 0.0097444 0.0171896 0.0202645 0.0216442 0.0227209 -0.0146815 -0.0120228 -0.00450194 -0.0168845 0.00612205 0.0236928 -0.0162454 -0.018166
internal_weight=3395.96 2512.52 1873.49 1642.07 1593.98 1558.44 883.443 639.027 231.421 505.239 133.787 1527.67 857.631 798.794
internal_count=326276 242000 120084 111303 110201 109901 84276 121916 8781 112825 9091 109601 83816 83422
is_linear=0
shrinkage=0.025


Tree=198
num_leaves=15
num_cat=0
split_feature=37 3 4 39 3 5 35 31 31 222 226 24 3 234
split_gain=605.938 268.582 420.032 151.011 109.267 102.16 91.7721 87.8399 121.703 80.6905 80.6275 74.0411 89.0666 72.6272
threshold=31.500000000000004 -5.4999999999999991 1.0000000180025095e-35 123.50000000000001 -3.4999999999999996 1.0000000180025095e-35 191.50000000000003 17.500000000000004 16.500000000000004 1.0000000180025095e-35 1.0000000180025095e-35 231.50000000000003 -3.4999999999999996 1.0000000180025095e-35
decision_type=2 2 2 2 2 2 2 2 2 2 2 2 2 2
left_child=1 5 3 9 -2 7 -5 8 -1 -3 -9 12 -4 -6
right_child=4 2 11 6 13 -7 -8 10 -10 -11 -12 -13 -14 -15
leaf_value=-0.022233606031977552 -0.01095935307248354 -0.020871675326481702 -0.016262923404792993 0.0061988496219526484 0.023927908702703407 0.012079058708148372 -0.018287323915343399 -0.023745649484600558 0.028022870232878874 0.065779348888670819 0.029292160674669412 0.022361143270977546 0.018023266878240855 -0.023910970929102448
leaf_weight=60.203775618690997 61.426805070601404 410.38046772056259 77.610252376645803 411.08657756447792 844.24075892707333 73.802453774027526 121.33320318674669 572.68595473794267 54.422351818531752 3.8504210780374697 15.626341436291112 499.60059601347893 111.05269266944379 17.502928670495749
leaf_count=6421 2553 99645 907 19643 84704 813 13751 73943 702 201 461 17678 4007 847
internal_value=0.0033503 -0.003238 0.00250268 -0.00827587 0.0205431 -0.0153164 0.000500801 -0.0182672 0.00152085 -0.0195391 -0.0221532 0.0173355 0.00375474 0.0228478
internal_weight=3334.83 2411.66 1634.91 946.651 923.17 776.741 532.42 702.938 114.626 414.231 588.312 688.264 188.663 861.744
internal_count=326276 238172 155832 133240 88104 82340 33394 81527 7123 99846 74404 22592 4914 85551
is_linear=0
shrinkage=0.025


Tree=199
num_leaves=15
num_cat=0
split_feature=37 3 4 38 20 0 0 31 37 26 6 0 42 3
split_gain=589.128 231.116 406.741 158.497 122.424 98.6195 110.964 81.5994 96.8166 75.5686 114.045 74.2431 65.1086 65.098
threshold=27.500000000000004 -5.4999999999999991 1.0000000180025095e-35 27.500000000000004 20.500000000000004 -20.499999999999996 -19.499999999999996 17.500000000000004 20.500000000000004 174.50000000000003 81.500000000000014 1.0000000180025095e-35 9.5000000000000018 -4.4999999999999991
decision_type=2 2 2 2 2 2 2 2 2 2 2 2 2 2
left_child=1 5 3 -3 11 7 -7 8 -1 10 13 -2 -5 -4
right_child=4 2 9 12 -6 6 -8 -9 -10 -11 -12 -13 -14 -15
leaf_value=-0.02326966660501658 0.024190620438976823 -0.00048129289183876112 -0.026459312407539817 -0.023287860349103434 -0.0015373832536284442 0.036122032969293595 -0.0092858397246809062 -0.025307752704922495 0.02706692171541011 0.022679881539759236 -0.03018401873851256 -0.024207065242617298 0.056530280776144415 0.019896709869836091
leaf_weight=46.884856417309493 825.41471331380308 546.34987749485299 18.695061583071947 350.67950445809402 145.855666059535 38.40129782515578 175.86566735594533 437.13493542582728 42.766158419195563 444.28590930160135 43.859549250453711 17.493227435275912 3.5605939286760977 142.5348319336772
leaf_count=5046 86732 28290 94 102267 5358 863 16019 58151 640 16242 338 867 169 5200
internal_value=0.00332349 -0.00363103 0.00184914 -0.0089974 0.0194249 -0.015088 -0.000646296 -0.020878 0.000571446 0.0169022 0.00411947 0.0230744 -0.0219476 0.0139842
internal_weight=3279.78 2291.02 1549.97 900.59 988.764 741.053 214.267 526.786 89.651 649.375 205.089 842.908 354.24 161.23
internal_count=326276 233319 152600 130726 92957 80719 16882 63837 5686 21874 5632 87599 102436 5294
is_linear=0
shrinkage=0.025


Tree=200
num_leaves=15
num_cat=0
split_feature=37 238 20 177 36 165 0 252 194 26 36 22 33 22
split_gain=572.25 171.523 117.758 90.6349 66.0279 66.562 64.6867 59.8601 60.468 74.1016 48.2992 42.8287 38.2073 38.1358
threshold=31.500000000000004 1.0000000180025095e-35 15.500000000000002 1.0000000180025095e-35 123.50000000000001 1.0000000180025095e-35 1.0000000180025095e-35 1.0000000180025095e-35 1.0000000180025095e-35 413.50000000000006 118.50000000000001 1.5000000000000002 1.0000000180025095e-35 1.0000000180025095e-35
decision_type=2 2 2 2 2 2 2 2 2 2 2 2 2 2
left_child=1 3 6 7 5 -3 -2 -1 10 -10 13 -12 -4 -9
right_child=2 4 12 -5 -6 -7 -8 8 9 -11 11 -13 -14 -15
leaf_value=-0.022225795416498016 0.024902682494996317 -0.022815279068225919 -0.013368889721572734 0.022594354154980911 0.0075949138346420673 0.022794461449426956 -0.022451181239134976 0.017830081586694677 -0.019667892828227628 0.016759372392951097 -0.0035438734197618602 0.016630908627890698 0.017284989009626391 0.0032681238683804643
leaf_weight=77.636414112057537 758.65316267404705 379.51461371639743 76.349382845684886 103.20632062386721 57.104855736717582 18.226151863113046 15.704901151359079 153.48745186626911 173.09781507193111 40.346942699048668 844.32455596281216 68.048257676884532 34.065961002372205 428.31009352533147
leaf_count=12134 83724 104088 2760 2153 3839 1060 835 4560 26410 1439 52520 3082 785 26887
internal_value=0.0032928 -0.00317003 0.0203905 0.000144859 -0.0168984 -0.0205079 0.0238272 -0.00117471 -0.000165707 -0.0125298 0.00160539 -0.00196228 -0.00348391 0.00722431
internal_weight=3228.08 2343.3 884.773 1888.46 454.846 397.741 774.358 1785.25 1707.62 213.445 1494.17 912.373 110.415 581.798
internal_count=326276 238172 88104 129185 108987 105148 84559 127032 114898 27849 87049 55602 3545 31447
is_linear=0
shrinkage=0.025


Tree=201
num_leaves=15
num_cat=0
split_feature=3 3 40 0 10 24 50 39 31 234 30 38 5 37
split_gain=569.156 583.981 188.026 153.515 122.335 109.033 100.511 86.7372 80.2719 79.2195 69.9074 66.2648 61.5603 59.081
threshold=-4.4999999999999991 -1.0000000180025095e-35 4.0000000000000009 1.0000000180025095e-35 -3.4999999999999996 195.50000000000003 0.063559200614690795 136.50000000000003 26.500000000000004 1.0000000180025095e-35 7.5000000000000009 44.500000000000007 1.0000000180025095e-35 32.500000000000007
decision_type=2 2 2 2 2 2 2 2 2 2 2 2 2 2
left_child=6 2 3 4 -2 -6 12 9 -4 13 -9 -7 -1 -3
right_child=1 7 8 -5 5 11 -8 10 -10 -11 -12 -13 -14 -15
leaf_value=-0.019896782097473753 -0.022909675190679876 -0.021233747577315876 -0.021381743762914879 -0.023419071504435441 -0.022426087291049925 0.024191369544428052 0.0039343505863479343 0.018780146921537087 0.0083526498572221285 0.021580271307342538 -0.019416035041580362 -0.02169853734581792 0.018341287286733707 0.021042601946316901
leaf_weight=663.86915148212574 35.1204988732934 424.62783193937503 96.053941445425153 46.431227289140224 30.152024067938328 1398.5219640731812 150.22290254943073 88.186639930121601 128.85410351818427 28.802538021467626 41.2964593982324 17.184322841465473 24.466293292120099 18.799909021705389
leaf_count=75716 300 111308 4699 1102 300 109301 8462 3435 4082 1117 5656 300 98 400
internal_value=0.00324857 0.00955356 0.0168492 0.0199896 0.021412 0.0225511 -0.0143923 -0.0116298 -0.00435094 -0.0165922 0.0062456 0.023572 -0.0184278 -0.019256
internal_weight=3192.59 2354.03 1752.32 1527.41 1480.98 1445.86 838.558 601.713 224.908 472.23 129.483 1415.71 688.335 443.428
internal_count=326276 242000 120084 111303 110201 109901 84276 121916 8781 112825 9091 109601 75814 111708
is_linear=0
shrinkage=0.025


Tree=202
num_leaves=15
num_cat=0
split_feature=3 3 40 0 10 24 225 40 31 3 28 185 5 30
split_gain=550.228 566.218 184.323 149.45 119.182 106.293 99.1958 84.557 77.2108 67.904 82.1807 65.8302 83.7457 79.8254
threshold=-4.4999999999999991 -1.0000000180025095e-35 4.0000000000000009 1.0000000180025095e-35 -3.4999999999999996 195.50000000000003 12.500000000000002 8.5000000000000018 26.500000000000004 1.0000000180025095e-35 1.0000000180025095e-35 1.0000000180025095e-35 1.0000000180025095e-35 3.5000000000000004
decision_type=2 2 2 2 2 2 2 2 2 2 2 2 2 2
left_child=6 2 3 4 -2 -6 11 9 -4 10 -3 12 -1 -13
right_child=1 7 8 -5 5 -7 -8 -9 -10 -11 -12 13 -14 -15
leaf_value=-0.023886840806880888 -0.02271908609827173 -0.01923469641895004 -0.021102038233861191 -0.023263612647107211 -0.022261406771412223 0.023512293521010749 0.032295134908203876 0.024228776939923188 0.0081645555687888307 -0.018871526427371631 0.019219732147773241 0.0067152883500700969 0.01156250737954235 -0.020102695994879471
leaf_weight=487.54091862286441 34.561962157487869 61.304951867088675 94.947753658983856 45.603452132083476 29.64429697394371 1384.1333071505651 24.673213843256235 35.561691239476204 128.59944687923416 422.30360652832314 72.323941064067185 147.14726538746618 42.767862277105451 125.05078964866698
leaf_count=64406 300 11514 4699 1102 300 109601 460 204 4082 109188 1010 7145 308 11957
internal_value=0.00322379 0.00949637 0.0167606 0.0199266 0.021349 0.0224898 -0.0142264 -0.0115325 -0.0042704 -0.0139826 0.00136003 -0.0158027 -0.0209321 -0.00559918
internal_weight=3136.16 2308.98 1717.49 1493.94 1448.34 1413.78 827.18 591.494 223.547 555.932 133.629 802.507 530.309 272.198
internal_count=326276 242000 120084 111303 110201 109901 84276 121916 8781 121712 12524 83816 64714 19102
is_linear=0
shrinkage=0.025


Tree=203
num_leaves=15
num_cat=0
split_feature=3 3 0 3 33 10 50 39 38 177 30 39 31 26
split_gain=532.255 548.516 132.928 141.533 136.318 115.722 96.4794 81.8913 78.3695 77.9639 65.6226 55.2513 56.3974 55.1522
threshold=-4.4999999999999991 -1.0000000180025095e-35 1.0000000180025095e-35 -3.4999999999999996 1.0000000180025095e-35 -3.4999999999999996 0.063559200614690795 136.50000000000003 42.500000000000007 1.5000000000000002 7.5000000000000009 170.50000000000003 34.500000000000007 440.50000000000006
decision_type=2 2 2 2 2 2 2 2 2 2 2 2 2 2
left_child=6 2 3 4 13 -5 -1 9 11 -3 -9 -7 -13 -2
right_child=1 7 -4 5 -6 8 -8 10 -10 -11 -12 12 -14 -15
leaf_value=-0.018158861836619782 -0.017497490982236543 -0.01857223756629952 -0.023354887235706626 -0.022530075164866076 0.024533463552286448 0.024339577142759385 0.0039312697464779951 0.018393623450778704 -0.022533746799824027 0.029441262661663754 -0.019131860632100896 0.022950941642579797 -0.021767905884230176 0.019413237559042874
leaf_weight=665.36210259515792 150.70709362346679 437.70432513463311 47.383892202749848 34.012714594602585 99.821199941448867 1240.4207136691548 148.2647991552949 86.300440056016669 21.067448236048222 19.193359047174454 39.920209837146103 32.161683045327663 32.306752271950245 27.098553507588804
leaf_count=75814 7825 111760 1189 300 2901 105708 8462 3435 400 1065 5656 1100 300 361
internal_value=0.00319806 0.00942591 0.0166573 0.0178709 0.00148732 0.0211865 -0.0141032 -0.0114056 0.022375 -0.016322 0.00616322 0.0231692 0.000199199 -0.0115051
internal_weight=3081.73 2268.1 1684.98 1637.6 277.627 1359.97 813.627 583.118 1325.96 456.898 126.221 1304.89 64.4684 177.806
internal_count=326276 242000 120084 118895 11087 107808 84276 121916 107508 112825 9091 107108 1400 8186
is_linear=0
shrinkage=0.025


Tree=204
num_leaves=15
num_cat=0
split_feature=37 38 20 42 0 226 40 32 39 23 12 35 24 24
split_gain=517.474 170.145 110.433 102.405 59.4171 57.811 60.6887 61.9406 59.7011 59.8582 55.67 47.6907 47.4359 43.713
threshold=31.500000000000004 21.500000000000004 15.500000000000002 1.5000000000000002 1.0000000180025095e-35 3.5000000000000004 20.000000000000004 1.0000000180025095e-35 158.50000000000003 8.5000000000000018 51.671541213989265 134.50000000000003 417.50000000000006 498.50000000000006
decision_type=2 2 2 2 2 2 2 2 2 2 2 2 2 2
left_child=1 5 4 12 -2 6 7 -1 9 11 13 -9 -3 -11
right_child=2 3 -4 -5 -6 -7 -8 8 -10 10 -12 -13 -14 -15
leaf_value=-0.018209666880787664 0.024873830006511725 -0.021007440381893845 -0.0034276753230467155 0.014291034191487674 -0.022149382999052027 0.030181448788946942 -0.023514617168014229 -0.013031633732198884 -0.0059391487297231586 -0.0074289632371043234 0.0084932401760944732 0.022500623078330395 -0.002698207672129904 0.020813806072008032
leaf_weight=89.635841530980542 691.02158502116799 456.1033107964322 104.70408774912357 68.523832314647734 14.450891439802943 39.276092527899891 59.871079081203789 24.207047402858734 352.44658765569329 324.98901660763659 475.89154194481671 178.64557711873204 114.75157455075532 34.989221537020057
leaf_count=14804 83724 107898 3545 4071 835 556 9193 906 28289 24483 24102 5524 17335 1011
internal_value=0.00317255 -0.00306502 0.0202383 -0.0139173 0.0237856 0.00132894 0.000519994 0.00155417 0.00288197 0.00590753 0.00288653 0.0180109 -0.0174039 -0.00446561
internal_weight=3029.51 2219.33 810.177 639.379 705.472 1579.95 1540.68 1480.8 1391.17 1038.72 835.87 202.853 570.855 359.978
internal_count=326276 238172 88104 129304 84559 108868 108312 99119 84315 56026 49596 6430 125233 25494
is_linear=0
shrinkage=0.025


Tree=205
num_leaves=15
num_cat=0
split_feature=3 3 33 0 40 225 3 3 10 38 234 5 31 31
split_gain=510.07 522.033 199.916 130.002 103.307 94.111 75.4407 96.4771 80.6371 73.366 68.6841 59.0226 70.9181 114.954
threshold=-4.4999999999999991 1.0000000180025095e-35 1.0000000180025095e-35 1.0000000180025095e-35 8.5000000000000018 12.500000000000002 -3.4999999999999996 -1.0000000180025095e-35 -3.4999999999999996 42.500000000000007 1.0000000180025095e-35 1.0000000180025095e-35 17.500000000000004 16.500000000000004
decision_type=2 2 2 2 2 2 2 2 2 2 2 2 2 2
left_child=5 2 6 9 -3 11 -2 8 -8 -4 -9 12 13 -1
right_child=1 4 3 -5 -6 -7 7 10 -10 -11 -12 -13 -14 -15
leaf_value=-0.022863798613511208 -0.011537198022530733 -0.018534648784696902 0.02261411731354751 -0.022322753646877747 0.026600394827676573 0.031984752537635233 -0.022454668800237946 -0.023673398971222195 0.022912266753528455 -0.022331445721340243 0.067280571677257248 0.0083362509245226268 -0.020764799316493089 0.026716644883076974
leaf_weight=57.909206077922136 176.13665980705991 403.51603156351484 1244.3947409773245 40.235987809486687 31.332193613052368 23.965003723278642 25.06609845906496 62.260618307860568 189.86016741674393 20.292114477604628 2.6370178172364822 57.117209084331989 608.48539491719566 53.130555010400712
leaf_count=6722 8268 109188 98603 990 102 460 202 11901 12227 400 119 394 76000 700
internal_value=0.00312787 0.00936144 0.0154232 0.0203937 -0.0150655 -0.0139082 0.001103 0.00918582 0.0172703 0.0218221 -0.0168 -0.015474 -0.0174255 0.000719085
internal_weight=2996.34 2195.73 1760.88 1304.92 434.848 800.607 455.961 279.824 214.926 1264.69 64.8976 776.642 719.525 111.04
internal_count=326276 242000 132710 99993 109290 84276 32717 24449 12429 99003 12020 83816 83422 7422
is_linear=0
shrinkage=0.025


Tree=206
num_leaves=15
num_cat=0
split_feature=3 3 33 0 40 0 0 3 3 10 38 24 31 31
split_gain=493.214 505.016 194.707 126.28 99.9437 91.7243 115.519 72.6827 93.2545 78.4386 71.3893 67.8001 67.6262 91.8568
threshold=-4.4999999999999991 1.0000000180025095e-35 1.0000000180025095e-35 1.0000000180025095e-35 8.5000000000000018 -20.499999999999996 -19.499999999999996 -3.4999999999999996 -1.0000000180025095e-35 -3.4999999999999996 42.500000000000007 195.50000000000003 17.500000000000004 16.500000000000004
decision_type=2 2 2 2 2 2 2 2 2 2 2 2 2 2
left_child=5 2 7 10 -3 12 -7 -2 9 -9 11 -4 13 -1
right_child=1 4 3 -5 -6 6 -8 8 -10 -11 -12 -13 -14 -15
leaf_value=-0.023200387036758845 -0.011297715568876968 -0.01833668118707887 -0.01995608202861885 -0.022144901233960661 0.026372796177249358 0.036297318679805117 -0.0088042254393873951 -0.022259420393419539 -0.016640211157019549 0.022808196122026475 -0.022222888271534846 0.023278391129835194 -0.022908434605316656 0.026442606003068005
leaf_weight=44.776422817260027 175.44597757863812 397.78081283438951 20.322952672839165 39.577564381062984 30.844567999243736 40.639724669512361 186.92390444222838 24.684943684376776 63.635811159852892 186.02039087377489 19.901039808988571 1199.9393232734874 472.86221952666529 42.400214748457074
leaf_count=5365 8268 109188 200 990 102 907 16727 202 12020 12227 400 98403 60716 561
internal_value=0.00310355 0.00928853 0.0153131 0.0202771 -0.0149005 -0.0137836 -0.000273798 0.00109344 0.00914444 0.017173 0.0217012 0.0224907 -0.0191979 0.000743746
internal_weight=2945.76 2158.15 1729.53 1279.74 428.625 787.602 227.564 449.787 274.341 210.705 1240.16 1220.26 560.039 87.1766
internal_count=326276 242000 132710 99993 109290 84276 17634 32717 24449 12429 99003 98603 66642 5926
is_linear=0
shrinkage=0.025


Tree=207
num_leaves=15
num_cat=0
split_feature=37 3 4 38 20 0 0 41 26 38 0 35 0 30
split_gain=479.845 217.013 343.399 147.12 106.486 94.589 106.087 71.1025 68.9904 72.8219 62.7807 56.9546 56.2072 55.2782
threshold=31.500000000000004 -5.4999999999999991 1.0000000180025095e-35 28.500000000000004 15.500000000000002 -20.499999999999996 -19.499999999999996 1.5000000000000002 175.50000000000003 17.500000000000004 -6.4999999999999991 207.50000000000003 1.0000000180025095e-35 1.5000000000000002
decision_type=2 2 2 2 2 2 2 2 2 2 2 2 2 2
left_child=1 5 3 -3 12 13 -7 -5 9 -4 -8 -10 -2 -1
right_child=4 2 8 7 -6 6 10 -9 11 -11 -12 -13 -14 -15
leaf_value=-0.0065444643250718339 0.024851339370797632 0.00018080948093461701 0.01507074725594236 -0.023761916495009878 -0.0034711963687228814 0.036600339489965966 -0.023194831645731558 0.034425449007278411 0.024347464166304268 -0.01664976126683437 0.0067564263374734358 -0.022438025541398326 -0.021884732724225853 -0.025815149822883784
leaf_weight=135.30453159939498 645.66594806779176 527.69843948772177 130.14570430945605 301.36438351916149 101.31480965577066 36.599648772040382 87.47267129435204 10.812227362068368 398.86590650957078 65.144775142893195 80.814604236744344 14.143108453601597 13.733224015682934 347.41822725255042
leaf_count=19354 83724 30207 4827 101428 3545 880 10648 1605 16623 1054 5693 88 835 45765
internal_value=0.00307597 -0.00299149 0.00248828 -0.0078432 0.0200886 -0.0145293 -0.000158021 -0.0213588 0.0167623 0.00427157 -0.00879932 0.022535 0.0237455 -0.0205389
internal_weight=2896.5 2135.78 1448.17 839.875 760.714 687.61 204.887 312.177 608.299 195.29 168.287 413.009 659.399 482.723
internal_count=326276 238172 155832 133240 88104 82340 17221 103033 22592 5881 16341 16711 84559 65119
is_linear=0
shrinkage=0.025


Tree=208
num_leaves=15
num_cat=0
split_feature=37 3 4 38 20 1 1 43 26 6 32 36 1 3
split_gain=466.083 209.858 331.497 144.019 105.328 92.4855 102.363 68.9715 68.389 98.1903 63.0232 93.08 60.9727 57.4575
threshold=31.500000000000004 -5.4999999999999991 1.0000000180025095e-35 28.500000000000004 15.500000000000002 20.500000000000004 19.500000000000004 1.5000000000000002 175.50000000000003 81.500000000000014 1.5000000000000002 116.50000000000001 6.5000000000000009 -4.4999999999999991
decision_type=2 2 2 2 2 2 2 2 2 2 2 2 2 2
left_child=1 5 3 -3 -2 6 12 -5 9 13 -7 -12 -1 -4
right_child=4 2 8 7 -6 10 -8 -9 -10 -11 11 -13 -14 -15
leaf_value=0.0065811834479103052 0.023726861998559428 0.0001763115511589985 -0.025039437368953889 -0.023724714276879146 -0.0033873382187606369 -0.025089087267480922 0.036189480913182449 0.033048450611711577 0.022470388764729742 -0.027832187121308229 0.022875392410253433 -0.024267092560027341 -0.02304633532083147 0.019554898406804567
leaf_weight=80.970252777449787 643.53228373918682 527.70852041756734 17.72878847271204 294.38346851500683 101.3018444608897 374.45439429115504 36.129824464442208 11.1024007871747 403.87355447653681 42.850588269531727 45.54661834333092 53.588732976233587 85.874895455315709 133.564568256028
leaf_count=5693 84559 30207 95 101428 3545 54947 880 1605 16711 359 1523 8649 10648 5427
internal_value=0.00304554 -0.00295625 0.00245588 -0.00770838 0.0200069 -0.0144022 -0.000143362 -0.021279 0.0166267 0.00418652 -0.0204216 -0.00232751 -0.00865858 0.013782
internal_weight=2852.61 2107.78 1431.21 833.194 744.834 676.565 202.975 305.486 598.017 194.144 473.59 99.1354 166.845 151.293
internal_count=326276 238172 155832 133240 88104 82340 17221 103033 22592 5881 65119 10172 16341 5522
is_linear=0
shrinkage=0.025


Tree=209
num_leaves=15
num_cat=0
split_feature=3 3 40 234 11 24 50 40 24 177 38 35 38 36
split_gain=447.953 460.712 161.421 134.07 108.997 103.334 87.5726 72.5439 71.2758 61.551 60.4315 79.3012 57.2475 52.3299
threshold=-4.4999999999999991 -1.0000000180025095e-35 4.0000000000000009 1.0000000180025095e-35 5.5000000000000009 195.50000000000003 0.044716484844684608 8.5000000000000018 498.50000000000006 3.5000000000000004 4.5000000000000009 142.50000000000003 44.500000000000007 126.50000000000001
decision_type=2 2 2 2 2 2 2 2 2 2 2 2 2 2
left_child=6 2 3 4 5 -2 -1 9 -4 10 11 -3 13 -7
right_child=1 7 8 -5 -6 12 -8 -9 -10 -11 -12 -13 -14 -15
leaf_value=-0.018521713633129721 -0.022182321827925143 -0.021298947303383622 -0.012189149521185473 -0.022743453945779396 -0.02212545610092528 0.025230567328789328 0.00071156896406097167 0.023308472806099656 0.020883313957365871 0.025463510702060765 -0.019676142699327447 0.021918070076888521 -0.020973430845524874 0.0031292493918203355
leaf_weight=554.25867030606605 29.338242903351784 46.133977433899418 161.72372478037141 42.763791264034808 33.023439183831215 1113.1246962747537 197.79333579377271 33.243209037929773 50.859545362181962 21.412176895420998 380.82482037949376 54.486862573772669 15.297303926199673 74.974428719840944
leaf_count=69587 300 9161 8270 1102 300 106601 14689 204 511 1136 111019 396 300 2700
internal_value=0.00301595 0.00905741 0.0160799 0.0193596 0.0208521 0.0220746 -0.0134474 -0.0108 -0.00398025 -0.0132292 -0.0151486 0.00181912 0.0232268 0.0238683
internal_weight=2809.26 2057.21 1521.11 1308.52 1265.76 1232.73 752.052 536.101 212.583 502.858 481.446 100.621 1203.4 1188.1
internal_count=326276 242000 120084 111303 110201 109901 84276 121916 8781 121712 120576 9557 109601 109301
is_linear=0
shrinkage=0.025


Tree=210
num_leaves=15
num_cat=0
split_feature=37 39 234 20 35 0 0 0 0 0 26 33 30 10
split_gain=441.348 136.596 114.161 101.345 82.7503 69.8038 76.9238 62.2712 44.8495 43.9867 41.9824 41.3358 35.8434 33.1273
threshold=28.500000000000004 121.50000000000001 1.0000000180025095e-35 15.500000000000002 179.50000000000003 -20.499999999999996 -19.499999999999996 1.0000000180025095e-35 -6.4999999999999991 1.0000000180025095e-35 80.500000000000014 1.0000000180025095e-35 6.5000000000000009 -4.4999999999999991
decision_type=2 2 2 2 2 2 2 2 2 2 2 2 2 2
left_child=1 2 -1 7 9 -6 -7 -2 -8 10 -3 -5 13 -12
right_child=3 4 -4 11 5 6 8 -9 -10 -11 12 -13 -14 -15
leaf_value=-0.020727904864254854 0.024226636317349105 -0.023383525220173156 0.033007045485391601 -0.012014238192654821 -0.01305157880827165 0.045677477796259351 -0.0152032400582002 -0.023831982269374982 0.010983088044117186 -0.023190406827915202 -0.014498782946751741 0.016896781073034408 -0.0011538278624763985 0.010529237311421842
leaf_weight=342.52881287108175 630.72133241035044 27.91462345700711 23.619147126330063 80.943089952692389 418.92559863184579 22.508700749836862 72.719535941723734 14.509739788249133 85.507484682369977 32.139905132353306 31.471613981295377 45.74103713221848 290.14069926529191 642.77771964948624
leaf_count=99777 86048 1499 997 3533 48923 649 7979 859 4317 711 4906 1303 26983 37792
internal_value=0.00299086 -0.00322612 -0.0169538 0.019003 -9.03469e-05 -0.00745978 0.00536682 0.0230021 -0.000955775 0.00420822 0.00518798 -0.00123335 0.00611079 0.00926505
internal_weight=2762.17 1990.25 366.148 771.915 1624.11 599.661 180.736 645.231 158.227 1024.44 992.305 126.684 964.39 674.249
internal_count=326276 234533 100774 91743 133759 61868 12945 86907 12296 71891 71180 4836 69681 42698
is_linear=0
shrinkage=0.025


Tree=211
num_leaves=15
num_cat=0
split_feature=3 3 40 0 10 24 225 40 185 12 35 5 3 24
split_gain=431.79 437.96 156.353 128.025 104.909 99.8285 86.1415 70.9681 67.6885 77.0876 93.4589 75.7836 75.4456 67.5109
threshold=-4.4999999999999991 -1.0000000180025095e-35 4.0000000000000009 1.0000000180025095e-35 -3.4999999999999996 195.50000000000003 12.500000000000002 8.5000000000000018 1.0000000180025095e-35 56.153436660766609 168.50000000000003 1.0000000180025095e-35 -5.4999999999999991 498.50000000000006
decision_type=2 2 2 2 2 2 2 2 2 2 2 2 2 2
left_child=6 2 3 4 -2 -6 8 -3 11 -10 -11 -1 -12 -4
right_child=1 7 13 -5 5 -7 -8 -9 9 10 12 -13 -14 -15
leaf_value=-0.023624886031633024 -0.021853841590405029 -0.013091452637074409 -0.011864350672727772 -0.022466998041123259 -0.021954923268845392 0.023176448593861775 0.031490150332840854 0.023179821983271703 -0.020948512657468523 0.037011918860930568 -0.018146702552219101 0.010792867738327253 0.027029916907418225 0.020585731796254055
leaf_weight=426.56969770230353 32.213529191911221 487.66048491932452 160.02058896585368 41.404293190687895 28.642995588481426 1160.0725969416089 22.874754333868623 33.033273365348577 100.09575112885796 42.701278578490019 79.012012687744573 41.325989052653313 28.991873007267714 49.880959751084447
leaf_count=64406 300 121712 8270 1102 300 109601 460 204 9662 101 9238 308 101 511
internal_value=0.00294546 0.00901096 0.0159795 0.0192985 0.0207868 0.0220155 -0.0132923 -0.010623 -0.0148772 -0.00420298 0.00694825 -0.0204825 -0.00539179 -0.00385408
internal_weight=2734.5 1992.93 1472.23 1262.33 1220.93 1188.72 741.571 520.694 718.697 250.801 150.705 467.896 108.004 209.902
internal_count=326276 242000 120084 111303 110201 109901 84276 121916 83816 19102 9440 64714 9339 8781
is_linear=0
shrinkage=0.025


Tree=212
num_leaves=15
num_cat=0
split_feature=37 3 188 38 20 0 0 42 0 24 38 24 32 36
split_gain=420.23 191.15 290.275 103.351 98.3272 90.3615 95.6579 78.2058 71.5845 75.397 81.7062 65.6106 61.7546 86.899
threshold=31.500000000000004 -5.4999999999999991 1.0000000180025095e-35 27.500000000000004 15.500000000000002 -20.499999999999996 -19.499999999999996 1.5000000000000002 1.0000000180025095e-35 232.50000000000003 17.500000000000004 198.50000000000003 1.5000000000000002 116.50000000000001
decision_type=2 2 2 2 2 2 2 2 2 2 2 2 2 2
left_child=1 5 3 -3 -2 12 -7 -5 9 10 11 -4 -1 -14
right_child=4 2 8 7 -6 6 -8 -9 -10 -11 -12 -13 13 -15
leaf_value=-0.025041712942165797 0.023632096219667127 0 -0.02216472061099339 -0.022893691364551504 -0.0030306588957437117 0.035809654970878478 -0.0081911285023141527 0.015250006501095207 -0.023506685041761177 0.023381833066205528 -0.023349062938522892 0.024304749642240206 0.02225310376170124 -0.024165703984454074
leaf_weight=351.69762012572028 587.47584284376353 462.37014675582759 20.947604551911354 280.81707379897125 98.623809451237321 35.048180897487327 160.88500213786028 35.190918717067689 24.678838215768337 400.79524296429008 48.084061324596405 87.790291156619787 44.832864830736071 50.097995851421729
leaf_count=54947 84559 29753 200 101338 3545 880 16341 2921 216 16903 401 4100 1523 8649
internal_value=0.00292121 -0.00285676 0.00243793 -0.00751797 0.0197667 -0.0140666 0 -0.0184641 0.0157594 0.0176583 0.00270976 0.0147742 -0.0202411 -0.00197814
internal_weight=2689.34 2003.24 1360.67 778.378 686.1 642.562 195.933 316.008 582.296 557.617 156.822 108.738 446.628 94.9309
internal_count=326276 238172 155832 134012 88104 82340 17221 104259 21820 21604 4701 4300 65119 10172
is_linear=0
shrinkage=0.025


Tree=213
num_leaves=15
num_cat=0
split_feature=3 3 33 0 40 0 0 31 31 38 3 28 11 39
split_gain=405.276 414.18 178.557 112.67 91.3984 84.325 97.4426 65.0815 82.3351 62.7116 62.1391 85.1642 68.9172 56.6088
threshold=-4.4999999999999991 1.0000000180025095e-35 1.0000000180025095e-35 1.0000000180025095e-35 8.5000000000000018 -20.499999999999996 -19.499999999999996 17.500000000000004 16.500000000000004 42.500000000000007 -3.4999999999999996 1.0000000180025095e-35 5.5000000000000009 170.50000000000003
decision_type=2 2 2 2 2 2 2 2 2 2 2 2 2 2
left_child=5 2 10 9 -3 7 -7 8 -1 13 -2 -12 -13 -4
right_child=1 4 3 -5 -6 6 -8 -9 -10 -11 11 12 -14 -15
leaf_value=-0.022881756953730743 -0.010929707416840408 -0.017755278241264837 0.023529016719066667 -0.021422829306045069 0.025852129641677352 0.034728415292034277 -0.0079376564841742783 -0.02262730207229819 0.025862564890240605 -0.021683389320337407 -0.018418908522799891 0.021779129756948137 -0.021584828441857641 -0.00054845591955056936
leaf_weight=39.732597519177943 168.47796905366704 357.13939461763948 1009.2529407576658 37.106998389586806 29.70664219558239 38.079146330012009 177.26125363283791 420.77898704330437 40.785394222475588 18.001210801303387 53.697696537245065 172.65575108118355 23.324535203166306 62.646710006520152
leaf_count=5365 8268 109188 97103 990 102 907 16727 60716 561 400 11514 12733 202 1500
internal_value=0.00289186 0.0088536 0.01465 0.0198156 -0.0141693 -0.0131158 0 -0.018708 0.00155183 0.0212974 0.000626621 0.00856073 0.0162449 0.022101
internal_weight=2648.65 1932.01 1545.16 1127.01 386.846 716.637 215.34 501.297 80.518 1089.9 418.156 249.678 195.98 1071.9
internal_count=326276 242000 132710 99993 109290 84276 17634 66642 5926 99003 32717 24449 12935 98603
is_linear=0
shrinkage=0.025


Tree=214
num_leaves=15
num_cat=0
split_feature=37 177 39 35 37 24 24 12 234 35 27 25 10 234
split_gain=398.5 108.4 110.784 112.069 102.617 60.0615 64.1734 57.0587 51.9806 45.3901 36.8066 36.6206 35.0135 30.9687
threshold=33.500000000000007 1.0000000180025095e-35 121.50000000000001 192.50000000000003 22.500000000000004 231.50000000000003 232.50000000000003 86.413913726806655 1.0000000180025095e-35 190.50000000000003 0.80652770400047313 84.500000000000014 -4.4999999999999991 1.0000000180025095e-35
decision_type=2 2 2 2 2 2 2 2 2 2 2 2 2 2
left_child=1 2 4 5 13 9 -7 8 -2 -4 11 -3 -8 -1
right_child=7 10 3 -5 -6 6 12 -9 -10 -11 -12 -13 -14 -15
leaf_value=-0.023608124329488073 0.023930163647344273 -0.0063241098743480779 -0.0095435402657957358 -0.016080457574002574 0.014084302084563117 0.034160510733848612 -0.019781653904460312 -0.011469810484106535 -0.022137404361454751 0.019664388510793142 -0.028856336091345337 0.030261308715436593 0.0048930247801703833 0.017202925916949201
leaf_weight=292.66367857111618 546.62019421812147 18.346171444747597 325.1909748793114 252.61288837250322 55.305746694095433 43.331764053553343 34.252981007099152 29.534501813352108 12.950639870017765 33.713920731795952 5.9488212582655242 93.601486292667687 853.03373933397233 9.3279254008084518
leaf_count=96308 80217 782 28464 33251 8058 501 6736 811 802 1197 206 2430 66215 298
internal_value=0.00286398 -0.00241439 -0.00388078 -0.000945634 -0.0163665 0.00203032 0.00539234 0.0209021 0.0227072 -0.00659054 0.0205139 0.0240396 0.00384895 -0.0221088
internal_weight=2606.44 2017.33 1899.43 1542.14 357.297 1289.52 930.618 589.105 559.571 358.905 117.896 111.948 887.287 301.992
internal_count=326276 244446 241028 136364 104664 103113 73452 81830 81019 29661 3418 3212 72951 96606
is_linear=0
shrinkage=0.025


Tree=215
num_leaves=15
num_cat=0
split_feature=3 3 33 0 0 0 25 31 31 38 24 36 31 0
split_gain=391.603 393.422 172.738 108.865 81.9546 93.6563 64.022 61.5305 77.7959 59.6545 61.7469 56.5931 56.9204 51.853
threshold=-4.4999999999999991 1.0000000180025095e-35 1.0000000180025095e-35 1.0000000180025095e-35 -20.499999999999996 -19.499999999999996 117.50000000000001 17.500000000000004 16.500000000000004 42.500000000000007 195.50000000000003 126.50000000000001 34.500000000000007 -6.4999999999999991
decision_type=2 2 2 2 2 2 2 2 2 2 2 2 2 2
left_child=4 2 6 9 7 -6 -2 8 -1 10 -4 -12 -13 -7
right_child=1 -3 3 -5 5 13 -8 -9 -10 -11 11 12 -14 -15
leaf_value=-0.022820204798853747 -0.0050599793037236756 -0.01398077021025212 -0.019366347997178932 -0.021222372603508528 0.034282116038905082 -0.020639541254790318 0.017476371233947279 -0.022490640067441888 0.024970133387124966 -0.02145413915731129 0.024416722159410802 0.022125570248029795 -0.021943504569095197 0.0059858549300298783
leaf_weight=38.803635627031326 307.09116579080001 375.51835800940171 19.323579549789429 36.324524348601699 37.42722973274067 91.603028760757297 102.5116179487668 411.35336854029447 40.268244005739689 17.294332418590784 951.14603643631563 34.526193712837994 32.743063472211361 84.373771081678569
leaf_count=5365 26016 109290 200 990 907 10901 6701 60716 561 400 96002 2101 300 5826
internal_value=0.00282098 0.00879165 0.0145221 0.0197063 -0.0130318 0 0.00060568 -0.0186302 0.00123607 0.0211953 0.0219899 0.0228537 0.000298286 -0.0078477
internal_weight=2580.31 1876.48 1500.96 1091.36 703.829 213.404 409.603 490.425 79.0719 1055.03 1037.74 1018.42 67.2693 175.977
internal_count=326276 242000 132710 99993 84276 17634 32717 66642 5926 99003 98603 98403 2401 16727
is_linear=0
shrinkage=0.025


Tree=216
num_leaves=15
num_cat=0
split_feature=37 3 3 33 40 35 0 0 24 32 36 0 165 0
split_gain=378.211 189.187 244.546 99.6971 91.1003 89.1581 87.4377 87.3486 61.3388 57.9629 78.5651 57.8478 56.1566 56.1104
threshold=33.500000000000007 -5.4999999999999991 1.0000000180025095e-35 1.0000000180025095e-35 8.5000000000000018 200.50000000000003 -20.499999999999996 -19.499999999999996 377.50000000000006 1.5000000000000002 116.50000000000001 -6.4999999999999991 1.0000000180025095e-35 1.0000000180025095e-35
decision_type=2 2 2 2 2 2 2 2 2 2 2 2 2 2
left_child=1 6 3 8 12 13 9 -8 -3 -1 -11 -9 -4 -5
right_child=-2 2 4 5 -6 -7 7 11 -10 10 -12 -13 -14 -15
leaf_value=-0.024963769596625236 0.020776798269732905 -0.0091431304661465287 -0.020935939576048487 0.01933343785862154 0.025593420848129517 -0.012210585919522215 0.034311132717464991 -0.022664442090242629 0.014352375980464913 0.021139952081682966 -0.024035909204942391 0.00686282822565327 0.021546997165017723 -0.016862415180264632
leaf_weight=332.11527911783196 564.97516502439976 228.95357318851165 315.91124427085742 582.19630503980443 29.135638296604156 66.135780735872686 34.798886678880081 79.475576850352809 95.784586508991197 43.485149180516601 46.681472706375644 79.445868030190468 17.769312873249874 25.096309877932072
leaf_count=55348 81830 19057 107882 27202 102 1112 889 10715 4863 1523 8649 5728 1104 272
internal_value=0.00279107 -0.00235988 0.00283081 0.00923214 -0.0146432 0.0147035 -0.0138266 0 -0.00206869 -0.0201682 -0.00200121 -0.0078955 -0.0184275 0.0177211
internal_weight=2541.96 1976.98 1360.98 998.167 362.816 673.428 616.002 193.72 324.738 422.282 90.1666 158.921 333.681 607.293
internal_count=326276 244446 161594 52506 109088 28586 82852 17332 23920 65520 10172 16443 108986 27474
is_linear=0
shrinkage=0.025


Tree=217
num_leaves=15
num_cat=0
split_feature=3 3 40 0 10 24 0 0 39 234 24 31 12 39
split_gain=367.229 368.098 144.597 116.109 100.198 94.8787 78.4549 87.0774 64.3239 71.7192 63.8386 59.4717 74.1924 57.3184
threshold=-4.4999999999999991 -1.0000000180025095e-35 4.0000000000000009 1.0000000180025095e-35 -3.4999999999999996 195.50000000000003 -20.499999999999996 -19.499999999999996 136.50000000000003 1.0000000180025095e-35 498.50000000000006 17.500000000000004 74.611885070800795 170.50000000000003
decision_type=2 2 2 2 2 2 2 2 2 2 2 2 2 2
left_child=6 2 3 4 -2 -6 11 -8 9 -3 -4 12 -1 -7
right_child=1 8 10 -5 5 13 7 -9 -10 -11 -12 -13 -14 -15
leaf_value=-0.022677465115690184 -0.021610381998429851 -0.018068281234174491 -0.011853942808132012 -0.021903550789000577 -0.021674328968006459 0.024428736430219266 0.033386931221139504 -0.0076125224968467131 0.0066528658647129176 0.021307845838078768 0.020168693685232539 -0.022319747496074627 0.024593403222060148 -0.00015381047384053161
leaf_weight=37.368646195624024 31.56379172950983 347.01794926612638 154.43049750523642 39.196011999621987 27.810848079621792 975.89026054227725 36.643996848724782 173.57697062497027 108.83764076908119 28.450845021754503 48.423745720647275 396.10945690143853 39.577346388017759 60.913794624619186
leaf_count=5046 300 111708 8270 1102 300 108101 907 16727 9091 1117 511 60716 880 1500
internal_value=0.00276155 0.00862771 0.0153853 0.0188552 0.0203911 0.021717 -0.0128184 0 -0.00997326 -0.0148733 -0.00390578 -0.0184356 0.00133419 0.0229642
internal_weight=2505.81 1822.54 1338.23 1135.37 1096.18 1064.61 683.276 210.221 484.306 375.469 202.854 473.055 76.946 1036.8
internal_count=326276 242000 120084 111303 110201 109901 84276 17634 121916 112825 8781 66642 5926 109601
is_linear=0
shrinkage=0.025


Tree=218
num_leaves=15
num_cat=0
split_feature=37 38 0 12 226 40 32 0 249 24 70 249 0 10
split_gain=357.855 117.801 88.1348 55.5061 51.4447 57.4022 51.778 49.8171 47.0183 44.1589 41.5539 39.5849 42.6743 40.9987
threshold=33.500000000000007 21.500000000000004 -6.4999999999999991 86.413913726806655 6.5000000000000009 20.000000000000004 1.0000000180025095e-35 1.0000000180025095e-35 1.0000000180025095e-35 198.50000000000003 -0.005003586644306778 1.0000000180025095e-35 1.0000000180025095e-35 -4.4999999999999991
decision_type=2 2 2 2 2 2 2 2 2 2 2 2 2 2
left_child=1 4 8 7 5 6 -1 -2 -3 -8 -4 12 13 -11
right_child=3 2 10 -5 -6 -7 9 -9 -10 11 -12 -13 -14 -15
leaf_value=-0.017617683100210169 0.023790640259646011 -0.018501242590695244 -0.019400906955846977 -0.011551876024259312 0.033059487848443037 -0.023243011107274596 -0.01648106045641019 -0.022000773446250021 0.01454772315755605 -0.017059814761228292 0.021054279795634963 -0.016361241382663712 -0.022383508030026741 0.0072103233251802224
leaf_weight=76.684730980545282 501.96051813801751 430.49089783872478 17.756480474956334 28.9700623517856 28.616246582008898 56.413567106006667 64.288514577317983 12.496668676845728 25.675491809146479 42.042647569440305 62.441574082244188 51.8171590953134 30.435100269271061 1036.0063546758611
leaf_count=14817 80217 119181 4622 811 453 9602 7151 802 1514 7768 4393 3524 782 70639
internal_value=0.00273564 -0.0023231 -0.0122419 0.0205939 0.00151464 0.000759972 0.0018708 0.0225089 -0.0165037 0.00315162 0.0114201 0.00430059 0.00533049 0.00619597
internal_weight=2466.1 1922.67 536.364 543.427 1386.3 1357.69 1301.27 514.457 456.166 1224.59 80.1981 1160.3 1108.48 1078.05
internal_count=326276 244446 129710 81830 114736 114283 104681 81019 120695 89864 9015 82713 79189 78407
is_linear=0
shrinkage=0.025


Tree=219
num_leaves=15
num_cat=0
split_feature=3 3 33 0 39 0 40 0 31 31 31 38 24 25
split_gain=353.681 335.766 143.879 89.0357 90.8921 87.3031 82.7426 82.7214 70.7835 71.4658 68.7781 60.6825 60.6393 59.3369
threshold=-5.4999999999999991 1.0000000180025095e-35 1.0000000180025095e-35 1.0000000180025095e-35 170.50000000000003 -20.499999999999996 8.5000000000000018 -19.499999999999996 17.500000000000004 16.500000000000004 34.500000000000007 42.500000000000007 195.50000000000003 117.50000000000001
decision_type=2 2 2 2 2 2 2 2 2 2 2 2 2 2
left_child=5 2 13 4 11 8 -3 -7 9 -1 -6 12 -4 -2
right_child=1 6 3 -5 10 7 -8 -9 -10 -11 -12 -13 -14 -15
leaf_value=-0.022616515231475971 -0.0050156737723605245 -0.017132384062265128 -0.019032681282715055 -0.019505073259502084 0.022549123088640571 0.033092335190419382 0.025270463037145231 -0.0077101934457329147 -0.025040436535396688 0.0241251725572975 -0.024172317667183182 -0.021449499127347872 0.023382248077878864 0.017088150709848232
leaf_weight=36.452284579863772 297.99420072278008 327.41736259614117 18.778597563505173 34.94351529609412 28.785989983007312 35.332662183558568 28.41822849214077 160.55148873012513 338.8523970770184 39.303290577605367 48.14532832801342 17.256261937320232 931.61730014812201 98.408640997949988
leaf_count=5365 26016 109188 200 993 1200 904 102 16667 60476 561 400 400 97103 6701
internal_value=0.00268961 0.00818967 0.013451 0.0181703 0.0195067 -0.0137318 -0.0134933 0 -0.0201908 0.00131167 -0.00618725 0.021588 0.0224607 0.000496234
internal_weight=2442.26 1831.77 1475.93 1079.53 1044.58 610.492 355.836 195.884 414.608 75.7556 76.9313 967.652 950.396 396.403
internal_count=326276 242303 133013 100296 99303 83973 109290 17571 66402 5926 1600 97703 97303 32717
is_linear=0
shrinkage=0.025


Tree=220
num_leaves=15
num_cat=0
split_feature=3 3 40 0 10 0 0 39 234 37 39 38 30 0
split_gain=342.823 338.854 139.951 108.321 96.3125 75.0223 80.8434 59.7833 68.8011 53.8983 50.5224 51.1781 50.2179 48.9417
threshold=-4.4999999999999991 -1.0000000180025095e-35 4.0000000000000009 1.0000000180025095e-35 -3.4999999999999996 -20.499999999999996 -19.499999999999996 136.50000000000003 1.0000000180025095e-35 32.500000000000007 170.50000000000003 44.500000000000007 7.5000000000000009 -6.4999999999999991
decision_type=2 2 2 2 2 2 2 2 2 2 2 2 2 2
left_child=5 2 3 4 -2 -1 -7 8 9 -3 11 -6 -9 -8
right_child=1 7 -4 -5 10 6 13 12 -10 -11 -12 -13 -14 -15
leaf_value=-0.018244324183663462 -0.02134949763287795 -0.020232401499074203 -0.0039467542145168238 -0.021508726096249434 0.023739338716208244 0.032455745219650889 -0.020198391727687202 0.018013706655837635 0.021171152246320178 0.020939067638141601 -0.0002809076505384161 -0.020388065468864069 -0.017748892886459516 0.0059447070671663892
leaf_weight=454.93027976690792 30.843189314007759 314.60258602700196 199.04146485938691 37.407490582205355 934.58124521002173 35.923200769815594 87.781224435893819 73.304190069204196 27.957400800660253 18.236049335449934 59.715153803117573 13.951071444898842 32.837501208530739 84.112260681344196
leaf_count=66642 300 111308 8781 1102 108101 907 10901 3435 1117 400 1500 300 5656 5826
internal_value=0.00266205 0.00848933 0.0151581 0.0187149 0.0202447 -0.0125906 -1.18414e-05 -0.00965522 -0.0145021 -0.0177353 0.0216014 0.0230018 0.00653687 -0.00738037
internal_weight=2405.22 1742.48 1275.54 1076.5 1039.09 662.747 207.817 466.938 360.796 332.839 1008.25 948.532 106.142 171.893
internal_count=326276 242000 120084 111303 110201 84276 17634 121916 112825 111708 109901 108401 9091 16727
is_linear=0
shrinkage=0.025


Tree=221
num_leaves=15
num_cat=0
split_feature=37 38 225 35 236 20 24 24 132 0 35 33 252 0
split_gain=331.927 107.773 75.6434 76.3141 73.6786 54.0741 51.4957 60.1629 43.8367 43.1893 39.8284 36.6323 36.031 50.0524
threshold=33.500000000000007 32.500000000000007 12.500000000000002 192.50000000000003 1.0000000180025095e-35 28.500000000000004 231.50000000000003 232.50000000000003 1.0000000180025095e-35 1.0000000180025095e-35 190.50000000000003 1.0000000180025095e-35 1.0000000180025095e-35 1.0000000180025095e-35
decision_type=2 2 2 2 2 2 2 2 2 2 2 2 2 2
left_child=1 2 3 6 -3 9 10 -8 -6 -2 11 -1 -9 -14
right_child=5 4 -4 -5 8 -7 7 12 -10 -11 -12 -13 13 -15
leaf_value=-0.020545214120113023 0.024703998145362185 0.016773817599170304 0.03492652608576443 -0.014398669712300386 -0.02242994898393437 -0.0011611045337467812 0.033064885896505518 -0.016291107854347436 0.066996383752059407 -0.02022930779482765 0.019126591486464537 -0.0029819048861913465 0.0057088132778576528 -0.027478431736133124
leaf_weight=108.20666244241875 438.29560128273442 33.365333603112958 35.396435710135847 212.70797946350649 244.01610973419156 61.3265813854523 41.915740492288023 51.703547562239692 0.51179916923865576 11.034940251149235 32.26322000939399 240.31184104201384 831.10065207269508 26.242620528675616
leaf_count=12817 78657 2068 756 22891 100772 2388 303 10092 16 785 1207 22978 69871 675
internal_value=0.00263529 -0.00226729 0.000253625 -0.000591039 -0.0165376 0.0204283 0.00162301 0.00474561 -0.0213321 0.0234184 -0.00608636 -0.00863482 0.00330795 0.00457164
internal_weight=2368.4 1857.74 1579.85 1544.45 277.893 510.657 1331.74 950.963 244.528 449.331 380.782 348.519 909.047 857.343
internal_count=326276 244446 141590 140834 102856 81830 117943 80941 100788 79442 37002 35795 80638 70546
is_linear=0
shrinkage=0.025


Tree=222
num_leaves=15
num_cat=0
split_feature=3 3 33 1 234 39 40 1 24 3 28 10 1 32
split_gain=332.42 309.766 137.624 83.6915 82.1024 85.2806 76.8432 76.34 57.8969 56.2697 72.5381 61.5824 52.276 52.1777
threshold=-5.4999999999999991 1.0000000180025095e-35 1.0000000180025095e-35 20.500000000000004 1.0000000180025095e-35 170.50000000000003 8.5000000000000018 19.500000000000004 195.50000000000003 -3.4999999999999996 1.0000000180025095e-35 -3.4999999999999996 6.5000000000000009 1.5000000000000002
decision_type=2 2 2 2 2 2 2 2 2 2 2 2 2 2
left_child=3 2 9 7 5 8 -3 12 -4 -2 -11 -12 -1 -5
right_child=1 6 4 13 -6 -7 -8 -9 -10 10 11 -13 -14 -15
leaf_value=0.0064257057433776618 -0.010636650687371884 -0.016856003159669664 -0.019048128189603403 -0.024825577513484284 -0.01897171803467344 -0.0058358803673808609 0.024769334225896937 0.032095902321083836 0.022352023185664049 -0.017687487118186043 -0.020839680034737681 0.021509416425922277 -0.021683247941234413 -0.0026051308735395872
leaf_weight=79.949266974348575 161.45395385078155 312.3327545922948 18.803473018109798 310.8945777938934 33.317589050158858 75.060173865407705 27.295221500098705 34.543972066836432 899.6697487491183 48.221767692128196 21.774839415214956 156.26756206946447 78.427554291673005 87.89284286252223
leaf_count=5805 8268 109188 200 55828 992 1600 102 904 97504 11514 202 12733 10862 10574
internal_value=0.00259653 0.00807024 0.0132239 -0.0135478 0.0180042 0.0193226 -0.0132501 0 0.0214181 0.000458717 0.0085206 0.0159325 -0.00748315 -0.0200464
internal_weight=2345.91 1754.2 1414.57 591.708 1026.85 993.533 339.628 192.921 918.473 387.718 226.264 178.042 158.377 398.787
internal_count=326276 242303 133013 83973 100296 99304 109290 17571 97704 32717 24449 12935 16667 66402
is_linear=0
shrinkage=0.025


Tree=223
num_leaves=15
num_cat=0
split_feature=37 38 0 12 226 40 35 32 24 0 249 0 249 10
split_gain=315.255 101.744 84.4107 51.5828 48.4486 54.0702 45.808 51.7171 49.5446 45.5276 44.2166 43.11 47.3345 47.5078
threshold=33.500000000000007 21.500000000000004 -6.4999999999999991 86.413913726806655 3.5000000000000004 20.000000000000004 202.50000000000003 1.0000000180025095e-35 198.50000000000003 1.0000000180025095e-35 1.0000000180025095e-35 1.0000000180025095e-35 1.0000000180025095e-35 -4.4999999999999991
decision_type=2 2 2 2 2 2 2 2 2 2 2 2 2 2
left_child=1 4 10 9 5 6 7 -1 -9 -2 -3 12 13 -10
right_child=3 2 -4 -5 -6 -7 -8 8 11 -11 -12 -13 -14 -15
leaf_value=-0.017298131253952295 0.023637144195024374 -0.018191902779831199 0.011640564701627358 -0.011190734186683062 0.028621306807308223 -0.023380581351299529 -0.018423019701974103 -0.017210881848615998 -0.019171544652098794 -0.021602363514822674 0.014443006332848111 -0.023203941488626891 -0.016777127803902302 0.0088432035699397057
leaf_weight=71.281503091566265 450.48701902199537 400.48306772171054 77.961238183663227 27.816976375877857 36.737441736739129 53.264898009598255 63.785065382486209 60.165868976851925 36.164657539222389 11.538116095587609 24.702972867060453 28.396369287511334 48.694296879461035 919.21844682306983
leaf_count=14804 80217 119181 9015 811 590 9599 2819 6947 7527 802 1514 781 3487 68182
internal_value=0.00256764 -0.00221754 -0.0117507 0.0203112 0.00142204 0.000557456 0.0016708 0.00283793 0.00421815 0.0223215 -0.0161495 0.00553729 0.00644165 0.00769997
internal_weight=2310.7 1820.86 503.147 489.842 1317.71 1280.97 1227.71 1163.92 1092.64 462.025 425.186 1032.47 1004.08 955.383
internal_count=326276 244446 129710 81830 114736 114146 104547 101728 86924 81019 120695 79977 79196 75709
is_linear=0
shrinkage=0.025


Tree=224
num_leaves=15
num_cat=0
split_feature=37 225 39 20 35 32 0 0 0 0 0 10 30 33
split_gain=306.831 102.325 122.418 90.9016 73.482 59.8841 54.4255 53.8764 52.5869 35.4783 51.168 34.5175 42.2991 33.827
threshold=27.500000000000004 3.5000000000000004 121.50000000000001 15.500000000000002 179.50000000000003 4.5000000000000009 1.0000000180025095e-35 1.0000000180025095e-35 1.0000000180025095e-35 -20.499999999999996 -19.499999999999996 -4.4999999999999991 6.5000000000000009 1.0000000180025095e-35
decision_type=2 2 2 2 2 2 2 2 2 2 2 2 2 2
left_child=1 2 7 8 5 6 11 -1 -2 -6 -11 -4 -13 -5
right_child=3 -3 4 13 9 -7 -8 -9 -10 10 -12 12 -14 -15
leaf_value=-0.021508069566173127 0.023940866071715704 0.026049085191716267 -0.019289767007584932 -0.011885791741712046 -0.013006141613157635 -0.024915662046097464 -0.029610863190488491 0.027791033566090431 -0.023283279093003938 0.042754374177748272 -0.0035197688297717712 0.011087404218483711 -0.0017186955764605947 0.015248225973333893
leaf_weight=270.79197300865781 472.82057478488423 69.645901359152049 28.688518064562231 74.796918099746108 348.47024120413698 41.144506906857714 24.387626519659534 11.655731524107976 12.397018708288668 13.881588677642865 123.67644809558988 527.67983980791178 225.97342285979539 42.23831346584484
leaf_count=99477 86612 1820 5689 3813 48424 7915 606 408 864 524 11871 34290 22295 1668
internal_value=0.00252348 -0.00294036 -0.00425085 0.0177995 -0.00104883 0.00337089 0.00493139 -0.0191154 0.0225475 -0.0087835 0.00178496 0.00614899 0.00722303 -0.00174844
internal_weight=2288.25 1686 1616.35 602.253 1333.9 847.874 806.729 282.448 485.218 486.028 137.558 782.342 753.653 117.035
internal_count=326276 233319 231499 92957 131614 70795 62880 99885 87476 60819 12395 62274 56585 5481
is_linear=0
shrinkage=0.025


Tree=225
num_leaves=15
num_cat=0
split_feature=3 3 40 28 0 11 40 50 31 56 5 165 39 12
split_gain=321.88 300.269 117.516 96.624 85.404 88.7228 73.9204 73.4473 54.8069 49.4174 46.7937 45.808 45.3629 49.9686
threshold=-4.4999999999999991 1.0000000180025095e-35 4.0000000000000009 1.0000000180025095e-35 1.0000000180025095e-35 5.5000000000000009 8.5000000000000018 0.044716484844684608 26.500000000000004 2.5000000000000004 1.0000000180025095e-35 1.0000000180025095e-35 170.50000000000003 36.025529861450202
decision_type=2 2 2 2 2 2 2 2 2 2 2 2 2 2
left_child=7 2 3 -2 5 12 11 10 9 -4 -1 -3 -5 -14
right_child=1 6 8 4 -6 -7 -8 -9 -10 -11 -12 -13 13 -15
leaf_value=-0.019438621537824864 -0.017354559405047969 -0.019031527243046253 -0.02683866315361887 0.022537193023449732 -0.017761765704582454 -0.020865907883396186 0.024583658931068324 0.0011187554079925613 0.0071697287870245352 0.02492387427983047 0.016166067811872176 0.02046712626461028 -0.021218757513789856 0.022533570566181649
leaf_weight=443.13196545315441 46.067181527148932 282.52781093469821 71.52377879130654 931.56024329853244 36.159413148183376 29.485796831548214 26.874906025826931 176.71719917585142 113.22114512114786 10.705515531823037 21.372772991657257 16.606459802249447 30.65184810012579 28.666653358377516
leaf_count=69494 11514 108082 4652 109401 1112 300 102 14689 4184 47 93 1106 300 1200
internal_value=0.00248483 0.00841301 0.0138056 0.0169701 0.0185352 0.0198942 -0.0129124 -0.0124602 -0.00390652 -0.0191662 -0.0176537 -0.0165746 0.0211916 0
internal_weight=2265.27 1624.05 1298.04 1102.59 1056.52 1020.36 326.009 641.222 195.45 82.2293 464.505 299.134 990.879 59.3185
internal_count=326276 242000 132710 123827 112313 111201 109290 84276 8883 4699 69587 109188 110901 1500
is_linear=0
shrinkage=0.025


Tree=226
num_leaves=15
num_cat=0
split_feature=3 3 33 0 0 39 0 40 31 31 31 38 24 24
split_gain=311.403 277.383 127.768 79.6841 73.9286 78.8238 71.768 71.5733 70.1235 67.2108 64.0789 56.1747 58.4172 53.0585
threshold=-5.4999999999999991 1.0000000180025095e-35 1.0000000180025095e-35 -20.499999999999996 1.0000000180025095e-35 170.50000000000003 -19.499999999999996 8.5000000000000018 17.500000000000004 16.500000000000004 34.500000000000007 42.500000000000007 195.50000000000003 319.50000000000006
decision_type=2 2 2 2 2 2 2 2 2 2 2 2 2 2
left_child=3 2 13 8 5 11 -5 -3 9 -1 -7 12 -4 -2
right_child=1 7 4 6 -6 10 -8 -9 -10 -11 -12 -13 -14 -15
leaf_value=-0.022363805115016195 -0.0068686495984413634 -0.016403907448973437 -0.018852086236873573 0.031396605601300635 -0.0182701468725763 0.022457893807669958 -0.0073607435984879843 0.024390314256519132 -0.024938315557901783 0.024069345656589899 -0.023479771916822788 -0.021169194767417243 0.023112629454158182 0.012452092860474318
leaf_weight=33.673075258731842 230.04291162616573 294.65925086720381 18.478590495884418 33.802776406053454 31.418871191330254 28.061890391632915 155.29995233751833 26.440013408660889 312.40950734226499 38.370571207255125 45.216386556625366 16.335423856973648 825.73146964190528 140.40429787919857
leaf_count=5365 20364 109188 200 904 993 1200 16667 102 60476 561 400 400 97103 12353
internal_value=0.00246131 0.00796598 0.0129877 -0.013355 0.0177658 0.0190595 0 -0.012773 -0.019848 0.00200701 -0.00536883 0.02118 0.0221011 0.000428423
internal_weight=2230.34 1656.79 1335.69 573.556 965.243 933.824 189.103 321.099 384.453 72.0436 73.2783 860.545 844.21 370.447
internal_count=326276 242303 133013 83973 100296 99303 17571 109290 66402 5926 1600 97703 97303 32717
is_linear=0
shrinkage=0.025


Tree=227
num_leaves=15
num_cat=0
split_feature=37 225 38 20 40 252 24 0 70 0 38 31 23 37
split_gain=286.059 95.071 103.434 50.9889 50.0621 42.4847 43.3529 38.6123 35.9815 45.1833 33.8374 32.3134 34.9791 43.1393
threshold=33.500000000000007 6.5000000000000009 21.500000000000004 24.500000000000004 20.000000000000004 1.0000000180025095e-35 188.50000000000003 1.0000000180025095e-35 -0.0075625381432473651 -20.499999999999996 30.500000000000004 22.500000000000004 6.5000000000000009 20.500000000000004
decision_type=2 2 2 2 2 2 2 2 2 2 2 2 2 2
left_child=1 2 4 7 5 -1 -7 -2 -4 10 -10 12 -8 -14
right_child=3 -3 8 -5 -6 6 11 -9 9 -11 -12 -13 13 -15
leaf_value=-0.019750171212914808 0.024650567714197161 0.027993517967359584 -0.021591641695063831 -0.0012205313177330625 -0.023032591337191183 -0.020940499799646659 0.020711223496444126 -0.019613110582155657 -0.0026528303589410111 0.0091845619755047386 -0.024044321485862077 0.00078801889640419819 -0.0038334956837507289 0.020788209795042024
leaf_weight=52.452697575790808 383.19220967730507 59.907826370559633 193.62848816392943 58.500302425120026 51.020681721623987 43.507048378232867 121.56604121788405 9.9740536408498865 96.096834700321779 72.692169834394008 93.332392300479114 759.20889523020014 141.95572598674335 60.67295560752973
leaf_count=11796 78646 1712 68164 2399 9602 3905 4915 785 10270 10699 39681 65934 15356 2412
internal_value=0.00243425 -0.00214876 -0.00328232 0.0201034 0.000474461 0.00156841 0.00263262 0.0233245 -0.0134157 -0.00710593 -0.0135329 0.00365749 0.0102321 0.00361311
internal_weight=2197.71 1746.04 1686.13 451.667 1230.38 1179.36 1126.91 393.166 455.75 262.121 189.429 1083.4 324.195 202.629
internal_count=326276 244446 242734 81830 113920 104318 92522 79431 128814 60650 49951 88617 22683 17768
is_linear=0
shrinkage=0.025


Tree=228
num_leaves=15
num_cat=0
split_feature=3 3 3 33 1 1 13 236 31 12 24 39 39 41
split_gain=301.435 275.576 96.8296 84.6797 67.1298 69.8322 66.9736 56.4043 54.9348 64.0821 52.1208 51.837 50.7861 67.3699
threshold=-4.4999999999999991 -1.0000000180025095e-35 -3.4999999999999996 1.0000000180025095e-35 20.500000000000004 19.500000000000004 0.20541863888502124 1.0000000180025095e-35 17.500000000000004 74.611885070800795 195.50000000000003 170.50000000000003 123.50000000000001 1.5000000000000002
decision_type=2 2 2 2 2 2 2 2 2 2 2 2 2 2
left_child=4 2 3 -2 5 -1 7 -4 9 -6 -9 -12 13 -3
right_child=1 12 6 -5 8 -7 -8 10 -10 -11 11 -13 -14 -15
leaf_value=-0.0071412306771352647 -0.010340866057589354 -0.020882114770702426 -0.0028291244054050287 0.022013749037843578 -0.022251611900036744 0.030628738062471635 -0.014593914418325346 -0.018100107436830971 -0.021884395503744117 0.02349564417890454 0.024053303810130194 -0.0012016460209105665 0.00081676408964258566 0.023039115220799936
leaf_weight=165.97248561261222 154.84952369728126 214.59289911889937 62.150015154387802 71.380995507352054 32.859729915857315 34.346025871112943 34.284820974804461 17.591157823801041 351.79993158415891 37.847824934171513 744.56481781648472 52.186097943224013 181.8461687581148 21.256399826146662
leaf_count=16727 8268 94169 2151 2929 5046 907 707 198 60716 880 104445 1386 25556 2191
internal_value=0.00239368 0.00828789 0.0146657 0 -0.0122487 -0.000185964 0.018291 0.0196512 -0.0178675 0.00185611 0.0214016 0.0223696 -0.00899458 -0.0165793
internal_weight=2177.53 1554.7 1137.01 226.231 622.826 200.319 910.777 876.492 422.507 70.7076 814.342 796.751 417.695 235.849
internal_count=326276 242000 120084 11197 84276 17634 108887 108180 66642 5926 106029 105831 121916 96360
is_linear=0
shrinkage=0.025


Tree=229
num_leaves=15
num_cat=0
split_feature=3 3 33 0 0 39 40 31 0 32 31 38 25 0
split_gain=291.935 255.576 120.43 76.5434 71.0593 75.5633 67.1989 66.5436 65.9373 62.7396 62.0051 54.6669 50.4805 50.4792
threshold=-5.4999999999999991 1.0000000180025095e-35 1.0000000180025095e-35 -20.499999999999996 1.0000000180025095e-35 170.50000000000003 8.5000000000000018 17.500000000000004 -19.499999999999996 1.5000000000000002 34.500000000000007 42.500000000000007 117.50000000000001 -6.4999999999999991
decision_type=2 2 2 2 2 2 2 2 2 2 2 2 2 2
left_child=3 2 12 7 5 11 -3 9 -5 -1 -7 -4 -2 -10
right_child=1 6 4 8 -6 10 -8 -9 13 -11 -12 -13 -14 -15
leaf_value=-0.021830663247612639 -0.0048164870260323893 -0.016059396257336326 0.02196973080378745 0.030284441959703617 -0.01807072848560946 0.022378161900110969 0.024031794171276745 -0.024855450386625899 -0.021480271756801672 0.02363919190751082 -0.023254426517374843 -0.021055413997841381 0.016564490768135438 0.0065346871397292247
leaf_weight=32.990896190516651 273.30112731130794 283.49936224892735 801.46450548013672 33.189469944685698 30.830049334093928 27.44374724663794 25.633842390030622 298.31080275774002 75.204576205462217 36.908552940469235 44.307714276015759 16.044759867712855 88.902563394512981 78.62253974750638
leaf_count=5206 26016 109188 97303 904 993 1200 102 60476 10862 720 400 400 6701 5805
internal_value=0.00236751 0.00782183 0.0127474 -0.0131793 0.0175418 0.0188611 -0.0124558 -0.0197503 -2.63075e-06 0.00182033 -0.00526864 0.0210209 0.00045596 -0.00715105
internal_weight=2146.65 1591.43 1282.29 555.227 920.091 889.261 309.133 368.21 187.017 69.8994 71.7515 817.509 362.204 153.827
internal_count=326276 242303 133013 83973 100296 99303 109290 66402 17571 5926 1600 97703 32717 16667
is_linear=0
shrinkage=0.025


Tree=230
num_leaves=15
num_cat=0
split_feature=37 225 38 35 12 37 12 0 249 38 67 0 0 40
split_gain=265.101 91.3067 97.0526 51.8854 46.8643 46.7092 43.9418 40.7265 40.4996 39.7381 38.5008 40.4385 30.9651 31.5579
threshold=33.500000000000007 12.500000000000002 21.500000000000004 191.50000000000003 86.413913726806655 4.5000000000000009 0.18307152390480044 1.0000000180025095e-35 1.0000000180025095e-35 5.5000000000000009 -0.00042098126141354436 -20.499999999999996 1.0000000180025095e-35 20.000000000000004
decision_type=2 2 2 2 2 2 2 2 2 2 2 2 2 2
left_child=1 2 3 5 7 -1 -7 -2 9 -8 -4 -12 13 -11
right_child=4 -3 10 -5 -6 6 8 -9 -10 12 11 -13 -14 -15
leaf_value=-0.010081493895951327 0.023444040668888364 0.031927408765281093 -0.020793922360993488 -0.012390407884659185 -0.010706394077135332 0.016374022701205325 -0.0085269881220192047 -0.021075719558461131 -0.024654071496567672 0.0087899809115897683 -0.012610987321757453 0.0096355476697212762 -0.023516489256826235 -0.021218686928403129
leaf_weight=149.54931158130057 388.65367746166885 44.807883934583515 210.14937794755679 162.68174992478453 26.460633538197726 165.72228822065517 134.8982356665656 10.46852379478514 30.470115781063214 522.47815172653645 163.0560466486495 69.954144444316626 17.600927709368989 19.605587884550914
leaf_count=23294 80217 1406 75844 16411 811 12060 14988 802 1915 41006 43683 9382 452 4005
internal_value=0.00234074 -0.00209351 -0.00309109 0.000580977 0.019909 0.00266315 0.00485743 0.0220656 0.00213417 0.00344613 -0.0130523 -0.00578864 0.00640647 0.00754798
internal_weight=2116.56 1690.97 1646.17 1203.01 425.583 1040.32 890.775 399.122 725.053 694.583 443.16 233.01 559.685 542.084
internal_count=326276 244446 243040 114131 81830 97720 74426 81019 62366 60451 128909 53065 45463 45011
is_linear=0
shrinkage=0.025


Tree=231
num_leaves=15
num_cat=0
split_feature=3 3 3 252 0 10 234 0 31 0 31 24 35 36
split_gain=280.347 241.895 99.0981 91.259 98.0828 85.7612 81.9071 74.6625 64.8162 63.0458 61.0915 54.1586 51.8817 81.7932
threshold=-5.4999999999999991 1.0000000180025095e-35 -3.4999999999999996 1.0000000180025095e-35 1.0000000180025095e-35 -3.4999999999999996 1.0000000180025095e-35 -20.499999999999996 17.500000000000004 -19.499999999999996 16.500000000000004 195.50000000000003 180.50000000000003 119.50000000000001
decision_type=2 2 2 2 2 2 2 2 2 2 2 2 2 2
left_child=7 2 12 6 5 -5 -4 8 10 -9 -1 -7 13 -2
right_child=1 -3 3 4 -6 11 -8 9 -10 -11 -12 -13 -14 -15
leaf_value=-0.0221601468035739 -0.010879670654702033 -0.012254407408370516 -0.022785468497006339 -0.020575956075819555 -0.022810081237220645 -0.018537296391434834 0.072206581745225651 0.029729285427504859 -0.024801120566842083 -0.007049370971466371 0.023079815139253279 0.02227977438319121 -0.014153709610133056 0.022852272368526862
leaf_weight=31.831802592147142 77.846099629765376 301.41057829896454 53.692963253008202 28.771837420761585 32.04149965243414 18.0089191198349 3.2861651955172411 32.844483406515792 290.48162839771248 152.41793922358193 36.983042325358838 835.0120864729397 105.32488433667459 97.205799182876945
leaf_count=5365 3559 109290 11902 300 1084 200 119 904 60476 16667 561 107908 5306 2635
internal_value=0.00229955 0.00772187 0.0125719 0.0163433 0.0182729 0.0198663 -0.0135526 -0.0130721 -0.0196738 -2.63878e-05 0.00175344 0.0213269 -0.000433514 0.0077806
internal_weight=2097.16 1552.6 1251.19 970.813 913.834 881.793 56.9791 544.559 359.296 185.262 68.8148 853.021 280.377 175.052
internal_count=326276 242303 133013 121513 109492 108408 12021 83973 66402 17571 5926 108108 11500 6194
is_linear=0
shrinkage=0.025


Tree=232
num_leaves=15
num_cat=0
split_feature=3 3 33 0 39 0 40 31 0 38 31 38 24 24
split_gain=270.608 233.499 114.645 73.437 67.3104 70.8961 63.885 63.5519 60.4771 59.0775 57.4226 52.9258 54.308 49.7351
threshold=-5.4999999999999991 1.0000000180025095e-35 1.0000000180025095e-35 -20.499999999999996 170.50000000000003 1.0000000180025095e-35 8.5000000000000018 17.500000000000004 -19.499999999999996 6.5000000000000009 34.500000000000007 42.500000000000007 195.50000000000003 319.50000000000006
decision_type=2 2 2 2 2 2 2 2 2 2 2 2 2 2
left_child=3 2 13 7 5 11 -3 9 -5 -1 -6 12 -4 -2
right_child=1 6 4 8 10 -7 -8 -9 -10 -11 -12 -13 -14 -15
leaf_value=0.022633565723203325 -0.0068599612361806743 -0.015636481829056581 -0.018368945034983691 0.029216251711889258 0.021070126584131633 -0.017345152885934269 0.023813117269581734 -0.024752484458467117 -0.006900756827437864 -0.02212079719987026 -0.023046767241909016 -0.020939335199086008 0.022832900763214026 0.012294263477178626
leaf_weight=36.870307717239484 219.66441148892045 274.14223232644144 17.750383220613003 32.640993876149878 27.233340768143535 28.80421949736774 25.142973411828279 283.86519617238082 151.8793837405974 31.145868510007858 43.645318809896708 15.720128461718557 744.20288658002391 133.63048812374473
leaf_count=1201 20364 109188 200 904 1212 977 102 60476 16667 4725 404 400 97103 12353
internal_value=0.00227411 0.00764021 0.0124633 -0.0129422 0.0172919 0.0193471 -0.0120362 -0.019594 -1.32717e-05 0.00171895 -0.00559029 0.0207996 0.0217721 0.000357294
internal_weight=2066.34 1529.94 1230.65 536.402 877.356 806.478 299.285 351.881 184.52 68.0162 70.8787 777.673 761.953 353.295
internal_count=326276 242303 133013 83973 100296 98680 109290 66402 17571 5926 1616 97703 97303 32717
is_linear=0
shrinkage=0.025


Tree=233
num_leaves=15
num_cat=0
split_feature=3 3 40 0 10 24 50 24 39 38 222 39 12 5
split_gain=262.117 239.62 118.372 83.619 82.8147 81.2045 67.4877 56.0056 48.5838 49.3815 48.013 56.001 44.3134 43.6512
threshold=-4.4999999999999991 -1.0000000180025095e-35 4.0000000000000009 1.0000000180025095e-35 -3.4999999999999996 195.50000000000003 0.044716484844684608 498.50000000000006 170.50000000000003 44.500000000000007 1.0000000180025095e-35 136.50000000000003 36.025529861450202 1.0000000180025095e-35
decision_type=2 2 2 2 2 2 2 2 2 2 2 2 2 2
left_child=6 2 3 4 -2 -6 13 -4 9 -7 11 -3 -10 -1
right_child=1 10 7 -5 5 8 -8 -9 12 -11 -12 -13 -14 -15
leaf_value=-0.019028208656185288 -0.020410209708955386 -0.015885028722120283 -0.011888432988526737 -0.020092401202345754 -0.020749548684809833 0.025092758103079701 0.0014684996923064993 0.019477172486830955 -0.020545310268920498 -0.019880659898274856 0.027562120940317715 0.006433592200901588 0.02217902312135922 0.015796309550944406
leaf_weight=398.16494178585708 28.377479411661625 289.32483646844048 138.26751035056077 31.673825882840902 25.263427942991257 718.58852946665138 167.3575350928586 44.282750564161688 28.841377951204777 12.86911631003022 18.661915053846315 88.827207887195982 25.979599505662918 20.853303702548146
leaf_count=69494 300 111849 8270 1102 300 107801 14689 511 300 300 1106 8961 1200 93
internal_value=0.00224737 0.00795544 0.0141869 0.0180154 0.0195485 0.0210465 -0.0118031 -0.00395319 0.0224949 0.0241895 -0.00851837 -0.0105675 0 -0.0171359
internal_weight=2037.33 1450.96 1054.14 871.593 839.92 811.542 586.376 182.55 786.279 731.458 396.814 378.152 54.821 419.018
internal_count=326276 242000 120084 111303 110201 109901 84276 8781 109601 108101 121916 120810 1500 69587
is_linear=0
shrinkage=0.025


Tree=234
num_leaves=15
num_cat=0
split_feature=3 3 40 0 11 24 51 24 222 40 38 36 5 41
split_gain=252.748 232.258 116.039 81.5479 80.8229 79.313 62.4254 53.7775 46.3364 46.3961 44.8256 46.8018 40.6099 39.8348
threshold=-4.4999999999999991 -1.0000000180025095e-35 4.0000000000000009 1.0000000180025095e-35 5.5000000000000009 195.50000000000003 0.042545609176158912 498.50000000000006 1.0000000180025095e-35 8.5000000000000018 44.500000000000007 126.50000000000001 1.0000000180025095e-35 9.5000000000000018
decision_type=2 2 2 2 2 2 2 2 2 2 2 2 2 2
left_child=6 2 3 4 5 -2 12 13 9 -3 11 -7 -1 -4
right_child=1 8 7 -5 -6 10 -8 -9 -10 -11 -12 -13 -14 -15
leaf_value=-0.018859715192870691 -0.02059203793962645 -0.012893292345190167 -0.016536501293289766 -0.019942602571631298 -0.020236522254217078 0.025089914236764502 0.00075978862265165285 0.019231622495324674 0.027255100197403001 0.019653948421544051 -0.019764041342986143 0.0013211289729674819 0.014720919765876046 0.023077422296336091
leaf_weight=385.09115054237191 24.848439291119576 348.50016145582777 122.7247937778011 31.14318268885836 27.936827003955841 696.23903832864016 173.92892186180688 43.771739851217717 18.436995222698897 26.468315947800875 12.641990553587673 58.69839943991974 20.907633284106851 15.009549636393784
leaf_count=68522 300 120609 8157 1102 300 106601 15659 511 1106 201 300 2700 95 113
internal_value=0.00222479 0.00789013 0.0141136 0.0179762 0.0195135 0.0210173 -0.0116359 -0.00386945 -0.00837163 -0.0103919 0.0224717 0.0232874 -0.016974 -0.011642
internal_weight=2006.35 1426.42 1033.01 851.508 820.365 792.428 579.928 181.506 393.405 374.968 767.579 754.937 405.999 137.734
internal_count=326276 242000 120084 111303 110201 109901 84276 8781 121916 120810 109601 109301 68617 8270
is_linear=0
shrinkage=0.025


Tree=235
num_leaves=15
num_cat=0
split_feature=37 225 38 35 20 37 23 24 24 67 0 0 38 38
split_gain=235.72 87.3261 85.3675 47.3269 46.1847 41.5022 40.4418 37.8246 52.515 37.4903 39.3535 33.7869 29.5264 24.2971
threshold=33.500000000000007 12.500000000000002 21.500000000000004 192.50000000000003 15.500000000000002 4.5000000000000009 5.5000000000000009 231.50000000000003 232.50000000000003 -0.00042098126141354436 -20.499999999999996 1.0000000180025095e-35 30.500000000000004 12.500000000000002
decision_type=2 2 2 2 2 2 2 2 2 2 2 2 2 2
left_child=1 2 3 5 11 -1 -7 -8 -9 -4 12 -2 -11 -10
right_child=4 -3 9 -5 -6 6 7 8 13 10 -12 -13 -14 -15
leaf_value=-0.0098390127862929364 0.024639605346082116 0.031758472869709169 -0.02059388011138941 -0.012489788720767683 -0.00087341521452988409 0.016370084679024614 -0.0069929076219490856 0.032546413067312319 -0.00046286388034553387 -0.0015713188342172989 0.009899229338828119 -0.018831822420040195 -0.023721904898306324 0.012080759498790186
leaf_weight=141.03061531286221 319.95720622316003 43.299722553230822 196.28471708274446 148.30406099651009 55.814797685015947 148.6610812402796 200.4069375381805 39.182150417938828 320.03141451533884 81.434676336706616 68.590112185804173 8.8316499050706607 72.160167437046766 132.9566785490606
leaf_count=23294 78610 1406 75844 15402 2435 11657 20605 202 34612 9084 9382 785 34599 8359
internal_value=0.00220311 -0.00203488 -0.00305516 0.000502166 0.0196937 0.00252114 0.00465048 0.00203919 0.00578754 -0.0126604 -0.00535972 0.0232368 -0.0123926 0.00321925
internal_weight=1976.95 1592.34 1549.04 1130.57 384.604 982.269 841.238 692.577 492.17 418.47 222.185 328.789 153.595 452.988
internal_count=326276 244446 243040 114131 81830 98729 75435 63778 43173 128909 53065 79395 43683 42971
is_linear=0
shrinkage=0.025


Tree=236
num_leaves=15
num_cat=0
split_feature=3 3 33 0 39 0 31 40 0 32 31 0 24 3
split_gain=244.131 209.92 108.911 71.4822 62.7192 65.2046 62.6556 58.2304 57.1876 57.0213 53.4227 49.2261 48.0688 46.0042
threshold=-5.4999999999999991 1.0000000180025095e-35 1.0000000180025095e-35 -20.499999999999996 170.50000000000003 1.0000000180025095e-35 17.500000000000004 8.5000000000000018 -19.499999999999996 1.5000000000000002 34.500000000000007 -6.4999999999999991 195.50000000000003 -3.4999999999999996
decision_type=2 2 2 2 2 2 2 2 2 2 2 2 2 2
left_child=3 2 13 6 5 12 9 -3 -5 -1 -6 -10 -4 -2
right_child=1 7 4 8 10 -7 -8 -9 11 -11 -12 -13 -14 -15
leaf_value=-0.021520223420214576 -0.010165569901784806 -0.015148168596122238 -0.017829273845595187 0.028926098783787175 0.02086085360235709 -0.01677119967906945 -0.024687994401049549 0.023300059980348529 -0.021194894037066103 0.023082439694628316 -0.022603809901151344 0.00701231254039814 0.021655971141833513 0.0082269897834735487
leaf_weight=30.400202904012986 146.80405591661111 261.76277353707701 16.971450358629227 32.02304127253592 25.902010947465897 27.462948727421463 268.04377167799976 23.998552273958921 71.083506321534514 35.41361118433997 41.85271836258471 76.803076482377946 707.80854060291313 193.283258122392
leaf_count=5206 8268 109188 200 904 1212 977 60476 102 10862 720 404 5805 97503 24449
internal_value=0.00216782 0.00743745 0.0121722 -0.0125707 0.0170904 0.0191677 -0.0193661 -0.0116241 1.36242e-05 0.00207662 -0.00545436 -0.00653198 0.0206274 0.000195218
internal_weight=1959.61 1445.85 1160.08 513.767 819.998 752.243 333.858 285.761 179.91 65.8138 67.7547 147.887 724.78 340.087
internal_count=326276 242303 133013 83973 100296 98680 66402 109290 17571 5926 1616 16667 97703 32717
is_linear=0
shrinkage=0.025


Tree=237
num_leaves=15
num_cat=0
split_feature=3 3 40 0 11 24 50 24 39 38 39 234 31 12
split_gain=235.83 215.326 109.841 77.545 79.4743 75.8703 62.8233 51.5061 45.7955 47.3385 43.477 68.2469 47.4234 41.2319
threshold=-4.4999999999999991 -1.0000000180025095e-35 4.0000000000000009 1.0000000180025095e-35 5.5000000000000009 195.50000000000003 0.044716484844684608 498.50000000000006 170.50000000000003 44.500000000000007 123.50000000000001 1.0000000180025095e-35 22.500000000000004 36.025529861450202
decision_type=2 2 2 2 2 2 2 2 2 2 2 2 2 2
left_child=6 2 3 4 5 -2 -1 -4 9 -7 11 -3 -12 -10
right_child=1 10 7 -5 -6 8 -8 -9 13 -11 12 -13 -14 -15
leaf_value=-0.016779824244417783 -0.020302451313888609 -0.02038732008861624 -0.011426281416956183 -0.019685154758946881 -0.020163317593324029 0.025066662747311175 0.0013969773730830735 0.019042329385805055 -0.02008971878893745 -0.019645897621984969 0.013868121164728768 0.024004571335491758 -0.012145878487537544 0.021988922281180545
leaf_weight=397.77693651244044 24.132683046162128 191.60030454467051 134.85080526070669 30.19580407300964 27.731982678174973 663.89502263255417 164.83754815615248 43.051341789308935 27.672088868916035 12.415801573544739 87.814719919115305 21.318999980110675 81.272655047476292 24.694779710844159
leaf_count=69587 300 95406 8270 1102 300 107801 14689 511 300 300 7273 954 18283 1200
internal_value=0.00214141 0.0077435 0.0139008 0.0177978 0.0193496 0.0209125 -0.0114309 -0.00372133 0.0223893 0.0241259 -0.00811089 -0.0155549 0.00122533 0
internal_weight=1933.26 1370.65 988.64 810.738 780.542 752.81 562.614 177.902 728.678 676.311 382.007 212.919 169.087 52.3669
internal_count=326276 242000 120084 111303 110201 109901 84276 8781 109601 108101 121916 96360 25556 1500
is_linear=0
shrinkage=0.025


Tree=238
num_leaves=15
num_cat=0
split_feature=3 3 33 0 31 39 0 31 40 0 31 0 0 249
split_gain=227.689 196.502 105.123 70.4233 62.2778 59.6732 61.7449 55.5938 55.0981 54.5978 50.5242 47.8372 45.2315 43.2444
threshold=-5.4999999999999991 1.0000000180025095e-35 1.0000000180025095e-35 -20.499999999999996 17.500000000000004 170.50000000000003 1.0000000180025095e-35 16.500000000000004 8.5000000000000018 -19.499999999999996 34.500000000000007 -6.4999999999999991 -5.4999999999999991 1.0000000180025095e-35
decision_type=2 2 2 2 2 2 2 2 2 2 2 2 2 2
left_child=3 2 -2 4 7 6 13 -1 -3 -5 -7 -11 -13 -4
right_child=1 8 5 9 -6 10 -8 -9 -10 11 -12 12 -14 -15
leaf_value=-0.021822264196765889 0.00013666391210054885 -0.014814045777182178 0.021716813304574853 0.028542471941184963 -0.024623421350975859 0.020664381465457748 -0.016416901137680764 0.022660443157638297 0.023016966033152619 -0.020936694349880658 -0.022290753188108543 0.02703115367811227 -0.0099409612594173052 -0.0091200858542716725
leaf_weight=28.909570878953673 334.48781389370561 255.73833716497757 670.03944963938557 31.824315917445347 258.59729164582677 24.896212307736278 26.689597435295582 35.787862005643547 23.374410048127174 69.298141160630621 40.616719069890678 35.100257441634312 41.52794721419923 26.940599352121353
leaf_count=5365 32717 109188 97003 904 60476 1212 977 561 102 10862 404 831 4974 700
internal_value=0.00211815 0.00729503 0.0119655 -0.0122832 -0.0191815 0.0169279 0.0189987 0.00232817 -0.0113462 0.000235304 -0.00541199 -0.0062208 0.00706086 0.0204552
internal_weight=1903.83 1402.78 1123.67 501.045 323.295 789.183 723.67 64.6974 279.113 177.751 65.5129 145.926 76.6282 696.98
internal_count=326276 242303 133013 83973 66402 100296 98680 5926 109290 17571 1616 16667 5805 97703
is_linear=0
shrinkage=0.025


Tree=239
num_leaves=15
num_cat=0
split_feature=3 3 3 10 0 0 31 32 0 38 24 39 0 35
split_gain=219.717 189.645 105.726 71.7119 74.5103 68.8456 60.9974 54.2405 52.415 50.033 49.9946 47.6544 46.2447 44.1736
threshold=-5.4999999999999991 -1.0000000180025095e-35 -3.4999999999999996 -3.4999999999999996 1.0000000180025095e-35 -20.499999999999996 17.500000000000004 1.5000000000000002 -19.499999999999996 42.500000000000007 195.50000000000003 170.50000000000003 -6.4999999999999991 180.50000000000003
decision_type=2 2 2 2 2 2 2 2 2 2 2 2 2 2
left_child=5 2 13 -4 9 6 7 -1 -7 10 -5 -12 -10 -2
right_child=1 -3 3 4 -6 8 -8 -9 12 -11 11 -13 -14 -15
leaf_value=-0.021337300348955049 0.0071145178059720234 -0.0079373955717329994 -0.020050311425196393 -0.017677354011756262 -0.018726302212176815 0.028022204456769357 -0.024565606674214469 0.022772993396723579 -0.020730149748728784 -0.020651710492981801 0.024780051942100034 -0.00030215461745572626 0.006961357105877611 -0.013776651765066645
leaf_weight=29.083213994512334 162.31668392778374 373.69761006499175 27.493689464405179 16.751655198633671 28.309663850814104 31.662579419557005 252.805679867859 34.876316060312092 68.281650244374759 14.962601745501159 614.71546621108428 49.065372038632631 75.854988542152569 99.231644297717139
leaf_count=5206 6194 121916 303 200 1076 904 60476 720 10862 400 105508 1400 5805 5306
internal_value=0.0020922 0.00719746 0.0128131 0.0175639 0.019104 -0.012185 -0.0190954 0.00228478 0.000238146 0.0207534 0.021787 0.0228955 -0.00614219 -0.000783453
internal_weight=1879.11 1386.54 1012.85 751.298 723.805 492.564 316.765 63.9595 175.799 695.495 680.532 663.781 144.137 261.548
internal_count=326276 242303 120387 108887 108584 83973 66402 5926 17571 107508 107108 106908 16667 11500
is_linear=0
shrinkage=0.025


Tree=240
num_leaves=15
num_cat=0
split_feature=3 3 40 0 10 24 50 24 39 38 38 35 172 5
split_gain=211.967 196.115 105.864 72.3609 75.8309 74.1522 59.7811 49.2065 43.5813 46.3695 41.8205 48.6316 39.4347 39.3433
threshold=-4.4999999999999991 -1.0000000180025095e-35 4.0000000000000009 1.0000000180025095e-35 -3.4999999999999996 195.50000000000003 0.044716484844684608 498.50000000000006 170.50000000000003 44.500000000000007 32.500000000000007 142.50000000000003 1.5000000000000002 1.0000000180025095e-35
decision_type=2 2 2 2 2 2 2 2 2 2 2 2 2 2
left_child=6 2 3 4 -2 -6 13 -4 9 -7 11 12 -3 -1
right_child=1 10 7 -5 5 8 -8 -9 -10 -11 -12 -13 -14 -15
leaf_value=-0.018397280173991667 -0.019870763364060989 -0.022451083360232941 -0.011326264505018474 -0.019303399383640039 -0.020184629160186346 0.025044974776382446 0.0015396349517808768 0.01873327020819144 0 -0.0195355283726521 -0.016586139492849088 0.0087395912550223744 0.044771348225637927 0.015163331821750132
leaf_weight=359.27109146281146 27.028762243688107 61.864591192803346 133.2019410856301 28.947647377382964 23.837220724672079 622.31079943361692 161.47642477788031 42.086087823379785 50.505242525599897 12.210121322423218 174.35581291816197 133.17962720256764 2.959120664978399 20.219057258218527
leaf_count=69494 300 14874 8270 1102 300 107801 14689 511 1500 300 97674 9192 176 93
internal_value=0.00206406 0.00750013 0.0135796 0.0175888 0.0191463 0.0207466 -0.0110475 -0.00377507 0.022289 0.02406 -0.0077685 3.34224e-06 -0.0171693 -0.0164389
internal_weight=1853.45 1312.49 940.128 764.84 735.892 708.863 540.967 175.288 685.026 634.521 372.359 198.003 64.8237 379.49
internal_count=326276 242000 120084 111303 110201 109901 84276 8781 109601 108101 121916 24242 15050 69587
is_linear=0
shrinkage=0.025


Tree=241
num_leaves=15
num_cat=0
split_feature=3 3 33 0 39 0 40 30 24 0 0 25 24 249
split_gain=204.911 178.77 100.556 67.1286 56.3509 57.0701 52.387 51.4437 63.4641 50.0029 44.5744 44.4095 44.2659 45.3859
threshold=-5.4999999999999991 1.0000000180025095e-35 1.0000000180025095e-35 -20.499999999999996 170.50000000000003 1.0000000180025095e-35 8.5000000000000018 1.5000000000000002 232.50000000000003 -19.499999999999996 -6.4999999999999991 117.50000000000001 195.50000000000003 1.0000000180025095e-35
decision_type=2 2 2 2 2 2 2 2 2 2 2 2 2 2
left_child=3 2 11 7 5 12 -3 8 -1 -5 -11 -2 -4 -14
right_child=1 6 4 9 -6 -7 -8 -9 -10 10 -12 -13 13 -15
leaf_value=0.019487355776796843 -0.0051955338699457652 -0.014337963989234549 -0.017324226624790176 0.027630439357629516 -0.0052199292450359064 -0.015894140783478405 0.02283615726950744 -0.02591232672765803 -0.019954819921678978 -0.020476132594783647 0.0069232233788923559 0.015998985434417069 0.022684438938274529 -0.0092320115254635928
leaf_weight=40.118379387655295 246.84254598827101 249.62891305657104 16.252678345888853 31.35279093682766 64.136313397437334 25.611531905829906 22.978884320706129 207.54500062344596 58.839136570342816 66.530160051188432 75.424805504502729 79.087684878148139 615.903356626397 26.47426704550162
leaf_count=4417 26016 109188 200 904 1616 977 102 45925 16060 10862 5805 6701 96803 700
internal_value=0.00204071 0.00704855 0.0116437 -0.0119219 0.0166742 0.0187766 -0.0108993 -0.0188995 -0.00361646 0.000388108 -0.0059036 0 0.0202286 0.0212935
internal_weight=1826.73 1346.92 1074.31 479.81 748.378 684.242 272.608 306.503 98.9575 173.308 141.955 325.93 658.63 642.378
internal_count=326276 242303 133013 83973 100296 98680 109290 66402 20477 17571 16667 32717 97703 97503
is_linear=0
shrinkage=0.025


Tree=242
num_leaves=15
num_cat=0
split_feature=37 3 188 177 40 0 38 31 37 0 3 37 0 31
split_gain=199.515 102.315 129.561 82.1218 64.1389 63.0059 60.8641 60.8424 53.9869 55.4353 54.2076 52.6518 47.1566 47.0636
threshold=33.500000000000007 -5.4999999999999991 1.0000000180025095e-35 3.5000000000000004 5.5000000000000009 -20.499999999999996 30.500000000000004 17.500000000000004 17.500000000000004 1.0000000180025095e-35 -4.4999999999999991 20.500000000000004 -19.499999999999996 34.500000000000007
decision_type=2 2 2 2 2 2 2 2 2 2 2 2 2 2
left_child=1 5 3 6 8 7 13 11 9 -4 -10 -1 -7 -3
right_child=-2 2 4 -5 -6 12 -8 -9 10 -11 -12 -13 -14 -15
leaf_value=-0.021461486870597138 0.019320584136226636 0.0026566118845442956 0.025410086757298556 0.030643339781123054 -0.016094965428569571 0.02729029138741669 -0.019089324375422097 -0.024383605313596027 -0.025525777616513291 -0.02138076976878087 0.012233537623186875 0.023170117562479439 -0.0057897706928399474 -0.019812608460532552
leaf_weight=26.507087999023497 335.58146595442668 307.24675342685077 248.00462917517871 34.777253448730335 38.991486921906471 30.277197051327676 182.79227410641033 232.52641825715546 29.770246401429176 14.095178576186298 82.740508135408163 34.191575724631548 137.7084233420901 68.525608803378418
leaf_count=5046 81830 31670 17201 1408 408 889 101386 59754 202 172 4242 720 16443 4905
internal_value=0.00201343 -0.00195687 0.0024924 -0.00495845 0.0131999 -0.011678 -0.00737146 -0.018616 0.0164189 0.022586 0.00162257 0.00319421 0.000400472 -0.00149933
internal_weight=1803.74 1468.15 1006.94 593.342 413.602 461.211 558.565 293.225 374.611 262.1 112.511 60.6987 167.986 375.772
internal_count=326276 244446 161594 139369 22225 82852 137961 65520 21817 17373 4444 5766 17332 36575
is_linear=0
shrinkage=0.025


Tree=243
num_leaves=15
num_cat=0
split_feature=37 225 38 20 35 1 1 24 37 24 23 70 39 24
split_gain=192.743 82.5069 70.4456 43.5368 39.1525 37.8036 40.6344 38.073 36.0347 34.2869 34.3317 30.4582 25.3701 24.3718
threshold=33.500000000000007 12.500000000000002 21.500000000000004 15.500000000000002 192.50000000000003 20.500000000000004 19.500000000000004 417.50000000000006 4.5000000000000009 188.50000000000003 5.5000000000000009 0.068608995527029051 129.50000000000003 231.50000000000003
decision_type=2 2 2 2 2 2 2 2 2 2 2 2 2 2
left_child=1 2 4 -2 8 6 11 -7 -1 -10 -11 -4 -12 -14
right_child=3 -3 5 -5 -6 7 -8 -9 9 10 12 -13 13 -15
leaf_value=-0.0096541679601540864 0.023042678782778183 0.031432725715415381 -0.0089017936705818018 -0.0012455039751768197 -0.011918462326523072 -0.022220228908153648 0.04460506735128985 0 -0.019329574034542486 0.017232434171729611 -0.014287573201946577 0.037511502184421758 -0.0041208713289615697 0.0076664703663391707
leaf_weight=129.34677917696536 277.99511555838399 41.783150845905766 95.971665754797868 52.52086238283664 135.97242229920812 207.72984161006752 8.5952908899635059 64.274228006601334 32.818221406429075 128.68706018966623 45.200877523631789 6.6083592973882324 144.15404829499312 409.19019583961926
leaf_count=23294 79395 1406 24205 2435 15402 88350 1275 14322 2408 11556 6178 757 16678 38615
internal_value=0.00198733 -0.00193393 -0.00300612 0.0191317 0.000396618 -0.0121088 0 -0.0170825 0.00234112 0.00444519 0.00562733 -0.00469408 0.00301718 0.0045451
internal_weight=1780.85 1450.33 1408.55 330.516 1025.37 383.179 111.175 272.004 889.397 760.05 727.232 102.58 598.545 553.344
internal_count=326276 244446 243040 81830 114131 128909 26237 102672 98729 75435 73027 24962 61471 55293
is_linear=0
shrinkage=0.025


Tree=244
num_leaves=15
num_cat=0
split_feature=3 3 225 10 0 38 24 36 222 39 37 31 30 25
split_gain=192.032 231.18 75.3247 67.9688 69.9466 46.9307 45.9326 45.4422 41.3614 45.911 41.4302 36.0414 35.277 29.1673
threshold=-3.4999999999999996 -1.0000000180025095e-35 12.500000000000002 -3.4999999999999996 1.0000000180025095e-35 42.500000000000007 195.50000000000003 126.50000000000001 1.0000000180025095e-35 136.50000000000003 32.500000000000007 34.500000000000007 7.5000000000000009 120.50000000000001
decision_type=2 2 2 2 2 2 2 2 2 2 2 2 2 2
left_child=2 3 -1 -2 5 6 -5 -8 9 10 -3 -9 -11 -10
right_child=1 8 -4 4 -6 -7 7 11 13 12 -12 -13 -14 -15
leaf_value=-0.0097519087256124504 -0.019795337468258647 -0.01760863072992714 0.028532363789050622 -0.017066809500413321 -0.018348076976706911 -0.020363930890172445 0.024772516533891089 0.020719298095992451 -0.012522929725898004 0.017321512936781035 0.017708867569244564 -0.019420411287030502 -0.016597968070448343 0.045954732381990826
leaf_weight=686.72399928071536 26.784731522202492 239.04629898746498 30.532917881850153 15.891341906040905 27.376793439500034 14.253263274207709 556.80210938001983 23.965030778897926 5.7619301762897548 56.64534019632265 19.6211794661358 26.033611223101616 24.86276503035333 11.979496762156485
leaf_count=94926 303 111448 547 200 1076 400 104307 2301 467 3390 401 300 5571 639
internal_value=0.00195578 0.00877325 -0.00797542 0.0172046 0.0188162 0.0205311 0.0216003 0.0227329 -0.0074454 -0.00951649 -0.0146618 0 0.00645716 0.0266931
internal_weight=1766.28 1049.02 717.257 691.107 664.322 636.945 622.692 606.801 357.917 340.176 258.667 49.9986 81.5081 17.7414
internal_count=326276 230803 95473 108887 108584 107508 107108 106908 121916 120810 111849 2601 8961 1106
is_linear=0
shrinkage=0.025


Tree=245
num_leaves=15
num_cat=0
split_feature=37 225 38 40 8 1 1 24 35 32 24 249 70 12
split_gain=181.318 78.0177 66.1937 41.3446 39.9412 37.5965 38.872 36.5218 32.6947 36.8724 34.1988 33.6278 29.3598 26.0245
threshold=33.500000000000007 12.500000000000002 21.500000000000004 20.000000000000004 1.0000000180025095e-35 20.500000000000004 19.500000000000004 417.50000000000006 191.50000000000003 1.0000000180025095e-35 188.50000000000003 1.0000000180025095e-35 0.068608995527029051 0.24482409656047824
decision_type=2 2 2 2 2 2 2 2 2 2 2 2 2 2
left_child=1 2 3 8 -2 6 12 -7 9 -1 -11 13 -4 -12
right_child=4 -3 5 -5 -6 7 -8 -9 -10 10 11 -13 -14 -15
leaf_value=-0.015398041149226117 0.02306136459199995 0.031181228848277166 -0.0085811769623292226 -0.022635143077975158 0 -0.022034912084387376 0.043733950904967275 0 -0.010102120819785952 -0.018755314744736219 0.016957782183921823 -0.014791294640424052 0.036992563577127137 0.0048114816848664616
leaf_weight=57.434252020670101 259.92189102759585 40.186393344542012 94.821957804495469 43.332694142241962 57.563838817179203 201.47257726313546 8.6522035758243856 63.231961234472692 126.95409410039429 33.384083513752557 139.13735749886837 42.403948606923223 6.6173402105923733 567.44800093781669
leaf_count=14534 79083 1406 24205 9605 2747 88350 1275 14322 13679 3011 10445 3721 757 59136
internal_value=0.00193336 -0.00186793 -0.00291028 0.000403643 0.0189317 -0.0118399 0.000229367 -0.0168993 0.00152891 0.00334654 0.00480798 0.00596212 -0.00439162 0.00730009
internal_weight=1742.56 1425.08 1384.89 1010.09 317.486 374.796 110.092 264.705 966.762 839.808 782.373 748.989 101.439 706.585
internal_count=326276 244446 243040 114131 81830 128909 26237 102672 104526 90847 76313 73302 24962 69581
is_linear=0
shrinkage=0.025


Tree=246
num_leaves=15
num_cat=0
split_feature=37 177 39 20 35 27 12 29 37 225 165 1 40 24
split_gain=175.702 78.5395 89.4619 68.4057 54.7623 37.8582 36.6009 36.0057 35.7739 33.7318 56.0714 32.5786 29.525 28.191
threshold=27.500000000000004 1.0000000180025095e-35 121.50000000000001 15.500000000000002 170.50000000000003 0.80652770400047313 46.516254425048835 24.500000000000004 20.500000000000004 1.5000000000000002 2.5000000000000004 1.5000000000000002 5.5000000000000009 325.50000000000006
decision_type=2 2 2 2 2 2 2 2 2 2 2 2 2 2
left_child=1 2 -1 11 8 9 7 -6 13 -3 -11 -2 -8 -4
right_child=3 5 4 -5 6 -7 12 -9 -10 10 -12 -13 -14 -15
leaf_value=-0.018925936238843293 -0.012376910812643895 0.0020839265643845732 -0.0027348907864807419 -0.0020745501758565703 0.0026584795738927142 -0.030046854839079252 0.0017376600045011089 -0.018859606846786579 0.023956956872594637 0.065070504534677581 0.012617943158081039 0.023692278438583264 -0.024887903915551433 0.010633897826189618
leaf_weight=210.64623494783882 13.805107876658438 32.14938129845541 241.0943490449572 94.477832502918318 61.857046333723702 6.057098993100225 289.98974238510709 186.46743987803347 53.688006944954395 20.842870308319107 34.74801153736189 296.18177356489468 25.519735939335078 160.64975590549875
leaf_count=99574 1735 1228 32918 5481 11131 199 36811 33453 2184 277 1500 85741 1584 12460
internal_value=0.001902 -0.00249518 -0.00420894 0.0162666 -0.00109639 0.0191522 -0.00630968 -0.0134323 0.00530228 0.0237052 0.0350357 0.0219028 -0.000551569 0.00258846
internal_weight=1728.17 1323.71 1229.91 404.465 1019.27 93.7974 563.834 248.324 455.432 87.7403 55.5909 309.987 315.509 401.744
internal_count=326276 233319 230115 92957 130541 3204 82979 44584 47562 3005 1777 87476 38395 45378
is_linear=0
shrinkage=0.025


Tree=247
num_leaves=15
num_cat=0
split_feature=37 225 38 20 40 0 0 35 32 0 70 0 26 23
split_gain=170.572 73.3766 61.7143 41.707 39.4175 37.1095 37.0245 31.511 32.3858 31.014 27.9944 27.6557 30.1146 20.8048
threshold=33.500000000000007 12.500000000000002 21.500000000000004 15.500000000000002 20.000000000000004 -20.499999999999996 -19.499999999999996 202.50000000000003 1.0000000180025095e-35 1.0000000180025095e-35 0.068608995527029051 1.0000000180025095e-35 76.500000000000014 8.5000000000000018
decision_type=2 2 2 2 2 2 2 2 2 2 2 2 2 2
left_child=1 2 4 9 7 -4 -7 8 -1 -2 -8 12 -10 -14
right_child=3 -3 5 -5 -6 6 10 -9 11 -11 -12 -13 13 -15
leaf_value=-0.014995454399237421 0.024499026336303482 0.030651978052290037 -0.016654641860227831 -0.0012650464270622895 -0.022517944580407474 0.042789730770901702 -0.0082296655826967335 -0.017043586446226319 -0.020923381529128749 -0.018487831353796304 0.036257666044414244 -0.020295177623734242 0.013538902200811199 0.0034696379458647626
leaf_weight=57.630517736426555 246.21789769036695 39.137733787298203 258.14288441720419 51.730955417267978 41.743614775827155 8.705642829416318 93.942845538957044 50.905033073271625 24.43621441454161 8.1949933394789678 6.6323879536939776 25.357393353944644 163.04410858312622 638.62772097869311
leaf_count=14835 78610 1406 102672 2435 9605 1275 24205 2818 2073 785 757 863 11989 71948
internal_value=0.00187098 -0.00180051 -0.00281137 0.0186948 0.000387405 -0.0115325 0.000465992 0.0014764 0.00259349 0.0228179 -0.00408939 0.00386171 0.00470411 0.00559144
internal_weight=1714.45 1408.31 1369.17 306.144 1001.74 367.424 109.281 960.001 909.096 254.413 100.575 851.465 826.108 801.672
internal_count=326276 244446 243040 81830 114131 128909 26237 104526 101708 79395 24962 86873 86010 83937
is_linear=0
shrinkage=0.025


Tree=248
num_leaves=15
num_cat=0
split_feature=37 225 38 20 40 67 35 24 37 249 236 6 166 38
split_gain=165.425 71.1585 58.9469 41.3228 38.3032 37.3425 30.249 31.4405 34.8028 35.1873 23.8525 24.7912 23.9903 26.356
threshold=33.500000000000007 12.500000000000002 21.500000000000004 15.500000000000002 20.000000000000004 -0.0046501921024173489 202.50000000000003 188.50000000000003 4.5000000000000009 1.0000000180025095e-35 1.0000000180025095e-35 67.500000000000014 1.0000000180025095e-35 30.500000000000004
decision_type=2 2 2 2 2 2 2 2 2 2 2 2 2 2
left_child=1 2 4 -2 6 -4 7 -1 -9 -10 11 -7 13 -12
right_child=3 -3 5 -5 -6 10 -8 8 9 -11 12 -13 -14 -15
leaf_value=-0.019361963628771989 0.022784017195391599 0.03048364487448281 -0.020541748736939331 -0.001235134481713441 -0.022446148814365425 -0.0058531397801714243 -0.016790191794846462 -0.0088374699826141226 0.0067120031123434959 -0.019109141355540135 -0.00043130130204854989 0.032740217938752085 0.045875074021881762 -0.020178649861090605
leaf_weight=35.965889490791596 248.42102675954811 38.395937721710652 155.10344305052422 51.731815337203443 40.851036863750778 17.903098737122491 50.432735360926017 118.46226201264653 721.00493046152405 31.255053425673395 95.284025230794214 17.360877497820184 1.939519494306295 77.125800435780548
leaf_count=3814 79395 1406 71400 2435 9605 891 2818 21582 73994 2318 11797 580 91 44150
internal_value=0.00183791 -0.00176524 -0.00275717 0.0185906 0.000370271 -0.011316 0.00143723 0.00253061 0.00352689 0.00553444 -0.00417824 0.0135707 -0.00807795 -0.00960163
internal_weight=1701.24 1401.08 1362.69 300.153 997.972 364.717 957.121 906.688 870.722 752.26 209.613 35.264 174.349 172.41
internal_count=326276 244446 243040 81830 114131 128909 104526 101708 97894 76312 57509 1471 56038 55947
is_linear=0
shrinkage=0.025


Tree=249
num_leaves=15
num_cat=0
split_feature=3 3 33 5 32 31 39 40 24 171 68 24 249 82
split_gain=187.246 147.943 90.1922 48.6914 63.9444 65.0796 48.245 45.3297 42.3644 40.8478 40.7197 35.1752 32.0731 32.1705
threshold=-5.4999999999999991 1.0000000180025095e-35 1.0000000180025095e-35 1.0000000180025095e-35 1.5000000000000002 17.500000000000004 177.50000000000003 8.5000000000000018 319.50000000000006 13.500000000000002 0.068592645227909102 195.50000000000003 1.0000000180025095e-35 0.99494948983192455
decision_type=2 2 2 2 2 2 2 2 2 2 2 2 2 2
left_child=3 2 8 4 9 -6 11 10 -2 -1 -3 -4 13 -13
right_child=1 7 6 -5 5 -7 -8 -9 -10 -11 -12 12 -14 -15
leaf_value=-0.022193947613637882 -0.007241169632021812 -0.017632345901308525 -0.016485257939591862 0.0083948211199320211 0.024567399953343755 -0.015937724394070121 -0.010569801007392585 0.022072977871488434 0.011742178202892794 0.025220682157189551 0.013701936789784179 0.021429242285092503 -0.0068333469332143059 -0.0037549901083090103
leaf_weight=295.17566843354143 190.20949784701224 198.65055139258038 15.138958767987786 61.330030986107886 43.430032153381035 49.8590613452252 36.361611241474748 21.337661571800709 115.55977482302114 8.9165272633545083 26.578810694161803 568.26258656522259 26.205532885622233 30.923631156561896
leaf_count=69712 20364 102026 202 829 903 12353 707 102 12353 176 7162 96219 707 2461
internal_value=0.00180421 0.00690189 0.0112542 -0.0117582 -0.0149706 0.00283741 0.0163257 -0.0102701 0 -0.0204895 -0.0136936 0.0179335 0.0188812 0.0200758
internal_weight=1687.94 1229.23 982.662 458.711 397.381 93.2891 676.892 246.567 305.769 304.092 225.229 640.531 625.392 599.186
internal_count=326276 242303 133013 83973 83144 13256 100296 109290 32717 69888 109188 99589 99387 98680
is_linear=0
shrinkage=0.025


Tree=250
num_leaves=15
num_cat=0
split_feature=3 3 3 10 0 0 30 24 0 0 37 39 0 24
split_gain=180.513 143.035 86.2956 65.3091 68.0833 61.6499 50.1109 56.9042 43.3616 42.9823 42.1893 47.8845 40.8885 39.2474
threshold=-5.4999999999999991 -1.0000000180025095e-35 -3.4999999999999996 -3.4999999999999996 1.0000000180025095e-35 -20.499999999999996 1.5000000000000002 232.50000000000003 -19.499999999999996 -6.4999999999999991 8.5000000000000018 129.50000000000003 -5.4999999999999991 195.50000000000003
decision_type=2 2 2 2 2 2 2 2 2 2 2 2 2 2
left_child=5 2 10 -4 13 6 7 -1 -7 -10 11 -2 -11 -5
right_child=1 -3 3 4 -6 8 -8 -9 9 12 -12 -13 -14 -15
leaf_value=0.019140084407206315 -0.018291378533933221 -0.0070490606669947973 -0.019621654377848199 -0.016296935734900733 -0.01821387594695793 0.026026807595626984 -0.025928381736746921 -0.019298640483683679 -0.02042105306657601 0.026370442583422096 -0.0095644078399369555 0.020282389442380897 -0.0094706358164763724 0.021485993693015962
leaf_weight=38.074820118839853 23.211121550062671 333.46229354070965 26.310586664360017 14.882269874215124 27.061934262514114 30.313311720266938 191.22341479675379 54.63302637974266 63.3934517710004 33.57379102264531 138.49663375865202 81.21962270187214 39.86822150577791 570.78223472414538
leaf_count=4417 2040 121916 303 200 1076 904 45925 16060 10862 831 6618 2842 4974 107308
internal_value=0.00178231 0.0068062 0.0120791 0.0168825 0.0185786 -0.0116549 -0.0186873 -0.00314565 0.000262668 -0.00570203 -0.000506629 0.0112048 0.00697886 0.0204053
internal_weight=1666.51 1215.43 881.964 639.037 612.726 451.08 283.931 92.7078 167.149 136.835 242.927 104.431 73.442 585.665
internal_count=326276 242303 120387 108887 108584 83973 66402 20477 17571 16667 11500 4882 5805 107508
is_linear=0
shrinkage=0.025


Tree=251
num_leaves=15
num_cat=0
split_feature=3 3 33 0 31 39 0 31 31 38 40 24 0 0
split_gain=174.061 137.996 86.3613 60.2705 55.969 48.7261 53.0198 47.2694 44.5049 44.4652 43.835 43.5979 41.5696 41.5176
threshold=-5.4999999999999991 1.0000000180025095e-35 1.0000000180025095e-35 -20.499999999999996 17.500000000000004 170.50000000000003 1.0000000180025095e-35 16.500000000000004 34.500000000000007 17.500000000000004 8.5000000000000018 195.50000000000003 -19.499999999999996 -6.4999999999999991
decision_type=2 2 2 2 2 2 2 2 2 2 2 2 2 2
left_child=3 2 -2 4 7 6 9 -1 -7 11 -3 -4 -5 -14
right_child=1 10 5 12 -6 8 -8 -9 -10 -11 -12 -13 13 -15
leaf_value=-0.021215504791756042 -2.5494830112093237e-05 -0.013388915089015206 -0.016138334918231325 0.025511079835410344 -0.024292994963028613 0.020395265547303348 -0.015525055712671518 0.022016980861697916 -0.021419554384436251 0.0031020896513806453 0.02195964165982511 0.02414660540898237 -0.020202783401759346 0.0068777617400825677
leaf_weight=25.057543151429854 301.34585331485141 221.68021734454669 14.684793520718811 30.214891688432544 220.35542617656756 23.02918059239164 24.923625264316797 32.865586184430867 37.264590810984373 88.973172168014571 21.100344326347113 468.42956670955755 62.519883427885361 72.732408431824297
leaf_count=5365 32717 109188 200 904 60476 1212 977 561 404 6800 102 90703 10862 5805
internal_value=0.00175615 0.0067098 0.0109816 -0.0115548 -0.0185993 0.0160429 0.0182077 0.0027805 -0.00484372 0.0197941 -0.00998447 0.0227786 0.000264343 -0.00562605
internal_weight=1645.18 1201.43 958.651 443.746 278.279 657.305 597.011 57.9231 60.2938 572.088 242.781 483.114 165.467 135.252
internal_count=326276 242303 133013 83973 66402 100296 98680 5926 1616 97703 109290 90903 17571 16667
is_linear=0
shrinkage=0.025


Tree=252
num_leaves=15
num_cat=0
split_feature=3 3 3 0 0 13 31 31 37 39 0 0 0 24
split_gain=167.744 134.26 84.1669 59.1706 59.0596 58.9139 54.7293 45.6405 40.0992 46.0116 39.8022 40.0654 39.5337 37.3394
threshold=-5.4999999999999991 -1.0000000180025095e-35 -3.4999999999999996 1.0000000180025095e-35 -20.499999999999996 0.20541863888502124 17.500000000000004 16.500000000000004 8.5000000000000018 129.50000000000003 -19.499999999999996 -6.4999999999999991 -5.4999999999999991 195.50000000000003
decision_type=2 2 2 2 2 2 2 2 2 2 2 2 2 2
left_child=4 2 8 5 6 13 7 -1 9 -2 -6 -12 -13 -4
right_child=1 -3 3 -5 10 -7 -8 -9 -10 -11 11 12 -14 -15
leaf_value=-0.021118719489261296 -0.018117178337452085 -0.0068450732914683496 -0.015980414219684401 -0.017953328304291923 0.024996972457234184 -0.014419584205605324 -0.02421922386122969 0.021618929165399411 -0.0094704033964453857 0.019937865850849442 -0.019981739602656298 0.025951355009507293 -0.0094303823660256171 0.021290913730592748
leaf_weight=24.563050543190911 22.922440945636481 329.73141551588196 14.491256572306154 26.420610099099576 30.128233348019421 29.565242283977568 215.57034287659917 32.691401363350451 137.45724858995527 79.539850346045569 61.675113025587052 33.096739473287016 39.777472257614136 547.2448442731984
leaf_count=5365 2040 121916 200 1079 904 700 60476 561 6618 2842 10862 831 4974 106908
internal_value=0.00173308 0.00662078 0.0118328 0.016695 -0.01143 0.018368 -0.0185048 0.00273031 -0.000634613 0.0109141 0.000263217 -0.0055178 0.00669992 0.0202054
internal_weight=1624.88 1187.37 857.641 617.722 437.502 591.301 272.825 57.2545 239.92 102.462 164.678 134.549 72.8742 561.736
internal_count=326276 242303 120387 108887 83973 107808 66402 5926 11500 4882 17571 16667 5805 107108
is_linear=0
shrinkage=0.025


Tree=253
num_leaves=15
num_cat=0
split_feature=3 3 3 10 1 31 236 38 38 36 24 33 32 1
split_gain=161.663 129.44 81.991 61.786 57.6991 53.5093 44.9874 44.7652 42.0603 39.3464 41.9013 38.4396 50.4482 38.1339
threshold=-5.4999999999999991 -1.0000000180025095e-35 -3.4999999999999996 -3.4999999999999996 20.500000000000004 17.500000000000004 1.0000000180025095e-35 6.5000000000000009 42.500000000000007 126.50000000000001 197.50000000000003 1.0000000180025095e-35 1.5000000000000002 19.500000000000004
decision_type=2 2 2 2 2 2 2 2 2 2 2 2 2 2
left_child=4 2 11 -4 13 7 -5 -6 9 10 -8 -2 -13 -1
right_child=1 -3 3 6 5 -7 8 -9 -10 -11 -12 12 -14 -15
leaf_value=-0.0054424143524441377 -0.009597290848518918 -0.0066946333836633998 -0.019332053503831423 -0.0041434927823870496 0.021468728741131416 -0.024142312031710432 -0.015389170556546723 -0.021082622798884672 -0.019576539547847285 -0.0003823278038775778 0.024958648755361267 0.024149860018132182 -0.0099230115930078015 0.024485116738992882
leaf_weight=133.03886582900304 132.55420692055486 328.79197280469816 25.636659801006317 48.434029595693573 32.358651839545928 210.91880543634761 13.986696742475031 24.243940379587002 13.169048232957719 44.476227125618607 461.37680478580296 63.326200352516025 42.50689895125106 30.052802736870944
leaf_count=16667 8268 121916 303 2159 1201 60476 198 4725 396 2574 103257 2424 808 904
internal_value=0.00170697 0.00652399 0.0116995 0.0165592 -0.0113254 -0.018408 0.0182755 0.00267994 0.0203712 0.0215375 0.0236302 -0.000624516 0.0103388 0.000264443
internal_weight=1604.87 1174.26 845.467 607.079 430.613 267.521 581.443 56.6026 533.009 519.84 475.364 238.387 105.833 163.092
internal_count=326276 242303 120387 108887 83973 66402 108584 5926 106425 106029 103455 11500 3232 17571
is_linear=0
shrinkage=0.025


Tree=254
num_leaves=15
num_cat=0
split_feature=3 3 3 10 33 1 236 31 12 1 39 24 222 39
split_gain=155.819 134.923 64.3923 60.0846 59.2984 47.7672 44.2967 41.0722 43.8841 37.6317 37.2433 38.4418 37.2425 41.595
threshold=-4.4999999999999991 -1.0000000180025095e-35 -3.4999999999999996 -3.4999999999999996 1.0000000180025095e-35 20.500000000000004 1.0000000180025095e-35 17.500000000000004 74.611885070800795 19.500000000000004 170.50000000000003 195.50000000000003 1.0000000180025095e-35 123.50000000000001
decision_type=2 2 2 2 2 2 2 2 2 2 2 2 2 2
left_child=5 2 4 -4 -2 9 -5 8 -7 -1 11 -8 13 -3
right_child=1 12 3 6 -6 7 10 -9 -10 -11 -12 -13 -14 -15
leaf_value=-0.0052886095728330619 -0.0093930170729706886 -0.016943625049335855 -0.019162231564753426 -0.0040475216832980814 0.020916038869982258 -0.020954701182110153 -0.015235171662287751 -0.02056598130585359 0.021379793187306699 0.02397276690563797 -0.0015062207770796534 0.023542965840011261 0.026593971632949527 0.0011538788153591193
leaf_weight=142.52909468102735 132.12176833255216 168.70526889187749 25.24875130597502 48.414276909083128 54.486120660789311 24.038063206942752 13.807464968413113 245.76883686345536 31.922569126007147 30.845977721735835 42.422295026481152 465.13949959352612 16.749855861999094 142.43084390286822
leaf_count=16727 8268 95592 303 2159 2929 5046 198 60716 880 907 1386 104841 1106 25218
internal_value=0.00168177 0.00682178 0.0124652 0.0164665 -0.000220556 -0.010237 0.0181811 -0.0161983 0.00262994 9.4884e-05 0.0203042 0.0222853 -0.00654689 -0.00864753
internal_weight=1584.63 1109.53 781.64 595.032 186.608 475.105 569.784 301.729 55.9606 173.375 521.369 478.947 327.886 311.136
internal_count=326276 242000 120084 108887 11197 84276 108584 66642 5926 17634 106425 105039 121916 120810
is_linear=0
shrinkage=0.025


Tree=255
num_leaves=15
num_cat=0
split_feature=3 38 37 4 24 0 31 44 38 225 38 35 24 31
split_gain=150.839 124.152 55.7662 61.8064 60.6349 55.6802 51.1972 49.8289 47.4227 46.3992 42.4659 37.737 36.399 35.6287
threshold=-5.4999999999999991 32.500000000000007 27.500000000000004 1.0000000180025095e-35 235.50000000000003 -20.499999999999996 17.500000000000004 1.5000000000000002 17.500000000000004 5.5000000000000009 6.5000000000000009 207.50000000000003 198.50000000000003 34.500000000000007
decision_type=2 2 2 2 2 2 2 2 2 2 2 2 2 2
left_child=5 2 3 9 8 6 10 -3 12 13 -1 -6 -5 -2
right_child=1 7 -4 4 11 -7 -8 -9 -10 -11 -12 -13 -14 -15
leaf_value=0.020984953965864809 0.00078804352701621061 -0.018661326395011005 0.018471180919804205 -0.018682574645642762 0.024227197801090811 0.00026127196328707477 -0.023991097269024955 0.016932187393970705 -0.022351511628197748 0.053382624764089281 -0.020917713439465538 -0.016428184583365587 0.022992812165464487 -0.019409493125909491
leaf_weight=31.800562683027238 279.6931758406572 146.7539961677976 316.54100391292013 14.909207217395304 193.51452506845817 162.32153394049965 202.63521488721017 26.244745109579526 40.045619608834386 6.3302368465811005 23.521596640930511 12.596984127536414 44.386508893687278 64.178210166865028
leaf_count=1201 28641 96959 88590 199 15774 17571 60476 2748 445 85 4725 107 4077 4678
internal_value=0.00165939 0.00637297 0.00986145 0.00560164 0.0137706 -0.0110795 -0.0182325 -0.012923 -0.00202436 -0.00150919 0.00258079 0.0214229 0.0117176 -0.0030447
internal_weight=1565.47 1145.19 972.195 655.654 305.453 420.279 257.957 172.999 99.3413 350.202 55.3222 206.112 59.2957 343.871
internal_count=326276 242303 142596 54006 20602 83973 66402 99707 4721 33404 5926 15881 4276 33319
is_linear=0
shrinkage=0.025


Tree=256
num_leaves=15
num_cat=0
split_feature=3 38 0 37 4 38 0 225 32 36 0 26 37 36
split_gain=145.262 119.54 54.6314 54.0138 60.1161 55.6449 49.4357 44.4238 40.5611 48.7297 39.5034 39.186 38.8434 35.506
threshold=-5.4999999999999991 32.500000000000007 -20.499999999999996 27.500000000000004 1.0000000180025095e-35 17.500000000000004 -20.499999999999996 5.5000000000000009 1.5000000000000002 116.50000000000001 -19.499999999999996 175.50000000000003 21.500000000000004 123.50000000000001
decision_type=2 2 2 2 2 2 2 2 2 2 2 2 2 2
left_child=2 3 8 4 7 12 -3 -2 -1 -10 -8 -7 -6 -5
right_child=1 6 -4 13 5 11 10 -9 9 -11 -12 -13 -14 -15
leaf_value=-0.023712559008170164 -0.0029780968568380089 -0.022408973481712943 0.00025483510070740229 0.022227773595100062 0.023229558782289782 -0.02167749051142116 0.074006618126190221 0.051986807635506831 0.01970438268117268 -0.022913023733161963 -0.00011393198669666351 0.015650389072099292 -0.0063486722559625485 2.8897032743354653e-05
leaf_weight=191.76090343605028 343.08856036805082 111.56561243662145 162.33671658369713 254.80406644032337 204.33146968018264 39.057405178900808 1.8183414795203123 6.4171433923766008 32.617759418673813 28.670072426088154 57.17215457779821 26.788469730876386 29.271199697395787 57.311478937976062
leaf_count=55828 33319 78964 17571 82621 17099 469 987 85 1523 9051 19756 2125 909 5969
internal_value=0.00163827 0.00629222 -0.0109348 0.00973153 0.00552144 0.0136911 -0.0127772 -0.00146414 -0.0181298 0 0.00523844 -0.00610781 0.0193841 0.01827
internal_weight=1547.01 1131.63 415.385 961.07 648.954 299.449 170.556 349.506 253.049 61.2878 58.9905 65.8459 233.603 312.116
internal_count=326276 242303 83973 142596 54006 20602 99707 33404 66402 10574 20743 2594 18008 88590
is_linear=0
shrinkage=0.025


Tree=257
num_leaves=15
num_cat=0
split_feature=239 39 225 39 41 40 210 24 24 38 6 39 38 1
split_gain=89.4365 81.5082 61.6122 57.9898 44.731 40.0844 30.0355 24.3757 33.175 30.0998 39.0254 36.2216 24.2189 27.7458
threshold=1.0000000180025095e-35 139.50000000000003 12.500000000000002 118.50000000000001 1.5000000000000002 20.000000000000004 1.0000000180025095e-35 319.50000000000006 291.50000000000006 15.500000000000002 98.500000000000014 152.50000000000003 42.500000000000007 1.5000000000000002
decision_type=2 2 2 2 2 2 2 2 2 2 2 2 2 2
left_child=2 12 3 4 -1 6 7 8 9 10 -5 -11 13 -2
right_child=1 -3 -4 5 -6 -7 -8 -9 -10 11 -12 -13 -14 -15
leaf_value=-0.01967867765619135 -0.010930070166604536 -0.0084603674766347611 0.028320224201936497 -0.00090629921075042249 0.020041578750788464 -0.023835512499660916 -0.036488564123350144 0.0070465587421539482 -0.015714369814996146 -0.015552485673239944 0.015861694701200902 0.0098454874611274834 -0.0089184071387219625 0.024480872252205247
leaf_weight=162.03042742388789 12.100110221188514 78.037223797291517 38.746509137097746 251.48725099326111 16.807760781841353 39.829119852278382 10.209652273915706 317.55996787588811 84.402102586114779 114.75577766599599 127.22680166026112 46.343809549696743 13.813401428982614 216.81913333479315
leaf_count=93450 1642 6263 1358 38455 1702 9914 202 39374 15081 23520 9003 4627 405 81280
internal_value=0.0016204 0.0132988 -0.0014817 -0.00255926 -0.0155391 -0.000153883 0.000882495 0.00142867 -0.00140952 0.000855533 0.00474171 -0.00804744 0.0204139 0.0223842
internal_weight=1530.17 320.77 1209.4 1170.65 178.838 991.814 951.985 941.776 624.216 539.814 378.714 161.1 242.733 228.919
internal_count=326276 89590 236686 235328 95152 140176 130262 130060 90686 75605 47458 28147 83327 82922
is_linear=0
shrinkage=0.025


Tree=258
num_leaves=15
num_cat=0
split_feature=3 38 33 0 0 35 30 0 24 25 0 0 0 0
split_gain=140.054 112.335 73.1442 78.2854 53.5161 49.3463 49.1747 48.4181 46.2264 40.6864 37.9057 34.822 38.9719 37.9926
threshold=-5.4999999999999991 32.500000000000007 1.0000000180025095e-35 1.0000000180025095e-35 -20.499999999999996 200.50000000000003 1.5000000000000002 -20.499999999999996 232.50000000000003 114.50000000000001 -19.499999999999996 -19.499999999999996 -6.4999999999999991 -5.4999999999999991
decision_type=2 2 2 2 2 2 2 2 2 2 2 2 2 2
left_child=4 2 9 5 6 -4 8 -3 -1 -2 -9 -6 -13 -14
right_child=1 7 3 -5 11 -7 -8 10 -10 -11 -12 12 13 -15
leaf_value=0.018590029286032057 -0.0049204960975147505 -0.022285369486572296 0.019148546565383964 -0.024839793760036241 0.023424999550282846 -0.0032782419765197916 -0.025910682760151751 0.071863944804152882 -0.017639063689491388 0.015702863972589517 -3.9055541780683851e-05 -0.019692359254544749 0.025727395747547684 -0.0091469993966627298
leaf_weight=35.173327608616091 249.10508485103492 107.70003335084766 523.55254003580194 26.904488454572856 29.89046155102551 66.388217381900176 164.08719329326414 1.9227803311077867 48.598437219450716 75.373081982368603 56.592420168570243 60.35767491615843 32.863082556752488 39.06118340161629
leaf_count=4417 32523 78964 98002 1020 904 4101 45925 987 16060 6950 19756 10862 831 4974
internal_value=0.00159016 0.00622407 0.00958636 0.0146205 -0.0108203 0.0165788 -0.0180574 -0.0125021 -0.0020226 0 0.0053067 0.000216302 -0.00524632 0.00684598
internal_weight=1517.57 1107.54 941.323 616.845 410.031 589.941 247.859 166.215 83.7718 324.478 58.5152 162.172 132.282 71.9243
internal_count=326276 242303 142596 103123 83973 102103 66402 99707 20477 39473 20743 17571 16667 5805
is_linear=0
shrinkage=0.025


Tree=259
num_leaves=15
num_cat=0
split_feature=37 225 39 0 37 35 24 24 20 0 0 0 35 0
split_gain=126.145 64.0686 44.4255 69.9596 47.4655 44.6936 37.0694 37.8244 36.5605 29.3076 28.7247 35.466 27.9841 21.7288
threshold=33.500000000000007 12.500000000000002 121.50000000000001 1.0000000180025095e-35 22.500000000000004 192.50000000000003 231.50000000000003 232.50000000000003 15.500000000000002 1.0000000180025095e-35 -20.499999999999996 -19.499999999999996 190.50000000000003 1.0000000180025095e-35
decision_type=2 2 2 2 2 2 2 2 2 2 2 2 2 2
left_child=1 2 3 4 -1 6 12 -8 9 -2 -7 -12 -4 -9
right_child=8 -3 5 -5 -6 10 7 13 -10 -11 11 -13 -14 -15
leaf_value=-0.022509604049458457 0.024357655170726716 0.029726012238659328 -0.0095125838468679003 0.033227706112856269 0.012102424638103794 -0.018908104413898036 0.029516474329011708 0.0045825953929969129 -0.0016043240350320954 -0.018214532347105759 0.04599134464211671 -0.0055001854390224966 0.017361061746742585 -0.019322144843167442
leaf_weight=164.65086691168835 193.43239903450012 36.289133732207119 208.68169271037914 15.535842955810947 26.102357573574409 116.71807333087781 34.875795020721853 544.88950373546686 46.736399353481829 7.8823200538754454 6.7893244333099565 52.71621126763057 23.997892653569579 21.57648885785602
leaf_count=96508 78610 1406 28754 515 8067 26817 504 73073 2435 785 323 6620 1207 652
internal_value=0.00156791 -0.00165125 -0.00267856 -0.0131667 -0.0175303 -0.000479597 0.00192219 0.00521865 0.0177519 0.0223254 -0.0118281 0.00190023 -0.00644913 0.00353118
internal_weight=1500.87 1252.82 1216.53 206.289 190.753 1010.24 834.021 601.342 248.051 201.315 176.224 59.5055 232.68 566.466
internal_count=326276 244446 243040 105090 104575 137950 104190 74229 81830 79395 33760 6943 29961 73725
is_linear=0
shrinkage=0.025


Tree=260
num_leaves=15
num_cat=0
split_feature=3 3 40 0 11 24 50 24 39 38 5 222 39 37
split_gain=136.389 114.747 77.704 58.6705 63.8314 58.0008 48.3898 42.4198 38.2035 39.9685 33.1146 32.7877 38.1144 34.0148
threshold=-4.4999999999999991 -1.0000000180025095e-35 1.0000000180025095e-35 1.0000000180025095e-35 5.5000000000000009 195.50000000000003 0.044716484844684608 498.50000000000006 170.50000000000003 44.500000000000007 1.0000000180025095e-35 1.0000000180025095e-35 136.50000000000003 32.500000000000007
decision_type=2 2 2 2 2 2 2 2 2 2 2 2 2 2
left_child=6 2 3 4 5 -2 10 -4 9 -7 -1 12 13 -3
right_child=1 11 7 -5 -6 8 -8 -9 -10 -11 -12 -13 -14 -15
leaf_value=-0.017582377604786849 -0.018694773430871003 -0.016340673641202633 -0.01106893449800353 -0.018330078470768254 -0.019004929200796036 0.025006657623799618 0.0019929238724584212 0.018200582400002975 0 -0.018692204665601689 0.014145354473213419 0.025477828801461423 0.0069926489084277321 0.017029195135984346
leaf_weight=288.80174343474209 20.423469953238964 202.81411042308901 117.4421614081366 26.209625826682895 24.764035731554031 444.95485576218925 142.41357593727298 38.353804069571197 44.620597827713937 10.755877926945685 19.050483483821154 16.120860846014693 73.792031876160763 17.896927463822067
leaf_count=69494 300 111448 8372 1101 300 107700 14689 511 1500 300 93 1106 8961 401
internal_value=0.00154688 0.00654172 0.0119695 0.0162243 0.0180212 0.0199284 -0.00988131 -0.00349822 0.0216567 0.0238053 -0.015421 -0.00608418 -0.00813539 -0.013331
internal_weight=1488.41 1038.15 727.524 571.728 545.519 520.755 450.266 155.796 500.331 455.711 307.852 310.624 294.503 220.711
internal_count=326276 242000 120084 111201 110100 109800 84276 8883 109500 108000 69587 121916 120810 111849
is_linear=0
shrinkage=0.025


Tree=261
num_leaves=15
num_cat=0
split_feature=37 177 39 35 37 27 0 8 0 27 0 32 10 0
split_gain=118.952 61.2479 53.8779 44.0176 39.462 36.1106 33.5076 33.3159 27.9451 27.2431 26.6524 26.6247 28.0305 25.1753
threshold=33.500000000000007 1.0000000180025095e-35 121.50000000000001 191.50000000000003 22.500000000000004 0.80652770400047313 1.0000000180025095e-35 1.0000000180025095e-35 1.0000000180025095e-35 0.45662046968936926 -6.4999999999999991 4.5000000000000009 -4.4999999999999991 1.0000000180025095e-35
decision_type=2 2 2 2 2 2 2 2 2 2 2 2 2 2
left_child=1 2 4 11 6 9 -1 8 -2 -3 -5 12 -4 -14
right_child=7 5 3 10 -6 -7 -8 -9 -10 -11 -12 -13 13 -15
leaf_value=-0.022626613815198288 0.024503214130546899 0.0017624528410437876 -0.018137436564605553 -0.016303056052978937 0.012136633107575748 -0.029796364718486824 0.018841173238377792 0 -0.017914491575934607 0.031776483932054692 0.010749018118171123 -0.017917155072365173 0.0049074700173309133 -0.020699802383353755
leaf_weight=156.78375686146319 179.475921980571 30.772959885303862 34.381845230585895 144.3942463278654 25.435085472243372 6.3047159021953112 10.298343019559978 51.345997460186481 7.4868358178064218 57.129955294425599 23.607512652757578 37.432824105606414 681.89971343474463 21.617365503916517
leaf_count=96305 78300 1517 8737 33466 8058 206 301 2747 783 1695 2169 9777 81514 701
internal_value=0.00152872 -0.00159731 -0.00323798 -0.000732167 -0.015189 0.0174163 -0.0196365 0.017587 0.0224169 0.0219492 -0.0122336 0.00176544 0.00286617 0.00400068
internal_weight=1468.37 1230.06 1135.85 943.334 192.517 94.2076 167.082 238.309 186.963 87.9029 168.002 775.332 737.899 703.517
internal_count=326276 244446 241028 136364 104664 3418 96606 81830 79083 3212 35635 100729 90952 82215
is_linear=0
shrinkage=0.025


Tree=262
num_leaves=15
num_cat=0
split_feature=3 3 33 0 31 0 40 12 68 24 0 0 0 37
split_gain=132.69 102.036 74.4604 51.1911 47.3337 40.7271 39.1632 38.4486 37.9259 37.2654 32.8426 37.3776 35.7509 30.8718
threshold=-5.4999999999999991 1.0000000180025095e-35 1.0000000180025095e-35 -20.499999999999996 17.500000000000004 1.0000000180025095e-35 8.5000000000000018 74.611885070800795 0.068592645227909102 319.50000000000006 -19.499999999999996 -6.4999999999999991 -5.4999999999999991 23.500000000000004
decision_type=2 2 2 2 2 2 2 2 2 2 2 2 2 2
left_child=3 2 9 4 7 13 8 -1 -3 -2 -5 -12 -13 -4
right_child=1 6 5 10 -6 -7 -8 -9 -10 -11 11 12 -14 -15
leaf_value=-0.020495065570837447 -0.0076219577028124015 -0.016585348717243983 0.011734494299577123 0.022801900221721891 -0.023758932968632473 -0.014793519941252303 0.021604533427866411 0.020582185754672223 0.015026572839555464 0.011059100120038709 -0.019583317412076438 0.025238120874758525 -0.0089109864526114285 0.024491451732881208
leaf_weight=21.853354120743461 172.10230873408727 174.337736057234 333.63283006777056 29.491124318912625 187.25525929726427 23.771493083331734 20.35924132168293 29.979977914365008 24.171623278409243 104.67374492622912 58.810799704515375 32.090399538283236 38.381362613639794 205.67657496384345
leaf_count=5046 20364 102026 19902 904 60476 993 102 880 7162 12353 10862 831 4974 79401
internal_value=0.00149995 0.00613894 0.0101098 -0.0107358 -0.0179721 0.0153069 -0.0089163 0.00263396 -0.0124456 -0.000424796 0.000137636 -0.00524327 0.00669464 0.0167543
internal_weight=1456.59 1058.73 839.857 397.862 239.089 563.081 218.869 51.8333 198.509 276.776 158.774 129.283 70.4718 539.309
internal_count=326276 242303 133013 83973 66402 100296 109290 5926 109188 32717 17571 16667 5805 99303
is_linear=0
shrinkage=0.025


Tree=263
num_leaves=15
num_cat=0
split_feature=3 3 132 11 0 24 39 3 3 6 37 3 39 3
split_gain=128.587 144.361 56.0622 54.7655 55.5751 33.7232 36.6336 31.5693 35.6869 44.7738 32.8895 31.6201 44.9746 30.8515
threshold=-3.4999999999999996 -1.0000000180025095e-35 1.0000000180025095e-35 5.5000000000000009 1.0000000180025095e-35 195.50000000000003 170.50000000000003 -19.499999999999996 -8.9999999999999982 1.0000000180025095e-35 6.5000000000000009 -5.4999999999999991 129.50000000000003 -1.4999999999999998
decision_type=2 2 2 2 2 2 2 2 2 2 2 2 2 2
left_child=2 3 7 4 5 -2 -7 -1 9 -9 11 -10 -13 -8
right_child=1 -3 -4 -5 -6 6 13 8 10 -11 -12 12 -14 -15
leaf_value=-0.018989809929182682 -0.015423003353350971 -0.0057853080192496811 0.019898243619688966 -0.018757174421129851 -0.017102174443933155 0.022991259043415244 0.020975703771982126 -0.021414752578403033 -0.013921960178061483 0.024946544301034341 -0.013607794281569802 -0.020976377832934059 0.022839628127007034 -0.018751785835979945
leaf_weight=151.34357999480562 13.826819304376839 301.07957092806464 41.224819914903492 24.211559162475169 24.363362049218267 419.70090742176399 19.019388311076909 15.013791977427898 42.852374979178421 42.955199680756778 247.85461955273058 16.25266324239783 56.677217378513888 24.324663978070021
leaf_count=43409 200 121916 580 303 1076 105908 1100 7392 9153 1691 30526 1212 1510 300
internal_value=0.00148073 0.00792116 -0.00714235 0.0158105 0.0176315 0.019554 0.0207446 -0.00922489 -0.0055513 0.0120662 -0.00850372 0.0022798 0.0123029 -0.000550536
internal_weight=1440.7 826.526 614.174 525.447 501.235 476.872 463.045 572.949 421.606 57.969 363.637 115.782 72.9299 43.3441
internal_count=326276 230803 95473 108887 108584 107508 107308 94893 51484 9083 42401 11875 2722 1400
is_linear=0
shrinkage=0.025


Tree=264
num_leaves=15
num_cat=0
split_feature=3 3 40 28 11 0 24 0 126 24 24 38 40 0
split_gain=123.978 101.606 63.146 54.318 53.7037 50.3283 54.583 42.3322 39.9456 38.9224 37.9231 38.3635 37.832 36.7727
threshold=-4.4999999999999991 1.0000000180025095e-35 1.0000000180025095e-35 1.0000000180025095e-35 5.5000000000000009 1.0000000180025095e-35 195.50000000000003 -20.499999999999996 0.4561470896005631 498.50000000000006 557.00000000000011 44.500000000000007 8.5000000000000018 -20.499999999999996
decision_type=2 2 2 2 2 2 2 2 2 2 2 2 2 2
left_child=7 2 3 -2 5 6 -5 -1 -7 -4 11 -8 13 -3
right_child=1 12 9 4 -6 8 10 -9 -10 -11 -12 -13 -14 -15
leaf_value=-0.015717884324745145 -0.01498603309051446 -0.019710393274723917 -0.010789775815003443 -0.018510672207326946 -0.018588559126690534 -0.024827357058384791 0.024201721067811193 0.00016363288900057648 0.053542627114708169 0.017659699488123862 0 -0.018650998198205392 0.021485064661812606 0.0027567417688214532
leaf_weight=267.73619184322888 34.555004783207551 130.4422655228409 116.44664647930767 20.035944294184446 23.852155602071434 25.135805805213753 456.45215069351252 166.11032787489239 1.7250717356801022 36.849333455786109 47.431446196511388 10.691500041633843 20.11661009863019 65.361999867251143
leaf_count=66642 11514 86483 8474 300 303 1085 105500 17634 23 511 4700 300 102 22705
internal_value=0.00145746 0.00635622 0.0105982 0.0141458 0.0159758 0.0175794 0.0192865 -0.00962061 -0.0140835 -0.00358343 0.0209052 0.023055 -0.00865647 -0.0121564
internal_weight=1422.94 989.096 773.175 619.879 585.324 561.472 534.611 433.847 26.8609 153.296 514.575 467.144 215.921 195.804
internal_count=326276 242000 132710 123725 112211 111908 110800 84276 1108 8985 110500 105800 109290 109188
is_linear=0
shrinkage=0.025


Tree=265
num_leaves=15
num_cat=0
split_feature=3 3 225 11 0 36 24 222 39 31 25 31 234 37
split_gain=119.852 136.927 54.4331 51.9131 52.3772 33.4111 36.0601 30.4533 35.0272 39.0764 28.4947 28.3355 25.6002 32.5006
threshold=-3.4999999999999996 -1.0000000180025095e-35 12.500000000000002 5.5000000000000009 1.0000000180025095e-35 126.50000000000001 197.50000000000003 1.0000000180025095e-35 123.50000000000001 22.500000000000004 120.50000000000001 34.500000000000007 1.0000000180025095e-35 28.500000000000004
decision_type=2 2 2 2 2 2 2 2 2 2 2 2 2 2
left_child=2 3 -1 4 5 6 -2 8 12 -10 -9 -7 13 -3
right_child=1 7 -4 -5 -6 11 -8 10 9 -11 -12 -13 -14 -15
leaf_value=-0.0086258146964926698 -0.015081406558695713 -0.022548075751339137 0.026196917354004996 -0.018420456854515814 -0.016735878669507025 0.019612727353008771 0.022948582829695665 -0.014700194541788664 0.014038552085811729 -0.012410300319837829 0.045159685092662612 -0.018583798659487245 0.014825484106616977 0.021496873493948354
leaf_weight=576.59115885122446 13.441069848835467 126.67134963505669 26.298154165502638 23.499909468926489 23.548201937228441 18.949772155843675 401.74177621398121 5.1785674456041297 70.997739706421271 62.744471893995069 10.641032979823647 23.962624825537205 12.318105934187768 8.4749612936284375
leaf_count=94926 200 94770 547 303 1076 2301 104707 467 7169 18049 639 300 325 497
internal_value=0.00143744 0.00776969 -0.00694339 0.0156693 0.0174879 0.0193989 0.0215583 -0.00560403 -0.00766046 0.00144734 0.0250164 -0.00099261 -0.015951 -0.0191982
internal_weight=1405.06 802.17 602.889 505.143 481.643 458.095 415.183 297.026 281.207 133.742 15.8196 42.9124 147.464 135.146
internal_count=326276 230803 95473 108887 108584 107508 104907 121916 120810 25218 1106 2601 95592 95267
is_linear=0
shrinkage=0.025


Tree=266
num_leaves=15
num_cat=0
split_feature=3 38 33 234 1 30 1 35 12 249 1 31 1 1
split_gain=116.316 91.1379 63.9749 67.6871 49.3769 49.1059 46.4428 44.5367 40.7897 37.3502 37.2067 35.6342 31.2188 36.8889
threshold=-5.4999999999999991 32.500000000000007 1.0000000180025095e-35 1.0000000180025095e-35 20.500000000000004 1.5000000000000002 20.500000000000004 200.50000000000003 74.611885070800795 1.0000000180025095e-35 19.500000000000004 34.500000000000007 19.500000000000004 6.5000000000000009
decision_type=2 2 2 2 2 2 2 2 2 2 2 2 2 2
left_child=4 2 -2 7 12 8 10 9 -6 -4 -3 -9 13 -1
right_child=1 6 3 -5 5 -7 -8 11 -10 -11 -12 -13 -14 -15
leaf_value=0.0070558780422223287 -0.00010222008806426663 0 0.020232046224647023 -0.024296508265171581 -0.015193608002098581 -0.0259234711162383 -0.022102128338499918 0.016418340830963118 0.020431798742559574 -0.012603433826505819 0.071643685885545857 -0.019615563074945205 0.022604215856122455 -0.019389366108393005
leaf_weight=69.0885955785634 301.98452065570746 53.482471324503422 445.90866944228765 24.255818322766572 48.852833754965104 148.54406946338713 95.880124288785737 27.923274159198627 29.662775850563776 19.863750435877591 1.9305416740244243 35.001879191957414 29.275844370946288 56.912592771579511
leaf_count=5805 39473 19756 97402 1020 18397 45925 78964 3301 2080 600 987 800 904 10862
internal_value=0.00142031 0.00589452 0.00907765 0.0141095 -0.0102442 -0.0175999 -0.0117577 0.0160457 -0.00117122 0.0187067 0.005929 -0.00322668 0.000483654 -0.00486832
internal_weight=1388.57 1006.23 854.938 552.953 382.337 227.06 151.293 528.698 78.5156 465.772 55.413 62.9252 155.277 126.001
internal_count=326276 242303 142596 103123 83973 66402 99707 102103 20477 98002 20743 4101 17571 16667
is_linear=0
shrinkage=0.025


Tree=267
num_leaves=15
num_cat=0
split_feature=3 3 132 10 0 38 39 12 3 3 6 37 38 0
split_gain=111.945 131.106 52.9199 50.7466 49.5904 39.4167 37.9254 48.9825 30.3242 34.7409 42.972 31.529 40.5036 29.5914
threshold=-3.4999999999999996 -1.0000000180025095e-35 1.0000000180025095e-35 -3.4999999999999996 1.0000000180025095e-35 42.500000000000007 156.50000000000003 46.516254425048835 -19.499999999999996 -8.9999999999999982 1.0000000180025095e-35 6.5000000000000009 12.500000000000002 -20.499999999999996
decision_type=2 2 2 2 2 2 2 2 2 2 2 2 2 2
left_child=2 3 8 -2 5 6 -5 -8 -1 10 -10 12 -11 -3
right_child=1 13 -4 4 -6 -7 7 -9 9 11 -12 -13 -14 -15
leaf_value=-0.0186368094702767 -0.018304790096679426 -0.010833657733928411 0.019649066834622288 0.024357413807206543 -0.016386111263209203 -0.019726416641465492 -0.012907560753133774 0.023237868517857925 -0.021230593844947826 -0.013024563744078422 0.024838042188560769 -0.013249429135584807 0.01626112974769699 0.0061544547671392091
leaf_weight=144.21621967136161 23.272890537977219 202.26891664066352 40.754781131399795 342.66454306629021 22.826658195350319 12.786093406379221 43.007461584638804 44.180497864028439 14.36988698504865 51.756752327200957 42.593460631091148 240.02542301942594 60.430215056054294 88.82158118695952
leaf_count=43409 303 96563 580 102308 1076 400 1000 3800 7392 8653 1691 30526 3222 25353
internal_value=0.00139864 0.00762977 -0.0067352 0.0155194 0.0173704 0.0192659 0.0206122 0.00529483 -0.00881868 -0.00518712 0.0123188 -0.00816887 0.00254598 -0.0055551
internal_weight=1373.98 779.829 594.147 488.738 465.465 442.639 429.853 87.188 553.392 409.176 56.9633 352.212 112.187 291.09
internal_count=326276 230803 95473 108887 108584 107508 107108 4800 94893 51484 9083 42401 11875 121916
is_linear=0
shrinkage=0.025


Tree=268
num_leaves=15
num_cat=0
split_feature=239 39 225 39 43 40 210 171 38 0 24 24 38 39
split_gain=62.0181 70.4153 51.9944 45.8307 41.7628 36.1546 29.2771 21.3798 20.5466 27.5587 19.8995 28.7638 25.1796 32.5332
threshold=1.0000000180025095e-35 139.50000000000003 12.500000000000002 118.50000000000001 1.5000000000000002 20.000000000000004 1.0000000180025095e-35 10.500000000000002 42.500000000000007 1.0000000180025095e-35 319.50000000000006 291.50000000000006 15.500000000000002 152.50000000000003
decision_type=2 2 2 2 2 2 2 2 2 2 2 2 2 2
left_child=2 8 3 4 -1 6 10 -3 9 -2 11 12 -5 -14
right_child=1 7 -4 5 -6 -7 -8 -9 -10 -11 -12 -13 13 -15
leaf_value=-0.019104341218732376 0.024330073424484119 -0.012160060277506331 0.027355410590812486 0.0048568207471592628 0.020016142848198887 -0.023636397209694196 -0.035840486373630256 0.040908428967058617 -0.0077836350522958835 -0.016666400241845881 0.0068914111650724063 -0.015138877668425114 -0.014792520849954817 0.010091911832581367
leaf_weight=141.0622459105216 172.89834267401602 68.479089167318307 35.243990398710594 341.29439974925481 16.267918987316079 36.011927673418541 10.251213517738504 1.9974581783171732 12.831394577398894 8.1187831242568773 287.51925988117 76.096037803101353 105.76274214626756 43.359035021392629
leaf_count=93450 82101 6198 1358 47458 1702 9914 202 65 405 821 39374 15081 23520 4627
internal_value=0.0013783 0.0121812 -0.0012379 -0.00228899 -0.0146045 -6.77703e-05 0.000963797 -0.00870689 0.0199193 0.0221138 0.00155865 -0.001126 0.00107648 -0.00733638
internal_weight=1357.19 264.325 1092.87 1057.62 157.33 900.295 864.283 70.4765 193.849 181.017 854.031 566.512 490.416 149.122
internal_count=326276 89590 236686 235328 95152 140176 130262 6263 83327 82922 130060 90686 75605 28147
is_linear=0
shrinkage=0.025


Tree=269
num_leaves=15
num_cat=0
split_feature=239 39 225 39 234 210 134 171 38 0 35 24 24 32
split_gain=60.0942 68.4446 50.375 44.201 40.777 31.0553 26.9441 20.762 20.2008 27.045 19.5486 18.485 37.862 20.0087
threshold=1.0000000180025095e-35 139.50000000000003 12.500000000000002 118.50000000000001 1.0000000180025095e-35 1.0000000180025095e-35 1.0000000180025095e-35 10.500000000000002 42.500000000000007 1.0000000180025095e-35 209.50000000000003 231.50000000000003 232.50000000000003 1.5000000000000002
decision_type=2 2 2 2 2 2 2 2 2 2 2 2 2 2
left_child=2 8 3 4 6 10 -1 -3 9 -2 11 -5 -13 -14
right_child=1 7 -4 5 -6 -7 -8 -9 -10 -11 -12 12 13 -15
leaf_value=-0.020445563114199941 0.024311944442249836 -0.011915900231792656 0.027157503222852288 -0.0047235870205468537 0.022893922868709546 -0.037527545467854327 0.03632484545158892 0.040187715890698673 -0.0076703752016702119 -0.016551731270904296 -0.021380730610029583 0.027997464699025171 0.003847624329683854 -0.0085094935178374326
leaf_weight=139.224820578238 168.7558590908302 68.200229063397273 34.642763643991202 238.14319041609997 13.457530393265186 10.643447245471178 2.4574922774918369 2.0357624696334815 12.740788584575055 7.9930238313972941 21.76288245205069 33.966025769361295 499.04903130512685 94.099393002979923
leaf_count=94654 82101 6198 1358 39360 437 204 61 65 405 821 3438 704 72653 23817
internal_value=0.00135264 0.0120924 -0.00121573 -0.00224755 -0.0144356 -7.23134e-05 -0.0185553 -0.00847997 0.0198609 0.0220795 0.000474006 0.00112446 0.00339682 0.00181235
internal_weight=1347.17 259.726 1087.45 1052.8 155.14 897.664 141.682 70.236 189.49 176.749 887.021 865.258 627.114 593.148
internal_count=326276 89590 236686 235328 95152 140176 94715 6263 83327 82922 139972 136534 97174 96470
is_linear=0
shrinkage=0.025


Tree=270
num_leaves=15
num_cat=0
split_feature=3 38 33 234 1 1 31 35 1 249 25 38 31 24
split_gain=109.791 82.7666 60.1916 64.2736 48.9753 44.4454 43.514 41.2747 35.9587 35.2959 34.4637 34.4584 32.7268 32.549
threshold=-5.4999999999999991 32.500000000000007 1.0000000180025095e-35 1.0000000180025095e-35 20.500000000000004 20.500000000000004 17.500000000000004 200.50000000000003 19.500000000000004 1.0000000180025095e-35 117.50000000000001 6.5000000000000009 34.500000000000007 188.50000000000003
decision_type=2 2 2 2 2 2 2 2 2 2 2 2 2 2
left_child=4 2 10 7 -1 8 11 9 -3 13 -2 -6 -9 -4
right_child=1 5 3 -5 6 -7 -8 12 -10 -11 -12 -13 -14 -15
leaf_value=0.00057567502588461617 -0.0047520457612414239 0 -0.014927872099464662 -0.024123654671794791 0.02006512258834172 -0.021951357488865675 -0.023482834178402058 0.016007894886941761 0.069836674321808165 -0.012270703671943613 0.015575186823117634 -0.020132868266763124 -0.019152906172031622 0.021306606833471485
leaf_weight=153.27384649368469 229.55853544687852 52.18016493570758 13.259662877768276 23.370504396501929 28.316572540556081 90.346058997034561 170.8468086279463 26.948535665869713 2.0223355049965894 19.36367851914838 64.159983194142114 19.979281162959523 33.452568817650899 411.25147627358092
leaf_count=17571 32850 19756 200 1020 1201 78964 60476 3301 987 600 6623 4725 800 97202
internal_value=0.00133026 0.00579106 0.00887973 0.0139061 -0.0101267 -0.0114139 -0.0176314 0.0158501 0.00594331 0.018482 -0.000114922 0.00274354 -0.00305609 0.0200195
internal_weight=1338.33 965.914 821.365 527.646 372.417 144.549 219.143 504.276 54.2025 443.875 293.719 48.2959 60.4011 424.511
internal_count=326276 242303 142596 103123 83973 99707 66402 102103 20743 98002 39473 5926 4101 97402
is_linear=0
shrinkage=0.025


Tree=271
num_leaves=15
num_cat=0
split_feature=3 38 67 252 0 3 36 0 37 30 24 39 0 38
split_gain=105.586 79.7267 51.7105 49.1668 59.5463 48.2243 49.4307 47.946 47.6559 46.5915 37.8607 36.2732 34.9435 32.3721
threshold=-5.4999999999999991 21.500000000000004 -0.0046501921024173489 1.0000000180025095e-35 1.0000000180025095e-35 -3.4999999999999996 125.50000000000001 -20.499999999999996 16.500000000000004 1.5000000000000002 232.50000000000003 129.50000000000003 -20.499999999999996 30.500000000000004
decision_type=2 2 2 2 2 2 2 2 2 2 2 2 2 2
left_child=7 3 -3 -2 5 8 -7 9 11 10 -1 -5 13 -4
right_child=1 2 12 4 -6 6 -8 -9 -10 -11 -12 -13 -14 -15
leaf_value=0.018134092487636311 -0.015425863938920086 -0.018498083096303072 0.0066312652880413927 -0.011479533276404857 -0.023944132560971443 0.021338895882754245 -0.00039225739149039508 0.00056144937470780905 -0.014017200471413494 -0.025886408206587597 -0.016332886249806108 0.021624311324020956 0.018007874936067838 -0.021470057870470943
leaf_weight=32.033758063218556 40.492026168736629 112.01293436670676 54.636984501034021 25.17698925267905 24.574112360365689 380.17948392254766 76.049656971939839 153.30408916436136 66.905483504757285 140.21036112238653 42.901396344532259 72.923484430648386 60.187888218672015 42.360136398987379
leaf_count=4417 11717 65793 3937 2424 1154 102105 5103 17571 2721 45925 16060 3109 8914 35326
internal_value=0.0013096 0.00570852 -0.0057176 0.010232 0.0119432 0.0135111 0.0176832 -0.00998478 0.00171693 -0.0175186 -0.00114707 0.0127926 0.00340981 -0.00566695
internal_weight=1323.95 955.499 269.198 686.301 645.809 621.235 456.229 368.45 165.006 215.146 74.9352 98.1005 157.185 96.9971
internal_count=326276 242303 113970 128333 116616 115462 107208 83973 8254 66402 20477 5533 48177 39263
is_linear=0
shrinkage=0.025


Tree=272
num_leaves=15
num_cat=0
split_feature=225 40 38 39 35 67 0 32 0 247 38 28 68 53
split_gain=50.4026 53.5784 49.242 53.8961 49.845 38.4338 33.1539 33.4036 32.9269 30.3536 29.5147 25.5602 20.5505 18.63
threshold=11.500000000000002 20.000000000000004 21.500000000000004 139.50000000000003 134.50000000000003 -0.0075759745668619862 1.0000000180025095e-35 1.5000000000000002 -20.499999999999996 1.0000000180025095e-35 30.500000000000004 1.0000000180025095e-35 0.068592645227909102 0.03109983075410128
decision_type=2 2 2 2 2 2 2 2 2 2 2 2 2 2
left_child=1 2 3 4 -1 -4 7 9 10 11 -7 -6 13 -10
right_child=-2 -3 5 -5 6 8 -8 -9 12 -11 -12 -13 -14 -15
leaf_value=-0.014233811758441076 0.028344695061929926 -0.022671217155208128 -0.018778826123243969 -0.0014584547711522708 -0.0174652659589019 0.002373617704183254 -0.019680990437001195 0.023717541856253577 0.019977454423998432 -0.0016050162701337412 -0.022359124815576378 0.019472194349459248 0.047264525721430715 -0.007587509038011123
leaf_weight=42.402321182889864 38.686000019079074 56.93902166117914 110.3674800558947 474.84662826429121 9.8867030129767937 68.495970063027926 15.144335360499097 156.82787151902448 29.373161718365736 101.71993088489398 48.145779779006261 122.83323758793995 7.2963473791023707 25.145322442287579
leaf_count=12523 2155 16588 66305 65789 1299 9373 1043 58691 4868 16750 38562 26911 729 4690
internal_value=0.00128693 0.000377803 0.00153405 0.0043679 0.0105563 -0.00739468 0.0132891 0.0147687 -2.2255e-05 0.0084531 -0.00793093 0.0162112 0.0141917 0.00709651
internal_weight=1308.11 1269.42 1212.49 923.661 448.814 288.824 406.412 391.268 178.457 234.44 116.642 132.72 61.8148 54.5185
internal_count=326276 324121 307533 183006 117217 124527 104694 103651 58222 44960 47935 28210 10287 9558
is_linear=0
shrinkage=0.025


Tree=273
num_leaves=15
num_cat=0
split_feature=239 36 225 40 12 40 191 30 20 0 0 27 53 0
split_gain=52.6232 61.5964 46.7471 41.5587 29.3391 34.2494 33.6974 30.2787 28.01 24.3088 63.0473 29.1587 26.0032 18.226
threshold=1.0000000180025095e-35 125.50000000000001 12.500000000000002 20.000000000000004 52.280015945434577 8.5000000000000018 1.0000000180025095e-35 1.5000000000000002 3.5000000000000004 -20.499999999999996 -19.499999999999996 0.22768543660640719 0.11346353217959405 -6.4999999999999991
decision_type=2 2 2 2 2 2 2 2 2 2 2 2 2 2
left_child=2 8 3 4 5 9 -7 -6 -2 -1 11 -11 -13 -12
right_child=1 -3 -4 -5 7 6 -8 -9 -10 10 13 12 -14 -15
leaf_value=-0.01126687098224418 0.020159434998234638 -0.01445749737435419 0.026703827128456811 -0.022582939090444815 0.021233015931262131 0.017210312518914375 -0.016633831454069957 0.0013814299064612483 -0.013044293739620455 -0.00037619296598793929 -0.014477663666769867 0.088897118802642797 0 0.0033452559891782754
leaf_weight=317.63611213443801 186.51766399166081 42.972894303500652 33.265386326005682 55.759146798518486 53.437359765055589 71.605396568542346 21.083110076200683 351.12875365937361 14.374543415848164 4.726550792111083 61.118279660760891 5.9889507808256877 2.925959738320671 75.713030999875627
leaf_count=124192 86406 2627 1358 16588 3013 4484 4387 50884 557 650 20186 621 229 10094
internal_value=0.00126353 0.0116634 -0.00114443 -0.00215163 -0.0008794 -0.00459228 0.00897065 0.00420187 0.017504 -0.00737092 0.000749708 0.0468725 0.0678087 -0.00457671
internal_weight=1298.25 243.865 1054.39 1021.12 965.364 560.797 92.6885 404.566 200.892 468.109 150.473 13.6415 8.91491 136.831
internal_count=326276 89590 236686 235328 218740 164843 8871 53897 86963 155972 31780 1500 850 30280
is_linear=0
shrinkage=0.025


Tree=274
num_leaves=15
num_cat=0
split_feature=3 3 40 0 30 28 10 24 39 0 126 24 24 40
split_gain=103.026 75.4076 49.21 46.2513 44.8052 42.0923 44.4999 42.4093 44.9418 42.0044 35.3449 35.0661 34.8176 33.3493
threshold=-5.4999999999999991 1.0000000180025095e-35 1.0000000180025095e-35 -20.499999999999996 1.5000000000000002 1.0000000180025095e-35 -3.4999999999999996 195.50000000000003 170.50000000000003 1.0000000180025095e-35 0.4561470896005631 232.50000000000003 498.50000000000006 8.5000000000000018
decision_type=2 2 2 2 2 2 2 2 2 2 2 2 2 2
left_child=3 2 5 4 11 -2 -7 -8 9 -9 -11 -1 -4 -3
right_child=1 13 12 -5 -6 6 7 8 -10 10 -12 -13 -14 -15
leaf_value=0.017523479538424078 -0.014141043740652674 -0.011437221356979931 -0.010748736263999886 0.00034484406596599538 -0.025875839157558811 -0.018008238941992841 -0.018133404195462804 0.021269488957831553 -0.0047791113639716939 -0.022524071954503167 0.050803192461391124 -0.016021677652825691 0.017181817984870378 0.020957414868429905
leaf_weight=31.151944768847898 31.624937966116704 177.81122628191952 107.64371897873934 152.43847612192621 136.21665826818207 22.582508325111121 19.252355853095651 442.16858515026979 50.092261677142233 22.180701966863129 1.8590076426044095 42.012962382752448 33.968302440363914 19.063314635306597
leaf_count=4417 11514 109188 8474 17571 45925 303 303 109200 1616 1069 23 16060 511 102
internal_value=0.00124469 0.00567082 0.00937742 -0.00999525 -0.0175395 0.0125525 0.0141771 0.0156734 0.0170796 0.0194971 -0.0109217 -0.00128304 -0.00365874 -0.0079079
internal_weight=1290.07 928.247 731.372 361.82 209.382 589.76 558.135 535.553 516.301 466.208 24.0397 73.1649 141.612 196.875
internal_count=326276 242303 133013 83973 66402 124028 112514 112211 111908 110292 1092 20477 8985 109290
is_linear=0
shrinkage=0.025


Tree=275
num_leaves=15
num_cat=0
split_feature=3 38 33 0 67 50 24 24 35 0 5 38 6 38
split_gain=99.1593 78.1555 49.5203 56.4115 48.6536 42.2187 34.6503 32.7758 32.5033 32.0878 30.9433 30.5603 27.3264 39.8151
threshold=-4.4999999999999991 21.500000000000004 1.0000000180025095e-35 1.0000000180025095e-35 -0.0046501921024173489 0.044716484844684608 557.00000000000011 195.50000000000003 129.50000000000003 -20.499999999999996 1.0000000180025095e-35 30.500000000000004 -1.0000000180025095e-35 15.500000000000002
decision_type=2 2 2 2 2 2 2 2 2 2 2 2 2 2
left_child=5 2 12 6 -3 10 7 -4 -9 11 -1 -6 13 -2
right_child=1 4 3 -5 9 -7 -8 8 -10 -11 -12 -13 -14 -15
leaf_value=-0.017010684411792081 -0.017978392367388765 -0.018093025532044602 -0.014620007839588518 -0.023041337035076173 0.0065790704843137872 0.0023958779882785469 -0.0055856796304930862 -0.015265778067567621 0.023883749718717286 0.017584978038108611 0.013969509192058395 -0.021221061271884327 0.0087174561653846488 0.018093911452344239
leaf_weight=250.66183951450512 70.813392486190423 107.42952450731536 12.905866719782351 18.690085103735328 53.602122629527003 132.09887962299399 31.523640418308787 11.097871372476218 314.91741807723884 59.172942152246833 18.777482291683555 40.12959452776704 130.45508410420734 22.521293648984283
leaf_count=69494 15503 65793 200 957 3937 14689 3200 500 91903 8914 93 35326 14751 1016
internal_value=0.0012257 0.00596657 0.0108387 0.0162003 -0.00540211 -0.00899065 0.0184163 0.0207513 0.022348 0.00353064 -0.0146298 -0.00535364 0.00131453 -0.00872236
internal_weight=1274.8 873.259 612.925 389.135 260.334 401.538 370.445 338.921 326.015 152.905 269.439 93.7317 223.79 93.3347
internal_count=326276 242000 128030 96760 113970 84276 95803 92603 92403 48177 69587 39263 31270 16519
is_linear=0
shrinkage=0.025


Tree=276
num_leaves=15
num_cat=0
split_feature=239 36 178 12 20 24 0 24 18 0 6 25 10 38
split_gain=46.9166 57.8915 36.3492 34.5326 26.9081 22.3364 22.942 22.8167 26.9779 21.2668 20.4135 20.3825 20.2075 18.8051
threshold=1.0000000180025095e-35 125.50000000000001 1.5000000000000002 52.280015945434577 3.5000000000000004 335.50000000000006 -6.4999999999999991 337.50000000000006 1.0000000180025095e-35 -5.4999999999999991 1.0000000180025095e-35 84.500000000000014 -4.4999999999999991 42.500000000000007
decision_type=2 2 2 2 2 2 2 2 2 2 2 2 2 2
left_child=2 4 3 5 13 6 -1 -7 -9 -8 -5 -4 -10 -2
right_child=1 -3 11 10 -6 7 9 8 12 -11 -12 -13 -14 -15
leaf_value=-0.012440639989486765 0.022119044639384414 -0.014228075017211654 -0.015594925535312575 -0.018433475551297287 -0.012991107629739804 0.018937127499308506 0.029200295580226389 -0.009921904080510989 -0.016065311849586962 -0.0038405994083617334 0.0046541433013191297 0.021438595873638343 0.022631901608192166 -0.0070910569075086959
leaf_weight=320.49503734684549 164.4918891438283 42.056230743415654 7.8885083702625698 22.261918779637199 14.07682856521569 32.325061754090711 12.907956117182037 107.63774342642864 8.0525273562525381 46.407431376050226 378.41194479278056 59.282743533374742 31.060501951084007 12.26612353697419
leaf_count=120005 86001 2627 503 6519 557 1096 1219 41229 3744 7110 53012 1604 645 405
internal_value=0.00120647 0.0112704 -0.00107823 -0.00236425 0.017152 -0.00638067 -0.00979525 0.000766218 -0.00336857 0.00400804 0.00318198 0.0162524 0.0134944 0.0198684
internal_weight=1259.62 232.891 1026.73 959.56 190.835 558.886 379.81 179.076 146.751 59.3154 400.674 67.1713 39.113 176.758
internal_count=326276 89590 236686 234579 86963 175048 128334 46714 45618 8329 59531 2107 4389 86406
is_linear=0
shrinkage=0.025


Tree=277
num_leaves=15
num_cat=0
split_feature=3 3 33 1 30 39 12 31 234 38 12 40 68 178
split_gain=95.9198 68.7852 58.6463 44.4136 44.838 34.0555 32.7507 32.0827 32.0008 38.1217 37.6385 31.8937 36.0956 31.8098
threshold=-5.4999999999999991 1.0000000180025095e-35 1.0000000180025095e-35 20.500000000000004 1.5000000000000002 170.50000000000003 74.611885070800795 34.500000000000007 1.0000000180025095e-35 17.500000000000004 47.512128829956062 8.5000000000000018 0.068592645227909102 4.5000000000000009
decision_type=2 2 2 2 2 2 2 2 2 2 2 2 2 2
left_child=3 2 13 -1 6 8 -5 -7 9 -4 -11 12 -3 -2
right_child=1 11 5 4 -6 7 -8 -9 -10 10 -12 -13 -14 -15
leaf_value=0.00035845722831032861 -0.0033366643139057075 -0.015529747221854441 0.021907934241186061 -0.014097302840512707 -0.02587687096639496 0.019376826319674526 0.019232052153457673 -0.019693262811328507 -0.012211100422616214 -0.013076136666562217 0.022382699056555828 0.020820070255064101 0.016601625284018578 0.03063494552673833
leaf_weight=150.92252518836176 226.82948878977913 151.4277595753083 323.09830828523263 44.636882062244695 131.01016270875698 17.999411490745842 26.928398693329655 31.296735773328692 19.733506165444851 42.289416017360054 28.731795471161604 18.796221759170294 22.208206174895167 15.586627562879583
leaf_count=17571 32450 102026 90903 18397 45925 1212 2080 404 976 4201 2600 102 7162 267
internal_value=0.00118303 0.00554127 0.00916443 -0.0097716 -0.0173354 0.0143539 -0.000951744 -0.00465642 0.0166955 0.0182871 0.00125684 -0.00755212 -0.0110664 -0.000702739
internal_weight=1251.5 897.997 705.565 353.498 202.575 463.149 71.5653 49.2961 413.853 394.12 71.0212 192.432 173.636 242.416
internal_count=326276 242303 133013 83973 66402 100296 20477 1616 98680 97704 6801 109290 109188 32717
is_linear=0
shrinkage=0.025


Tree=278
num_leaves=15
num_cat=0
split_feature=3 3 132 10 0 38 39 12 0 0 38 35 3 3
split_gain=92.5852 103.214 46.0484 45.5391 42.0677 35.1623 33.386 42.79 26.2691 38.5151 33.8549 39.6352 25.9799 30.226
threshold=-3.4999999999999996 -1.0000000180025095e-35 1.0000000180025095e-35 -3.4999999999999996 1.0000000180025095e-35 42.500000000000007 156.50000000000003 46.516254425048835 -20.499999999999996 -19.499999999999996 30.500000000000004 142.50000000000003 -19.499999999999996 -8.9999999999999982
decision_type=2 2 2 2 2 2 2 2 2 2 2 2 2 2
left_child=2 3 12 -2 5 6 -5 -8 10 -10 11 -3 -1 -14
right_child=1 8 -4 4 -6 -7 7 -9 9 -11 -12 -13 13 -15
leaf_value=-0.017997181187527717 -0.017776092382591712 -0.022629389977501638 0.018665685560754156 0.024188649718095624 -0.015384736859211021 -0.019220176375586692 -0.012231881564239501 0.022990860737813968 0.063866719201142716 0.0011741319973357868 -0.023642542364142469 0.0084049822795569367 0.011961579408492474 -0.0078919003561514489
leaf_weight=132.29993868793827 22.092426733579487 34.73171388998162 38.887916224543005 289.43772466760129 20.874754168093204 11.74787539616227 39.852401894982904 39.789773219497874 3.7339328281814224 80.367771064571571 68.897049701074138 77.124241282232106 52.501230656518601 325.68060836242512
leaf_count=43409 303 11200 580 102308 1076 400 1000 3800 1207 24146 79843 5520 9083 42401
internal_value=0.00116921 0.00727854 -0.00644167 0.0149052 0.0168828 0.0188231 0.0202464 0.00525892 -0.00486186 0.00634843 -0.0102324 -0.00135302 -0.00850089 -0.0049977
internal_weight=1238.02 688.65 549.37 423.795 401.703 380.828 369.08 79.6422 264.855 84.1017 180.753 111.856 510.482 378.182
internal_count=326276 230803 95473 108887 108584 107508 107108 4800 121916 25353 96563 16720 94893 51484
is_linear=0
shrinkage=0.025


Tree=279
num_leaves=15
num_cat=0
split_feature=37 226 39 234 20 0 35 37 36 37 0 4 24 24
split_gain=77.4814 52.9472 46.3099 55.9198 43.3938 31.6634 26.7028 30.2596 25.3808 24.9259 22.7544 23.2053 24.4993 18.3397
threshold=27.500000000000004 1.5000000000000002 121.50000000000001 1.0000000180025095e-35 15.500000000000002 1.0000000180025095e-35 172.50000000000003 7.5000000000000009 123.50000000000001 20.500000000000004 -6.4999999999999991 1.0000000180025095e-35 319.50000000000006 335.50000000000006
decision_type=2 2 2 2 2 2 2 2 2 2 2 2 2 2
left_child=1 2 3 -1 5 -2 9 8 -8 13 11 -9 -13 -4
right_child=4 -3 6 -5 -6 -7 7 10 -10 -11 -12 12 -14 -15
leaf_value=-0.020989983633678544 0.023135878737614614 0.022772734137282702 -0.0029068408827681953 0.026712697480336223 -0.0021077921893306556 -0.021944345650237954 -0.0064723309968179807 -0.023780646848666431 0.014990862531870581 0.021587220528613046 0.0057405133586681083 -0.01388147919609363 0.0051096163655690238 0.0095225731445217759
leaf_weight=136.28080892789876 161.13139950833283 48.145343861775473 197.96706146199722 14.239880139473824 71.971486008609645 7.4846943318843833 61.266568854567595 76.710939359792974 69.468586403003428 42.310777554637752 48.106572565506212 112.43354563153116 62.757902801968157 113.43088521098252
leaf_count=99408 86612 1423 37974 631 5481 864 23140 17658 7354 2408 3263 17822 11086 11152
internal_value=0.00115387 -0.00194577 -0.00331404 -0.0158805 0.0137906 0.0206405 -0.000819734 -0.00501028 0.00482605 0.00421261 -0.00938451 -0.0124046 -0.00696661 0.00158889
internal_weight=1223.71 983.119 934.974 150.521 240.588 168.616 784.453 430.744 130.735 353.709 300.009 251.902 175.191 311.398
internal_count=326276 233319 231896 100039 92957 87476 131857 80323 30494 51534 49829 46566 28908 49126
is_linear=0
shrinkage=0.025


Tree=280
num_leaves=15
num_cat=0
split_feature=3 3 33 1 30 24 39 24 234 38 12 24 31 1
split_gain=90.9352 63.7236 56.3467 43.7507 42.9715 32.2476 31.7669 30.4867 30.3521 35.8098 35.5579 33.3218 30.0481 29.0308
threshold=-5.4999999999999991 1.0000000180025095e-35 1.0000000180025095e-35 20.500000000000004 1.5000000000000002 232.50000000000003 170.50000000000003 319.50000000000006 1.0000000180025095e-35 17.500000000000004 47.512128829956062 195.50000000000003 34.500000000000007 19.500000000000004
decision_type=2 2 2 2 2 2 2 2 2 2 2 2 2 2
left_child=3 2 7 13 5 -5 8 -2 9 11 -11 -4 -8 -1
right_child=1 -3 6 4 -6 -7 12 -9 -10 10 -12 -13 -14 -15
leaf_value=-0.0048831935837970603 -0.0077196212408722547 -0.0073345336043662826 -0.014305078985828674 0.01717224150917571 -0.02587958538459369 -0.01565920613347908 0.019148441211358707 0.010492100025524758 -0.011869692780517638 -0.012745915271599585 0.022258913294719559 0.023508864094038802 -0.019287356847648221 0.021932118793092717
leaf_weight=121.23786016117083 148.03236265107989 186.10129762941506 12.563437864184378 29.982974562502932 126.02494731015759 39.889067850017454 17.347341681830585 89.433817102108151 19.25585692981258 40.979806795483455 27.703741241712123 296.30294647440314 30.095135883893818 28.613370565231889
leaf_count=16667 20364 109290 200 4417 45925 16060 1212 12353 976 4201 2600 90703 404 904
internal_value=0.00113674 0.00547255 0.00902208 -0.00962774 -0.0173172 -0.00110079 0.0142508 -0.000711484 0.0165639 0.0181619 0.00136529 0.0217678 -0.00443471 0.000403469
internal_weight=1213.56 867.816 681.714 345.748 195.897 69.872 444.248 237.466 396.806 377.55 68.6835 308.866 47.4425 149.851
internal_count=326276 242303 133013 83973 66402 20477 100296 32717 98680 97704 6801 90903 1616 17571
is_linear=0
shrinkage=0.025


Tree=281
num_leaves=15
num_cat=0
split_feature=37 177 39 27 35 24 24 20 27 37 234 5 20 0
split_gain=73.4809 48.5624 40.6843 33.9928 30.777 29.9107 31.5991 27.4243 25.7392 25.3703 30.4841 21.9106 23.5905 21.4992
threshold=33.500000000000007 1.0000000180025095e-35 121.50000000000001 0.80652770400047313 202.50000000000003 231.50000000000003 232.50000000000003 15.500000000000002 0.45662046968936926 22.500000000000004 1.0000000180025095e-35 1.0000000180025095e-35 1.5000000000000002 1.0000000180025095e-35
decision_type=2 2 2 2 2 2 2 2 2 2 2 2 2 2
left_child=1 2 9 8 5 -4 -7 13 -3 10 -1 12 -10 -2
right_child=7 3 4 -5 -6 6 -8 -9 11 -11 -12 -13 -14 -15
leaf_value=-0.02206433137514487 0.024014227066439853 0.00048334129665126554 -0.0075136621776919202 -0.029963475788432087 -0.018090221159622909 0.027275533282448361 0.0021050955956628979 -0.0013853574399771288 0.078498516178716379 0.01078280664534036 0.018710492113059293 0.014009769738467652 0.018778976736850278 -0.016450448952078572
leaf_weight=124.15039556729607 124.46626567235216 27.883135499840137 200.17901438189438 6.0561826397897667 56.215902315627318 30.612727106723469 505.65860634535784 39.575254861731082 8.1679698835359904 18.097935842408333 9.6677481841761601 30.623391080414876 13.083155531203372 5.9885785393416873
leaf_count=96308 78610 1517 36012 206 9598 600 90154 2435 167 8058 298 1259 269 785
internal_value=0.00111867 -0.00138661 -0.00306173 0.0162511 -0.000735569 0.000623384 0.00373204 0.0162062 0.0210213 -0.0147885 -0.0185901 0.0309752 0.0496346 0.0216413
internal_weight=1200.43 1030.4 944.582 85.8138 792.666 736.45 536.271 170.03 79.7577 151.916 133.818 51.8745 21.2511 130.455
internal_count=326276 244446 241028 3418 136364 126766 90754 81830 3212 104664 96606 1695 436 79395
is_linear=0
shrinkage=0.025


Tree=282
num_leaves=15
num_cat=0
split_feature=3 3 33 0 30 24 39 40 72 0 38 24 178 24
split_gain=88.3251 60.0574 54.6716 43.0819 41.4297 30.4999 30.2924 29.8975 34.1631 29.6099 34.5802 32.4087 29.1889 30.0961
threshold=-5.4999999999999991 1.0000000180025095e-35 1.0000000180025095e-35 -20.499999999999996 1.5000000000000002 232.50000000000003 170.50000000000003 8.5000000000000018 0.068592645227909102 1.0000000180025095e-35 17.500000000000004 195.50000000000003 4.5000000000000009 379.50000000000006
decision_type=2 2 2 2 2 2 2 2 2 2 2 2 2 2
left_child=3 2 12 4 5 -1 9 8 -3 10 11 -4 13 -2
right_child=1 7 6 -5 -6 -7 -8 -9 -10 -11 -12 -13 -14 -15
leaf_value=0.016661303080968009 -0.0090333313281624299 -0.015111129709385794 -0.014115358800113043 0.00035896293438633154 -0.025874487690193501 -0.015498099455815451 -0.004253906976635205 0.02060009417555464 0.016667571682282546 -0.011734301407455329 0.0014159103785706948 0.023437011480496896 0.029579711782767984 0.011135113026520864
leaf_weight=29.399448684125673 159.281224210863 143.85254839964909 12.363004617393015 149.29838761751307 122.75303347333102 39.414465473091695 46.475296247750521 18.374286442995071 21.438542840769514 19.062522121705115 67.468962590559386 287.49040662974585 15.265404931153169 61.038042653235607
leaf_count=4417 26732 102026 200 17571 45925 16060 1616 102 7162 977 6800 90703 267 5718
internal_value=0.00110462 0.00542357 0.00891244 -0.0095725 -0.0173273 -0.00128842 0.01416 -0.00707932 -0.0106172 0.0164548 0.0180684 0.0216817 -0.000681451 -0.00325932
internal_weight=1192.98 852.11 668.445 340.865 191.567 68.8139 432.86 183.665 165.291 386.385 367.322 299.853 235.585 220.319
internal_count=326276 242303 133013 83973 66402 20477 100296 109290 109188 98680 97703 90903 32717 32450
is_linear=0
shrinkage=0.025


Tree=283
num_leaves=15
num_cat=0
split_feature=37 177 39 27 35 24 24 20 27 37 234 0 5 225
split_gain=69.428 46.2982 39.1091 32.8871 29.4081 28.4725 30.1989 26.8223 24.6517 24.123 30.1036 20.8577 19.8861 30.8364
threshold=33.500000000000007 1.0000000180025095e-35 121.50000000000001 0.80652770400047313 202.50000000000003 231.50000000000003 232.50000000000003 15.500000000000002 0.45662046968936926 22.500000000000004 1.0000000180025095e-35 1.0000000180025095e-35 1.0000000180025095e-35 1.5000000000000002
decision_type=2 2 2 2 2 2 2 2 2 2 2 2 2 2
left_child=1 2 9 8 5 -4 -7 11 -3 10 -1 -2 13 -10
right_child=7 3 4 -5 -6 6 -8 -9 12 -11 -12 -13 -14 -15
leaf_value=-0.021969741423093842 0.023957834135016967 0.00043911513353013477 -0.0073747623386495667 -0.029878802429115732 -0.017826674499522112 0.026912749861010245 0.0020729109246739241 -0.0013959255879951202 0 0.010469799692769934 0.018619309710868098 -0.016244545575214552 0.013770758762702735 0.063149581814086683
leaf_weight=120.62855160294566 119.55711782060098 27.801069661334623 197.45559574017534 5.9264474269002667 55.221310042485129 29.97829700546572 499.80220440210542 39.210520495660603 5.5875629429938298 17.744013021874707 9.6494058337993902 5.8497599633410564 30.116866596858017 16.003664350020699
leaf_count=96308 78610 1517 36012 206 9598 600 90154 2435 281 8058 298 785 1259 155
internal_value=0.00109033 -0.00134268 -0.0029993 0.0159066 -0.000714748 0.000618277 0.00366905 0.0160098 0.0205846 -0.014656 -0.0184244 0.0215521 0.0303409 0.0479378
internal_weight=1180.53 1015.91 930.479 85.4356 782.457 727.236 529.781 164.617 79.5092 148.022 130.278 125.407 51.7081 21.5912
internal_count=326276 244446 241028 3418 136364 126766 90754 81830 3212 104664 96606 79395 1695 436
is_linear=0
shrinkage=0.025


Tree=284
num_leaves=15
num_cat=0
split_feature=3 3 40 1 30 10 234 3 7 12 3 32 31 56
split_gain=86.1429 56.965 50.8801 42.2055 39.9615 39.7168 35.3297 28.5193 36.4327 28.0949 27.3205 41.6989 27.2837 30.448
threshold=-5.4999999999999991 -1.0000000180025095e-35 1.0000000180025095e-35 20.500000000000004 1.5000000000000002 -3.4999999999999996 1.0000000180025095e-35 -20.499999999999996 10.500000000000002 74.611885070800795 -4.4999999999999991 1.5000000000000002 26.500000000000004 2.5000000000000004
decision_type=2 2 2 2 2 2 2 2 2 2 2 2 2 2
left_child=3 2 5 7 9 -2 10 8 -1 -5 11 -7 13 -4
right_child=1 -3 12 4 -6 6 -8 -9 -10 -11 -12 -13 -14 -15
leaf_value=0.06639099109294426 -0.01745835989964192 -0.0044727165396516539 -0.024376254825147398 -0.013781696271810121 -0.025868574979251366 0.023135523155406429 -0.014231037172067135 -0.0028430110620298391 -0.011608046245157277 0.017945662485554004 0.01906291353401671 -0.024180282991679038 0.0057025067031232016 0.021810191613958155
leaf_weight=5.7253623018041235 21.306925870012492 251.06100030272501 48.173881769413128 42.803686234925408 119.5764650432393 18.614832645282149 20.959194718394428 138.93247950042132 4.4127935233991593 24.985058835707605 371.94680594163947 22.039937205612659 74.964454014203511 7.7996990140527478
leaf_count=377 303 121916 4652 18397 45925 100 1101 15554 1640 2080 109800 200 4184 47
internal_value=0.00107372 0.00538564 0.00965439 -0.00953111 -0.0173347 0.0135997 0.0152927 0.000261206 0.0356395 -0.00146975 0.0169445 -0.00184178 -0.00386217 -0.0167343
internal_weight=1173.3 836.867 585.806 336.436 187.365 454.868 433.561 149.071 10.1382 67.7887 412.602 40.6548 130.938 55.9736
internal_count=326276 242303 120387 83973 66402 111504 111201 17571 2017 20477 110100 300 8883 4699
is_linear=0
shrinkage=0.025


Tree=285
num_leaves=15
num_cat=0
split_feature=3 38 33 0 0 0 30 0 35 249 0 0 0 31
split_gain=82.6743 55.3542 45.2767 53.655 41.3853 39.9754 39.5297 33.5863 32.4971 30.6165 27.8287 36.0421 32.4351 27.0777
threshold=-5.4999999999999991 32.500000000000007 1.0000000180025095e-35 1.0000000180025095e-35 -20.499999999999996 -20.499999999999996 1.5000000000000002 -19.499999999999996 200.50000000000003 1.0000000180025095e-35 -19.499999999999996 -6.4999999999999991 -5.4999999999999991 34.500000000000007
decision_type=2 2 2 2 2 2 2 2 2 2 2 2 2 2
left_child=4 2 -2 8 6 -3 -1 -7 9 -4 -6 -12 -13 -10
right_child=1 5 3 -5 10 7 -8 -9 13 -11 11 12 -14 -15
leaf_value=-0.0014301460988836812 -6.6482791561304382e-05 -0.021268137590488942 0.019254294596320831 -0.023437806438757345 0.021448619354259794 0.067548915208029511 -0.025859144749195335 0 0.015543302872453544 -0.012201034851345218 -0.019836796864895589 0.024699528113425115 -0.0084642051030100179 -0.018184968559949194
leaf_weight=67.29245832801098 264.3350197619875 73.997282157710288 348.43930622981861 20.956410780083388 28.365341387921944 2.1439457013038909 116.66719825414475 47.742254361102823 23.894411352113821 17.518827338237315 53.298276400426403 31.108107432490215 36.242457499844022 29.777269707527012
leaf_count=20477 39473 78964 97402 1020 904 987 45925 19756 3301 600 10862 831 4974 800
internal_value=0.00105588 0.00530007 0.00802926 0.0129104 -0.00938691 -0.00985517 -0.0172231 0.00684736 0.0149382 0.0175938 0.000271447 -0.00490485 0.00689828 -0.00270021
internal_weight=1161.78 828.805 704.921 440.586 332.974 123.883 183.96 49.8862 419.63 365.958 149.014 120.649 67.3506 53.6717
internal_count=326276 242303 142596 103123 83973 99707 66402 20743 102103 98002 17571 16667 5805 4101
is_linear=0
shrinkage=0.025


Tree=286
num_leaves=15
num_cat=0
split_feature=37 177 39 20 27 0 0 35 37 6 12 225 210 20
split_gain=64.6263 47.4779 47.6964 39.3025 32.5245 28.7744 27.9893 27.5889 31.7664 24.6007 24.585 24.1777 43.199 22.3207
threshold=27.500000000000004 1.0000000180025095e-35 121.50000000000001 15.500000000000002 0.80652770400047313 1.0000000180025095e-35 1.0000000180025095e-35 172.50000000000003 7.5000000000000009 94.500000000000014 34.09630203247071 1.5000000000000002 1.0000000180025095e-35 1.5000000000000002
decision_type=2 2 2 2 2 2 2 2 2 2 2 2 2 2
left_child=1 2 6 5 11 -2 -1 -4 9 -9 -10 -3 13 -13
right_child=3 4 7 -5 -6 -7 -8 8 10 -11 -12 12 -14 -15
leaf_value=-0.020434235307221774 0.022885011679200248 0.0016182590748436002 0.0042887556843293857 -0.0020664200033206777 -0.030125000936564873 -0.021443434001773967 0.018294884326008422 -0.0055951734474952589 -0.020013518928285914 0.016474444354730687 -0.004136152871839523 0.07692429308209843 -0.004015023288996878 0.02568965595383027
leaf_weight=124.77780774055282 142.57719676627312 28.613941576972138 329.82488180836663 68.866391106683295 5.6293173040030515 6.8894400140270582 9.8472689806949329 61.296126336150337 99.276826193730813 57.630926565499976 169.3854609883856 9.2610690775327367 13.424151484621687 23.3612680954393
leaf_count=99267 86612 1228 51139 5481 199 864 307 21910 20585 8291 28616 172 1278 327
internal_value=0.00103773 -0.00181623 -0.0035898 0.0131972 0.0161562 0.0202961 -0.0170827 -0.000962522 -0.0054938 0.00503672 -0.0102514 0.0209966 0.0316933 0.0461897
internal_weight=1150.66 932.329 852.039 218.333 80.2897 149.467 134.625 717.414 387.589 118.927 268.662 74.6604 46.0465 32.6223
internal_count=326276 233319 230115 92957 3204 87476 99574 130541 79402 30201 49201 3005 1777 499
is_linear=0
shrinkage=0.025


Tree=287
num_leaves=15
num_cat=0
split_feature=3 3 10 132 0 24 36 25 41 0 35 3 31 36
split_gain=80.239 86.2705 41.4758 40.2338 37.276 27.5877 27.4288 25.1049 34.9884 23.5424 29.9915 40.1988 56.2335 53.7295
threshold=-3.4999999999999996 -1.0000000180025095e-35 -3.4999999999999996 1.0000000180025095e-35 1.0000000180025095e-35 195.50000000000003 126.50000000000001 119.50000000000001 1.5000000000000002 -6.4999999999999991 179.50000000000003 -5.4999999999999991 17.500000000000004 119.50000000000001
decision_type=2 2 2 2 2 2 2 2 2 2 2 2 2 2
left_child=3 2 -2 9 5 -4 -7 -3 -9 10 11 12 -1 -13
right_child=1 7 4 -5 -6 6 -8 8 -10 -11 -12 13 -14 -15
leaf_value=0.011162484456561454 -0.017325853345719882 -0.0095821014142523173 -0.014268656112235793 0.017688848146236776 -0.014684726734310666 0.022458123973784064 -0.00023646389808124882 -0.00120373587844258 0.038742825116954038 0.0035457773576623771 -0.019685446794860895 -0.012524021224069114 -0.02237405051856493 0.023361463225713905
leaf_weight=39.826286710856948 21.005541206803173 173.13652501220349 12.486381500959395 37.216512678656727 19.50421231565997 291.89685654535424 34.999500923091546 59.282148020865861 14.358021514490245 82.964165440993384 147.09183360182215 44.801050602924079 110.9661603528657 53.623269703588448
leaf_count=4031 303 84847 200 580 1076 104707 2601 35784 1285 6487 42435 3196 36582 2162
internal_value=0.00102092 0.00703744 0.0144858 -0.00622944 0.016545 0.0185257 0.0199725 -0.00436482 0.00747033 -0.00823706 -0.0107744 -0.00524428 -0.0133091 0.00689323
internal_weight=1143.16 626.669 379.892 516.489 358.887 339.383 326.896 246.777 73.6402 479.273 396.309 249.217 150.792 98.4243
internal_count=326276 230803 108887 95473 108584 107508 107308 121916 37069 94893 88406 45971 40613 5358
is_linear=0
shrinkage=0.025


Tree=288
num_leaves=15
num_cat=0
split_feature=37 225 39 234 35 37 20 24 24 0 238 168 6 29
split_gain=61.0503 41.8296 25.6278 61.0983 27.9986 25.9075 25.2176 23.6819 28.3515 19.1062 16.3637 13.1769 14.0596 12.7535
threshold=33.500000000000007 12.500000000000002 121.50000000000001 1.0000000180025095e-35 202.50000000000003 22.500000000000004 15.500000000000002 231.50000000000003 232.50000000000003 1.0000000180025095e-35 1.0000000180025095e-35 1.5000000000000002 4.5000000000000009 29.500000000000004
decision_type=2 2 2 2 2 2 2 2 2 2 2 2 2 2
left_child=1 2 3 5 7 -1 9 10 -9 -2 -4 -10 -13 -5
right_child=6 -3 4 13 -6 -7 -8 8 11 -11 -12 12 -14 -15
leaf_value=-0.02151507836584314 0.0238311559510926 0.026655825041667608 -0.0093256633812632949 0.052437619660916958 -0.016736268458903233 0.0093460557803270086 -0.0013616010613224829 0.026460925201621799 0.0031641238675757183 -0.015669619741971452 0.0098109632025126532 -0.036398657897469489 0 0.0040367887377651158
leaf_weight=116.19225552666467 108.38912510476075 29.286021186388098 173.10984133702004 6.4287468495313069 58.00496274739271 16.869215147104114 38.053564455825835 29.194062083610334 483.51225785899442 5.4320539939217261 29.436164428829215 7.931495746830481 19.955939328181557 8.1324348724447173
leaf_count=96511 78610 1406 31880 210 9790 8067 2435 604 89874 785 4522 442 838 302
internal_value=0.00100578 -0.0012762 -0.00224596 -0.0117139 -0.000433086 -0.017299 0.015603 0.00086811 0.00362742 0.021378 -0.00632029 0.00212861 -0.0135792 0.0321368
internal_weight=1129.93 978.053 948.767 147.623 801.145 133.061 151.875 743.14 540.594 113.821 202.546 511.4 27.8874 14.5612
internal_count=326276 244446 243040 105090 137950 104578 81830 128160 91758 79395 36402 91154 1280 512
is_linear=0
shrinkage=0.025


Tree=289
num_leaves=15
num_cat=0
split_feature=3 38 67 1 30 252 234 3 36 37 39 1 24 3
split_gain=77.1313 51.5111 43.3351 40.1668 38.0393 36.3105 48.6908 37.5583 40.7894 39.6263 30.23 27.9098 27.3634 27.3266
threshold=-5.4999999999999991 21.500000000000004 -0.0046501921024173489 20.500000000000004 1.5000000000000002 1.0000000180025095e-35 1.0000000180025095e-35 -3.4999999999999996 125.50000000000001 16.500000000000004 129.50000000000003 20.500000000000004 232.50000000000003 -20.499999999999996
decision_type=2 2 2 2 2 2 2 2 2 2 2 2 2 2
left_child=3 5 -3 13 12 -2 7 9 -9 10 -7 -4 -5 -1
right_child=1 2 11 4 -6 6 -8 8 -10 -11 -12 -13 -14 -15
leaf_value=0.035104833761790265 -0.01416089501548138 -0.017522586197702701 0.017381613090415096 0.015999231712725999 -0.025836636008027422 -0.011247647979698745 -0.023350650212123795 0.020691873870029409 -0.00048139765513084568 -0.0137597880622615 0.02094628486314783 -0.004885230344355642 -0.015134278593035434 -0.0027452050036867685
leaf_weight=10.019596309750339 35.330383748514578 93.780700249539223 55.955065920657944 27.783344758208841 111.61208950704895 21.812816225807182 21.601142035564408 299.06201652425807 67.066565766814165 58.538745807483792 63.537288228515536 82.334202939178795 37.923165052197874 136.42142517020693
leaf_count=2017 11717 65793 8914 4417 45925 2424 1154 102105 5103 2721 3109 39263 16060 15554
internal_value=0.000990792 0.00517959 -0.00462837 -0.00922303 -0.0171254 0.00924138 0.0109142 0.0125422 0.0167733 0.00148318 0.012333 0.00412527 -0.00148214 0.000329965
internal_weight=1122.78 799.019 232.07 323.76 177.319 566.949 531.619 510.017 366.129 143.889 85.3501 138.289 65.7065 146.441
internal_count=326276 242303 113970 83973 66402 128333 116616 115462 107208 8254 5533 48177 20477 17571
is_linear=0
shrinkage=0.025


Tree=290
num_leaves=15
num_cat=0
split_feature=37 177 39 33 27 0 234 35 37 210 225 6 247 37
split_gain=58.2794 43.4494 44.4008 34.8614 30.8673 29.1653 26.5591 24.7857 29.579 23.162 41.4832 22.8126 22.1163 20.4356
threshold=27.500000000000004 1.0000000180025095e-35 121.50000000000001 1.0000000180025095e-35 0.80652770400047313 1.0000000180025095e-35 1.0000000180025095e-35 172.50000000000003 7.5000000000000009 1.0000000180025095e-35 1.5000000000000002 94.500000000000014 1.0000000180025095e-35 20.500000000000004
decision_type=2 2 2 2 2 2 2 2 2 2 2 2 2 2
left_child=1 2 6 -2 9 -5 -1 13 11 10 -3 -9 -10 -4
right_child=3 4 7 5 -6 -7 -8 8 12 -11 -12 -13 -14 -15
leaf_value=-0.020227464150454823 -0.0018263220946883837 0.0022714948410921779 0.0016080227783435868 0.022488334247079481 -0.030067381556542424 -0.022845341836142039 0.018028989302273545 -0.0053247691879628935 -0.021629311298673473 -0.00561727622690997 0.044883688399960153 0.016186962418512859 -0.0051459388779322704 0.020706167656956417
leaf_weight=118.59427181613864 65.492317660653498 26.692425020097289 282.76269753609085 134.39633317221887 5.4228089931420973 6.5795519095845512 9.5121841386426222 59.971177160099614 71.598245945817325 14.653762541129252 32.354713174281642 55.890863077132963 189.44891760294558 37.807051626848988
leaf_count=99270 12560 1183 48755 79601 199 796 304 21910 13591 1323 499 8291 35610 2384
internal_value=0.000971464 -0.00175 -0.00348832 0.0128701 0.0155482 0.019767 -0.0168486 -0.000937089 -0.00529306 0.0202753 0.0270648 0.00498862 -0.00995595 0.00410876
internal_weight=1111.18 904.709 825.585 206.468 79.1237 140.976 128.106 697.479 376.909 73.7009 59.0471 115.862 261.047 320.57
internal_count=326276 233319 230115 92957 3204 80397 99574 130541 79402 3005 1682 30201 49201 51139
is_linear=0
shrinkage=0.025


Tree=291
num_leaves=15
num_cat=0
split_feature=37 225 40 32 234 37 8 32 0 35 0 30 0 30
split_gain=56.2605 38.7748 30.0973 23.3459 28.2258 26.8126 23.2947 21.6815 33.6114 20.4432 17.8709 17.462 20.3873 18.3004
threshold=33.500000000000007 12.500000000000002 20.000000000000004 2.5000000000000004 1.0000000180025095e-35 22.500000000000004 1.0000000180025095e-35 1.0000000180025095e-35 1.0000000180025095e-35 202.50000000000003 1.0000000180025095e-35 7.5000000000000009 -5.4999999999999991 11.500000000000002
decision_type=2 2 2 2 2 2 2 2 2 2 2 2 2 2
left_child=1 2 3 7 5 -5 10 8 -1 11 -2 12 -9 -13
right_child=6 -3 -4 4 -6 -7 -8 9 -10 -11 -12 13 -14 -15
leaf_value=-0.020535645658239912 0.024058976256056165 0.025998516427637498 -0.022208923559829005 -0.022569683699719869 0.036507232949213451 0.010074736195177424 0 0.0071244603913742186 0.03765115354691647 -0.015100640005683133 -0.015138339649713412 -0.011339637623986525 -0.0077612098123639138 0.003115679259084857
leaf_weight=52.047379611292854 98.213836679933593 28.48552141606342 41.767416131508071 73.684291886514984 3.7691514706239095 16.73506650980562 41.791140566114336 423.12945114675676 3.952841891674324 40.591232110746205 5.0591678288765243 96.093154500122182 62.406169848982245 116.09136185632087
leaf_count=23687 78300 1406 15474 52005 156 5258 2747 85815 170 5742 783 22305 5195 27233
internal_value=0.000953317 -0.00123387 -0.00217542 -0.00113406 -0.0127051 -0.0161306 0.0153097 0.000249306 -0.0142991 0.00143992 0.0215304 0.0024984 0.00512411 -0.00338142
internal_weight=1103.82 958.753 930.268 888.5 94.1885 90.4194 145.064 794.312 56.0002 738.311 103.273 697.72 485.536 212.185
internal_count=326276 244446 243040 227566 57419 57263 81830 170147 23857 146290 79083 140548 91010 49538
is_linear=0
shrinkage=0.025


Tree=292
num_leaves=15
num_cat=0
split_feature=3 3 33 0 30 0 0 0 24 40 68 24 3 35
split_gain=75.3006 48.7805 47.6336 39.3868 36.5831 27.0104 34.5775 30.6964 26.8602 26.8294 31.2519 25.8839 24.8504 23.7413
threshold=-5.4999999999999991 1.0000000180025095e-35 1.0000000180025095e-35 -20.499999999999996 1.5000000000000002 -19.499999999999996 -6.4999999999999991 -5.4999999999999991 319.50000000000006 8.5000000000000018 0.068592645227909102 232.50000000000003 -24.999999999999996 200.50000000000003
decision_type=2 2 2 2 2 2 2 2 2 2 2 2 2 2
left_child=3 2 8 4 11 -5 -7 -8 -2 10 -3 -1 -9 -4
right_child=1 9 13 5 -6 6 7 12 -10 -11 -12 -13 -14 -15
leaf_value=0.01549835732551638 -0.0075678586961540869 -0.014659023850519568 0.016030423567732748 0.021240189689447058 -0.025813878496663768 -0.019833551296633559 0.02408410791753535 0.04029803824091735 0.01015130277102301 0.020126930937433146 0.016817158218121596 -0.015004964598750737 -0.015911204785536461 -0.0021717389977575566
leaf_weight=27.227630757086445 136.97765670728404 131.68184705812018 339.76431905664504 27.923520518001169 108.91230789473047 51.607488260546234 30.68077753984835 2.6012685399036846 83.213783582905307 17.496403478085995 19.820666779065505 37.448846518906066 33.154943238245323 48.029346827184781
leaf_count=4417 20364 102026 96760 904 45925 10862 831 540 12353 102 7162 16060 4434 3536
internal_value=0.000936508 0.00515612 0.00846941 -0.00919826 -0.0171435 0.000237527 -0.00492742 0.00664808 -0.00071306 -0.00655816 -0.0101327 -0.00167643 -0.0083741 0.0137127
internal_weight=1096.54 776.984 607.985 319.557 173.589 145.968 118.044 66.437 220.191 168.999 151.503 64.6765 35.7562 387.794
internal_count=326276 242303 133013 83973 66402 17571 16667 5805 32717 109290 109188 20477 4974 100296
is_linear=0
shrinkage=0.025


Tree=293
num_leaves=15
num_cat=0
split_feature=3 3 10 236 0 38 24 36 3 0 0 38 35 35
split_gain=72.7063 76.0528 40.0115 36.658 34.7964 29.1933 29.7181 29.4919 26.2651 24.0329 37.2413 28.3899 33.2186 23.5219
threshold=-3.4999999999999996 -1.0000000180025095e-35 -3.4999999999999996 1.0000000180025095e-35 1.0000000180025095e-35 42.500000000000007 195.50000000000003 126.50000000000001 -14.999999999999998 -20.499999999999996 -19.499999999999996 30.500000000000004 142.50000000000003 179.50000000000003
decision_type=2 2 2 2 2 2 2 2 2 2 2 2 2 2
left_child=3 2 -2 -1 5 6 -4 -8 -5 11 -11 12 -3 -10
right_child=1 9 4 8 -6 -7 7 -9 13 10 -12 -13 -14 -15
leaf_value=0.012365382765502222 -0.017239326268641327 -0.022234173013980917 -0.014312780170563278 -0.018526460678334179 -0.014314069417875233 -0.018308148941983432 0.02418117687116873 0 0.00035196918386719013 0.063348570599854645 0.0013820227876776624 -0.023365645973471613 0.0079536909950103547 -0.013538446354016621
leaf_weight=55.716865999856964 20.794952923897654 30.021464106976055 12.505330402404068 119.07334586547222 18.90633396897465 10.22994229197502 260.73465520329773 34.009245247463696 204.77859685511794 3.7187303812825112 74.339225416537374 57.008596636471339 69.759573927032761 115.15809590229765
leaf_count=2215 303 11200 200 43461 1076 400 104307 2601 26433 1207 24146 79843 5520 23364
internal_value=0.000925137 0.00684043 0.0140773 -0.00610189 0.0162222 0.0182357 0.0196983 0.0213549 -0.00857024 -0.00409981 0.00687788 -0.00974805 -0.00126967 -0.00464966
internal_weight=1086.75 592.028 357.18 494.727 336.386 317.479 307.249 294.744 439.01 234.848 78.058 156.79 99.781 319.937
internal_count=326276 230803 108887 95473 108584 107508 107108 106908 93258 121916 25353 96563 16720 49797
is_linear=0
shrinkage=0.025


Tree=294
num_leaves=15
num_cat=0
split_feature=37 177 39 8 27 236 234 210 225 35 37 12 6 0
split_gain=52.2576 40.2555 40.938 32.8122 29.6418 26.3936 25.8185 22.8123 39.196 22.7187 28.0956 23.3678 21.3104 20.1472
threshold=27.500000000000004 1.0000000180025095e-35 121.50000000000001 1.0000000180025095e-35 0.80652770400047313 1.0000000180025095e-35 1.0000000180025095e-35 1.0000000180025095e-35 1.5000000000000002 172.50000000000003 7.5000000000000009 30.537783622741703 94.500000000000014 1.0000000180025095e-35
decision_type=2 2 2 2 2 2 2 2 2 2 2 2 2 2
left_child=1 2 6 5 7 -2 -1 8 -3 13 12 -12 -11 -4
right_child=3 4 9 -5 -6 -7 -8 -9 -10 10 11 -13 -14 -15
leaf_value=-0.02002300262043637 -0.018146068946117609 0.0022247413086087125 0.0053121413417817499 -0.00038310754439279933 -0.02995663091343171 0.023447999651691573 0.017723711407765963 -0.0061421402634927302 0.043943238232431361 -0.0050709111043068245 -0.019743929747182348 -0.0037544470095404086 0.015984492590246903 -0.02590910057571193
leaf_weight=112.82906485069543 7.5223349732113993 26.358692233043257 302.20894712256268 73.683386324846651 5.2859028113307422 114.48236127302516 9.5427012431900931 14.351499873446299 31.931720335618593 58.475748296885286 91.281538842944428 162.82620013767155 54.260075449594297 10.319329634308813
leaf_count=99270 1717 1183 50742 6298 199 84942 304 1323 499 21910 20085 29116 8291 397
internal_value=0.000907568 -0.00167755 -0.00338774 0.0125041 0.0150818 0.0203095 -0.0165264 0.0197477 0.0265185 -0.00092225 -0.00515228 -0.00975884 0.00499876 0.00396548
internal_weight=1075.36 879.671 801.744 195.688 77.9278 122.005 122.372 72.6419 58.2904 679.372 366.844 254.108 112.736 312.528
internal_count=326276 233319 230115 92957 3204 86659 99574 3005 1682 130541 79402 49201 30201 51139
is_linear=0
shrinkage=0.025


Tree=295
num_leaves=15
num_cat=0
split_feature=3 3 40 10 24 0 50 5 24 38 39 25 32 39
split_gain=70.5267 48.6461 50.514 39.6647 41.4398 42.3623 33.7497 28.6867 28.3809 25.8035 28.0669 24.1539 37.0342 23.9875
threshold=-4.4999999999999991 -1.0000000180025095e-35 1.0000000180025095e-35 -3.4999999999999996 195.50000000000003 1.0000000180025095e-35 0.044716484844684608 1.0000000180025095e-35 498.50000000000006 44.500000000000007 170.50000000000003 119.50000000000001 1.5000000000000002 136.50000000000003
decision_type=2 2 2 2 2 2 2 2 2 2 2 2 2 2
left_child=6 2 3 -2 -5 9 7 -1 -4 10 -6 13 -13 -3
right_child=1 11 8 4 5 -7 -8 -9 -10 -11 -12 12 -14 -15
leaf_value=-0.016487615810532413 -0.017036711904418283 -0.015909613134806499 -0.010881320282200299 -0.01756463126085547 0.024841280822620913 -0.015166029677462882 0.0023092845394249834 0.013775588690248867 0.016035514843723238 -0.016786488564450069 1.7078887257808048e-05 0.024385802138675597 -0.010677146141736028 0.0040030102367125103
leaf_weight=211.55535595869878 20.400934159290045 108.6845957923797 91.890197803324554 18.04283566121012 267.09633833006956 18.895187495509163 119.62721354578389 18.384104075841606 29.619640323566273 8.2115125525742751 34.08128231135197 36.951786744932178 32.006624069414102 52.984433685953263
leaf_count=69494 303 78740 8372 303 107700 1095 14689 93 511 300 1500 9532 27537 6107
internal_value=0.000886805 0.00538175 0.00984689 0.014461 0.0165183 0.0186091 -0.00825304 -0.0138144 -0.00389092 0.0208777 0.0221422 -0.003969 0.00799747 -0.00927772
internal_weight=1068.43 718.865 488.238 366.728 346.327 328.284 349.567 229.939 121.51 309.389 301.178 230.627 68.9584 161.669
internal_count=326276 242000 120084 111201 110898 110595 84276 69587 8883 109500 109200 121916 37069 84847
is_linear=0
shrinkage=0.025


Tree=296
num_leaves=15
num_cat=0
split_feature=3 3 11 132 1 38 39 12 1 1 38 35 1 35
split_gain=68.0824 70.7784 37.6815 34.9325 24.0733 24.8269 29.366 31.5021 23.3905 35.4483 27.295 31.2309 22.1207 26.0054
threshold=-3.4999999999999996 -1.0000000180025095e-35 5.5000000000000009 1.0000000180025095e-35 3.5000000000000004 42.500000000000007 156.50000000000003 46.516254425048835 20.500000000000004 19.500000000000004 30.500000000000004 142.50000000000003 6.5000000000000009 179.50000000000003
decision_type=2 2 2 2 2 2 2 2 2 2 2 2 2 2
left_child=3 2 4 12 -2 6 -6 -8 9 -3 11 -10 -1 -14
right_child=1 8 -4 -5 5 -7 7 -9 10 -11 -12 -13 13 -15
leaf_value=0.0036060342040867099 -0.0017416283599316726 0.0014590458969915643 -0.016871456955640279 0.01681903524146261 0.024547976372846742 -0.017042761774296308 -0.011264274038710062 0.02212811731532709 -0.022086509326281464 0.061487106069486833 -0.023292155639374298 0.0077092904156525052 -0.0051639143240834236 -0.019129665385153323
leaf_weight=80.969204700435512 38.566253890865482 73.640933510672767 20.118695515207946 35.429081544163637 208.92544207873289 8.8585611796006543 33.735920146107674 30.451965376967564 28.604246717412025 3.8375404125545165 54.489597506646533 68.513414053188171 233.55860534927342 136.29435648582876
leaf_count=6487 4308 24146 303 580 99232 388 970 3686 11200 1207 79843 5520 45971 42435
internal_value=0.000872162 0.00674073 0.0139361 -0.00595213 0.0160855 0.0186042 0.0200235 0.00448631 -0.00389306 0.00692413 -0.00960994 -0.00121567 -0.0078961 -0.01049
internal_weight=1055.99 569.743 340.657 486.251 320.538 281.972 273.113 64.1879 229.086 77.4785 151.607 97.1177 450.822 369.853
internal_count=326276 230803 108887 95473 108584 104276 103888 4656 121916 25353 96563 16720 94893 88406
is_linear=0
shrinkage=0.025


Tree=297
num_leaves=15
num_cat=0
split_feature=3 3 0 10 3 252 234 0 31 192 0 0 0 24
split_gain=66.2684 42.3361 37.952 33.0664 33.6617 35.1215 50.4692 44.7777 32.0599 27.0016 26.2846 32.9939 29.1537 25.7481
threshold=-5.4999999999999991 1.0000000180025095e-35 -20.499999999999996 -4.4999999999999991 -3.4999999999999996 1.0000000180025095e-35 1.0000000180025095e-35 1.0000000180025095e-35 17.500000000000004 2.5000000000000004 -19.499999999999996 -6.4999999999999991 -5.4999999999999991 195.50000000000003
decision_type=2 2 2 2 2 2 2 2 2 2 2 2 2 2
left_child=2 3 8 -2 -5 6 -6 13 -1 -10 -4 -12 -13 -7
right_child=1 -3 10 4 5 7 -8 -9 9 -11 11 12 -14 -15
leaf_value=0.0026528808592791997 -0.017187583686411153 -0.0061689751598383849 0.021298544777908917 5.936228649259998e-05 -0.021196154071999599 -0.013797555864367287 0.048232987825201856 -0.018524374972010895 -0.025998170727620496 0.013533474792533022 -0.019584339808244165 0.023753194079355524 -0.0081113544501281477 0.019844841230651895
leaf_weight=37.841796294494998 27.233430707128718 162.05628988583339 27.613816739758477 168.27019158873009 32.343899238505401 11.982022438198326 4.9655057098716489 18.872415707213804 118.53873502317583 9.1603361107408983 49.626182384556159 30.192320719477721 35.145690314588137 311.56274575169664
leaf_count=5926 1222 109290 904 10581 11902 200 119 1081 60405 71 10862 831 4974 107908
internal_value=0.000859811 0.00494795 -0.00879559 0.00813886 0.00952959 0.0136275 -0.00843363 0.016156 -0.0168319 -0.0227256 0.000517874 -0.00467632 0.0066436 0.0184071
internal_weight=1045.41 737.287 308.119 575.23 547.997 379.727 37.3094 342.417 165.541 127.699 142.578 114.964 65.338 323.545
internal_count=326276 242303 83973 133013 131791 121210 12021 109189 66402 60476 17571 16667 5805 108108
is_linear=0
shrinkage=0.025


Tree=298
num_leaves=15
num_cat=0
split_feature=3 3 33 0 30 3 7 24 24 39 31 0 24 25
split_gain=63.6799 40.6705 43.4267 36.9442 36.6037 25.4887 37.0263 24.9559 24.8123 24.3752 25.0053 22.7428 23.6543 23.4909
threshold=-5.4999999999999991 1.0000000180025095e-35 1.0000000180025095e-35 -20.499999999999996 1.5000000000000002 -24.999999999999996 10.500000000000002 324.50000000000006 232.50000000000003 170.50000000000003 34.500000000000007 1.0000000180025095e-35 195.50000000000003 164.50000000000003
decision_type=2 2 2 2 2 2 2 2 2 2 2 2 2 2
left_child=3 2 7 4 8 6 -5 -2 -1 11 -11 12 -4 -13
right_child=1 -3 9 5 -6 -7 -8 -9 -10 10 -12 13 -14 -15
leaf_value=0.015757008652963218 -0.0074909962713309271 -0.0060315312159574192 -0.013649949130022765 0.073762027237309832 -0.025794408037143321 -0.002265829482314049 -0.010850021633667252 0.010182320042055782 -0.014672507583643642 0.018594454009965403 -0.018246487461571405 -0.02358304692955164 0.018732715506981173 0.035945590383318286
leaf_weight=26.730314298009034 133.45854291750584 161.67863410065183 11.843003656715153 3.9076090651797122 100.76577655941946 133.49669364932925 4.0163396058487706 75.386655492708087 35.047302203020081 15.459423124557359 26.824379171943292 14.800976789556445 288.97816362092271 2.3046204843558362
leaf_count=4417 21073 109290 200 300 45925 15680 1591 11644 16060 1212 404 856 97503 121
internal_value=0.000845427 0.00486491 0.00801987 -0.00868913 -0.0167108 0.000513179 0.037385 -0.000939613 -0.00100017 0.0132481 -0.00388543 0.0156198 0.0172534 -0.0101526
internal_weight=1034.7 730.734 569.056 303.964 162.543 141.421 7.92395 208.845 61.7776 360.211 42.2838 317.927 300.821 17.1056
internal_count=326276 242303 133013 83973 66402 17571 1891 32717 20477 100296 1616 98680 97703 977
is_linear=0
shrinkage=0.025


Tree=299
num_leaves=15
num_cat=0
split_feature=3 38 67 33 0 50 5 0 24 24 35 185 12 165
split_gain=61.2187 44.3913 39.7841 32.6804 43.4273 31.6245 26.7207 26.2534 26.1459 27.1196 25.4066 24.9626 23.3943 22.0222
threshold=-4.4999999999999991 21.500000000000004 -0.0046501921024173489 1.0000000180025095e-35 1.0000000180025095e-35 0.044716484844684608 1.0000000180025095e-35 -20.499999999999996 557.00000000000011 195.50000000000003 129.50000000000003 1.0000000180025095e-35 56.153436660766609 5.5000000000000009
decision_type=2 2 2 2 2 2 2 2 2 2 2 2 2 2
left_child=5 3 -3 -2 8 6 11 -4 9 -5 -11 -1 -13 -7
right_child=1 2 7 4 -6 13 -8 -9 -10 10 -12 12 -14 -15
leaf_value=-0.022956999277605909 0.0011883542863713493 -0.017242927970015021 -0.0049213328211345697 -0.01350316291269397 -0.022215896224470774 0.0055285920195602758 0.013421016657042512 0.017210550086769884 -0.0055363808235163433 -0.01371085210721882 0.023450932962860448 -0.019724743384088576 0.0068032880474917304 -0.034964799488158581
leaf_weight=123.85143675174913 189.92573097196873 84.931456820049789 75.293254075280856 11.706784978508948 15.613752288278191 111.52168346039252 18.035353469662368 54.546220527379774 25.610779651324265 9.3759236996993405 221.53806639614049 32.748728241043864 45.316341934551019 5.9822829075856125
leaf_count=53589 31270 65793 39263 200 957 14470 93 8914 3200 500 91903 7916 7989 219
internal_value=0.000832304 0.0051242 -0.00418376 0.00939591 0.0147307 -0.00781939 -0.0133717 0.00436689 0.0171955 0.0197351 0.0216787 -0.0160483 -0.00433509 0.00244042
internal_weight=1026 688.542 214.771 473.771 283.845 337.456 219.952 129.839 268.232 242.621 230.914 201.917 78.0651 117.504
internal_count=326276 242000 113970 128030 96760 84276 69587 48177 95803 92603 92403 69494 15905 14689
is_linear=0
shrinkage=0.025


Tree=300
num_leaves=15
num_cat=0
split_feature=225 10 239 39 133 39 41 165 68 52 24 25 53 35
split_gain=35.3697 23.6978 34.9309 46.2564 29.4542 23.598 32.4922 17.2792 15.6305 17.5268 17.9901 14.1463 14.9247 13.6349
threshold=11.500000000000002 -4.4999999999999991 1.0000000180025095e-35 164.50000000000003 1.0000000180025095e-35 118.50000000000001 1.5000000000000002 5.5000000000000009 0.14612126350402835 0.11235309019684793 188.50000000000003 120.50000000000001 0.076711904257535948 202.50000000000003
decision_type=2 2 2 2 2 2 2 2 2 2 2 2 2 2
left_child=1 4 5 -4 -1 6 -3 8 9 10 -7 -8 -13 -12
right_child=-2 2 3 -5 -6 7 11 -9 -10 -11 13 12 -14 -15
leaf_value=-0.024242947822145006 0.02526916775771746 -0.017100224767114564 0.018449595388402348 -0.018883444197831434 0.017513852559119615 -0.020221661523296269 -0.0032652089196998062 -0.036173766592981486 0.022328819069611192 -0.011598348085912522 0.0037651096846129262 0.058079231942251147 0 -0.010894862644231014
leaf_weight=45.233804956020322 32.665205723256804 96.890405519254273 119.23841594578698 21.811669701710343 10.45764789264649 19.160134371020831 7.4022975352709164 4.8562623896868891 17.975097674934659 65.320249731186777 528.21271200390765 4.3199516362510622 3.3834855046588928 39.241878767119488
leaf_count=15640 2155 92474 88145 401 122 3528 990 86 1320 9266 104160 282 383 7324
internal_value=0.000810675 -5.06992e-05 0.000895582 0.0122299 -0.0154815 -0.00114351 -0.011623 0.00060271 0.00106654 0.000342535 0.00176681 0.0191404 0.0378867 0.00265552
internal_weight=1016.17 983.504 927.813 141.05 55.6915 786.762 111.996 674.766 669.91 651.935 586.615 15.1057 7.70344 567.455
internal_count=326276 324121 308359 88546 15762 219813 94129 125684 125598 124278 115012 1655 665 111484
is_linear=0
shrinkage=0.025


Tree=301
num_leaves=15
num_cat=0
split_feature=3 3 10 132 0 38 39 12 2 0 0 38 252 31
split_gain=59.3548 63.4595 34.3138 31.8372 29.9544 27.6902 26.3055 33.1207 25.6638 22.1957 33.8065 25.9899 24.8761 21.0002
threshold=-3.4999999999999996 -1.0000000180025095e-35 -3.4999999999999996 1.0000000180025095e-35 1.0000000180025095e-35 42.500000000000007 156.50000000000003 46.516254425048835 194.50000000000003 -20.499999999999996 -19.499999999999996 30.500000000000004 1.0000000180025095e-35 20.500000000000004
decision_type=2 2 2 2 2 2 2 2 2 2 2 2 2 2
left_child=3 2 -2 -1 5 6 8 -8 -4 11 13 12 -3 -11
right_child=1 9 4 -5 -6 -7 7 -9 -10 10 -12 -13 -14 -15
leaf_value=-0.0075609924471561818 -0.016364516072498028 -0.02161128526352241 0.024704153955869033 0.016331050203063441 -0.013416950828130519 -0.018125804814600521 -0.011272428621286945 0.022426228627907357 -0.043845715242388957 0.08998461151126852 0.0013959573840016607 -0.023194836339469858 0.00624913337926419 0
leaf_weight=435.26301473518834 19.230040590744466 24.473273907322437 204.5581241013133 34.484138142433949 17.610162201337516 9.9479138972237688 34.330687529174611 32.041694710496813 0.57955727656371792 1.6730491174967022 72.86161307990551 51.482021814852487 69.916846256935969 2.2941414715023711
leaf_count=94893 303 9920 102300 580 1076 400 1000 3800 8 335 24146 79843 6800 872
internal_value=0.000792289 0.00644252 0.013572 -0.00566169 0.015723 0.0177564 0.0193459 0.00490174 0.0237612 -0.00368149 0.00683777 -0.00941591 -0.00116096 0.0595579
internal_weight=1010.75 540.999 318.298 469.747 299.068 281.458 271.51 66.3724 205.138 222.701 76.8288 145.872 94.3901 3.96719
internal_count=326276 230803 108887 95473 108584 107508 107108 4800 102308 121916 25353 96563 16720 1207
is_linear=0
shrinkage=0.025


Tree=302
num_leaves=15
num_cat=0
split_feature=3 38 67 0 31 252 0 35 24 10 7 192 249 3
split_gain=57.6058 37.2558 38.0799 36.0575 31.2721 27.7812 41.7253 30.7153 32.1511 33.4146 31.2443 25.759 25.4144 25.2596
threshold=-5.4999999999999991 21.500000000000004 -0.0046501921024173489 -20.499999999999996 17.500000000000004 1.0000000180025095e-35 1.0000000180025095e-35 200.50000000000003 195.50000000000003 -4.4999999999999991 12.500000000000002 2.5000000000000004 1.0000000180025095e-35 -24.999999999999996
decision_type=2 2 2 2 2 2 2 2 2 2 2 2 2 2
left_child=3 5 -3 4 -1 -2 7 8 -7 -10 12 -6 -11 -5
right_child=1 2 -4 13 11 6 -8 -9 9 10 -12 -13 -14 -15
leaf_value=0.0028626682240753707 -0.013041390968289344 -0.016986947287198198 0.0043873850294376873 0.037603808364153592 -0.025977144713434097 -0.016802435790397655 -0.022901350817603486 -0.0046986361793899404 -0.016103164530480329 0.022526557029250042 0 0.013149313606484704 -0.0061873599192887319 -0.0020827826246860304
leaf_weight=36.872444683453068 31.617877005017363 82.599258823902346 127.93036890172516 7.8023089173366307 110.80338303130702 16.728221088647842 19.718910080380738 58.273274481063709 16.411487070377916 280.52267379476689 53.185810731374659 8.8963916897773725 18.010154837276787 131.57504793140106
leaf_count=5926 11717 65793 48177 1891 60405 300 1154 5913 503 99006 9048 71 692 15680
internal_value=0.000779389 0.00468541 -0.00400239 -0.00839539 -0.0165174 0.0084365 0.0100319 0.0116976 0.0142618 0.0158651 0.0175509 -0.022615 0.020667 0.000708802
internal_weight=1000.95 704.998 210.53 295.95 156.572 494.468 462.851 443.132 384.858 368.13 351.719 119.7 298.533 139.377
internal_count=326276 242303 113970 83973 66402 128333 116616 115462 109549 109249 108746 60476 99698 17571
is_linear=0
shrinkage=0.025


Tree=303
num_leaves=15
num_cat=0
split_feature=3 3 40 10 234 50 26 25 41 37 38 39 23 165
split_gain=55.163 39.7738 45.7632 33.9833 32.2751 29.8209 24.0834 23.5196 27.2927 25.5375 22.2584 22.2826 23.0184 20.4981
threshold=-4.4999999999999991 -1.0000000180025095e-35 1.0000000180025095e-35 -3.4999999999999996 1.0000000180025095e-35 0.044716484844684608 341.50000000000006 119.50000000000001 1.5000000000000002 6.5000000000000009 44.500000000000007 156.50000000000003 5.5000000000000009 5.5000000000000009
decision_type=2 2 2 2 2 2 2 2 2 2 2 2 2 2
left_child=5 2 3 -2 10 -1 -4 -3 9 -9 11 -5 -13 -7
right_child=1 7 6 4 -6 13 -8 8 -10 -11 -12 12 -14 -15
leaf_value=-0.013055575239514157 -0.016103602038303372 -0.0090521737701183061 -0.010359528991575086 0.023444561942227764 -0.014298198157937286 0.005488341761633566 0.015407781754835471 -0.019678850240368431 0.035665783053416077 0.013835243324108615 -0.016724254915227953 -0.012141185842567705 0.016460506473020619 -0.033321288456468999
leaf_weight=212.77597411131137 18.824398050783202 153.42940734318108 89.416239044920076 211.98257644864498 17.494160684291273 109.92265165981371 26.635308030294254 21.947098673874279 14.218806848337406 29.923312191531295 8.1452592872083169 23.766634421190247 46.283965884707868 6.1157294186996287
leaf_count=69587 303 84847 8018 104200 1098 14470 865 25843 1285 9941 300 600 4700 219
internal_value=0.000761036 0.00493552 0.00924654 0.0140231 0.0160845 -0.00753756 -0.00399637 -0.00365063 0.00837604 -0.000190051 0.018129 0.0193887 0.00631426 0.00244468
internal_weight=990.882 662.067 442.549 326.497 307.673 328.814 116.052 219.519 66.0892 51.8704 290.178 282.033 70.0506 116.038
internal_count=326276 242000 120084 111201 110898 84276 8883 121916 37069 35784 109800 109500 5300 14689
is_linear=0
shrinkage=0.025


Tree=304
num_leaves=15
num_cat=0
split_feature=3 3 10 236 0 38 39 12 2 3 25 32 29 3
split_gain=53.5104 59.2807 32.0143 30.9946 27.5054 26.2616 25.4761 31.2668 25.4067 23.8922 22.5679 33.3264 21.7214 27.2948
threshold=-3.4999999999999996 -1.0000000180025095e-35 -3.4999999999999996 1.0000000180025095e-35 1.0000000180025095e-35 42.500000000000007 156.50000000000003 46.516254425048835 194.50000000000003 -14.999999999999998 119.50000000000001 1.5000000000000002 30.500000000000004 -8.9999999999999982
decision_type=2 2 2 2 2 2 2 2 2 2 2 2 2 2
left_child=3 2 -2 -1 5 6 8 -8 -4 -5 -3 -12 -11 -14
right_child=1 10 4 9 -6 -7 7 -9 -10 12 11 -13 13 -15
leaf_value=0.011886705558798503 -0.015941112354796044 -0.0088618001458046405 0.024669964446404274 -0.017795812405437178 -0.012868688345820426 -0.01786962047495955 -0.011009936576235066 0.022277389040423291 -0.043375131144659726 -0.012934712325940385 0.024019003277393265 -0.010037128065695693 0.020532280295849428 -0.0033453308770593979
leaf_weight=53.283656203770079 18.574609472183511 152.87882083069417 192.51684021024266 107.9578040096967 16.889487246982753 9.5867456002160889 33.640871319221333 30.434243451803923 0.5997402835637321 105.84778212371748 35.444269862637157 30.075626078963978 33.508418615383562 160.42471175995888
leaf_count=2215 303 84847 102300 43461 1076 400 1000 3800 8 21285 9532 27537 5148 23364
internal_value=0.000744756 0.00624266 0.0133791 -0.00541047 0.0155329 0.0175468 0.0191538 0.00471731 0.0236709 -0.00780206 -0.00356803 0.00826634 -0.00397985 0.000903308
internal_weight=981.664 520.641 302.243 461.022 283.668 266.778 257.192 64.0751 193.117 407.739 218.399 65.5199 299.781 193.933
internal_count=326276 230803 108887 95473 108584 107508 107108 4800 102308 93258 121916 37069 49797 28512
is_linear=0
shrinkage=0.025


Tree=305
num_leaves=15
num_cat=0
split_feature=3 0 30 3 33 0 0 0 3 40 68 24 24 131
split_gain=51.4806 35.6929 35.766 34.1642 39.2785 24.9466 32.0871 27.6118 23.5003 23.1126 28.3959 23.0756 22.9976 21.885
threshold=-5.4999999999999991 -20.499999999999996 1.5000000000000002 1.0000000180025095e-35 1.0000000180025095e-35 -19.499999999999996 -6.4999999999999991 -5.4999999999999991 -24.999999999999996 8.5000000000000018 0.068592645227909102 232.50000000000003 324.50000000000006 1.0000000180025095e-35
decision_type=2 2 2 2 2 2 2 2 2 2 2 2 2 2
left_child=1 2 11 4 12 -3 -7 -8 -9 10 13 -1 -2 -5
right_child=3 5 -4 9 -6 6 7 8 -10 -11 -12 -13 -14 -15
leaf_value=0.015804356481487064 -0.0075894064876290317 0.021277299698027097 -0.025725365061960156 -0.015254960772793955 0.012827610202192542 -0.01929462331540039 0.023638777804211128 0.039270011932414084 -0.01540228733073957 0.019625816990702597 0.016998334835036533 -0.014288122047888189 0.0097729183209720565 0.051417322432265045
leaf_weight=25.837237355939578 126.44629419699777 27.297240237006918 92.731824838265311 120.52621769206598 328.18257743999129 47.45820710476255 29.876687653595582 2.6385698112426317 31.402722388855182 16.605031810700893 18.849622652807739 32.413773295062128 72.036924309912138 0.1266220398247232
leaf_count=4417 21073 904 45925 102022 100296 10862 831 540 4434 102 7162 16060 11644 4
internal_value=0.000726388 -0.00802374 -0.0163199 0.00449381 0.0075504 0.000986651 -0.00419547 0.00700426 -0.00765238 -0.00560912 -0.00913821 -0.000412113 -0.00111221 -0.013737
internal_weight=972.43 289.656 150.983 682.773 526.666 138.673 111.376 63.918 34.0413 156.107 139.502 58.251 198.483 120.653
internal_count=326276 83973 66402 242303 133013 17571 16667 5805 4974 109290 109188 20477 32717 102026
is_linear=0
shrinkage=0.025


Tree=306
num_leaves=15
num_cat=0
split_feature=37 225 210 134 10 39 234 0 36 32 69 0 29 24
split_gain=39.5584 33.7922 21.7821 38.7741 28.4635 29.0384 57.7003 18.6593 20.4845 15.8199 15.803 15.638 15.1623 15.0433
threshold=33.500000000000007 13.500000000000002 1.0000000180025095e-35 1.0000000180025095e-35 -4.4999999999999991 121.50000000000001 1.0000000180025095e-35 -1.4999999999999998 127.50000000000001 4.5000000000000009 0.026965758763253692 -6.4999999999999991 29.500000000000004 195.50000000000003
decision_type=2 2 2 2 2 2 2 2 2 2 2 2 2 2
left_child=1 2 3 4 -1 6 -6 8 -2 10 13 -4 -8 -7
right_child=7 -3 11 -5 5 9 12 -9 -10 -11 -12 -13 -14 -15
leaf_value=-0.023409436455622375 0.021021449882299991 0.027888654395895558 -0.053305830249442 0.029078718904121521 -0.018805378319622604 -0.018160833417711391 0.05467701933386189 -0.017678870669073709 -0.010273119071069129 -0.015406234866073129 0.0085846242863712608 -0.00044438751468432513 0.00096295766140506555 0.00057351464600656607
leaf_weight=35.459422975865891 95.987706570420414 21.258884377893992 5.8471770901232958 22.183450130105484 106.22000236925669 25.489238044829108 5.6553473873063904 7.4445580032188436 12.084830132895148 32.227397615672089 155.67666273307987 7.5037472591502574 7.0684480301570147 424.62103657479747
leaf_count=15551 79216 1289 98 436 103404 5260 148 1623 991 11511 29718 277 238 76516
internal_value=0.000723188 -0.00113399 -0.00200727 -0.00139637 -0.0023874 -0.00128121 -0.0124728 0.0142701 0.017114 0.000814828 0.00179051 -0.0306572 0.0323042 -0.000545433
internal_weight=964.728 849.211 827.952 814.601 792.418 756.958 118.944 115.517 108.073 638.014 605.787 13.3509 12.7238 450.11
internal_count=326276 244446 243157 242782 242346 226795 103790 81830 80207 123005 111494 375 386 81776
is_linear=0
shrinkage=0.025


Tree=307
num_leaves=15
num_cat=0
split_feature=3 3 10 236 0 38 24 24 2 3 0 0 40 24
split_gain=50.41 54.7479 30.0975 29.1291 26.89 25.3231 23.5754 25.1122 25.2509 22.4818 21.6171 33.0259 24.4786 28.8692
threshold=-3.4999999999999996 -1.0000000180025095e-35 -3.4999999999999996 1.0000000180025095e-35 1.0000000180025095e-35 42.500000000000007 195.50000000000003 557.00000000000011 194.50000000000003 -14.999999999999998 -20.499999999999996 -19.499999999999996 8.5000000000000018 335.50000000000006
decision_type=2 2 2 2 2 2 2 2 2 2 2 2 2 2
left_child=3 2 -2 -1 5 6 -4 8 -8 -5 12 -12 13 -3
right_child=1 10 4 9 -6 -7 7 -9 -10 -11 11 -13 -14 -15
leaf_value=0.011543192639344448 -0.01561972978867969 -0.02340622273346506 -0.012790325456892251 -0.017507461987023427 -0.012819993363106397 -0.017720490461481463 0.024693166627485962 0 -0.042959451326176706 -0.0039303578414992728 0.059116679124850448 0.0015564774075590496 0.018929574175148775 9.8846929806134981e-05
leaf_weight=52.667674945550971 18.062246983870864 68.853760901431087 11.050987608730791 104.85690343746683 16.8278183483053 9.3790595075115544 205.80450364854187 30.562940770410933 0.61802965868264337 295.41587435838301 3.9712638071505344 71.36032101069577 13.844859414733945 55.982335303066066
leaf_count=2215 303 67841 200 43461 1076 400 102500 4400 8 49797 1207 24146 160 28562
internal_value=0.000706697 0.00613295 0.0131318 -0.00530464 0.0152641 0.0173226 0.0189432 0.0206686 0.0237587 -0.00765284 -0.0033605 0.00705792 -0.00922586 -0.0129149
internal_weight=959.259 506.318 292.306 452.94 274.243 257.416 248.036 236.985 206.423 400.273 214.013 75.3316 138.681 124.836
internal_count=326276 230803 108887 95473 108584 107508 107108 106908 102508 93258 121916 25353 96563 96403
is_linear=0
shrinkage=0.025


Tree=308
num_leaves=15
num_cat=0
split_feature=3 3 11 56 234 38 39 2 40 3 185 1 30 3
split_gain=48.3797 52.8122 29.24 28.2652 26.1319 24.7565 25.4999 24.9935 22.4994 33.1109 28.3423 30.101 27.4528 21.5505
threshold=-3.4999999999999996 -1.0000000180025095e-35 5.5000000000000009 1.5000000000000002 1.0000000180025095e-35 42.500000000000007 156.50000000000003 194.50000000000003 4.0000000000000009 -4.4999999999999991 1.0000000180025095e-35 20.500000000000004 3.5000000000000004 -1.4999999999999998
decision_type=2 2 2 2 2 2 2 2 2 2 2 2 2 2
left_child=3 2 4 8 5 6 7 -2 9 10 11 -1 -12 -8
right_child=1 -3 -4 -5 -6 -7 13 -9 -10 -11 12 -13 -14 -15
leaf_value=-0.0019503367371798482 0.024627374091894423 -0.0032712135585636648 -0.015458744844468792 0.016425649772270318 -0.012657716810857323 -0.017615116937651529 0.01519456387480992 -0.042584412315106776 -0.016385591916096027 0.015858795169998791 0.012380748939202735 -0.024927258678123006 -0.011664306429631278 -0.013712004655666214
leaf_weight=72.278799167950638 180.15527616790496 212.47410647175275 17.828286392614245 31.526791929733008 16.625644937856123 9.2426130333915335 39.835862422594801 0.63410426350310345 113.71791472175391 44.373960325494409 68.329789967800025 73.806583997211419 47.308487445407081 22.352949295891449
leaf_count=8837 102300 121916 303 571 1075 401 4300 8 31194 3215 5844 34226 11586 500
internal_value=0.000691177 0.00606035 0.0130252 -0.00519249 0.0151558 0.0172143 0.0188395 0.0235644 -0.00698009 -0.00327987 -0.00676212 -0.0139946 0.00228681 0.0042681
internal_weight=950.491 499.149 286.675 451.342 268.846 252.221 242.978 180.789 419.816 306.098 261.724 146.085 115.638 62.1888
internal_count=326276 230803 108887 95473 108584 107509 107108 102308 94902 63708 60493 43063 17430 4800
is_linear=0
shrinkage=0.025


Tree=309
num_leaves=15
num_cat=0
split_feature=3 0 38 70 31 3 6 252 0 35 24 10 7 249
split_gain=46.4428 34.6458 30.869 33.1025 29.7984 24.4998 34.5107 24.3022 38.2445 29.3521 30.2403 28.854 29.0528 24.6676
threshold=-5.4999999999999991 -20.499999999999996 21.500000000000004 -0.00042098126141354436 17.500000000000004 -24.999999999999996 2.5000000000000004 1.0000000180025095e-35 1.0000000180025095e-35 200.50000000000003 195.50000000000003 -4.4999999999999991 12.500000000000002 1.0000000180025095e-35
decision_type=2 2 2 2 2 2 2 2 2 2 2 2 2 2
left_child=1 4 7 -4 -1 6 -3 -2 9 10 -9 -12 13 -13
right_child=2 5 3 -5 -6 -7 -8 8 -10 -11 11 12 -14 -15
leaf_value=0.0030083819550296934 -0.012570583983420664 -0.010436176518156962 -0.015478239599284099 0.0047319387345706281 -0.022500167980318741 -0.0016764472114521479 0.071951107750201138 -0.016569800540448147 -0.022667428778960694 -0.0051757828306217071 -0.015213248426763243 0.022307895450328821 0 -0.0066107219055851945
leaf_weight=35.337251671648119 30.221175088954624 3.8200743305496863 84.195993560715578 115.84113501291722 109.27796064654831 128.68761799525237 3.9436252950690687 16.32195632532239 18.811732327565551 55.663994170434307 15.153887506108729 254.86493896367028 51.303305501060095 17.159674637950957
leaf_count=5926 11717 1604 69800 44170 60476 15680 287 300 1154 5913 503 99006 9048 692
internal_value=0.000671611 -0.00775622 0.00431978 -0.00375444 -0.0161632 0.00113056 0.0374802 0.00789038 0.00946591 0.0111528 0.0138064 0.015477 0.0171187 0.0203406
internal_weight=940.604 281.067 659.538 200.037 144.615 136.451 7.7637 459.501 429.279 410.468 354.804 338.482 323.328 272.025
internal_count=326276 83973 242303 113970 66402 17571 1891 128333 116616 115462 109549 109249 108746 99698
is_linear=0
shrinkage=0.025


Tree=310
num_leaves=15
num_cat=0
split_feature=3 3 10 56 0 38 39 12 237 25 41 38 39 0
split_gain=44.8487 50.8594 27.993 27.4635 24.6255 23.9163 24.915 29.2093 24.7845 21.6036 24.7249 19.9967 19.0275 17.7894
threshold=-3.4999999999999996 -1.0000000180025095e-35 -3.4999999999999996 1.5000000000000002 1.0000000180025095e-35 42.500000000000007 156.50000000000003 46.516254425048835 1.0000000180025095e-35 119.50000000000001 1.5000000000000002 27.500000000000004 136.50000000000003 -6.4999999999999991
decision_type=2 2 2 2 2 2 2 2 2 2 2 2 2 2
left_child=3 2 -2 13 5 6 8 -8 -4 12 -11 -6 -3 -1
right_child=1 9 4 -5 11 -7 7 -9 -10 10 -12 -13 -14 -15
leaf_value=-0.0093488564253314931 -0.015202121219298512 -0.014852073004049299 0.024601712319580228 0.016298880889247438 -0.022018498569507675 -0.017451281178815059 -0.01095346237438556 0.022029807149665369 -0.042201069680326032 -1.115927079145052e-05 0.034314107042620966 0.042392885231682081 0.003526774476217848 0.0035861333444165999
leaf_weight=334.60848380374955 17.465871604392305 97.670638821378816 173.07559218187816 31.359027817728929 15.632116855820641 9.0284433299675566 32.837994407862425 28.045524356653914 0.65060594025999208 49.291230788250687 14.192989362170918 0.53590734070167023 49.69686704990454 77.877408116590232
leaf_count=88441 303 78740 102300 571 1061 400 1000 3800 8 35784 1285 15 6107 6461
internal_value=0.000654082 0.00589006 0.0128899 -0.00504918 0.0150256 0.0170662 0.0187033 0.00416973 0.0234979 -0.00324963 0.00848891 -0.0122785 -0.00854119 -0.0068383
internal_weight=931.969 488.124 277.272 443.845 259.806 243.638 234.61 60.8835 173.726 210.852 63.4842 16.168 147.368 412.486
internal_count=326276 230803 108887 95473 108584 107508 107108 4800 102308 121916 37069 1076 84847 94902
is_linear=0
shrinkage=0.025


Tree=311
num_leaves=15
num_cat=0
split_feature=3 241 37 225 40 24 0 0 30 185 255 0 0 0
split_gain=43.3186 33.1784 49.9412 41.9654 32.3069 32.4657 36.0838 27.1897 27.0901 28.3866 25.6552 25.3185 28.3826 26.6177
threshold=-4.4999999999999991 1.0000000180025095e-35 30.500000000000004 1.0000000180025095e-35 1.0000000180025095e-35 198.50000000000003 1.0000000180025095e-35 -20.499999999999996 3.5000000000000004 1.0000000180025095e-35 1.0000000180025095e-35 -19.499999999999996 -6.4999999999999991 -5.4999999999999991
decision_type=2 2 2 2 2 2 2 2 2 2 2 2 2 2
left_child=7 2 3 -2 5 -3 -7 8 9 10 -1 -9 -13 -14
right_child=1 4 -4 -5 -6 6 -8 11 -10 -11 -12 12 13 -15
leaf_value=-0.024545817357351146 -0.0071780268719214523 -0.017141037517159868 0.015258130959196162 0.024423837127760504 -0.0095465178088219253 0.024598592636715017 -0.018660050612141776 0.021267208725640637 -0.025498687019246638 0.0087047597252359384 0.017902890132107305 -0.017829655151615963 0.022931093106750226 -0.0074378307069080246
leaf_weight=44.756303312518867 292.05552289242041 12.376272302120922 105.63651725871023 25.634975656284951 29.541761639062315 136.02036320662592 10.367210516706107 27.84672659332864 68.22745514640701 47.300215110124554 7.9444165648892513 50.378471812582575 29.81789735192433 36.014425556291826
leaf_count=26130 131482 202 86065 1924 612 21500 215 907 34723 5682 107 10901 834 4992
internal_value=0.000644212 0.00453132 0.000560719 -0.00434544 0.0131781 0.0176597 0.0210544 -0.00686033 -0.0136054 -0.00474199 -0.0170784 0.000963375 -0.00410493 0.0063541
internal_weight=923.919 611.633 423.327 317.69 188.306 158.764 146.388 312.286 168.228 100.001 52.7007 144.058 116.211 65.8323
internal_count=326276 242000 219471 133406 22529 21917 21715 84276 66642 31919 26237 17634 16727 5826
is_linear=0
shrinkage=0.025


Tree=312
num_leaves=15
num_cat=0
split_feature=3 0 30 38 70 0 3 6 252 0 3 37 39 30
split_gain=41.8824 32.6034 34.7677 28.8179 31.396 23.776 23.7027 29.296 22.5993 36.0901 24.5881 33.4971 26.3941 21.7375
threshold=-5.4999999999999991 -20.499999999999996 1.5000000000000002 21.500000000000004 -0.0054153511300683013 -20.499999999999996 -20.499999999999996 2.5000000000000004 1.0000000180025095e-35 1.0000000180025095e-35 -3.4999999999999996 16.500000000000004 129.50000000000003 9.5000000000000018
decision_type=2 2 2 2 2 2 2 2 2 2 2 2 2 2
left_child=1 2 -1 8 -5 -6 7 -3 -2 10 11 12 -10 -12
right_child=3 6 -4 4 5 -7 -8 -9 9 -11 13 -13 -14 -15
leaf_value=0 -0.012272187094971295 -0.01074287573618319 -0.025646840934616708 -0.016231396642739565 -0.005289882845757779 0.016350123488339464 -0.001925390462766895 0.060487846802125877 -0.010934099311415821 -0.022471218622257722 0.019826855724435204 -0.013478026610100677 0.02062218404028986 0.0038367870808997829
leaf_weight=54.989442305435659 29.401433389517479 3.9621403716737387 84.190119291451992 74.364368670678232 69.689057362935273 52.302296836278401 125.42009333241731 5.7526256127748638 19.646804759511724 18.115571490721777 187.64498421351891 50.800312611507252 56.41339239384979 81.866984004096594
leaf_count=20477 11717 1651 45925 65035 39974 8961 15554 366 2424 1154 82008 2721 3109 25200
internal_value=0.00063402 -0.00745748 -0.0158282 0.00415832 -0.00369214 0.00395774 0.00113929 0.0337902 0.00768841 0.00924219 0.0109121 0.00155928 0.0120492 0.0151572
internal_weight=914.56 274.314 139.18 640.245 196.356 121.991 135.135 9.71477 443.889 414.488 396.372 126.861 76.0602 269.512
internal_count=326276 83973 66402 242303 113970 48935 17571 2017 128333 116616 115462 8254 5533 107208
is_linear=0
shrinkage=0.025


Tree=313
num_leaves=15
num_cat=0
split_feature=3 0 30 3 10 3 28 0 0 0 37 3 12 255
split_gain=40.107 31.7506 34.3933 28.0471 24.2208 24.6804 27.081 23.1681 29.6117 25.6684 22.8385 22.4062 21.8654 21.7606
threshold=-5.4999999999999991 -20.499999999999996 1.5000000000000002 1.0000000180025095e-35 -4.4999999999999991 -3.4999999999999996 1.0000000180025095e-35 -19.499999999999996 -6.4999999999999991 -5.4999999999999991 7.5000000000000009 -24.999999999999996 74.611885070800795 1.0000000180025095e-35
decision_type=2 2 2 2 2 2 2 2 2 2 2 2 2 2
left_child=1 2 12 4 -2 10 -7 -3 -9 -10 -6 -11 13 -1
right_child=3 7 -4 -5 5 6 -8 8 9 11 -12 -13 -14 -15
leaf_value=-0.023566642893104905 -0.015922297586808482 0.020703203924598623 -0.025624491983081699 -0.0052449708626353207 0.011752038810816455 -0.011387409256720875 0.01463045658153697 -0.018845133620650645 0.023061197568711871 0.038006864087104797 -0.0074727543974402151 -0.015172726600008605 0.017952817421918673 0.017891269691166275
leaf_weight=25.599124329572078 23.835846609668806 27.084601390641183 82.184769607294584 148.63346181649831 61.182781291427091 24.119289466296323 282.79167362494627 45.495768080931157 29.141246727667749 2.7049113480607039 93.879283643618692 30.697596236946993 21.626584575249581 7.763733400614
leaf_count=18308 1222 904 45925 109290 3558 11514 109696 10862 831 540 7023 4434 2080 89
internal_value=0.000619686 -0.00732446 -0.0156741 0.0040869 0.00700781 0.00833977 0.0124147 0.00112721 -0.00398194 0.00681616 3.36795e-05 -0.0074022 0 -0.0125515
internal_weight=906.741 272.298 137.174 634.442 485.809 461.973 306.911 135.124 108.04 62.5438 155.062 33.4025 54.9894 33.3629
internal_count=326276 83973 66402 242303 133013 131791 121210 17571 16667 5805 10581 4974 20477 18397
is_linear=0
shrinkage=0.025


Tree=314
num_leaves=15
num_cat=0
split_feature=3 0 31 33 3 70 177 131 192 3 7 31 35 31
split_gain=38.4345 31.0584 29.0063 27.0644 34.1846 25.1748 23.5741 23.4487 22.7993 22.309 30.0565 21.132 19.683 19.8343
threshold=-5.4999999999999991 -20.499999999999996 17.500000000000004 1.0000000180025095e-35 1.0000000180025095e-35 0.031404385343194015 6.5000000000000009 1.0000000180025095e-35 2.5000000000000004 -24.999999999999996 10.500000000000002 16.500000000000004 200.50000000000003 34.500000000000007
decision_type=2 2 2 2 2 2 2 2 2 2 2 2 2 2
left_child=1 2 11 6 12 7 -2 -6 -4 10 -3 -1 -5 -14
right_child=3 9 8 4 5 -7 -8 -9 -10 -11 -12 -13 13 -15
leaf_value=-0.018048558117739758 -0.004383938880610996 0.066188188750140833 -0.025895461220404248 0.014668614151100557 -0.01912725888189272 0.014550447386038995 0.022847880110812777 0.050884559119509891 0.012156496214595873 -0.0016157509079702864 -0.010149088846821261 0.018716357352804327 0.016158817168480361 -0.016816567596563047
leaf_weight=13.232203080086036 240.77495567410369 4.2767487012315533 91.985520880523836 256.65507874503965 52.540423539699987 21.305640756647335 18.482152131386101 0.14821951277553935 8.2855652859434468 126.04679806437343 3.6886759394546971 20.892486906144768 15.797850244154686 25.168947935628239
leaf_count=5365 83879 300 60405 96760 48777 8589 758 4 71 15680 1591 561 2728 808
internal_value=0.00060893 -0.00723282 -0.0155994 0.00400312 0.0083161 -0.00647428 -0.00210813 -0.0157508 -0.0222473 0.00113306 0.0354524 0.0034805 0.0121043 -0.0032969
internal_weight=899.281 268.408 134.396 630.873 371.616 73.9943 259.257 52.6886 100.271 134.012 7.96542 34.1247 297.622 40.9668
internal_count=326276 83973 66402 242303 157666 57370 84637 48781 60476 17571 1891 5926 100296 3536
is_linear=0
shrinkage=0.025


Tree=315
num_leaves=15
num_cat=0
split_feature=3 3 10 56 236 39 38 40 1 1 40 24 31 24
split_gain=37.3372 44.0864 26.083 25.1901 23.9025 22.6489 28.1353 22.0053 20.7354 31.2916 23.0316 27.2488 19.1706 17.6848
threshold=-3.4999999999999996 -1.0000000180025095e-35 -3.4999999999999996 1.5000000000000002 1.0000000180025095e-35 156.50000000000003 42.500000000000007 20.000000000000004 20.500000000000004 19.500000000000004 8.5000000000000018 335.50000000000006 20.500000000000004 337.50000000000006
decision_type=2 2 2 2 2 2 2 2 2 2 2 2 2 2
left_child=3 2 -2 7 -4 6 -6 -1 9 -3 11 -10 -11 -13
right_child=1 8 4 -5 5 -7 -8 -9 10 12 -12 13 -14 -15
leaf_value=-0.004362666577615088 -0.014999519406464183 0.0016530170096715983 -0.0060168681111585935 0.015981640266749697 0.024477128746605549 0.0026207091788866114 -0.016641250930169244 -0.02412230297264447 -0.023307053247512081 0.085612930062169912 0.018634892307299086 0.018986176943678611 0 -0.0094978702643327313
leaf_weight=358.0394753406581 17.135066175367683 69.886018353397958 28.253554824739695 30.516986741742585 153.2140226996853 54.49701016524341 8.3711768276989442 37.432958326360676 64.524445131741231 1.8161843512789335 13.367217328399418 17.972968928806949 2.2769326413981616 35.724410725873895
leaf_count=78461 303 24146 2159 571 101277 4752 396 16441 67841 335 160 720 872 27842
internal_value=0.000607198 0.00549708 0.01227 -0.00469656 0.0144422 0.0172772 0.0219305 -0.00646326 -0.0030504 0.00717312 -0.00901557 -0.012732 0.0573371 9.51908e-05
internal_weight=893.028 467.039 261.471 425.989 244.336 216.082 161.585 395.472 205.568 73.9791 131.589 118.222 4.09312 53.6974
internal_count=326276 230803 108887 95473 108584 106425 101673 94902 121916 25353 96563 96403 1207 28562
is_linear=0
shrinkage=0.025


Tree=316
num_leaves=15
num_cat=0
split_feature=225 10 132 239 39 39 0 150 134 68 38 24 26 0
split_gain=30.7641 18.6832 24.4832 19.7302 38.2625 17.8229 31.9646 20.6583 18.312 13.1209 17.2066 14.4053 14.3971 13.7878
threshold=11.500000000000002 -4.4999999999999991 1.0000000180025095e-35 1.0000000180025095e-35 164.50000000000003 110.50000000000001 1.0000000180025095e-35 1.0000000180025095e-35 1.0000000180025095e-35 0.026965758763253692 22.500000000000004 191.50000000000003 250.50000000000003 -20.499999999999996
decision_type=2 2 2 2 2 2 2 2 2 2 2 2 2 2
left_child=1 2 -1 5 -5 6 -3 8 9 10 11 -7 -12 -11
right_child=-2 3 -4 4 -6 7 -8 -9 -10 13 12 -13 -14 -15
leaf_value=-0.023824858212036372 0.024379325781745963 -0.02099922188514634 0.016305974071424055 0.017276173062351019 -0.018288754224882471 -0.019674598586131464 0.026888365077844274 -0.026912528959853767 0.037325094431738773 0.001102632011239471 -0.018272951132480713 0.0022077879022435213 0 0.016576908384014859
leaf_weight=38.372391097305808 29.781256805639714 51.988544449734036 9.2492485151160491 91.187907976098359 20.410577781731263 16.806231578579172 7.2744202809408298 13.940875082858836 5.5982469277223563 110.56849270215025 58.968992241076194 334.28530799609143 43.247844589437591 53.731664767314214
leaf_count=15640 2155 62607 122 88145 401 3120 263 225 201 31415 38402 60724 17235 5621
internal_value=0.000602503 -0.00027825 -0.0150322 0.000612868 0.010245 -0.000932235 -0.0137073 0.000275623 0.00104975 0.000501815 -0.00165289 0.000931891 -0.0105421 0.00651918
internal_weight=885.412 855.631 47.6216 808.009 111.598 696.411 59.263 637.148 623.207 617.609 453.308 351.092 102.217 164.3
internal_count=326276 324121 15762 308359 88546 219813 62870 156943 156718 156517 119481 63844 55637 37036
is_linear=0
shrinkage=0.025


Tree=317
num_leaves=15
num_cat=0
split_feature=225 37 33 236 39 234 210 134 11 35 37 30 31 30
split_gain=29.9017 31.0422 28.3631 27.5252 21.8548 55.9309 19.7464 14.6024 26.7947 12.9313 22.3206 20.7933 26.8742 15.0964
threshold=13.500000000000002 27.500000000000004 1.0000000180025095e-35 1.0000000180025095e-35 128.50000000000003 1.0000000180025095e-35 1.0000000180025095e-35 1.0000000180025095e-35 4.5000000000000009 170.50000000000003 7.5000000000000009 1.5000000000000002 34.500000000000007 2.5000000000000004
decision_type=2 2 2 2 2 2 2 2 2 2 2 2 2 2
left_child=1 4 -3 -4 5 -1 7 8 9 11 13 12 -6 -11
right_child=-2 2 3 -5 6 -7 -8 -9 -10 10 -12 -13 -14 -15
leaf_value=-0.017464142695909551 0.027444113338436445 -0.0045991447258264496 -0.022819656147671497 0.022229884933214202 0.023801857997973828 0.02699226363276859 -0.030097402323364816 0.022025184123298115 -0.022868866450522399 -0.014648742607071441 -0.0068139494562117755 0 -0.0088290004873350005 0.011965663252682182
leaf_weight=120.00730632740306 22.193622129037976 48.372692583070602 6.4049896976212031 87.055807129654568 59.470459842821583 17.53035797434859 10.454741704510523 16.118756966083311 27.795385069824988 12.473390174855011 207.28264377475716 148.23489462351426 18.028439296991564 79.427221100952011
leaf_count=111730 1955 12473 949 78802 2406 552 231 294 12627 5617 42879 33110 3210 19441
internal_value=0.000592607 -0.000165542 0.0103639 0.0182697 -0.00231818 -0.0111647 -0.00012816 0.000533947 -0.000163334 0.00111474 -0.00222787 0.00562537 0.0158543 0.00774105
internal_weight=880.851 858.657 141.833 93.4608 716.824 137.538 579.286 568.831 552.712 524.917 299.183 225.734 77.4989 91.9006
internal_count=326276 324321 92224 79751 232097 112282 119815 119584 119290 106663 67937 38726 5616 25058
is_linear=0
shrinkage=0.025


Tree=318
num_leaves=15
num_cat=0
split_feature=3 241 37 177 40 24 0 185 5 12 183 25 20 179
split_gain=36.8787 30.8063 42.9259 35.5504 29.4624 31.1874 35.2526 25.5827 35.9898 27.7203 25.5274 20.9865 20.4117 18.6272
threshold=-4.4999999999999991 1.0000000180025095e-35 30.500000000000004 3.5000000000000004 1.0000000180025095e-35 198.50000000000003 1.0000000180025095e-35 1.0000000180025095e-35 1.0000000180025095e-35 52.942462921142585 2.5000000000000004 131.50000000000003 15.500000000000002 1.0000000180025095e-35
decision_type=2 2 2 2 2 2 2 2 2 2 2 2 2 2
left_child=7 2 3 13 5 -3 -7 8 10 -9 -1 -5 -4 -2
right_child=1 4 12 11 -6 6 -8 9 -10 -11 -12 -13 -14 -15
leaf_value=-0.021382048966368597 -0.0091404779175039939 -0.016978643060917134 0.020248453974799747 -0.0049991680221518342 -0.0091130906685578852 0.024536650149483266 -0.018557171964480902 -0.013022970253814971 0.0079880497159037916 0.011653830969230514 0.014010967744537171 0.039057059488389945 -0.0066892695587343108 0.010738493950152665
leaf_weight=130.36620297041372 250.41395761130843 12.139218365773557 77.794787705643103 8.4173350955825317 28.592875577043742 126.9496767782839 10.219244762323795 41.668842043902259 39.093340256484225 74.043766535382019 11.156477632117456 14.871448113291988 19.260149152134545 29.683344076969661
leaf_count=64182 129867 202 84844 634 612 21500 215 9104 642 10106 242 700 1221 2205
internal_value=0.000581068 0.00427615 0.000341164 -0.00424114 0.0128427 0.0173082 0.0208193 -0.00651765 -0.0123467 0.00245243 -0.0181861 0.0234293 0.0146126 -0.00685402
internal_weight=874.671 578.342 400.441 303.386 177.901 149.308 137.169 296.329 180.616 115.713 141.523 23.2888 97.0549 280.097
internal_count=326276 242000 219471 133406 22529 21917 21715 84276 65066 19210 64424 1334 86065 132072
is_linear=0
shrinkage=0.025


Tree=319
num_leaves=15
num_cat=0
split_feature=225 37 40 20 32 234 210 135 10 68 40 35 0 37
split_gain=28.512 28.8302 19.9663 18.9742 18.5621 27.1114 18.3477 23.0916 23.1053 18.1174 19.4094 20.8703 18.89 16.1108
threshold=13.500000000000002 33.500000000000007 20.000000000000004 22.500000000000004 2.5000000000000004 1.0000000180025095e-35 1.0000000180025095e-35 1.0000000180025095e-35 -4.4999999999999991 0.026965758763253692 6.5000000000000009 166.50000000000003 -20.499999999999996 21.500000000000004
decision_type=2 2 2 2 2 2 2 2 2 2 2 2 2 2
left_child=1 2 4 -3 6 13 7 8 -1 10 -10 -12 -11 -6
right_child=-2 3 -4 -5 5 -7 -8 -9 9 12 11 -13 -14 -15
leaf_value=-0.022352823300293628 0.02707114660986204 0.019598697527704684 -0.019249878337378328 -0.0040125124337864609 -0.022229633678602222 0.03472403795270676 -0.026825821154106613 0.027762216548288317 -0.0031158719494465224 0.0020079858625682528 -0.018567639346688231 0.019765987762704502 0.021095915745602933 0.0063780926877401419
leaf_weight=23.842847615975188 21.672955834830645 66.875463718373794 36.21943563001696 27.012225991347805 57.697383240098134 3.9316408392041913 11.928802390350027 16.811081863299478 389.90991114958888 96.443577308469685 7.8080197900999329 43.597760073083919 49.207618331711274 12.424902191560248
leaf_count=11815 1955 78775 15506 2389 51704 159 309 374 117318 33448 445 1077 5442 5560
internal_value=0.000574017 -0.000170611 -0.00185104 0.0126336 -0.000856167 -0.0124615 0.000500618 0.00118478 0.000280461 0.0013512 -0.00113407 0.0127812 0.00892054 -0.0167651
internal_weight=865.384 843.711 749.823 93.8877 713.604 74.0539 639.55 627.621 610.81 586.967 441.316 51.4058 145.651 70.1223
internal_count=326276 324321 243157 81164 227651 57423 170228 169919 169545 157730 118840 1522 38890 57264
is_linear=0
shrinkage=0.025


Tree=320
num_leaves=15
num_cat=0
split_feature=3 1 30 33 3 226 71 131 3 7 39 12 179 234
split_gain=35.4393 30.0372 32.6035 24.9067 29.7622 24.2409 22.9701 22.934 22.6724 27.178 20.3199 19.9026 19.3415 20.1768
threshold=-5.4999999999999991 20.500000000000004 1.5000000000000002 1.0000000180025095e-35 1.0000000180025095e-35 8.5000000000000018 0.031404385343194015 1.0000000180025095e-35 -24.999999999999996 10.500000000000002 153.50000000000003 74.611885070800795 1.0000000180025095e-35 1.0000000180025095e-35
decision_type=2 2 2 2 2 2 2 2 2 2 2 2 2 2
left_child=1 8 11 5 -5 10 7 -6 9 -1 12 -3 13 -2
right_child=3 2 -4 4 6 -7 -8 -9 -10 -11 -12 -13 -14 -15
leaf_value=0.064340828024787966 -0.013289796472751109 -0.012379171686137063 -0.025535668375593807 0.011795808534788298 -0.018864801972470716 0.029352452823993676 0.014378162362206166 0.050125984676928574 -0.0016303031386036048 -0.0094237244977053245 0.013947538868155061 0.017626506084852545 0.0094682681765647526 0.01284885878465083
leaf_weight=4.3514613125007591 155.89224500424461 30.343955629767152 76.894575284561142 282.87461164582055 49.057635816890979 11.351374326972289 20.298152466391912 0.1793742123991241 123.88647734181723 3.382787978858687 30.427462120132986 20.590276097733295 33.599441477039363 17.515514204045758
leaf_count=300 79045 18397 45925 100296 48777 381 8589 4 15680 1591 2218 2080 2430 563
internal_value=0.0005665 -0.00707234 -0.0155709 0.00392321 0.0081861 -0.00204154 -0.00603436 -0.0152705 0.00115871 0.036132 -0.00399394 0 -0.00691172 -0.0103343
internal_weight=860.645 259.45 127.829 601.196 352.41 248.786 69.5352 49.237 131.621 7.73425 237.435 50.9342 207.007 173.408
internal_count=326276 83973 66402 242303 157666 84637 57370 48781 17571 1891 84256 20477 82038 79608
is_linear=0
shrinkage=0.025


Tree=321
num_leaves=15
num_cat=0
split_feature=3 3 10 236 0 210 226 39 38 12 35 35 30 25
split_gain=34.4584 38.2971 22.999 24.0216 22.7777 22.9624 25.2266 21.6513 27.1167 23.7657 21.344 30.7171 28.779 19.8671
threshold=-3.4999999999999996 -1.0000000180025095e-35 -3.4999999999999996 1.0000000180025095e-35 -6.4999999999999991 1.0000000180025095e-35 1.0000000180025095e-35 156.50000000000003 42.500000000000007 46.516254425048835 179.50000000000003 164.50000000000003 4.5000000000000009 119.50000000000001
decision_type=2 2 2 2 2 2 2 2 2 2 2 2 2 2
left_child=4 2 -2 -4 5 6 10 8 -5 -9 11 -1 -13 -3
right_child=1 13 3 7 -6 -7 -8 9 -10 -11 -12 12 -14 -15
leaf_value=-0.017267642379361819 -0.014363689204023228 -0.0080329347346863207 -0.0064713209197230052 0.024424143541655109 0.0064792256307043637 -0.044889127246858757 0.021346150550953822 -0.010863372204371587 -0.016437342041852123 0.021112601986464131 -0.016798215901237156 0.012187191446701667 -0.011683138420737803 0.0088625502585275347
leaf_weight=59.962057556665968 16.100160707021132 136.53640848596115 28.131547851953655 142.48363663483178 86.650802524585743 7.3352520356420419 16.129907202674076 30.733012535143644 8.1360277365893108 22.1806120761903 108.96744235907681 87.245556795183802 44.937161417736206 59.348940315452637
leaf_count=22519 303 84847 2159 101277 6679 242 472 990 396 3762 42281 12362 10918 37069
internal_value=0.000569211 0.00540985 0.0119021 0.0139943 -0.00459408 -0.00765885 -0.0063075 0.016997 0.0217763 0.00250697 -0.00806701 -0.00280521 0.00380806 -0.00273181
internal_weight=854.879 443.65 247.765 231.665 411.228 324.577 317.242 203.533 150.62 52.9136 301.112 192.145 132.183 195.885
internal_count=326276 230803 108887 108584 95473 88794 88552 106425 101673 4752 88080 45799 23280 121916
is_linear=0
shrinkage=0.025


Tree=322
num_leaves=15
num_cat=0
split_feature=3 241 225 40 0 185 5 225 173 39 239 20 31 33
split_gain=33.5283 29.4135 30.1321 27.8264 29.028 24.0567 34.5324 26.4339 20.2959 23.3537 33.5068 20.0829 19.2321 18.5966
threshold=-4.4999999999999991 1.0000000180025095e-35 6.5000000000000009 1.0000000180025095e-35 1.0000000180025095e-35 1.0000000180025095e-35 1.0000000180025095e-35 1.0000000180025095e-35 1.0000000180025095e-35 161.50000000000003 1.0000000180025095e-35 1.5000000000000002 15.500000000000002 1.0000000180025095e-35
decision_type=2 2 2 2 2 2 2 2 2 2 2 2 2 2
left_child=5 2 8 4 -3 6 7 -1 9 10 -2 -8 -4 -7
right_child=1 3 12 -5 -6 13 11 -9 -10 -11 -12 -13 -14 -15
leaf_value=-0.022068869356097882 -0.0023915494594748546 0.020376401732424929 -0.015335704612301463 -0.0088705549956394816 -0.018512391413244324 0.015798366807355774 -0.021075439028320934 0.0094121579636680646 -0.020088411287175409 -0.02132543990561938 0.01588158150878289 0.017434499715045095 0.039161691532882924 -0.0046964381284391107
leaf_weight=119.59135705648805 232.59395343030337 133.33472172915936 2.6724893089267452 27.881331077544019 10.168866573832927 39.541567394335289 8.0625995553564263 16.381397467281204 29.998680595483165 25.210431497776881 81.895557056297548 30.618783362908289 15.816989673417991 74.115349561499897
leaf_count=63695 124400 21700 220 612 217 4666 278 729 4942 904 87611 364 1394 14544
internal_value=0.000552858 0.00414267 0.000243524 0.0126748 0.0171274 -0.00629957 -0.0120743 -0.017975 -0.00135404 0.000388799 0.00239328 0.00786868 0.02908 0.00244237
internal_weight=847.884 559.573 388.188 171.385 143.504 288.311 174.654 135.973 369.699 339.7 314.49 38.6814 18.4895 113.657
internal_count=326276 242000 219471 22529 21917 84276 65066 64424 217857 212915 212011 642 1614 19210
is_linear=0
shrinkage=0.025


Tree=323
num_leaves=15
num_cat=0
split_feature=3 241 225 12 50 39 38 32 0 0 0 24 0 5
split_gain=32.1492 28.4223 29.0371 24.5963 23.567 23.2357 33.1045 32.124 41.104 31.5826 31.9728 22.9863 26.4678 22.1946
threshold=-4.4999999999999991 1.0000000180025095e-35 6.5000000000000009 4.6520068645477304 0.044716484844684608 161.50000000000003 30.500000000000004 1.0000000180025095e-35 -3.4999999999999996 -20.499999999999996 -19.499999999999996 197.50000000000003 1.0000000180025095e-35 1.0000000180025095e-35
decision_type=2 2 2 2 2 2 2 2 2 2 2 2 2 2
left_child=4 2 3 5 13 6 7 -2 -9 -8 -11 -3 -13 -1
right_child=1 11 -4 -5 -6 -7 9 8 -10 10 -12 12 -14 -15
leaf_value=-0.014617816123327659 -0.012877575022612237 -0.01692195967581429 0.028676826070231198 -0.020262248151807306 0.0029426861275854352 -0.021164382812040181 -0.022832309129797133 0.015660022371649943 -0.023865325322430228 0.063780847100500859 -0.0013747854321214822 0.018089339469701676 -0.018615145138012015 0.012929377739183135
leaf_weight=162.59570577330305 35.404036959924269 12.052696974948047 18.291061427211389 35.555367333232425 105.44941153412219 24.466842656722292 48.746761857240926 173.06381389294984 15.007919642084742 2.3480301704257718 33.184878827887587 146.61166835622862 10.316126110032199 17.256407303735614
leaf_count=69494 19613 202 1614 6258 14689 803 80883 86917 2834 1011 19538 22106 221 93
internal_value=0.000539383 0.00406685 0.000233192 -0.00133458 -0.00620743 0.00077974 0.00279224 0.00787213 0.0120499 -0.0101987 0.00691241 0.0125234 0.0152162 -0.0116692
internal_weight=840.351 555.049 386.069 367.778 285.302 332.222 307.755 223.476 188.072 84.2797 35.5329 168.98 156.928 179.852
internal_count=326276 242000 219471 217857 84276 211599 210796 109364 89751 101432 20549 22529 22327 69587
is_linear=0
shrinkage=0.025


Tree=324
num_leaves=15
num_cat=0
split_feature=225 37 0 12 210 134 10 68 32 35 37 94 52 177
split_gain=25.9781 25.7199 18.4544 18.175 18.0831 31.5061 22.5304 22.7744 21.2266 17.2601 17.2052 15.4154 12.3719 13.717
threshold=13.500000000000002 33.500000000000007 -1.4999999999999998 10.036796092987062 1.0000000180025095e-35 1.0000000180025095e-35 -4.4999999999999991 0.15927980840206149 2.5000000000000004 202.50000000000003 21.500000000000004 -0.038655301555991166 0.11557822301983835 1.0000000180025095e-35
decision_type=2 2 2 2 2 2 2 2 2 2 2 2 2 2
left_child=1 4 3 -3 5 6 -1 8 9 11 -10 -8 13 -13
right_child=-2 2 -4 -5 -6 -7 7 -9 10 -11 -12 12 -14 -15
leaf_value=-0.022811748318858835 0.026353626473167621 0.02198412849808018 -0.020907304276521998 -0.0043551635140245994 -0.027501844567232259 0.027440987632265976 -0.013038344217425144 0.027234032425765931 -0.020692614725910784 -0.016394864404989145 0.0087050199655510415 0.0026196804537273639 -0.0095843094483323774 0.028274923676930821
leaf_weight=28.57997562221135 20.666964439093135 63.50444590015104 6.3788601210690095 18.600986269651912 13.803479267400688 20.195722482167184 42.368018009176012 14.161544463684548 55.657672522647772 35.819040569098433 12.626964202034285 442.32498790614773 46.74688676992082 10.751040722359901
leaf_count=15551 1955 78313 966 1885 375 436 18998 1660 51509 7225 5677 133388 7851 487
internal_value=0.000526691 -0.000194992 0.0122631 0.01578 -0.0017984 -0.00114931 -0.00213875 -0.00110738 -0.00188986 -0.000257014 -0.0147682 0.000847603 0.00214515 0.00346525
internal_weight=832.187 811.52 88.4843 82.1054 723.035 709.232 689.036 660.456 646.295 578.01 68.2846 542.191 499.823 453.076
internal_count=326276 324321 81164 80198 243157 242782 242346 226795 225135 167949 57186 160724 141726 133875
is_linear=0
shrinkage=0.025


Tree=325
num_leaves=15
num_cat=0
split_feature=3 3 0 210 43 35 35 20 36 236 38 24 25 32
split_gain=31.5322 35.7566 21.4389 20.7339 22.8475 21.1247 29.1065 26.6136 20.5896 22.7974 21.3379 22.5822 18.5275 27.4694
threshold=-3.4999999999999996 -1.0000000180025095e-35 -6.4999999999999991 1.0000000180025095e-35 1.5000000000000002 179.50000000000003 164.50000000000003 92.500000000000014 126.50000000000001 1.0000000180025095e-35 42.500000000000007 197.50000000000003 119.50000000000001 1.5000000000000002
decision_type=2 2 2 2 2 2 2 2 2 2 2 2 2 2
left_child=2 8 3 4 5 6 -1 -8 9 -2 11 -11 -3 -14
right_child=1 12 -4 -5 -6 -7 7 -9 -10 10 -12 -13 13 -15
leaf_value=-0.017819982401759093 -0.0059269566140593795 -0.0077851608536314565 0.0063461466408891755 -0.042434384383693839 0.012879533989858844 -0.017871506054467905 -0.01173727129210423 0.011781759886133468 -0.0054685997635881764 -0.011723940209506137 -0.016201828203676289 0.022421242461046997 0.023103713658916433 -0.0095418020625257227
leaf_weight=55.61915160069475 25.709475405572448 134.23113814927638 85.111604567093309 7.6045649596489957 31.5179656870896 96.136003123479895 43.046352178527741 81.654542662290623 33.485431436740328 10.288209211081265 7.8720559086650601 157.42877088813111 32.904909313685494 25.583504631911637
leaf_count=22429 2110 84847 6679 242 1442 41652 12663 10366 2728 198 396 103455 9532 27537
internal_value=0.000515149 0.00524693 -0.00447282 -0.00750146 -0.00615745 -0.00853222 -0.00320571 0.00338229 0.011756 0.0147819 0.0180026 0.020011 -0.00261378 0.00864876
internal_weight=828.194 427.503 400.69 315.579 307.974 276.456 180.32 124.701 234.784 201.299 175.589 167.717 192.72 58.4884
internal_count=326276 230803 95473 88794 88552 87110 45458 23029 108887 106159 104049 103653 121916 37069
is_linear=0
shrinkage=0.025


Tree=326
num_leaves=15
num_cat=0
split_feature=3 0 31 33 3 3 6 70 131 178 39 192 0 3
split_gain=30.3354 28.558 26.6629 22.7817 26.6384 22.3119 25.9612 21.2309 22.4461 20.265 19.9411 19.4134 19.193 28.301
threshold=-5.4999999999999991 -20.499999999999996 17.500000000000004 1.0000000180025095e-35 1.0000000180025095e-35 -24.999999999999996 2.5000000000000004 0.031404385343194015 1.0000000180025095e-35 4.5000000000000009 153.50000000000003 2.5000000000000004 -19.499999999999996 -11.499999999999998
decision_type=2 2 2 2 2 2 2 2 2 2 2 2 2 2
left_child=1 2 -1 9 -5 6 -3 8 -6 10 -2 -4 -7 -14
right_child=3 5 11 4 7 12 -8 -9 -10 -11 -12 -13 13 -15
leaf_value=0.0036154491939405253 -0.0072703018700003025 -0.0091481845210152728 -0.025782649457368176 0.011441795977777197 -0.018569842900456362 0.01681568938753196 0.06340141761673572 0.014089190428127169 0.049419497004706672 0.02244494525312056 0.013956909472373651 0.010798053167331331 -0.025418474312139113 0.0023237124274245297
leaf_weight=31.265925979358144 193.91958664546837 3.2730755625234442 81.353516960982233 266.85749625327298 47.123603843821911 24.421237497124821 4.3613389518577605 19.655758529755985 0.20883363485336204 16.101706185843796 28.701081264938693 7.4872198179364196 30.796212552173529 66.341571461642161
leaf_count=5926 81775 1604 60405 100296 48777 814 287 8589 4 661 2201 71 7108 7758
internal_value=0.000495788 -0.0066992 -0.0153341 0.00369056 0.00789574 0.00130506 0.0361404 -0.00575822 -0.0148455 -0.00211184 -0.00427361 -0.0221755 -0.00149978 -0.00671992
internal_weight=821.868 249.3 120.107 572.568 333.846 129.193 7.63441 66.9882 47.3324 238.722 222.621 88.8407 121.559 97.1378
internal_count=326276 83973 66402 242303 157666 17571 1891 57370 48781 84637 83976 60476 15680 14866
is_linear=0
shrinkage=0.025


Tree=327
num_leaves=15
num_cat=0
split_feature=3 3 10 236 39 38 12 0 210 226 35 35 30 0
split_gain=29.3429 33.4874 20.717 22.7004 20.525 25.8372 21.627 20.3624 19.5433 22.3983 19.9479 28.2355 27.0917 18.5764
threshold=-3.4999999999999996 -1.0000000180025095e-35 -3.4999999999999996 1.0000000180025095e-35 156.50000000000003 42.500000000000007 46.516254425048835 -6.4999999999999991 1.0000000180025095e-35 1.0000000180025095e-35 179.50000000000003 164.50000000000003 4.5000000000000009 -20.499999999999996
decision_type=2 2 2 2 2 2 2 2 2 2 2 2 2 2
left_child=7 2 -2 -4 5 -5 -6 8 9 10 11 -1 -13 -3
right_child=1 13 3 4 6 -7 -8 -9 -10 -11 -12 12 -14 -15
leaf_value=-0.016884052019336758 -0.013892783327408202 -0.0085374496901074841 -0.0064776952336318069 0.024355121682577408 -0.010599169149341309 -0.016169067312323173 0.020798751939826887 0.0062039619941210225 -0.04102733999803123 0.020430649059547733 -0.016407303789785443 0.012048409219249524 -0.011518891965914154 0.0072473130017429183
leaf_weight=56.346103032323299 15.370126924011855 120.039177775383 27.42173152504256 130.05752315447899 29.568075544433668 7.836279595270752 20.376217763056047 84.751889723876957 7.7428197525441638 15.549706371093633 102.9262206122803 84.838826146908104 43.063291504862718 70.879109018918825
leaf_count=22519 303 96563 2159 101277 990 396 3762 6679 242 472 42281 12362 10918 25353
internal_value=0.000499565 0.00509749 0.0114675 0.0135589 0.0166708 0.0215795 0.00219101 -0.00434335 -0.00733415 -0.00599646 -0.00771 -0.00253291 0.00384043 -0.00252692
internal_weight=816.767 421.548 230.63 215.26 187.838 137.894 49.9443 395.219 310.467 302.724 287.174 184.248 127.902 190.918
internal_count=326276 230803 108887 108584 106425 101673 4752 95473 88794 88552 88080 45799 23280 121916
is_linear=0
shrinkage=0.025


Tree=328
num_leaves=15
num_cat=0
split_feature=225 40 37 0 32 0 12 210 32 0 30 0 0 41
split_gain=24.5055 24.5011 25.8469 25.6047 21.8385 31.273 21.559 13.3938 12.7778 26.433 11.8647 16.1009 15.3995 13.9412
threshold=13.500000000000002 20.000000000000004 27.500000000000004 -1.4999999999999998 2.5000000000000004 1.0000000180025095e-35 51.352048873901374 1.0000000180025095e-35 1.0000000180025095e-35 1.0000000180025095e-35 7.5000000000000009 -5.4999999999999991 -20.499999999999996 1.5000000000000002
decision_type=2 2 2 2 2 2 2 2 2 2 2 2 2 2
left_child=1 2 4 6 7 -6 -4 8 9 -1 11 13 -12 -10
right_child=-2 -3 3 -5 5 -7 -8 -9 10 -11 12 -13 -14 -15
leaf_value=-0.019313110849885434 0.025874436042857232 -0.019021434653584288 0.02121834343444276 -0.024135278291434869 -0.020482518639353579 0.03679585993065293 -0.0032613686775076339 -0.022764694522826163 0.0050406478305845947 0.033556770718430336 -0.009927706934901229 -0.0076563684455231889 0.0053507000828173275 0.024317626061346184
leaf_weight=37.362579310196452 20.101372208213434 38.204695935710333 81.787152516655624 8.4191228112322261 56.969570544111775 3.5859984203707418 27.350719815469347 12.254642618354408 283.0639924883144 3.8393999014515421 93.907578950456809 52.405411162355449 66.999720255844295 24.071475180622656
leaf_count=23180 1955 16621 86635 1093 52703 115 2570 292 83861 150 40557 5091 10313 1140
internal_value=0.000484033 -0.000225737 0.000767814 0.0114009 -0.00120751 -0.0151205 0.0149375 0.000288174 0.000953717 -0.0118777 0.00207955 0.00462309 -0.00343196 0.00685269
internal_weight=810.323 790.222 752.017 117.557 634.46 60.5556 109.138 573.905 561.65 41.202 520.448 359.541 160.907 307.135
internal_count=326276 324321 307700 90298 217402 52818 89205 164584 164292 23330 140962 90092 50870 85001
is_linear=0
shrinkage=0.025


Tree=329
num_leaves=15
num_cat=0
split_feature=3 0 30 0 0 0 33 3 0 226 70 131 24 39
split_gain=28.7633 27.5036 30.0389 21.4626 27.8656 23.005 21.3509 24.6911 21.2306 20.5707 20.116 22.1685 19.1105 18.6969
threshold=-5.4999999999999991 -20.499999999999996 1.5000000000000002 -19.499999999999996 -6.4999999999999991 -5.4999999999999991 1.0000000180025095e-35 1.0000000180025095e-35 1.0000000180025095e-35 8.5000000000000018 0.031404385343194015 1.0000000180025095e-35 232.50000000000003 153.50000000000003
decision_type=2 2 2 2 2 2 2 2 2 2 2 2 2 2
left_child=1 2 12 -3 -5 -6 9 -8 -7 13 11 -9 -1 -2
right_child=6 3 -4 4 5 8 7 10 -10 -11 -12 -13 -14 -15
leaf_value=0.016132708092339309 -0.0067882628890789058 0.020292915170540767 -0.025363372094316786 -0.018919322479515291 0.022377645866398389 -0.017985912615176326 0.011192803688853602 -0.018396655560031314 0.024407084523338417 0.027711975318015909 0.013846652317344901 0.049045565375454098 -0.013848278780775837 0.013708528825467451
leaf_weight=22.040632982068928 195.21844092026004 26.268499113153666 69.314234213525197 42.104262571985601 27.958310443093069 25.289382781484164 261.09247589099687 45.751205160486279 6.7848936560330904 10.544260044058317 19.32783773940173 0.22461075149476428 25.298300700829714 28.873343988263514
leaf_count=4417 82038 904 45925 10862 831 4145 100296 48777 829 381 8589 4 16060 2218
internal_value=0.000475168 -0.00658577 -0.0152277 0.00124337 -0.00385743 0.0067074 0.00362233 0.00774567 -0.00698488 -0.00203372 -0.00555666 -0.0145726 0 -0.00389104
internal_weight=806.091 245.059 116.653 128.405 102.137 60.0326 561.032 326.396 32.0743 234.636 65.3037 45.9758 47.3389 224.092
internal_count=326276 83973 66402 17571 16667 5805 242303 157666 4974 84637 57370 48781 20477 84256
is_linear=0
shrinkage=0.025


Tree=330
num_leaves=15
num_cat=0
split_feature=3 241 37 126 185 12 51 234 24 38 33 20 12 179
split_gain=27.8424 26.4446 32.4422 26.629 22.889 24.6979 22.0705 21.9069 25.6848 21.1828 24.1069 17.6383 16.9295 16.9141
threshold=-4.4999999999999991 1.0000000180025095e-35 30.500000000000004 0.35124972462654119 1.0000000180025095e-35 52.942462921142585 0.081316079944372191 1.0000000180025095e-35 197.50000000000003 20.500000000000004 1.0000000180025095e-35 15.500000000000002 80.070320129394545 1.0000000180025095e-35
decision_type=2 2 2 2 2 2 2 2 2 2 2 2 2 2
left_child=4 2 3 13 6 -6 -1 8 -3 -10 -11 -4 -7 -2
right_child=1 7 11 -5 5 12 -8 -9 9 10 -12 -13 -14 -15
leaf_value=-0.01747926391932391 -0.0082277917141206219 -0.016681731804579002 0.019386782876292762 0.024534930632282525 -0.012302149252011056 0.018790129697298024 0.0022257826046815257 -0.018542896040873291 0.023452587838741146 -0.017667401528905752 0.020638347523960869 -0.0069549020027613664 -0.0071775600678661141 0.01102417346494192
leaf_weight=117.22709142824169 238.72507653542561 11.727636959403752 65.918969849182758 15.96448836562922 39.302942954353057 51.749241872603307 46.53150477539748 10.23104873485863 103.80190881394083 18.174611584516242 16.863106940872967 17.333648869767785 18.481200483394787 28.673989005677868
leaf_count=60937 130034 200 84844 1138 9104 4445 4129 223 19504 302 2300 1221 5661 2234
internal_value=0.000476313 0.0038553 5.49406e-05 -0.00392645 -0.00592521 0.00270271 -0.0117909 0.0122077 0.0147814 0.0179119 0.000285015 0.0135613 0.0116012 -0.00597149
internal_weight=800.706 527.414 366.616 283.364 273.292 109.533 163.759 160.798 150.567 138.84 35.0377 83.2526 70.2304 267.399
internal_count=326276 242000 219471 133406 84276 19210 65066 22529 22306 22106 2602 86065 10106 132268
is_linear=0
shrinkage=0.025


Tree=331
num_leaves=15
num_cat=0
split_feature=3 3 37 222 236 0 25 40 0 210 226 35 35 24
split_gain=26.7782 30.9508 34.6587 39.2641 30.7585 25.0946 20.2775 19.3344 19.2491 18.0876 21.2248 18.6538 26.5172 25.0605
threshold=-3.4999999999999996 -1.4999999999999998 25.500000000000004 1.0000000180025095e-35 1.0000000180025095e-35 1.0000000180025095e-35 134.50000000000003 8.5000000000000018 -6.4999999999999991 1.0000000180025095e-35 1.0000000180025095e-35 179.50000000000003 164.50000000000003 231.50000000000003
decision_type=2 2 2 2 2 2 2 2 2 2 2 2 2 2
left_child=8 5 3 7 -4 -2 -5 -3 9 10 11 12 -1 -14
right_child=1 2 4 6 -6 -7 -8 -9 -10 -11 -12 -13 13 -15
leaf_value=-0.016662375994872237 0.020145142731723922 -0.010275748330082317 -0.026042782853689689 -0.0046771922235480604 0.018980544779888604 -0.018800309791350143 0.046478554166472036 0.015467981573291779 0.0060934418753541483 -0.039369913271684639 0.020016819845559294 -0.016112619403549047 -0.014750219631932935 0.010264107541783168
leaf_weight=54.146937408979284 97.620634171704296 183.39220353841665 7.6615551365539423 5.4863412642153007 78.325644462398486 8.5085980258882028 10.518357730412388 16.826519967988133 83.508534296415746 7.8944741003215304 15.320658513548549 99.446470022943686 30.304820042452775 94.062849666777765
leaf_count=22519 18904 121617 1759 554 86922 189 556 302 6679 242 472 42281 8119 15161
internal_value=0.000469389 0.00493893 0.00072385 -0.00453885 0.0139452 0.0163627 0.029657 -0.0077928 -0.00421201 -0.00718356 -0.00584293 -0.00755576 -0.00246368 0.0037687
internal_weight=793.025 408.34 302.211 216.223 85.9872 106.129 16.0047 200.219 384.685 301.176 293.282 277.961 178.515 124.368
internal_count=326276 230803 211710 123029 88681 19093 1110 121919 95473 88794 88552 88080 45799 23280
is_linear=0
shrinkage=0.025


Tree=332
num_leaves=15
num_cat=0
split_feature=225 40 210 165 10 238 39 40 252 0 0 30 191 68
split_gain=22.6666 23.2926 17.532 19.2084 25.3705 15.3671 24.6634 22.8862 17.1167 29.3211 24.1038 15.7201 15.1417 14.7927
threshold=13.500000000000002 21.500000000000004 1.0000000180025095e-35 1.0000000180025095e-35 -4.4999999999999991 1.0000000180025095e-35 139.50000000000003 5.5000000000000009 1.0000000180025095e-35 1.0000000180025095e-35 1.0000000180025095e-35 11.500000000000002 1.0000000180025095e-35 0.027642216533422474
decision_type=2 2 2 2 2 2 2 2 2 2 2 2 2 2
left_child=1 2 3 4 -1 6 8 13 9 -6 12 -8 -10 -7
right_child=-2 -3 -4 -5 5 7 11 -9 10 -11 -12 -13 -14 -15
leaf_value=-0.02242749593392096 0.025238418931527801 -0.019209658898376364 -0.023896458656876726 0.017936901781461595 -0.019968157367006557 -0.016314905266437169 -0.0050947578290928492 0.019618135490856729 0.014891467055131636 0.035932393182239217 -0.019127451483825986 0.0093084325986591641 -0.0094927771965242196 0.0036771831257179882
leaf_weight=26.227936261915602 19.436569977959152 35.50423006224446 14.538415263814384 38.246965048863785 24.680559234926481 77.944909589219606 216.01017152174609 14.733185319520997 203.86748790979618 4.333908245433121 12.311684609390793 56.747466456901748 13.964972512098027 28.459199821896618
leaf_count=12125 1955 16316 440 1561 11993 88544 47400 202 103438 118 1046 20165 1574 19399
internal_value=0.000458972 -0.00023187 0.000729159 0.00136023 0.000315477 0.00136537 0.00323002 -0.00650115 0.00872539 -0.00825267 0.0110517 -0.00193883 0.0131073 -0.010785
internal_weight=787.008 767.571 732.067 717.528 679.281 653.054 531.916 121.137 259.159 29.0145 230.144 272.758 217.832 106.404
internal_count=326276 324321 308005 307565 306004 293879 185734 108145 118169 12111 106058 67565 105012 107943
is_linear=0
shrinkage=0.025


Tree=333
num_leaves=15
num_cat=0
split_feature=3 241 40 24 0 225 0 30 3 6 0 3 31 24
split_gain=26.5214 24.8852 25.1655 28.55 31.9421 24.1729 21.7071 22.0377 21.8878 23.883 18.7472 26.2959 18.658 17.4997
threshold=-4.4999999999999991 1.0000000180025095e-35 1.0000000180025095e-35 198.50000000000003 1.0000000180025095e-35 6.5000000000000009 -20.499999999999996 3.5000000000000004 -24.999999999999996 2.5000000000000004 -19.499999999999996 -11.499999999999998 15.500000000000002 288.50000000000006
decision_type=2 2 2 2 2 2 2 2 2 2 2 2 2 2
left_child=6 5 3 -3 -5 -2 7 13 9 -8 -10 -12 -7 -1
right_child=1 2 -4 4 -6 12 8 -9 10 -11 11 -13 -14 -15
leaf_value=0.0039690520606382061 -0.0014128447712757734 -0.016589694830172586 -0.0090781453197922198 0.024386066416120056 -0.018006510027344654 -0.017040300911134773 -0.0087311865482946529 -0.025068820974438508 0.01641639342515713 0.061342476030402993 -0.02517816486445908 0.0015529598343805707 0.037059138125350104 -0.019078263636002662
leaf_weight=54.149707011252758 340.60311151258065 11.616403933614491 25.76846200088039 108.18208109668922 9.4915129914879781 2.5152654370758709 3.1133992621907955 52.689810039941221 25.048854221357033 4.4473762644920498 29.669529725186294 71.622776078642346 14.828042995039139 28.476925459108315
leaf_count=17321 217857 202 612 21500 215 220 1604 34723 817 287 7108 7818 1394 14598
internal_value=0.00044758 0.00380611 0.0120697 0.0165839 0.0203969 8.65842e-05 -0.00583179 -0.0127951 0.00114864 0.0358367 -0.00151701 -0.00653617 0.0266284 -0.00407227
internal_weight=782.223 513.005 155.058 129.29 117.674 357.946 269.218 135.316 133.902 7.56078 126.341 101.292 17.3433 82.6266
internal_count=326276 242000 22529 21917 21715 219471 84276 66642 17634 1891 15743 14926 1614 31919
is_linear=0
shrinkage=0.025


Tree=334
num_leaves=15
num_cat=0
split_feature=3 1 30 3 6 33 3 70 131 24 1 3 39 225
split_gain=25.4138 26.3403 28.545 20.7942 22.6753 19.4676 22.0822 18.2535 21.7743 17.3472 17.2158 26.2163 16.4767 16.1961
threshold=-5.4999999999999991 20.500000000000004 1.5000000000000002 -24.999999999999996 2.5000000000000004 1.0000000180025095e-35 1.0000000180025095e-35 0.031404385343194015 1.0000000180025095e-35 232.50000000000003 19.500000000000004 -11.499999999999998 170.50000000000003 11.500000000000002
decision_type=2 2 2 2 2 2 2 2 2 2 2 2 2 2
left_child=1 3 9 4 -1 13 12 8 -8 -3 11 -5 -7 -2
right_child=5 2 -4 10 -6 6 7 -9 -10 -11 -12 -13 -14 -15
leaf_value=-0.0086583210145927802 -0.0036136515524780033 0.015699103999424729 -0.02525219583861938 -0.025087224792870656 0.059352882499968167 0.013333098731212576 -0.018026543032151641 0.013355375240457724 0.048701013459182069 -0.013389083535919381 0.015892473480809653 0.0021707239421531509 -0.0048094425466764651 0.026297903557050924
leaf_weight=3.0866946377500417 218.24992305226624 21.165893420926295 65.381078505743062 29.051315157674253 4.5804075200576335 217.28951150900684 44.02655049279565 18.81874680618057 0.23922258801758189 24.255525268352358 24.308821857906878 65.018397729611024 32.684250665013678 8.8117430834099633
leaf_count=1604 84216 4417 45925 7108 287 98680 48777 8589 4 16060 814 7758 1616 421
internal_value=0.000436591 -0.00630617 -0.0150464 0.00135451 0.0348941 0.00345789 0.00748895 -0.00527469 -0.0140688 0 -0.00142055 -0.00650491 0.0108332 -0.0020164
internal_weight=776.968 236.848 110.802 126.046 7.6671 540.12 313.058 63.0845 44.2658 45.4214 118.379 94.0697 249.974 227.062
internal_count=326276 83973 66402 17571 1891 242303 157666 57370 48781 20477 15680 14866 100296 84637
is_linear=0
shrinkage=0.025


Tree=335
num_leaves=15
num_cat=0
split_feature=3 3 126 234 1 38 252 1 24 1 162 3 131 29
split_gain=24.5894 28.6391 25.2466 23.8502 18.2615 17.9909 18.7964 18.7747 17.5398 17.3363 16.942 18.6249 15.3968 15.3038
threshold=-3.4999999999999996 -1.4999999999999998 0.35124972462654119 1.0000000180025095e-35 6.5000000000000009 5.5000000000000009 1.0000000180025095e-35 1.5000000000000002 197.50000000000003 5.5000000000000009 1.5000000000000002 -60.499999999999993 1.0000000180025095e-35 30.500000000000004
decision_type=2 2 2 2 2 2 2 2 2 2 2 2 2 2
left_child=4 3 5 8 9 6 -3 -8 -2 10 11 -1 -7 -6
right_child=1 2 -4 -5 13 12 7 -9 -10 -11 -12 -13 -14 -15
leaf_value=0.044751958614038745 -0.012088266409797904 -0.012821823292117894 0.03169402670130067 -0.018566319850840878 -0.014431444819807709 -0.0058954231320060523 -0.022779551489961566 0.018855307879246001 0.023064947274163861 0.020617788065016435 0.025111912977033836 -0.013035190806050995 0.048432432706724669 -0.0024292319369946173
leaf_weight=0.68940135487355192 7.029354825615882 16.482492073264439 12.629258013388606 8.2503994135186058 108.28648761606019 200.83308336159098 4.5045670240069731 61.048982127540512 86.155680066265631 29.024694388150238 8.1570562204578874 44.551715986861382 0.25201523851137508 184.47975448281795
leaf_count=30 100 9595 1777 189 39202 144703 662 54968 18804 944 181 5524 5 49592
internal_value=0.000436693 0.00478363 0.000713259 0.0160506 -0.00410044 -0.000899157 0.00866587 0.014758 0.0198589 0.00597868 -0.00220863 -0.00890812 -0.00499389 -0.00705441
internal_weight=772.375 397.186 295.75 101.435 375.189 283.121 82.036 65.5535 93.185 82.4229 53.3982 45.2411 201.085 292.766
internal_count=326276 230803 211710 19093 95473 209933 65225 55630 18904 6679 5735 5554 144708 88794
is_linear=0
shrinkage=0.025


Tree=336
num_leaves=15
num_cat=0
split_feature=225 210 135 10 68 38 234 24 32 0 39 167 191 35
split_gain=20.6787 16.6426 22.6387 31.1333 18.5359 19.4902 22.7122 13.2546 14.143 16.4648 18.4462 17.9326 15.5097 15.9288
threshold=13.500000000000002 1.0000000180025095e-35 1.0000000180025095e-35 -4.4999999999999991 0.15927980840206149 31.500000000000004 1.0000000180025095e-35 188.50000000000003 1.0000000180025095e-35 -5.4999999999999991 139.50000000000003 1.0000000180025095e-35 1.0000000180025095e-35 136.50000000000003
decision_type=2 2 2 2 2 2 2 2 2 2 2 2 2 2
left_child=1 2 3 -1 5 7 -7 -5 -9 10 11 12 13 -10
right_child=-2 -3 -4 4 -6 6 -8 8 9 -11 -12 -13 -14 -15
leaf_value=-0.02334079683741646 0.024580394483511438 -0.024157761453249885 0.023757079472602055 -0.016516970670851693 0.025755159631783122 -0.016417938427633297 0.016167611453560816 -0.011536373662824593 -0.0092476000697904372 -0.007234853017683395 0.00039870972388956604 -0.0053512417962838814 -0.015223129762842758 0.017481762461652044
leaf_weight=32.40309323729889 18.573976276849862 14.757367716345469 21.93241057934938 20.689494015998207 14.953564907220423 73.290368027839577 12.947197092464192 38.001934778003488 12.105992729455464 70.697740618808893 232.65128629407263 33.254665575164836 7.8468109578825525 163.17641970911063
leaf_count=15651 1955 441 477 3965 2319 103569 274 21931 2655 9251 61613 12739 285 89151
internal_value=0.000438414 -0.000222952 0.000320759 -0.000462838 0.000689113 0 -0.0108665 0.00168157 0.00248599 0.00361943 0.00542035 0.0106263 0.0137014 0.0153709
internal_weight=767.282 748.708 733.951 712.019 679.615 664.662 86.2376 578.424 557.735 519.733 449.035 216.384 183.129 175.282
internal_count=326276 324321 323880 323403 307752 305433 103843 201590 197625 175694 166443 104830 92091 91806
is_linear=0
shrinkage=0.025


Tree=337
num_leaves=15
num_cat=0
split_feature=3 241 225 185 5 12 225 12 39 38 32 236 234 191
split_gain=24.1888 23.6021 21.9274 21.1326 29.1603 22.8602 22.7035 21.0374 21.3314 24.0798 26.06 43.0172 19.8484 18.355
threshold=-4.4999999999999991 1.0000000180025095e-35 6.5000000000000009 1.0000000180025095e-35 1.0000000180025095e-35 52.942462921142585 1.0000000180025095e-35 4.6520068645477304 161.50000000000003 30.500000000000004 1.0000000180025095e-35 1.0000000180025095e-35 1.0000000180025095e-35 1.0000000180025095e-35
decision_type=2 2 2 2 2 2 2 2 2 2 2 2 2 2
left_child=3 2 7 4 6 -5 -1 8 9 10 -2 -12 -3 -13
right_child=1 12 -4 5 -6 -7 -8 -9 -10 -11 11 13 -14 -15
leaf_value=-0.021608094053732079 -0.012110824545592098 0.014476212509427589 0.025710019390341645 -0.011878676987653707 0.0071997264536278168 0.011469387539757214 0.0079962153184670575 -0.019762889657248608 -0.020816318777469561 -0.0087439263431168153 -0.027892884442991251 0.017283314257565022 -0.018057808526410504 -0.0164889113698963
leaf_weight=104.02769875871309 32.242587627959438 139.46383663569577 16.747529762214981 38.042148075590376 36.623607485089451 67.893530127825215 16.12222403998021 32.004327587026637 23.222225158475339 77.544234343949938 12.82370527210878 148.46635363591486 9.5793322855606657 7.7028362005949012
leaf_count=63695 19613 22306 1614 9104 642 10106 729 6258 803 101432 1070 88485 223 196
internal_value=0.000424892 0.00367774 3.95093e-05 -0.00564113 -0.0114192 0.00275923 -0.0173346 -0.00139087 0.000649353 0.00272874 0.00733554 0.0113376 0.0119057 0.0151811
internal_weight=762.506 499.797 350.754 262.709 156.774 105.936 120.15 334.006 302.002 278.78 201.235 168.993 149.043 156.169
internal_count=326276 242000 219471 84276 65066 19210 64424 217857 211599 210796 109364 89751 22529 88681
is_linear=0
shrinkage=0.025


Tree=338
num_leaves=15
num_cat=0
split_feature=3 3 37 222 236 0 25 0 40 0 0 0 162 3
split_gain=23.2494 27.2074 31.0889 34.4467 29.1361 22.6424 18.5826 18.0449 17.6935 17.4358 19.5443 16.2761 15.6584 18.2351
threshold=-3.4999999999999996 -1.4999999999999998 25.500000000000004 1.0000000180025095e-35 1.0000000180025095e-35 1.0000000180025095e-35 134.50000000000003 -6.4999999999999991 8.5000000000000018 -20.499999999999996 -19.499999999999996 -5.4999999999999991 1.5000000000000002 -60.499999999999993
decision_type=2 2 2 2 2 2 2 2 2 2 2 2 2 2
left_child=7 5 3 8 -4 -2 -5 -1 9 -3 -11 -9 13 -13
right_child=1 2 4 6 -6 -7 -8 11 -10 10 -12 12 -14 -15
leaf_value=-0.0069884106900227894 0.019691902464849202 -0.015343722600656818 -0.025931237502390344 -0.0053753055481478053 0.018784028286324285 -0.018276606052586207 0.043764349044934404 0.020330197829294225 0.015041389456996465 0.04232932245940433 -0.0033797983988977038 0.044567087642833098 0.024557498534924688 -0.012672307768986946
leaf_weight=287.95186524295423 89.778764646383934 117.96390081619029 7.2602936827461226 5.262334798811934 73.334369936113944 7.9421564880758515 10.533428654598536 28.617883922008332 16.282822346314788 3.4790074674529015 54.440935994265601 0.68513532285578449 7.9323955943109459 43.583396412839647
leaf_count=88794 18904 97059 1759 554 86922 189 556 944 302 1208 23350 30 181 5524
internal_value=0.000407219 0.00470562 0.000702405 -0.00432785 0.0136708 0.0159054 0.0278185 -0.00402965 -0.00748531 -0.0099278 0.000904683 0.00608678 -0.00194944 -0.00848521
internal_weight=755.049 386.278 288.557 207.962 80.5947 97.7209 15.7958 368.771 192.167 175.884 57.9199 80.8188 52.2009 44.2685
internal_count=326276 230803 211710 123029 88681 19093 1110 95473 121919 121617 24558 6679 5735 5554
is_linear=0
shrinkage=0.025


Tree=339
num_leaves=15
num_cat=0
split_feature=3 33 12 38 226 39 33 49 5 6 7 3 234 35
split_gain=22.4941 17.7598 21.3448 24.7683 16.4074 16.5459 16.3961 20.6766 29.0858 20.596 20.9713 19.6152 15.708 17.8058
threshold=-5.4999999999999991 1.0000000180025095e-35 45.883516311645515 4.5000000000000009 8.5000000000000018 153.50000000000003 1.0000000180025095e-35 1.0000000180025095e-35 1.0000000180025095e-35 4.5000000000000009 194.50000000000003 -6.4999999999999991 1.0000000180025095e-35 209.50000000000003
decision_type=2 2 2 2 2 2 2 2 2 2 2 2 2 2
left_child=6 4 3 -3 5 -2 9 8 -8 10 -1 -11 13 -4
right_child=1 2 12 -5 -6 -7 7 -9 -10 11 -12 -13 -14 -15
leaf_value=-0.023156556580791049 -0.0065141313874984468 0.016219015183234795 0.024247153990747682 -0.0023303923614475504 0.025513272566396669 0.013355354745232495 -0.022006643647255037 0.0044262050107534172 0.015035101852735723 0.022145388745070618 0.0124821860464603 -0.0082195122707529444 -0.014475692250948385 -0.01282727483503688
leaf_weight=26.505032597808167 183.45888200038462 59.09614574094303 73.832824640907347 155.88740672270069 9.617936591326723 26.979730763065163 90.348315146082314 34.70028054586146 12.450176224112509 35.754186364560155 12.523507587669881 16.819493485993007 5.8195283450186244 6.2630449980497351
leaf_count=22490 82038 48379 14300 94743 381 2218 48366 1773 59 5159 230 5896 144 100
internal_value=0.00041403 0.00331336 0.0072503 0.00280695 -0.00198292 -0.00369768 -0.0060287 -0.0114244 -0.016985 0.00191171 -0.0110512 0.0120618 0.0176177 0.0206888
internal_weight=750.056 520.955 300.899 214.984 220.057 210.439 229.101 137.499 102.798 91.6022 39.0285 52.5737 85.9154 80.0959
internal_count=326276 242303 157666 143122 84637 84256 83973 50198 48425 33775 22720 11055 14544 14400
is_linear=0
shrinkage=0.025


Tree=340
num_leaves=15
num_cat=0
split_feature=3 241 40 24 0 0 30 3 225 12 39 38 0 0
split_gain=21.7573 21.7448 23.7225 27.5792 29.3403 20.4313 21.0805 20.6877 19.9762 20.1631 20.4917 22.2349 32.0626 29.1195
threshold=-4.4999999999999991 1.0000000180025095e-35 1.0000000180025095e-35 198.50000000000003 1.0000000180025095e-35 -20.499999999999996 3.5000000000000004 -24.999999999999996 6.5000000000000009 4.6520068645477304 161.50000000000003 30.500000000000004 -20.499999999999996 -19.499999999999996
decision_type=2 2 2 2 2 2 2 2 2 2 2 2 2 2
left_child=5 8 3 -3 -5 6 -1 -7 9 10 11 -2 -13 -14
right_child=1 2 -4 4 -6 7 -8 -9 -10 -11 -12 12 13 -15
leaf_value=-0.0037243416352919557 0.007190287647235576 -0.016449633192077866 -0.0090298298946158654 0.024300089593496527 -0.017486342464326701 0.035191567706314382 -0.02495993844492686 -0.0012554364423003172 0.024688215293893697 -0.019552849921223404 -0.020642206141863521 -0.022532188855017871 0.062024437213214503 0
leaf_weight=78.258967088695499 196.90418078398216 11.427209097892044 25.258323296671733 99.089095692383125 8.8542500389739853 7.499342414259444 48.604324093656032 121.35965124957147 16.468970248708501 31.255278286989778 22.616035910090432 41.983876388054341 2.4532511493889606 32.032879424863495
leaf_count=31919 109364 202 612 21500 215 1891 34723 15743 1614 6258 803 80883 1011 19538
internal_value=0.000411382 0.00353041 0.011556 0.0162307 0.020267 -0.00542015 -0.0124414 0.00142852 1.05195e-05 -0.0013687 0.000644775 0.00270124 -0.0083782 0.00861037
internal_weight=744.066 488.343 144.629 119.371 107.943 255.722 126.863 128.859 343.714 327.246 295.99 273.374 76.47 34.4861
internal_count=326276 242000 22529 21917 21715 84276 66642 17634 219471 217857 211599 210796 101432 20549
is_linear=0
shrinkage=0.025


Tree=341
num_leaves=15
num_cat=0
split_feature=3 3 0 127 0 24 210 51 30 38 35 236 0 0
split_gain=21.0351 25.2634 21.3765 19.3545 17.0859 16.9868 16.0249 19.4031 15.9069 20.9813 32.9108 20.4071 19.4987 30.7806
threshold=-3.4999999999999996 -1.4999999999999998 1.0000000180025095e-35 0.35120193660259252 -6.4999999999999991 197.50000000000003 1.0000000180025095e-35 0.037798795849084861 9.5000000000000018 21.500000000000004 134.50000000000003 1.0000000180025095e-35 -20.499999999999996 -19.499999999999996
decision_type=2 2 2 2 2 2 2 2 2 2 2 2 2 2
left_child=4 2 5 8 6 -2 7 -1 9 10 -3 -12 -11 -14
right_child=1 3 -4 -5 -6 -7 -8 -9 -10 12 11 -13 13 -15
leaf_value=-0.0097717769386535761 -0.011975746346955212 -0.016539826483046523 -0.018003908294775953 0.029147754166929881 0.0060613039072279157 0.022843577099808388 -0.036752262657035538 0.0044110845639970279 -0.011094247760695793 -0.015272385846728898 -0.016542073871201476 0.020042124908476084 0.062276524048121021 -0.00065396186218230168
leaf_weight=191.30765070482448 6.9628098234534255 20.504725260427222 7.6425341754220417 11.241138678480636 79.43583642289741 78.638599871715996 8.0984259205870313 82.507837414683308 66.781750498630572 54.557694737304701 7.6684734937152816 84.799569102469832 2.489315324521157 35.623485865275143
leaf_count=69771 100 10180 189 1493 6679 18804 242 18781 45102 68307 1009 68185 852 16582
internal_value=0.000400869 0.0045456 0.0156269 0.000690428 -0.00385556 0.0194196 -0.00677201 -0.0054063 -0.00069774 0.00266963 0.00986824 0.0163218 -0.00587899 0.00709261
internal_weight=738.26 376.91 93.2439 283.666 361.35 85.6014 281.914 273.815 272.425 205.643 112.973 92.468 92.6705 38.1128
internal_count=326276 230803 19093 211710 95473 18904 88794 88552 210217 165115 79374 69194 85741 17434
is_linear=0
shrinkage=0.025


Tree=342
num_leaves=15
num_cat=0
split_feature=3 32 5 3 31 30 33 12 37 236 126 32 39 165
split_gain=20.3431 17.2241 30.4508 25.4412 19.7175 17.728 16.7864 20.1334 32.2246 21.9832 21.8276 20.6786 22.172 15.4347
threshold=-5.4999999999999991 1.5000000000000002 1.0000000180025095e-35 -20.499999999999996 17.500000000000004 2.5000000000000004 1.0000000180025095e-35 45.883516311645515 27.500000000000004 1.0000000180025095e-35 0.38786973059177404 3.5000000000000004 147.50000000000003 2.5000000000000004
decision_type=2 2 2 2 2 2 2 2 2 2 2 2 2 2
left_child=1 2 3 5 -3 -1 -2 8 10 -10 11 12 13 -8
right_child=6 4 -4 -5 -6 -7 7 -9 9 -11 -12 -13 -14 -15
leaf_value=-0.007364430722680948 -0.0019900087194533625 0.020254722932431756 0.0079544627693410429 -0.019414089910123791 -0.0076514062943016858 0.044323788922826644 0.012432376402390637 0.017439546471251715 -0.020088309690276196 0.022912176850391541 0.033825361795351033 -0.019280390353952362 -0.013967894033870746 -0.039389094007168834
leaf_weight=6.572986090774064 216.13786836358486 27.103811696171761 41.596681737573817 116.073896666785 29.305403386431863 4.2596232257201336 61.592118744185427 81.787275102862623 5.5613984112278549 54.776363901037257 6.1537181583407792 44.848348040075507 36.850555148324929 0.71897206356516008
leaf_count=6663 84637 912 697 61823 12476 1402 13393 14544 1555 76923 480 48575 2107 89
internal_value=0.000391454 -0.0057835 -0.00979978 -0.0158609 0.00568199 0.016358 0.00318985 0.00708615 0.00275787 0.0177903 -0.00334928 -0.00576571 0.00048862 0.00966982
internal_weight=733.339 224.912 168.503 126.907 56.4092 10.8326 508.427 292.289 210.501 60.3378 150.164 144.01 99.1616 62.3111
internal_count=326276 83973 70585 69888 13388 8065 242303 157666 143122 78478 64644 64164 15589 13482
is_linear=0
shrinkage=0.025


Tree=343
num_leaves=15
num_cat=0
split_feature=3 3 37 1 1 38 6 234 30 35 70 236 1 24
split_gain=19.6363 24.3311 28.3573 28.5255 31.2887 24.0176 21.9663 21.0943 19.8198 27.1185 19.7639 19.2386 16.4958 16.3718
threshold=-3.4999999999999996 -1.4999999999999998 30.500000000000004 20.500000000000004 19.500000000000004 21.500000000000004 51.500000000000007 1.0000000180025095e-35 7.5000000000000009 142.50000000000003 0.068608995527029051 1.0000000180025095e-35 6.5000000000000009 197.50000000000003
decision_type=2 2 2 2 2 2 2 2 2 2 2 2 2 2
left_child=12 7 3 4 10 8 -6 13 9 -5 -3 -4 -1 -2
right_child=1 2 11 5 6 -7 -8 -9 -10 -11 -12 -13 -14 -15
leaf_value=0.0060253405123702197 -0.011701306503984592 -0.001874561286363806 -0.020238287854424223 -0.017796160002535748 0.07603103995932807 -0.022927485552088747 -0.0036784325488887098 -0.017951696157598555 -0.017757437107997393 0.019197832262676264 0.039011257402635169 0.019096803018531519 -0.0066303365866398241 0.022765681414870877
leaf_weight=78.931978836480994 6.8146521076560012 68.630083480791654 5.7709332849481134 14.848883437865878 3.5461008452111846 55.559659601538442 1.9912394414423031 7.5990068423561743 27.091624520369805 35.888150468177628 5.1685688378056502 60.707246693520574 278.4955420945189 76.284035273652989
leaf_count=6679 100 24122 1693 7440 740 85203 511 189 4720 2720 906 83655 88794 18804
internal_value=0.000385968 0.00443718 0.000637078 -0.0037516 0.0077577 -0.0108004 0.0532188 0.0154736 -0.00130428 0.00751673 0.00207544 0.0145959 -0.00373929 0.0193396
internal_weight=727.328 369.9 279.202 212.724 79.336 133.388 5.53734 90.6977 77.8287 50.737 73.7987 66.4782 357.428 83.0987
internal_count=326276 230803 211710 126362 26279 100083 1251 19093 14880 10160 25028 85348 95473 18904
is_linear=0
shrinkage=0.025


Tree=344
num_leaves=15
num_cat=0
split_feature=3 1 30 1 1 1 234 35 67 3 27 35 33 38
split_gain=18.9775 24.3239 27.2472 19.9861 25.4776 19.1818 20.6213 24.3007 17.3438 16.4011 18.4504 16.0894 18.1109 23.0747
threshold=-5.4999999999999991 20.500000000000004 1.5000000000000002 19.500000000000004 6.5000000000000009 5.5000000000000009 1.0000000180025095e-35 186.50000000000003 0.0026081418618559842 -12.499999999999998 0.6984429955482484 200.50000000000003 1.0000000180025095e-35 16.500000000000004
decision_type=2 2 2 2 2 2 2 2 2 2 2 2 2 2
left_child=1 3 -3 4 5 6 -1 -8 -9 10 -5 12 -2 -14
right_child=11 2 -4 9 -6 -7 7 8 -10 -11 -12 -13 13 -15
leaf_value=-0.017561486104354169 -0.00079222644221229981 0.00027886474177686392 -0.025135303401835299 0.040219312645896815 -0.018456710830546019 0.021526062259408858 -0.010048879944666985 -0.0013810349467298596 0.085490435193610687 -0.008398695869853751 -0.014445299700903278 -0.0086521963252256164 0.015196566960297959 -0.00022719239073202451
leaf_weight=23.289780351857193 194.0210791452555 42.631904199894052 58.608837708961801 16.62040096404963 38.676992502936628 26.466581713873893 4.0730351619422427 1.2108892571413892 1.2793452892219646 6.5853727413341394 2.4216315392404786 59.545354872912867 152.26727821360691 94.147019591502612
leaf_count=4145 77236 20477 45925 447 10862 831 531 149 149 385 72 14775 89588 60704
internal_value=0.000382188 -0.00561756 -0.0144937 0.00180095 -0.00339457 0.00693807 -0.0060188 0.0249864 0.0610225 0.0202707 0.0311134 0.00311189 0.0048065 0.00927156
internal_weight=721.846 221.865 101.241 120.624 94.9966 56.3196 29.8531 6.56327 2.49023 25.6274 19.042 499.981 440.435 246.414
internal_count=326276 83973 66402 17571 16667 5805 4974 829 298 904 519 242303 227528 150292
is_linear=0
shrinkage=0.025


Tree=345
num_leaves=15
num_cat=0
split_feature=3 185 12 241 40 24 0 0 225 12 255 12 25 29
split_gain=18.2412 19.8784 21.2849 19.5444 22.4909 26.0102 28.3968 19.0025 18.785 19.1526 17.012 14.7098 13.2396 12.2421
threshold=-4.4999999999999991 1.0000000180025095e-35 52.942462921142585 1.0000000180025095e-35 1.0000000180025095e-35 198.50000000000003 1.0000000180025095e-35 -20.499999999999996 6.5000000000000009 4.6520068645477304 1.0000000180025095e-35 80.070320129394545 134.50000000000003 40.000000000000007
decision_type=2 2 2 2 2 2 2 2 2 2 2 2 2 2
left_child=1 7 -3 8 5 -5 -7 10 9 13 -1 -4 -10 -2
right_child=3 2 11 4 -6 6 -8 -9 12 -11 -12 -13 -14 -15
leaf_value=-0.025062602444691797 0.0025655638325698163 -0.011287487410716276 0.01860680793941245 -0.016134094204086361 -0.0090265449866287466 0.02422164090135899 -0.017322879219458891 -0.0022820701563963037 -0.001960870476688394 -0.019426742920521461 0.010927018392630073 -0.0064084303889133986 0.038236211343650961 -0.012858529266691768
leaf_weight=58.449758084505447 252.53825543692801 35.997827739542117 48.414941957016708 11.079189857468007 24.663768041995354 92.451413257746026 8.6632851730100793 81.423352313344367 6.0886309515044585 30.251211502123624 6.7109056112822136 17.025631714437623 10.210521796718238 33.635204068588791
leaf_count=51284 189142 9104 4445 202 612 21500 215 13628 691 6258 154 5661 923 22457
internal_value=0.000375315 -0.00503338 0.00323777 0.00329879 0.0111405 0.0159105 0.0200255 -0.0108744 0 -0.00144459 -0.0206714 0.0117377 0.0239544 0.000551658
internal_weight=717.604 248.022 101.438 469.581 136.858 112.194 101.115 146.584 332.724 316.425 65.1607 65.4406 16.2992 286.173
internal_count=326276 84276 19210 242000 22529 21917 21715 65066 219471 217857 51438 10106 1614 211599
is_linear=0
shrinkage=0.025


Tree=346
num_leaves=15
num_cat=0
split_feature=225 40 3 3 36 185 12 24 0 10 38 38 40 26
split_gain=17.9052 20.2271 20.7182 20.4535 23.7672 19.2945 22.1696 18.8439 19.4237 20.0669 20.688 18.3696 16.0249 17.5819
threshold=13.500000000000002 21.500000000000004 -4.4999999999999991 -1.0000000180025095e-35 125.50000000000001 1.0000000180025095e-35 52.942462921142585 197.50000000000003 1.0000000180025095e-35 -4.4999999999999991 42.500000000000007 42.500000000000007 1.0000000180025095e-35 298.50000000000006
decision_type=2 2 2 2 2 2 2 2 2 2 2 2 2 2
left_child=1 2 5 4 7 -1 -7 -4 9 -9 12 -10 -11 -14
right_child=-2 -3 3 -5 -6 6 -8 8 11 10 -12 -13 13 -15
leaf_value=-0.011505687861783437 0.023439385195309154 -0.018816330953185259 -0.015992032837873003 -0.0027974610954621154 -0.0059727682140251039 -0.012564247702083836 0.011626325216489564 -0.015595364236345784 -0.021870853718243981 0.024408814175834157 -0.016184276698052887 0.03925069445656526 -0.0078741516551758071 0.022001994652480282
leaf_weight=131.80576610758726 17.437947146565421 32.046526468227967 10.926745001226662 168.17159518552944 54.559715296578361 33.350625621795189 63.228524684120202 8.7885358720086497 13.806644772412252 127.01686406056979 7.5630461955443016 0.68676538206636983 23.756379896774888 19.101737551856786
leaf_count=56862 1955 16316 202 121247 5430 8254 9444 400 1058 103694 400 5 748 261
internal_value=0.000360689 -0.000280981 0.000658457 0.00388939 0.00819066 -0.00534934 0.00289494 0.0119907 0.0138498 0.0160884 0.0180295 -0.011311 0.0199517 0.00546465
internal_weight=712.247 694.809 662.763 434.378 266.206 228.385 96.5792 211.647 200.72 186.227 177.438 14.4934 169.875 42.8581
internal_count=326276 324321 308005 233445 112198 74560 17698 106768 106566 105503 105103 1063 104703 1009
is_linear=0
shrinkage=0.025


Tree=347
num_leaves=15
num_cat=0
split_feature=225 40 3 3 36 185 12 0 38 10 38 132 0 2
split_gain=17.3595 19.5645 19.8384 19.7634 23.1012 18.4698 21.2279 16.1442 18.1146 17.1709 17.7178 15.5962 17.4124 14.9518
threshold=13.500000000000002 21.500000000000004 -4.4999999999999991 -1.0000000180025095e-35 125.50000000000001 1.0000000180025095e-35 52.942462921142585 1.0000000180025095e-35 42.500000000000007 -4.4999999999999991 42.500000000000007 1.0000000180025095e-35 -6.4999999999999991 194.50000000000003
decision_type=2 2 2 2 2 2 2 2 2 2 2 2 2 2
left_child=1 2 5 4 7 11 -7 9 -9 -4 13 12 -1 -11
right_child=-2 -3 3 -5 -6 6 -8 8 -10 10 -12 -13 -14 -15
leaf_value=-0.02044483595050554 0.023204676654518044 -0.018638117124971976 -0.015461925550049603 -0.002731019678779908 -0.0058390415373705835 -0.012365974195862016 0.011362939248575735 -0.021771525959260973 0.038840553108244927 0.018246053401999678 -0.016069720757941192 0.01009065653735809 0.00018557147774219521 -0.03122147641267084
leaf_weight=82.791746733055334 17.207233895431273 31.578732831811067 8.6701591191813332 168.03115582786268 54.48370104515925 33.089651503338246 63.147355200460879 13.579347441205751 0.70807753875851709 176.30228375378647 7.4493577759712926 15.243386280490084 32.965523377584759 0.91511087352409859
leaf_count=52851 1955 16316 400 121247 5430 8254 9444 1060 5 104893 400 216 3795 10
internal_value=0.00034945 -0.000283378 0.000641145 0.00382392 0.00810378 -0.00524628 0.002825 0.0119123 -0.0111025 0.0138841 0.0156203 -0.0112928 -0.0145029 0.0173364
internal_weight=706.163 688.956 657.377 430.139 262.108 227.238 96.237 207.624 14.2874 193.337 184.667 131.001 115.757 177.217
internal_count=326276 324321 308005 233445 112198 74560 17698 106768 1065 105703 105303 56862 56646 104903
is_linear=0
shrinkage=0.025


Tree=348
num_leaves=15
num_cat=0
split_feature=225 40 3 3 36 24 0 10 38 38 185 12 40 132
split_gain=16.8329 18.9146 18.9444 18.957 22.2727 18.6299 17.9542 19.0886 19.729 17.8382 17.7646 20.3247 16.5368 15.0843
threshold=13.500000000000002 21.500000000000004 -4.4999999999999991 -1.0000000180025095e-35 125.50000000000001 197.50000000000003 1.0000000180025095e-35 -4.4999999999999991 42.500000000000007 42.500000000000007 1.0000000180025095e-35 52.942462921142585 1.0000000180025095e-35 1.0000000180025095e-35
decision_type=2 2 2 2 2 2 2 2 2 2 2 2 2 2
left_child=1 2 10 4 5 -4 7 -7 12 -8 13 -12 -9 -1
right_child=-2 -3 3 -5 -6 6 9 8 -10 -11 11 -13 -14 -15
leaf_value=-0.014316693858459585 0.022969235010319784 -0.018458200050032323 -0.016011001473103369 -0.0026660894607873908 -0.0057080282503457896 -0.015328620575252345 -0.021656618822840888 0.024370630580615227 -0.015955384478249564 0.038429233963822716 -0.012169122881768182 0.011104521858826088 0.005010354827710093 0.0099362926902510813
leaf_weight=114.3814147686353 16.982618353067664 31.124371363388491 10.946632105857132 167.89512930531055 54.410673307313118 8.5544713144190592 13.290407716063779 121.77817885996774 7.3380733421072355 0.72960356622934419 32.836053037957754 63.072241501766257 42.243126305285841 15.14109833515249
leaf_count=56646 1955 16316 202 121247 5430 400 1058 103694 400 5 8254 9444 1009 216
internal_value=0.000335234 -0.000288424 0.000620486 0.00374129 0.00796853 0.0117509 0.0136649 0.0158574 0.0177946 -0.0108384 -0.0051554 0.00275616 0.0197137 -0.0111321
internal_weight=700.724 683.741 652.617 427.186 259.291 204.88 193.934 179.914 171.359 14.02 225.431 95.9083 164.021 129.523
internal_count=326276 324321 308005 233445 112198 106768 106566 105503 105103 1063 74560 17698 104703 56862
is_linear=0
shrinkage=0.025


Tree=349
num_leaves=15
num_cat=0
split_feature=225 40 3 3 36 24 33 36 0 0 0 10 38 38
split_gain=16.3152 18.2919 18.1257 18.2868 21.6095 18.1337 17.288 18.1141 21.929 25.1338 17.2505 18.6123 19.2634 17.5721
threshold=13.500000000000002 21.500000000000004 -4.4999999999999991 -1.0000000180025095e-35 125.50000000000001 197.50000000000003 1.0000000180025095e-35 125.50000000000001 -20.499999999999996 -19.499999999999996 1.0000000180025095e-35 -4.4999999999999991 42.500000000000007 42.500000000000007
decision_type=2 2 2 2 2 2 2 2 2 2 2 2 2 2
left_child=1 2 6 4 5 -4 -1 8 -8 -10 11 -7 -13 -12
right_child=-2 -3 3 -5 -6 10 7 -9 9 -11 13 12 -14 -15
leaf_value=0.0044440058819706866 0.022733178985750058 -0.018276662097015253 -0.015869378464020645 -0.0026026397446567502 -0.0055796907469655797 -0.015195472756613541 -0.025020088186839984 0.0075325587558876146 0.023147554980932485 -0.011724933001060738 -0.021548676995721397 0.019591071196684358 -0.015841285281791084 0.038017105609689537
leaf_weight=74.368016286098282 16.763908711873228 30.683072047191672 10.796879971399902 167.76336250439635 54.340513741713949 8.4414090793579799 57.105570132785942 26.585011356364703 13.671232900116591 52.175933085964061 13.041225163964551 161.05486977321561 7.2291366942226878 0.75132334791123945
leaf_count=24631 1955 16316 202 121247 5430 400 35440 5437 320 8732 1058 104703 400 5
internal_value=0.000325617 -0.000289409 0.00060512 0.00367416 0.00787213 0.0116541 -0.00506028 -0.00994529 -0.0140123 -0.0034284 0.0135649 0.0157357 0.0176722 -0.0106031
internal_weight=694.771 678.008 647.324 423.419 255.655 201.315 223.906 149.538 122.953 65.8472 190.518 176.725 168.284 13.7925
internal_count=326276 324321 308005 233445 112198 106768 74560 49929 44492 9052 106566 105503 105103 1063
is_linear=0
shrinkage=0.025


Tree=350
num_leaves=15
num_cat=0
split_feature=225 3 3 0 126 24 39 38 35 0 0 31 236 30
split_gain=15.8138 17.3343 23.304 18.4343 17.7581 15.1732 14.7099 18.896 25.4568 19.5599 25.3073 22.3665 19.5198 20.6408
threshold=13.500000000000002 -3.4999999999999996 -1.4999999999999998 1.0000000180025095e-35 0.37298175692558294 197.50000000000003 161.50000000000003 21.500000000000004 135.50000000000003 -20.499999999999996 -19.499999999999996 15.500000000000002 1.0000000180025095e-35 8.5000000000000018
decision_type=2 2 2 2 2 2 2 2 2 2 2 2 2 2
left_child=1 -1 3 5 6 -3 7 8 -4 -9 11 -11 -10 -14
right_child=-2 2 4 -5 -6 -7 -8 9 12 10 -12 -13 13 -15
leaf_value=-0.0044084128767806789 0.022496627126063672 -0.011250855924469363 -0.015272468715337604 -0.017226296122203093 0.031666479001468101 0.022463421879530151 -0.020105705293441432 -0.01632710116103768 -0.019189964506855575 0.091650175060224701 -0.0016798647628765641 0 0.022462854726089245 -0.001553070691590502
leaf_weight=328.87352845801797 16.550919503060868 6.5787308402359477 23.075920376577415 6.9137151818722478 7.563182202022289 68.05966190964682 20.902867787051946 60.276217771577649 8.1981815272592922 0.66443740879185442 39.951956866629189 2.5474353255413007 69.985395824187435 29.015732208150439
leaf_count=95009 1955 100 12398 189 633 18695 799 85985 981 145 20605 929 63932 23921
internal_value=0.000314664 -0.000291638 0.00357913 0.0149931 -6.39046e-06 0.0188499 -0.00140205 0.000398752 0.00676496 -0.00734884 0.00489358 0.0520069 0.0120223 0.0153404
internal_weight=689.158 672.607 343.733 81.5521 262.181 74.6384 254.618 233.715 130.275 103.44 43.1638 3.21187 107.199 99.0011
internal_count=326276 324321 229312 18984 210328 18795 209695 208896 101232 107664 21679 1074 88834 87853
is_linear=0
shrinkage=0.025


Tree=351
num_leaves=15
num_cat=0
split_feature=3 3 37 0 0 40 6 38 70 0 236 0 210 51
split_gain=15.0302 20.7397 24.7002 27.529 29.3041 22.4575 20.1567 19.4474 18.5997 18.0352 17.8549 15.8947 15.9118 18.5762
threshold=-3.4999999999999996 -1.4999999999999998 30.500000000000004 -20.499999999999996 -19.499999999999996 8.5000000000000018 51.500000000000007 5.5000000000000009 0.068608995527029051 1.0000000180025095e-35 1.0000000180025095e-35 -6.4999999999999991 1.0000000180025095e-35 0.037798795849084861
decision_type=2 2 2 2 2 2 2 2 2 2 2 2 2 2
left_child=11 9 3 5 6 7 -5 -3 -6 -2 -4 12 13 -1
right_child=1 2 10 4 8 -7 -8 -9 -10 -11 -12 -13 -14 -15
leaf_value=-0.009368592677277519 0.018771861014738628 0.0010263906753364188 -0.020210887471979647 0.072225690007464718 -0.0018193050662567549 0.017729293956273647 -0.0036251864358451524 -0.02082119580657836 0.038251562493408837 -0.017107993389562048 0.018700046428254222 0.0063051527621476649 -0.03623665939834033 0.0049913255158904185
leaf_weight=176.50199479563162 73.247224481543526 33.067074333841447 5.3309384779131497 3.7730290308245449 67.477552124502836 12.118455960415302 1.9597945507266556 81.249584880861221 4.9964748437923836 6.8095453120768061 55.754616265447112 76.64585203002207 8.0135503206402046 77.263316642376594
leaf_count=69771 18904 9520 1693 740 24122 240 511 90323 906 189 83655 6679 242 18781
internal_value=0.000313716 0.00399549 0.000484073 -0.00361321 0.00768241 -0.0108094 0.0510953 -0.0144239 0.00202265 0.0149113 0.014127 -0.00337695 -0.0063455 -0.00489186
internal_weight=684.209 345.784 265.728 204.642 78.2069 126.435 5.73282 114.317 72.474 80.0568 61.0856 338.425 261.779 253.765
internal_count=326276 230803 211710 126362 26279 100083 1251 99843 25028 19093 85348 95473 88794 88552
is_linear=0
shrinkage=0.025


Tree=352
num_leaves=15
num_cat=0
split_feature=3 3 37 0 0 38 6 70 31 0 35 236 32 236
split_gain=14.4942 19.9499 23.6439 26.6502 27.6266 21.9826 18.8393 18.0693 17.9466 17.5611 17.5065 17.3963 15.402 15.3264
threshold=-3.4999999999999996 -1.4999999999999998 30.500000000000004 -20.499999999999996 -19.499999999999996 21.500000000000004 51.500000000000007 0.068608995527029051 21.500000000000004 1.0000000180025095e-35 142.50000000000003 1.0000000180025095e-35 2.5000000000000004 1.0000000180025095e-35
decision_type=2 2 2 2 2 2 2 2 2 2 2 2 2 2
left_child=13 9 3 5 6 8 12 -6 10 -2 -3 -4 -5 -1
right_child=1 2 11 4 7 -7 -8 -9 -10 -11 -12 -13 -14 -15
leaf_value=0.0099447154686401126 0.018595818455011456 -0.014997049943089633 -0.020015830874231259 0.084775431954700164 -0.0017763480551900076 -0.022751602565891548 -0.0035934509530205585 0.037770472417003376 -0.014966255113771938 -0.01698991519899545 0.018319415526388518 0.018517292549977579 0 -0.0054130162490730292
leaf_weight=43.274602112476714 72.13461258582538 10.505095748114398 5.2782205197145222 2.9769514754298139 67.454458691383479 51.365766963135684 1.9542393003357572 4.9721441350993691 31.936102433130145 6.707585329655557 31.058442326437216 54.93722001495189 0.99916526966262598 294.67413483474229
leaf_count=2215 18904 3440 1693 310 24122 85203 511 906 9680 189 1760 83655 430 93258
internal_value=0.000315047 0.0039573 0.000503373 -0.00350606 0.00756358 -0.0106626 0.0492018 0.00200142 -0.00132639 0.0147511 0.00889503 0.0139546 0.0691204 -0.00330292
internal_weight=680.229 342.28 263.438 203.222 78.357 124.865 5.93036 72.4266 73.4996 78.8422 41.5635 60.2154 3.97612 337.949
internal_count=326276 230803 211710 126362 26279 100083 1251 25028 14880 19093 5200 85348 740 95473
is_linear=0
shrinkage=0.025


Tree=353
num_leaves=15
num_cat=0
split_feature=171 210 10 132 68 0 52 24 0 0 38 166 0 168
split_gain=12.5802 12.9884 10.9156 17.7006 11.3375 19.0853 13.8622 12.8718 12.0713 18.6858 11.2135 22.1571 12.2301 11.102
threshold=13.500000000000002 1.0000000180025095e-35 -4.4999999999999991 1.0000000180025095e-35 0.026965758763253692 -20.499999999999996 0.15543827414512637 191.50000000000003 -19.499999999999996 -6.4999999999999991 22.500000000000004 1.5000000000000002 1.0000000180025095e-35 1.5000000000000002
decision_type=2 2 2 2 2 2 2 2 2 2 2 2 2 2
left_child=2 -2 3 -1 6 -6 7 -4 -7 -10 13 12 -12 -9
right_child=1 -3 4 -5 5 8 -8 10 9 -11 11 -13 -14 -15
leaf_value=-0.022790679009070919 0.023218133563379817 -0.0083704538119723539 -0.019896764385419943 0.014463002432443235 -0.00046441876101538696 0.038775233540254334 -0.017990510421503247 0.0038311260773271961 -0.0082926602827077429 0.021382988633436642 -0.01339920765800811 0.041232407448002821 0.011476420053747138 -0.019660480109221768
leaf_weight=27.287102231683093 25.057447590894299 8.2641218134376668 17.296392287767958 7.6408256264403454 100.5976155019016 10.66453365376219 27.462627327928203 300.24444166824105 18.649461506429358 29.729730404214937 79.528685706289252 2.545623891404829 11.077946646721101 9.8846689252823108
leaf_count=15590 713 1929 3402 122 54917 511 12553 137433 4961 3061 90050 73 184 777
internal_value=0.000314957 0.0146512 -0.000454333 -0.0134826 0.000316112 0.00600746 -0.00168281 -0.000439066 0.0169263 0.00964063 0.00047468 -0.0069223 -0.0098204 0.00282136
internal_weight=675.931 33.3216 642.61 34.9279 607.682 159.641 448.04 420.578 59.0437 48.3792 403.281 93.1523 90.6066 310.129
internal_count=326276 2642 323634 15712 307922 63450 244472 231919 8533 8022 228517 90307 90234 138210
is_linear=0
shrinkage=0.025


Tree=354
num_leaves=15
num_cat=0
split_feature=37 67 210 134 40 171 11 68 20 20 35 37 180 38
split_gain=13.2412 13.1242 12.7734 26.7057 17.3907 15.3086 14.7215 12.3224 15.1787 12.1061 11.1202 15.4811 10.6224 10.9478
threshold=33.500000000000007 -0.030172283761203286 1.0000000180025095e-35 1.0000000180025095e-35 23.500000000000004 17.500000000000004 5.5000000000000009 0.15927980840206149 97.500000000000014 15.500000000000002 164.50000000000003 21.500000000000004 1.5000000000000002 12.500000000000002
decision_type=2 2 2 2 2 2 2 2 2 2 2 2 2 2
left_child=1 -1 3 4 5 6 7 8 -3 -2 -10 -12 13 -4
right_child=9 2 12 -5 -6 -7 -8 -9 10 -11 11 -13 -14 -15
leaf_value=-0.0095970691022770095 0.018180343271539903 -0.0026628350432873864 -0.0028125653854168299 0.025924687833894029 -0.021457677305563971 0.038224627742225251 -0.020791630875849235 0.023934246979921348 -0.0059187155331214061 -0.0029150511931449181 0.01475381556882838 -0.0072114362146987829 0.0024600934335656018 -0.052559110766437947
leaf_weight=88.111307884886628 43.202748760901159 278.72747569539933 6.8703447178704682 23.534659516415559 19.198363758303458 3.8938364888890638 16.174007899477147 11.924900220445123 28.329346124170115 22.837703994126059 97.885815889851074 21.405935848713852 7.3367423693416631 4.3863327261642553
leaf_count=67828 79395 124465 275 565 11396 81 10249 1430 7905 2435 14612 4456 928 256
internal_value=0.00031055 -0.000825957 0.00065993 0.00150866 9.89969e-05 0.00118979 0.000569208 0.00155015 0.000702985 0.0107135 0.00715052 0.0105277 -0.0180866 -0.0309315
internal_weight=673.82 607.779 519.668 501.074 477.54 458.341 454.447 438.273 426.349 66.0405 147.621 119.292 18.5934 11.2567
internal_count=326276 244446 176618 175159 174594 163198 163117 152868 151438 81830 26973 19068 1459 531
is_linear=0
shrinkage=0.025


Tree=355
num_leaves=15
num_cat=0
split_feature=225 40 3 33 31 234 35 3 24 234 38 191 38 57
split_gain=14.5538 17.1981 16.6758 19.9165 15.9864 23.0126 14.6864 17.1333 30.2186 13.3004 17.5991 17.2042 15.875 13.2598
threshold=13.500000000000002 21.500000000000004 -5.4999999999999991 1.0000000180025095e-35 17.500000000000004 1.0000000180025095e-35 200.50000000000003 -1.0000000180025095e-35 231.50000000000003 1.0000000180025095e-35 42.500000000000007 1.0000000180025095e-35 42.500000000000007 -19.499999999999996
decision_type=2 2 2 2 2 2 2 2 2 2 2 2 2 2
left_child=1 2 3 4 -1 -6 7 8 -4 10 11 -10 -11 -5
right_child=-2 -3 6 13 5 -7 -8 -9 9 12 -12 -13 -14 -15
leaf_value=0.019455502366875467 0.02179886476918852 -0.018080297461814238 -0.0035447885692549822 0.016410926358121251 -0.0088591831136671899 0.050417357577761196 -0.0094336946910167918 -0.0013759135809829999 0.021930067714499703 -0.020648316850024079 -0.015350974830697917 -0.0073887980804631026 0.03646078818613719 -0.013895760572999159
leaf_weight=25.585808577743592 16.154367979324888 29.382128557117539 74.782004929991672 6.559372710180468 46.284745822689729 1.4139854296809051 45.952872491950984 152.76364806997299 130.36985785752768 10.382286092266437 6.7702399659901848 11.015537670580668 0.83114892989397127 112.96351119698375
leaf_count=1617 1955 16316 26264 813 22789 225 12549 114019 79109 802 401 600 4 48813
internal_value=0.000300205 -0.000288944 0.000589075 -0.00542601 0.00448413 -0.0037295 0.00334457 0.00498723 0.00920896 0.0153024 0.0173415 0.0193666 -0.00785419 -0.0116674
internal_weight=671.212 655.057 625.675 192.807 73.2845 47.6987 432.868 386.915 234.151 159.369 148.156 141.385 11.2134 119.523
internal_count=326276 324321 308005 74257 24631 23014 233748 221199 107180 80916 80110 79709 806 49626
is_linear=0
shrinkage=0.025


Tree=356
num_leaves=15
num_cat=0
split_feature=225 210 134 10 37 68 32 37 35 94 1 236 53 20
split_gain=14.0902 14.1266 19.3004 24.9543 19.3387 18.5004 15.3929 13.367 12.5686 12.7874 12.2925 10.2022 9.33985 8.75785
threshold=13.500000000000002 1.0000000180025095e-35 1.0000000180025095e-35 -4.4999999999999991 33.500000000000007 0.15927980840206149 4.5000000000000009 21.500000000000004 202.50000000000003 -0.038655301555991166 3.5000000000000004 1.0000000180025095e-35 0.11501513794064523 116.50000000000001
decision_type=2 2 2 2 2 2 2 2 2 2 2 2 2 2
left_child=1 2 3 -1 5 6 8 -8 9 -5 -4 -6 -11 -13
right_child=-2 -3 10 4 11 -7 7 -9 -10 12 -12 13 -14 -15
leaf_value=-0.022720756342769675 0.021562876171274031 -0.022206120422263293 -0.013050149904535183 -0.013129594946314174 -0.012155022058743846 0.025396228297284003 -0.021638948333444097 0.0079582754999403416 -0.014623245237779149 0.0034214272534791989 0.029307499714371354 0.021819961334785708 -0.0090419204191800554 -0.005570916593393197
leaf_weight=27.1751940176473 15.95820333479787 14.896056487807071 2.5955718838376951 34.233511636557523 4.922904248989652 13.147158528066937 36.951150771579705 9.3672210680379049 32.546515807960532 368.25294570378901 18.744512302771909 43.795782783592585 38.064674984736484 5.7526104436255983
leaf_count=15651 1955 441 203 19131 902 1660 47531 5477 8425 136603 274 78562 7968 1493
internal_value=0.000299228 -0.000280802 0.000295847 -0.000527116 0.000568207 -0.000869659 -0.00172436 -0.0150264 -0.000283041 0.000811745 0.022155 0.0143727 0.00213504 0.0180276
internal_weight=666.404 650.446 635.55 614.21 587.034 532.563 519.416 46.3184 473.098 440.551 21.3401 54.4713 406.318 49.5484
internal_count=326276 324321 323880 323403 307752 226795 225135 53008 172127 163702 477 80957 144571 80055
is_linear=0
shrinkage=0.025


Tree=357
num_leaves=15
num_cat=0
split_feature=3 3 37 0 0 40 6 70 236 0 0 0 3 24
split_gain=14.0198 18.9875 21.2287 25.4004 25.6986 21.1273 17.6087 16.9289 16.8261 16.662 14.8867 15.0975 15.2999 14.8196
threshold=-3.4999999999999996 -1.4999999999999998 30.500000000000004 -20.499999999999996 -19.499999999999996 8.5000000000000018 51.500000000000007 0.068608995527029051 1.0000000180025095e-35 1.0000000180025095e-35 -6.4999999999999991 -5.4999999999999991 -24.999999999999996 197.50000000000003
decision_type=2 2 2 2 2 2 2 2 2 2 2 2 2 2
left_child=10 9 3 5 6 -3 -5 -6 -4 13 -1 -12 -13 -2
right_child=1 2 8 4 7 -7 -8 -9 -10 -11 11 12 -14 -15
leaf_value=-0.0062259053049982796 -0.011227451041763665 -0.014062429064300906 -0.019923647913249406 0.065975977681264869 -0.0016669462635308684 0.017494148982865065 -0.0036367121367223234 0.036652160365255024 0.018305712634226531 -0.016692295947273266 0.019944646142454964 0.036403083629044028 -0.006866339232537458 0.022246516280414817
leaf_weight=255.22859613731271 6.543094113469123 109.14825528034999 5.1620721979415967 4.1789986962103276 66.653959051327547 11.786222276277838 1.9521119832643306 4.9581808831717344 52.021629564231262 6.448079254012554 27.558344271790702 2.6427416796213938 45.67086140619358 63.319939164037351
leaf_count=88794 100 99843 1693 740 24122 240 511 906 83655 189 944 540 5195 18804
internal_value=0.000286547 0.00393209 0.000511449 -0.00328344 0.00750784 -0.0104362 0.047161 0.0020181 0.0136182 0.0146327 -0.00329843 0.00609466 -0.00202242 0.0184352
internal_weight=663.273 332.173 255.861 198.678 77.7433 120.934 6.13111 71.6121 57.1837 76.3111 331.101 75.8719 48.3136 69.863
internal_count=326276 230803 211710 126362 26279 100083 1251 25028 85348 19093 95473 6679 5735 18904
is_linear=0
shrinkage=0.025


Tree=358
num_leaves=15
num_cat=0
split_feature=225 40 3 0 30 3 6 0 3 35 3 10 29 3
split_gain=13.6042 16.4688 15.766 18.0884 28.4418 21.2386 17.2734 16.6836 18.8472 13.9809 16.0448 19.7368 13.8536 11.8641
threshold=13.500000000000002 21.500000000000004 -5.4999999999999991 -20.499999999999996 1.5000000000000002 -24.999999999999996 2.5000000000000004 -19.499999999999996 -11.499999999999998 200.50000000000003 -1.0000000180025095e-35 -4.4999999999999991 34.000000000000007 -12.499999999999998
decision_type=2 2 2 2 2 2 2 2 2 2 2 2 2 2
left_child=1 2 3 4 12 6 -5 13 -9 10 11 -4 -1 -7
right_child=-2 -3 9 5 -6 7 -8 8 -10 -11 -12 -13 -14 -15
leaf_value=0.013916322718444209 0.021320824723754881 -0.017890506170393731 -0.01682121348116419 -0.0062503705652724798 -0.024994504482736036 0.028290880697045384 0.057961439443320932 -0.024122929032174126 0.00099465000957345263 -0.0092778910691495731 -0.0012402947629815524 0.011072672741558666 -0.016108048961848639 -0.0072749087162735943
leaf_weight=23.957692196403514 15.722392433788626 28.649143463757355 13.793435352970844 2.3110234964697147 51.238746061411803 13.90556446509436 4.1031409979332238 24.188166198291583 53.426111101085553 45.042929769057082 151.28720235575747 214.24080937416875 11.579111110491793 5.9548818466719231
leaf_count=7240 1955 16316 505 1372 44080 228 284 6542 6472 12549 114019 106675 7707 332
internal_value=0.000294921 -0.000276523 0.000586377 -0.00528468 -0.0135378 0.00156149 0.0375511 -0.00160843 -0.00712943 0.00330129 0.00492148 0.00908069 0.00299223 0.0169781
internal_weight=659.4 643.678 615.029 190.664 86.7755 103.889 6.41416 97.4747 77.6143 424.364 379.321 228.034 35.5368 19.8604
internal_count=326276 324321 308005 74257 59027 15230 1656 13574 13014 233748 221199 107180 14947 560
is_linear=0
shrinkage=0.025


Tree=359
num_leaves=15
num_cat=0
split_feature=225 40 3 33 1 1 3 1 1 31 236 35 24 3
split_gain=13.1779 15.9211 15.0489 18.8791 24.7033 27.4738 21.6198 19.6439 21.0521 15.0773 23.5046 13.3584 16.2332 24.6089
threshold=13.500000000000002 21.500000000000004 -5.4999999999999991 1.0000000180025095e-35 20.500000000000004 19.500000000000004 -12.499999999999998 6.5000000000000009 5.5000000000000009 17.500000000000004 1.0000000180025095e-35 200.50000000000003 238.50000000000003 -1.0000000180025095e-35
decision_type=2 2 2 2 2 2 2 2 2 2 2 2 2 2
left_child=1 2 3 9 5 7 -7 8 -5 -1 -11 12 -4 -14
right_child=-2 -3 11 4 -6 6 -8 -9 -10 10 -12 -13 13 -15
leaf_value=0.01915553700699895 0.021084660933236722 -0.017704989651008758 -0.0024259694161463782 -0.016011261754438295 -0.024643480293097597 0.042212859430381423 -0.011924326252319695 -0.028231015345583418 0.019917617817096785 0.02218671122193612 -0.014388028229102914 -0.0090869926774055625 0.014848004273933816 -0.000642533578682131
leaf_weight=25.148694520117715 15.536983736557884 28.261942293655011 123.68890518053377 17.667046125628985 47.707298524415819 10.515200744848697 4.4348340136930338 19.431503200728912 16.923471483169124 12.305912075447848 34.564074653608259 44.904255444358569 149.19031709860428 105.16894484919612
leaf_count=1617 1955 16316 64110 2963 39520 123 245 6422 353 585 22429 12549 77211 79878
internal_value=0.000285758 -0.000276381 0.000570737 -0.00519968 -0.0113644 -0.00118771 0.0254518 -0.00994952 0.00108864 0.00450979 -0.00352687 0.00322236 0.00481009 0.00841322
internal_weight=655.449 639.912 611.65 188.698 116.679 68.9721 14.95 54.022 34.5905 72.0187 46.87 422.952 378.048 254.359
internal_count=326276 324321 308005 74257 49626 10106 368 9738 3316 24631 23014 233748 221199 157089
is_linear=0
shrinkage=0.025


Tree=360
num_leaves=15
num_cat=0
split_feature=3 3 37 222 236 0 25 24 0 210 226 35 35 39
split_gain=12.7857 17.6396 20.0339 24.9959 24.9951 16.4587 15.5915 14.6167 14.2126 14.2883 16.1705 15.44 20.6157 16.8788
threshold=-3.4999999999999996 -1.4999999999999998 25.500000000000004 1.0000000180025095e-35 1.0000000180025095e-35 1.0000000180025095e-35 134.50000000000003 197.50000000000003 -6.4999999999999991 1.0000000180025095e-35 1.0000000180025095e-35 182.50000000000003 164.50000000000003 139.50000000000003
decision_type=2 2 2 2 2 2 2 2 2 2 2 2 2 2
left_child=8 5 3 -3 -4 7 -5 -2 9 10 11 12 -1 -14
right_child=1 2 4 6 -6 -7 -8 -9 -10 -11 -12 -13 13 -15
leaf_value=-0.01587487995990737 -0.011199777866074272 -0.0065636920877328855 -0.025702197587342573 -0.0070500365849133842 0.017724796130099692 -0.01672364550953424 0.038190875454250213 0.022122302548936497 0.0060454205042547284 -0.034295628661384303 0.018902298310367313 -0.015610489608522269 0.014581524522998929 -0.0043878530011622384
leaf_weight=42.703356335492572 6.5290212035179129 172.0684599778906 6.4408215074508908 4.8071605007280587 59.120133321848698 6.4695543977431944 10.635602623951852 60.882455464306986 74.681990357174072 8.0990945461671782 13.664588573476065 73.485499677772168 49.060745391587261 61.934000174689572
leaf_count=22519 100 121919 1759 554 86922 189 556 18804 6679 242 472 37989 8142 19430
internal_value=0.000278215 0.00378288 0.000488285 -0.00358709 0.0121559 0.0142836 0.0238964 0.0182002 -0.00318814 -0.00609635 -0.00463529 -0.00638754 -0.00160392 0.00394057
internal_weight=650.582 326.953 253.072 187.511 65.561 73.881 15.4428 67.4115 323.629 248.947 240.848 227.184 153.698 110.995
internal_count=326276 230803 211710 123029 88681 19093 1110 18904 95473 88794 88552 88080 50091 27572
is_linear=0
shrinkage=0.025


Tree=361
num_leaves=15
num_cat=0
split_feature=225 3 0 30 3 6 0 3 33 12 37 236 126 39
split_gain=12.4695 13.7023 16.4395 23.2788 19.2066 18.1619 15.9028 17.8023 15.5719 17.5863 24.9916 20.1116 14.7091 13.7123
threshold=13.500000000000002 -5.4999999999999991 -20.499999999999996 1.5000000000000002 -24.999999999999996 2.5000000000000004 -19.499999999999996 -11.499999999999998 1.0000000180025095e-35 45.883516311645515 27.500000000000004 1.0000000180025095e-35 0.45247007906436926 153.50000000000003
decision_type=2 2 2 2 2 2 2 2 2 2 2 2 2 2
left_child=1 2 3 -1 5 -4 -6 -8 13 10 12 -12 -10 -3
right_child=-2 8 4 -5 6 -7 7 -9 9 -11 11 -13 -14 -15
leaf_value=0.00065653740178738462 0.020627427328469877 -0.005860412264196856 -0.0074260631372945092 -0.024420358892384367 0.015687092489632473 0.055629611549538174 -0.024066979195457062 0.00011385255035156336 -0.0055173201445108087 0.016877673763174339 -0.021752327710104973 0.022367634970613084 0.033053031299246263 0.013173798556358529
leaf_weight=37.652636942235404 15.306547546846557 165.61496811866527 2.6627641468949141 49.629407970467582 20.075567170162685 4.270085052237846 24.575754643621622 54.856005807087058 128.32498679835408 67.670264761109138 4.4799492079764596 44.073128488817019 3.3786938357807221 24.034345904365182
leaf_count=20471 1955 82047 1604 45922 648 284 7106 7544 64082 14465 916 76923 92 2217
internal_value=0.000267226 -0.000282242 -0.00580132 -0.0136632 0.000614861 0.0339661 -0.00239095 -0.00766789 0.00212727 0.00625373 0.00191797 0.0167829 -0.00362816 -0.00315085
internal_weight=646.605 631.299 193.722 87.282 106.44 6.93285 99.5073 79.4318 437.576 247.927 180.257 48.5531 131.704 189.649
internal_count=326276 324321 83579 66393 17186 1888 15298 14650 240742 156478 142013 77839 64174 84264
is_linear=0
shrinkage=0.025


Tree=362
num_leaves=15
num_cat=0
split_feature=37 0 0 0 0 35 40 6 252 24 238 35 37 252
split_gain=11.0298 14.6257 42.8171 23.1217 46.2018 21.794 18.8417 17.7117 13.0541 14.9907 21.2016 17.557 13.1771 12.3059
threshold=36.500000000000007 -20.499999999999996 -19.499999999999996 -6.4999999999999991 -5.4999999999999991 192.50000000000003 4.0000000000000009 58.500000000000007 1.0000000180025095e-35 231.50000000000003 1.0000000180025095e-35 190.50000000000003 32.500000000000007 1.0000000180025095e-35
decision_type=2 2 2 2 2 2 2 2 2 2 2 2 2 2
left_child=1 5 6 -4 -5 8 7 -3 -1 11 -11 -10 -12 -6
right_child=-2 2 3 4 13 -7 -8 -9 9 10 12 -13 -14 -15
leaf_value=-0.020346471198988112 0.012764442952070446 0.050571281729278356 -0.010261164995179308 0.030724363091860753 0.022945456918299825 -0.018326498574497054 -0.0063923045570403701 0.004239585785940081 -0.013184063869011598 0.0076637432955080189 -0.021538503952327783 0.017271567665478122 0.013639361289778718 -0.0048953129607180769
leaf_weight=17.554434923251392 38.520432807767065 17.745464561303383 83.961855733796256 32.753979355795309 7.8786318114725864 52.249916501707048 5.5396686439635223 9.3109713568119314 71.753636746419943 167.30894424692087 25.372166022105379 10.738656372515832 5.5243040490895501 96.45766694372287
leaf_count=10480 52031 1515 35340 2714 788 35063 377 891 45695 71245 53282 1121 160 15574
internal_value=0.000274137 -0.000540201 0.00395739 -2.7105e-05 0.00614787 -0.00387166 0.0294057 0.0374734 -0.00109909 0.000218921 0.00402761 -0.00846004 -0.0138607 -0.00197753
internal_weight=642.671 604.15 253.648 221.052 137.09 350.502 32.5961 27.0564 298.252 280.698 198.205 82.4923 30.8965 104.336
internal_count=326276 274245 57199 54416 19076 217046 2783 2406 181983 171503 124687 46816 53442 16362
is_linear=0
shrinkage=0.025


Tree=363
num_leaves=15
num_cat=0
split_feature=3 3 37 0 70 38 31 35 0 236 24 11 236 3
split_gain=12.343 16.8454 18.2426 23.503 22.9455 21.3599 16.7078 16.3055 16.1536 15.8053 14.0764 13.9072 13.4256 15.6125
threshold=-3.4999999999999996 -1.4999999999999998 30.500000000000004 -20.499999999999996 0.028365949168801311 21.500000000000004 21.500000000000004 142.50000000000003 1.0000000180025095e-35 1.0000000180025095e-35 197.50000000000003 5.5000000000000009 1.0000000180025095e-35 -24.999999999999996
decision_type=2 2 2 2 2 2 2 2 2 2 2 2 2 2
left_child=12 8 3 5 -5 6 7 -3 10 -4 -2 -11 13 -1
right_child=1 2 9 4 -6 -7 -8 -9 -10 11 -12 -13 -14 -15
leaf_value=0.034882761830336277 -0.010934631965407456 -0.014548503313963733 -0.019562988682749173 0 0.031412819745402415 -0.022541436969582294 -0.014422455879416228 0.01826985703042552 -0.016628582201374292 0.022949632012540164 0.022034063398789765 -0.01111970092651079 -0.0052113445869317876 6.1285633184279036e-05
leaf_weight=8.2887698244303447 6.3864241465926161 9.8481057650642452 5.0260595527943215 61.906058998865774 15.925564560806377 47.023689597888733 29.88280065858271 30.291982035676483 6.4024088783189645 42.759592684335075 59.207436227239668 6.0144421532750121 277.12013408425264 33.261031242203899
leaf_count=256 100 3440 1693 23384 2895 85203 9680 1760 189 83556 18804 99 93258 1959
internal_value=0.000275819 0.00375676 0.000513635 -0.00297478 0.00732256 -0.0100422 -0.000724864 0.00918679 0.0141567 0.0130795 0.0181218 0.0178647 -0.00315167 0.00945023
internal_weight=639.345 320.675 248.678 194.878 77.8316 117.047 70.0229 40.1401 71.9963 53.8001 65.5939 48.774 318.67 41.5498
internal_count=326276 230803 211710 126362 26279 100083 14880 5200 19093 85348 18904 83655 95473 2215
is_linear=0
shrinkage=0.025


Tree=364
num_leaves=15
num_cat=0
split_feature=3 0 30 3 6 0 3 24 33 0 32 38 68 24
split_gain=11.7843 20.7157 23.4173 17.0892 16.4687 14.7182 21.7754 13.5825 12.9713 16.9541 30.9084 40.9717 22.548 16.5237
threshold=-5.4999999999999991 -20.499999999999996 1.5000000000000002 -24.999999999999996 2.5000000000000004 -19.499999999999996 -11.499999999999998 232.50000000000003 1.0000000180025095e-35 1.0000000180025095e-35 1.5000000000000002 9.5000000000000018 0.084892008453607573 188.50000000000003
decision_type=2 2 2 2 2 2 2 2 2 2 2 2 2 2
left_child=1 2 7 4 -3 -5 -7 -1 -2 10 13 -12 -11 -10
right_child=8 3 -4 5 -6 6 -8 -9 9 12 11 -13 -14 -15
leaf_value=0.015561223868776598 -0.0021697623091395694 -0.0073771860227334774 -0.024769565084941388 0.016053825135304168 0.051366725686792625 -0.024321831107848666 0.0023860144073633792 -0.012346543796037744 -0.011361766649088553 -0.025699154342168119 0.019605414478904511 -0.014723668874794675 0.03083482439651769 0.018350906863681189
leaf_weight=17.936849726276705 191.52784098596021 2.6466794213920357 48.281206726969685 21.846529419883154 5.027775167953223 24.218085906089982 57.934026812261436 19.514450417424086 9.8005107063800079 17.040664348052818 30.038168063794728 59.645966306503396 2.5903869222383937 126.50173773657298
leaf_count=4417 84637 1604 45925 814 287 7108 7758 16060 200 1134 55700 62303 429 37900
internal_value=0.00027018 -0.00471246 -0.0137761 0.00220611 0.0323861 -0.000632928 -0.00577325 0.000564317 0.00259382 0.00639029 0.0084345 -0.00269357 -0.014036 0.0158363
internal_weight=634.551 197.406 85.7325 111.673 7.67445 103.999 82.1521 37.4513 437.145 245.617 225.986 89.6841 19.6311 136.302
internal_count=326276 83973 66402 17571 1891 15680 14866 20477 242303 157666 156103 118003 1563 38100
is_linear=0
shrinkage=0.025


Tree=365
num_leaves=15
num_cat=0
split_feature=225 40 210 132 10 37 68 32 3 3 32 12 35 0
split_gain=11.6346 14.8511 13.6453 12.5553 21.9897 18.4567 18.8062 15.593 15.0908 20.3552 21.732 18.7613 22.5645 20.89
threshold=13.500000000000002 21.500000000000004 1.0000000180025095e-35 1.0000000180025095e-35 -4.4999999999999991 33.500000000000007 0.15927980840206149 4.5000000000000009 -5.4999999999999991 -21.499999999999996 1.5000000000000002 0.4706201851367951 182.50000000000003 1.0000000180025095e-35
decision_type=2 2 2 2 2 2 2 2 2 2 2 2 2 2
left_child=1 2 3 4 -1 6 7 8 9 -6 -11 -10 13 -13
right_child=-2 -3 -4 -5 5 -7 -8 -9 11 10 -12 12 -14 -15
leaf_value=-0.022155768566354879 0.020126640874011191 -0.017355222098465305 -0.021165729778401032 0.02255251157046604 0.028598869613650192 0.016370535895264413 0.026848469380005888 -0.014568558304892253 -0.0016292275198374073 -0.014351697616929174 0.008105947636805149 0.021638483417866294 -0.002798792446005457 -0.017949450888985054
leaf_weight=22.272594919500989 14.949973279755794 27.339963832680951 14.409318852412978 13.870784964819903 6.7656168309331397 45.668338739371393 13.03096982417628 42.805843784080935 163.04405408016464 98.688976914316299 32.872707426868146 81.891136972582899 46.365528127877042 6.2888467349112025
leaf_count=12222 1955 16316 440 218 1892 79868 1470 52915 78823 51459 7321 16814 4392 171
internal_value=0.000266469 -0.000270942 0.000565218 0.0012618 0.000572303 0.00167825 0.000172285 -0.000664632 0.000733981 -0.00593899 -0.00849891 0.00394724 0.0107748 0.0180433
internal_weight=630.265 615.315 587.975 573.565 559.695 537.422 491.754 478.723 435.917 138.327 131.562 297.59 134.546 88.18
internal_count=326276 324321 308005 307565 307347 295125 215257 213787 160872 60672 58780 100200 21377 16985
is_linear=0
shrinkage=0.025


Tree=366
num_leaves=15
num_cat=0
split_feature=225 40 210 140 69 37 0 20 26 37 191 3 37 3
split_gain=11.2608 14.3609 12.982 12.9367 12.2904 11.9799 11.366 9.82666 13.6346 13.5035 9.92576 11.5552 21.2947 9.87021
threshold=13.500000000000002 21.500000000000004 1.0000000180025095e-35 1.0000000180025095e-35 0.15927980840206149 35.500000000000007 -1.4999999999999998 93.500000000000014 167.50000000000003 21.500000000000004 1.0000000180025095e-35 -5.4999999999999991 19.500000000000004 -4.4999999999999991
decision_type=2 2 2 2 2 2 2 2 2 2 2 2 2 2
left_child=1 2 3 4 5 7 -7 13 -9 10 11 12 -10 -1
right_child=-2 -3 -4 -5 -6 6 -8 8 9 -11 -12 -13 -14 -15
leaf_value=-0.010360213318336994 0.019894368696882062 -0.017166592258503685 -0.020533223399318772 0.036633854820242735 0.020599301366274969 0.018865542801321647 -0.016935157751752573 -0.014866670473358372 -0.0077164170796490978 -0.0085970185302162421 -0.0090679850359557026 0.019741239120172824 0.022150506268502509 -0.00068887101914828839
leaf_weight=89.808395400526933 14.783540641772559 26.986812258517602 14.572172917716669 3.4175619586603707 15.944658341264583 31.668370620085625 3.4537524820188983 17.892283011708059 36.141778872130089 26.61713698861422 11.92570064292522 59.425666759430896 20.714030315968557 252.48644780302129
leaf_count=42740 1955 16316 440 34 2326 57438 651 1861 19077 6335 4183 8154 991 163775
internal_value=0.0002637 -0.000265396 0.000556671 0.00124475 0.000795175 6.73798e-05 0.0136336 -0.000883132 0.00387009 0.00643525 0.00987185 0.0122031 0.00331202 -0.00336672
internal_weight=625.838 611.055 584.068 569.496 566.078 550.134 35.1221 515.011 172.717 154.824 128.207 116.281 56.8558 342.295
internal_count=326276 324321 308005 307565 307531 305205 58089 247116 40601 38740 32405 28222 20068 206515
is_linear=0
shrinkage=0.025


Tree=367
num_leaves=15
num_cat=0
split_feature=180 210 134 10 48 68 0 0 0 0 52 178 252 24
split_gain=11.2039 19.0168 17.4463 22.1852 15.0535 11.829 19.0419 15.2801 11.6257 17.1632 11.379 11.3293 10.3562 9.39969
threshold=1.5000000000000002 1.0000000180025095e-35 1.0000000180025095e-35 -4.4999999999999991 0.26597744226455694 0.012689179740846159 -20.499999999999996 -19.499999999999996 -6.4999999999999991 -5.4999999999999991 0.091441467404365553 1.5000000000000002 1.0000000180025095e-35 191.50000000000003
decision_type=2 2 2 2 2 2 2 2 2 2 2 2 2 2
left_child=1 2 3 -1 -4 10 -7 -8 -9 -10 11 12 -5 -14
right_child=-2 -3 4 5 -6 6 7 8 9 -11 -12 -13 13 -15
leaf_value=-0.022046391313793313 0.016900243030782591 -0.028310689147939456 -0.01044733569019589 -0.017100412393643735 0.036300554519836624 -0.00018718048983138022 0.04004586295688032 -0.0039916634605939522 0.041535332397406949 0.0046942243540118445 -0.013567498028821285 0.021933004086278147 -0.017879997911075859 0.001209634421463307
leaf_weight=25.295701126218773 21.369993695960147 11.872084881470071 3.4840902212308711 20.957021696958691 11.833055069349937 127.62424787406053 10.917230686522087 22.693742061295779 9.8130484109278751 28.245901397371199 43.862280119821662 10.648438602685927 14.172652882261898 259.98599188445951
leaf_count=15651 1952 659 99 11835 215 77101 714 7669 505 3882 35584 494 2764 167152
internal_value=0.000258618 -0.000372303 0.00028862 -0.000432576 0.0243328 0.00063257 0.00548303 0.0155168 0.00903976 0.0171429 -0.00208452 -0.000240487 -0.00133708 0
internal_weight=622.775 601.405 589.533 574.216 15.3171 548.921 199.294 71.6699 60.7527 38.0589 349.626 305.764 295.116 274.159
internal_count=326276 324324 323665 323351 314 307700 89871 12770 12056 4387 217829 182245 181751 169916
is_linear=0
shrinkage=0.025


Tree=368
num_leaves=15
num_cat=0
split_feature=3 2 3 37 0 0 38 31 0 30 35 24 0 0
split_gain=11.0392 16.4101 17.578 19.1225 24.2953 21.0802 20.5311 19.6792 16.4193 16.2075 23.0141 14.4938 14.3788 29.3531
threshold=-3.4999999999999996 194.50000000000003 -1.4999999999999998 30.500000000000004 -20.499999999999996 -19.499999999999996 21.500000000000004 17.500000000000004 1.0000000180025095e-35 7.5000000000000009 142.50000000000003 197.50000000000003 -6.4999999999999991 -5.4999999999999991
decision_type=2 2 2 2 2 2 2 2 2 2 2 2 2 2
left_child=-1 2 8 4 6 7 9 -6 11 10 -4 -2 -7 -14
right_child=1 -3 3 -5 5 12 -8 -9 -10 -11 -12 -13 13 -15
leaf_value=-0.0030234393689284825 -0.010551803364748844 -0.046703473069560152 -0.017142546233899512 0.014205074311582903 0.082384487236990586 -0.011347388939216645 -0.022440976652593259 0.0029434787699161484 -0.016303762586929751 -0.016841083584904031 0.018686789422383457 0.023481893749539851 0.055144967296223146 0.0016927876509465157
leaf_weight=310.14884949075349 6.1845153756439677 0.94003106583841045 13.029110623232553 50.799521792287123 1.3981741816387501 24.92672899691388 45.315763950129622 5.2108971690176986 6.1379074254073194 23.241286052623764 32.50964698131429 55.712407771410653 4.933594228437868 40.842959473375231
leaf_count=95473 100 12 7440 85345 200 16263 85203 1051 189 4720 2720 18800 1251 7509
internal_value=0.000256491 0.00360275 0.00428082 0.000950836 -0.00260315 0.00786092 -0.00992694 0.0428252 0.015243 -0.000740459 0.00749466 0.0193656 0.00264329 0.0110035
internal_weight=621.331 311.183 310.243 242.208 191.408 77.3124 114.096 6.60907 68.0348 68.78 45.5388 61.8969 70.7033 45.7766
internal_count=326276 230803 230791 211702 126357 26274 100083 1251 19089 14880 10160 18900 25023 8760
is_linear=0
shrinkage=0.025


Tree=369
num_leaves=15
num_cat=0
split_feature=180 40 210 132 10 37 32 69 0 3 30 39 37 0
split_gain=10.8195 18.7539 18.0971 14.8861 17.9661 16.837 17.7149 16.3002 18.1058 15.0681 13.7584 14.9315 20.135 23.9926
threshold=1.5000000000000002 21.500000000000004 1.0000000180025095e-35 1.0000000180025095e-35 -4.4999999999999991 33.500000000000007 2.5000000000000004 0.026965758763253692 -20.499999999999996 -5.4999999999999991 7.5000000000000009 128.50000000000003 17.500000000000004 1.0000000180025095e-35
decision_type=2 2 2 2 2 2 2 2 2 2 2 2 2 2
left_child=1 2 3 4 -1 6 7 9 -9 -6 11 -11 13 -13
right_child=-2 -3 -4 -5 5 -7 -8 8 -10 10 -12 12 -14 -15
leaf_value=-0.020066995761189355 0.016672166108894625 -0.020623619595371137 -0.026608507885537976 0.027377507428990411 -0.0092885904336427651 0.015910509151899916 -0.013502100465892734 0.0011073147507596728 0.022069654627329658 -0.0060935569308855492 -0.0063364573840974216 0.020470301499978277 -0.0051120131053441408 -0.023291674130244074
leaf_weight=21.874036668508779 21.185563329723664 24.329329277563374 11.853754246665629 10.41792975986027 92.319575371628162 44.145519215759123 49.260625333365169 64.222920996005996 43.706706863915315 39.666057606751565 71.527295405569021 84.748796281055547 32.549610133341048 5.5981108127161852
leaf_count=12223 1952 16277 658 119 43385 79831 57032 33488 5497 33164 26057 12073 4397 123
internal_value=0.000256154 -0.000365987 0.00055545 0.00131352 0.000628299 0.00164176 0.000197797 0.0018907 0.0101888 -0.000845033 0.00245486 0.00651875 0.0108363 0.0168295
internal_weight=617.406 596.22 571.891 560.037 549.619 527.745 483.6 434.339 107.93 326.409 234.09 162.563 122.897 90.3469
internal_count=326276 324324 308047 307389 307270 295047 215216 158184 38985 119199 75814 49757 16593 12196
is_linear=0
shrinkage=0.025


Tree=370
num_leaves=15
num_cat=0
split_feature=225 40 3 0 99 185 38 255 0 38 31 4 24 3
split_gain=10.4792 13.4057 12.223 16.8852 17.1657 13.589 18.7316 13.1409 13.2482 13.1394 11.9947 18.9986 11.7309 15.9044
threshold=13.500000000000002 21.500000000000004 -4.4999999999999991 1.0000000180025095e-35 0.0080432766117155569 1.0000000180025095e-35 15.500000000000002 1.0000000180025095e-35 -20.499999999999996 16.500000000000004 34.500000000000007 1.0000000180025095e-35 243.50000000000003 1.0000000180025095e-35
decision_type=2 2 2 2 2 2 2 2 2 2 2 2 2 2
left_child=1 2 3 5 -5 7 -7 8 -1 -6 12 -12 -4 -14
right_child=-2 -3 10 4 9 6 -8 -9 -10 -11 11 -13 13 -15
leaf_value=-0.024716495568218248 0.0193282126971921 -0.016874358753639584 -0.0011381950833404663 -0.0076362244704052396 0 0.0081814940597893151 -0.017828020494230094 0.010232377283265374 -0.0054813151441542281 0.080565095213928378 -0.015122593741377472 0.016623933551753525 0.012876167666025099 -0.0024004706372800283
leaf_weight=43.291945413046051 14.512183008133432 26.024031139560975 111.33260154924938 2.676284287357702 1.6869506376096981 65.332227165461518 19.992302351660328 11.949769368773557 56.072987912397366 1.0369893002789465 42.841207093995763 12.493542768002952 149.8887529643398 54.343918146842043
leaf_count=45058 1955 16316 64521 368 295 13538 3984 450 10793 74 32886 3455 72851 59732
internal_value=0.000244273 -0.000270599 0.000524137 -0.00433229 0.0300656 -0.00583977 0.00140564 -0.0115033 -0.0145848 0.0560633 0.00324996 -0.00703996 0.0051821 0.00871469
internal_weight=613.476 598.964 572.939 202.039 5.40022 196.639 85.3245 111.315 99.3649 2.72394 370.9 55.3347 315.565 204.233
internal_count=326276 324321 308005 74560 737 73823 17522 56301 55851 369 233445 36341 197104 132583
is_linear=0
shrinkage=0.025


Tree=371
num_leaves=15
num_cat=0
split_feature=180 40 210 132 10 38 68 0 3 38 35 24 35 0
split_gain=10.3182 17.7976 17.3049 14.4381 17.2564 12.7578 12.3781 17.5329 13.442 23.512 16.1281 17.7147 21.3968 20.4353
threshold=1.5000000000000002 21.500000000000004 1.0000000180025095e-35 1.0000000180025095e-35 -4.4999999999999991 12.500000000000002 0.026965758763253692 -20.499999999999996 -5.4999999999999991 22.500000000000004 134.50000000000003 195.50000000000003 196.50000000000003 1.0000000180025095e-35
decision_type=2 2 2 2 2 2 2 2 2 2 2 2 2 2
left_child=1 2 3 4 -1 -4 8 -8 -6 10 -10 -12 13 -13
right_child=-2 -3 5 -5 6 -7 7 -9 9 -11 11 12 -14 -15
leaf_value=-0.01990418161026912 0.016375509109862262 -0.020394741634699516 0 0.027112872999704732 -0.0087892105254680532 -0.047902350601643419 0.00063780374616112208 0.019357627158782836 -0.013824900041956238 -0.0089223279296419405 -0.016789827590378475 0.017553462666095216 -0.0070801312398167783 -0.01354266933989072
leaf_weight=21.347011332763941 20.885814752196893 23.556157695013098 7.1187983822892402 10.247321494767673 93.205267728830222 4.8596742498339154 84.066909157132613 49.959211367793614 18.599598125496414 84.005155351216672 12.40846532024443 137.75897918612463 30.695850906369742 11.467758143320678
leaf_count=12223 1952 16277 385 119 44265 273 52506 7901 11324 88613 290 82962 6259 927
internal_value=0.000242539 -0.000367083 0.000526048 0.00127953 0.000600567 -0.0259177 0.00159535 0.00806924 -0.000620928 0.001939 0.00644595 0.00871648 0.0108587 0.0147798
internal_weight=610.182 589.296 565.74 553.762 543.514 11.9785 522.167 134.026 388.141 294.936 210.931 192.331 179.923 149.227
internal_count=326276 324324 308047 307389 307270 658 295047 60407 234640 190375 101762 90438 90148 83889
is_linear=0
shrinkage=0.025


Tree=372
num_leaves=15
num_cat=0
split_feature=3 2 3 37 1 1 38 31 234 30 36 27 24 1
split_gain=10.0141 16.2543 16.5869 17.9402 24.0755 20.2103 19.0528 18.5735 15.8089 14.9609 16.229 14.1479 13.8728 13.4335
threshold=-3.4999999999999996 194.50000000000003 -1.4999999999999998 30.500000000000004 20.500000000000004 19.500000000000004 21.500000000000004 17.500000000000004 1.0000000180025095e-35 7.5000000000000009 110.50000000000001 0.4908218532800675 197.50000000000003 6.5000000000000009
decision_type=2 2 2 2 2 2 2 2 2 2 2 2 2 2
left_child=13 2 8 4 5 11 9 -7 12 10 -6 -4 -2 -1
right_child=1 -3 3 -5 6 7 -8 -9 -10 -11 -12 -13 -14 -15
leaf_value=0.0061573812397391035 -0.010243797484846905 -0.046560326936515878 -0.0035420986631043505 0.0139369206334865 -0.01709977052903856 0.079567643114963449 -0.022337956457396422 0.0027745168304619686 -0.016096970659296952 -0.01661559466990891 0.015383382446800042 0.02080765806775212 0.023395150927196042 -0.0058968193485898959
leaf_weight=72.175400024396367 6.0302110537886611 0.94520411617122491 53.030758849548874 49.272172261567903 9.6174570127041061 1.5094485474983219 43.61665602013818 5.2127386334759649 5.9871832244098178 22.642852163233329 34.167297568696085 16.965742326603504 53.129768836137373 231.85386667097919
leaf_count=6679 100 12 19511 85345 6320 200 85203 1051 189 4720 3840 5512 18800 88794
internal_value=0.000223239 0.00346739 0.00416423 0.000902339 -0.00257069 0.00782209 -0.0100526 0.0418211 0.0150556 -0.00100923 0.00707502 0.0026299 0.0192352 -0.00292157
internal_weight=606.157 302.127 301.182 236.035 186.763 76.7187 110.044 6.72219 65.1472 66.4276 43.7848 69.9965 59.16 304.029
internal_count=326276 230803 230791 211702 126357 26274 100083 1251 19089 14880 10160 25023 18900 95473
is_linear=0
shrinkage=0.025


Tree=373
num_leaves=15
num_cat=0
split_feature=225 40 210 140 68 37 0 24 24 40 32 193 0 38
split_gain=10.008 12.483 11.2994 11.5429 11.2332 10.2387 11.0833 8.56423 17.0663 13.4253 9.67468 7.90166 7.35509 7.33707
threshold=13.500000000000002 21.500000000000004 1.0000000180025095e-35 1.0000000180025095e-35 0.15927980840206149 35.500000000000007 -1.4999999999999998 231.50000000000003 233.50000000000003 8.5000000000000018 1.5000000000000002 2.5000000000000004 -6.4999999999999991 8.5000000000000018
decision_type=2 2 2 2 2 2 2 2 2 2 2 2 2 2
left_child=1 2 3 4 5 7 -7 9 -9 12 -10 -3 -1 -12
right_child=-2 11 -4 -5 -6 6 -8 8 10 -11 13 -13 -14 -15
leaf_value=-0.012689095479899853 0.018999507242617761 -0.022067674723314432 -0.019010706555135995 0.034497168454159947 0.019709771961170273 0.01839834380993911 -0.016974684447210172 0.020426386873982554 0.0017900373458971429 0.013661630296256761 0.0051586025884310721 0.0092088899776169367 0.0021042910898335125 -0.011956111491278277
leaf_weight=90.119594741030596 14.273295169725314 21.899610001681143 14.869608222332316 3.4472328131669192 15.782606390042927 29.65879252650484 3.4918941592331967 23.281885395525023 266.82760942677851 14.541518772253765 16.394246102150646 3.2917178003117433 22.588467671099352 62.147335205998388
leaf_count=59830 1955 16277 440 34 2326 57438 651 3100 104348 1482 20321 39 4034 54001
internal_value=0.000219755 -0.000287645 0.000479448 0.00115396 0.000709599 0 0.0128814 -0.000896227 0.000984751 -0.00643466 -0.000418694 -0.0165489 -0.00953052 -0.00801875
internal_weight=602.615 588.342 563.151 548.281 544.834 529.051 33.1507 495.901 368.651 127.25 345.369 25.1913 112.708 78.5416
internal_count=326276 324321 308005 307565 307531 305205 58089 247116 181770 65346 178670 16316 63864 74322
is_linear=0
shrinkage=0.025


Tree=374
num_leaves=15
num_cat=0
split_feature=180 40 210 132 10 37 38 69 0 40 238 35 35 40
split_gain=9.83823 16.7422 16.3057 13.7013 16.6813 15.259 12.2052 11.9945 20.4021 13.4924 15.8491 14.3299 9.35723 9.14772
threshold=1.5000000000000002 21.500000000000004 1.0000000180025095e-35 1.0000000180025095e-35 -4.4999999999999991 33.500000000000007 12.500000000000002 0.026965758763253692 -20.499999999999996 6.5000000000000009 1.0000000180025095e-35 166.50000000000003 195.50000000000003 1.0000000180025095e-35
decision_type=2 2 2 2 2 2 2 2 2 2 2 2 2 2
left_child=1 2 3 4 -1 7 -4 9 -9 10 13 -11 -10 -6
right_child=-2 -3 6 -5 5 -7 -8 8 12 11 -12 -13 -14 -15
leaf_value=-0.019785158997725205 0.016063079227359594 -0.020159037153881225 0 0.026467646343249329 0.00022906925065077806 0.015429234660021225 -0.046369885544092465 -0.0011613046970523411 0.011004973007723602 -0.014275376473891805 -0.015008757064182844 0.01824781240178542 0.039515008574313164 -0.018261761577767391
leaf_weight=20.897489228533232 20.635551495259278 22.619891582886339 7.154214325186329 10.174246155365834 231.995521677949 42.22522596854833 4.9602450197562575 74.306641824485268 38.864262784132734 7.8130541016580528 62.084404452543822 32.463391470868373 9.3680954199517128 14.838714042329228
leaf_count=12223 1952 16277 385 119 76854 79831 273 40905 4993 646 88477 1131 1241 969
internal_value=0.000226768 -0.000373782 0.000488525 0.00123593 0.000564529 0.00155032 -0.0250543 0.000165694 0.00684778 -0.00214655 -0.00400352 0.0108089 0.01902 -0.0009884
internal_weight=600.401 579.765 557.146 545.031 534.857 513.959 12.1145 471.734 122.539 349.195 308.919 40.2764 48.2324 246.834
internal_count=326276 324324 308047 307389 307270 295047 658 215216 47139 168077 166300 1777 6234 77823
is_linear=0
shrinkage=0.025


Tree=375
num_leaves=15
num_cat=0
split_feature=3 234 35 99 33 234 6 32 37 39 12 252 51 226
split_gain=9.73889 16.7507 18.0182 13.973 13.489 20.5575 18.9514 16.5649 34.9448 16.3963 20.6922 17.9845 13.2486 11.8415
threshold=-4.4999999999999991 1.0000000180025095e-35 186.50000000000003 0.0061643789522349843 1.0000000180025095e-35 1.0000000180025095e-35 103.50000000000001 2.5000000000000004 22.500000000000004 145.50000000000003 46.516254425048835 1.0000000180025095e-35 0.016295588575303558 8.5000000000000018
decision_type=2 2 2 2 2 2 2 2 2 2 2 2 2 2
left_child=1 12 -3 -4 13 7 -7 9 -9 11 -11 -6 -1 -2
right_child=4 2 3 -5 5 6 -8 8 -10 10 -12 -13 -14 -15
leaf_value=-0.013749311865485149 -0.0039337981227881595 -0.0043929638732007727 -0.00083169134737735731 0.077093520344448038 -0.010975759011900293 -0.031389474127708032 0.013723864016156044 -0.019993261010472621 0.017859679223201693 -0.0093923938784735064 0.020882979949273867 0.025195929224809746 -0.00049132795289257372 0.02223301944708439
leaf_weight=74.545872563074226 172.0418568533496 4.0355866439058437 1.1177216927171687 1.6029155763681044 6.9797053420916191 12.76979782630224 6.1447466898243865 28.565026178330299 26.288501702496433 31.240142844093498 20.630438629916171 72.201615708487225 131.30909651616821 8.3566259822109696
leaf_count=42256 84256 533 153 146 301 1307 250 51002 57600 3702 7200 36001 41188 381
internal_value=0.000219449 -0.0039964 0.0277283 0.0570619 0.00262358 0.00699936 -0.0157204 0.00965622 -0.00143474 0.0144132 0.00267679 0.021419 -0.00554065 -0.0022415
internal_weight=597.83 212.611 6.75622 2.72064 385.218 204.82 18.9145 185.905 54.8535 131.052 51.8706 79.1813 205.855 180.398
internal_count=326276 84276 832 299 242000 157363 1557 155806 108602 47204 10902 36302 83444 84637
is_linear=0
shrinkage=0.025


Tree=376
num_leaves=15
num_cat=0
split_feature=225 40 3 0 99 35 185 5 38 42 226 31 33 0
split_gain=9.47975 11.7046 10.9755 15.9649 15.9984 14.5229 12.972 23.853 17.7428 12.8376 12.3541 11.1738 11.3429 22.492
threshold=13.500000000000002 21.500000000000004 -4.4999999999999991 1.0000000180025095e-35 0.0080432766117155569 176.50000000000003 1.0000000180025095e-35 1.0000000180025095e-35 15.500000000000002 12.500000000000002 1.0000000180025095e-35 34.500000000000007 1.0000000180025095e-35 1.0000000180025095e-35
decision_type=2 2 2 2 2 2 2 2 2 2 2 2 2 2
left_child=1 2 3 6 -5 -6 7 10 -8 -9 -1 12 -4 -14
right_child=-2 -3 11 4 5 -7 8 9 -10 -11 -12 -13 13 -15
leaf_value=-0.021564460120441515 0.018612946521349153 -0.016312242878732657 -6.87979767756352e-05 -0.0075666743308741014 -0.0029170068411021673 0.073413724332897001 0.0080415198310969747 0.01499108150628947 -0.017467142897339517 -0.019535013503458317 0.0084071633877608794 -0.0070027396157920918 0.012492332740767765 -0.016740661691313368
leaf_weight=71.690437582015875 14.059775326546513 24.207590656893444 139.78468461422017 2.6552027125144368 1.1108585288748147 1.8020479715196414 64.639352290600073 24.433095376240093 19.590769541915506 5.6270839958451679 6.8370334468781939 53.180559524626005 149.39311596380139 15.139469463378189
leaf_count=55672 1955 16316 65695 368 186 183 13538 229 3984 101 299 36341 130468 941
internal_value=0.000221717 -0.00027463 0.000462856 -0.00416194 0.0289158 0.0533654 -0.00567318 -0.0112937 0.00142528 0.00658561 -0.018435 0.00311191 0.00501194 0.00940163
internal_weight=594.151 580.091 555.884 198.386 5.56811 2.91291 192.818 108.588 84.2301 30.0602 78.5275 357.498 304.317 164.533
internal_count=326276 324321 308005 74560 737 369 73823 56301 17522 330 55971 233445 197104 131409
is_linear=0
shrinkage=0.025


Tree=377
num_leaves=15
num_cat=0
split_feature=180 40 210 132 11 37 68 0 40 3 38 3 40 3
split_gain=9.31847 15.8573 15.7148 13.1789 15.9339 14.3555 11.6116 19.7061 13.1244 15.0941 13.8309 11.8674 13.8972 12.0958
threshold=1.5000000000000002 21.500000000000004 1.0000000180025095e-35 1.0000000180025095e-35 5.5000000000000009 33.500000000000007 0.026965758763253692 -20.499999999999996 6.5000000000000009 1.0000000180025095e-35 13.500000000000002 -5.4999999999999991 1.0000000180025095e-35 -21.499999999999996
decision_type=2 2 2 2 2 2 2 2 2 2 2 2 2 2
left_child=1 2 3 4 5 6 8 -8 9 11 -10 13 -13 -1
right_child=-2 -3 -4 -5 -6 -7 7 -9 10 -11 -12 12 -14 -15
leaf_value=0.020941627511515831 0.01570947000554691 -0.019942936009937004 -0.024547931986547863 0.026104417493174721 -0.019607595415672863 0.015194326802975687 -0.0011724773192430666 0.018722757134164443 -0.012419700644248292 -0.014760497935515291 0.018625849553121888 0.0056011913080256564 -0.018351046122139964 -0.010960019447325296
leaf_weight=4.8876581234799223 20.387206099971081 21.822215335756482 12.182650360598926 10.017610536058781 20.283514504437335 40.849285968433833 73.329569741821615 48.097573275270406 8.8373509302618896 61.452215242592501 30.836152040763409 141.67553368202061 13.636491355253382 82.799623980361503
leaf_count=1374 1952 16277 658 119 12223 79831 40905 6234 833 88477 944 34443 269 41737
internal_value=0.000215696 -0.00037346 0.00046345 0.0012108 0.000544959 0.00151195 0.000168455 0.00676856 -0.00212679 -0.0039729 0.0107376 -0.000996453 0.00303236 -0.00827222
internal_weight=591.095 570.707 548.885 536.703 526.685 506.401 465.552 121.427 344.125 304.452 39.6735 242.999 155.312 87.6873
internal_count=326276 324324 308047 307389 307270 295047 215216 47139 168077 166300 1777 77823 34712 43111
is_linear=0
shrinkage=0.025


Tree=378
num_leaves=15
num_cat=0
split_feature=225 40 211 86 102 0 0 0 38 38 0 74 147 30
split_gain=9.1934 14.0569 8.6968 7.78789 8.08442 14.0221 14.083 16.4176 17.2121 13.164 12.0785 11.7662 11.914 10.9779
threshold=11.500000000000002 21.500000000000004 1.0000000180025095e-35 -0.032364549115300172 0.01620579976588488 -20.499999999999996 -19.499999999999996 -6.4999999999999991 17.500000000000004 21.500000000000004 -5.4999999999999991 0.73232322931289684 1.0000000180025095e-35 2.5000000000000004
decision_type=2 2 2 2 2 2 2 2 2 2 2 2 2 2
left_child=1 3 -2 -1 -5 9 13 -8 10 -6 -9 -10 -13 -7
right_child=2 -3 -4 4 5 6 7 8 11 -11 -12 12 -14 -15
leaf_value=-0.010626344972787347 0.022407247138904501 -0.018920084476495434 -0.011225562841318119 -0.0015334425936449668 0.0037899165596785448 0 -0.0060763350799934992 0.021948321348287829 0 -0.014076784354232688 -0.0091798607695578616 0.04744144271638507 -0.007294293793135999 0.044060609603224776
leaf_weight=33.90350796765415 17.608132054709134 21.531723443324154 3.1575360478600478 281.53843799052993 107.68309888233489 3.6275346633337895 31.720227890677052 9.1506202432501613 4.1824275839026095 30.524364200580749 18.046567285375204 13.940535361529326 1.1752135137212469 10.239631021016974
leaf_count=22661 1121 16283 1034 149716 64921 348 16749 678 2175 44524 3865 1180 62 959
internal_value=0.000208955 -0.000384297 0.0154698 0.000400909 0.00123758 0.00470857 0.0121042 0.00692184 0.0161254 -0.000194292 0.00160549 0.0324983 0.0413026 0.0334222
internal_weight=588.03 567.264 20.7657 545.732 511.829 230.29 92.0828 78.2156 46.4954 138.207 27.1972 19.2982 15.1157 13.8672
internal_count=326276 324121 2155 307838 285177 135461 26016 24709 7960 109445 4543 3417 1242 1307
is_linear=0
shrinkage=0.025


Tree=379
num_leaves=15
num_cat=0
split_feature=3 236 3 1 1 68 226 51 3 3 1 35 4 26
split_gain=9.26994 18.9744 14.6298 13.1238 15.0287 11.5686 10.6784 16.9167 12.5436 17.806 16.5207 14.762 14.8741 29.0894
threshold=-19.499999999999996 1.0000000180025095e-35 -24.999999999999996 20.500000000000004 19.500000000000004 0.18488000333309176 7.5000000000000009 1.0599294900894167 -6.4999999999999991 -5.4999999999999991 6.5000000000000009 200.50000000000003 1.0000000180025095e-35 174.50000000000003
decision_type=2 2 2 2 2 2 2 2 2 2 2 2 2 2
left_child=1 2 -1 4 -3 6 7 8 -2 10 -10 12 -11 -14
right_child=5 3 -4 -5 -6 -7 -8 -9 9 11 -12 -13 13 -15
leaf_value=0.034090792900789903 0.015755082735155163 -0.016244844118778308 -0.0082469446378081058 -0.025745537038814877 0.015605440961006021 0.022088843442019876 0.018710044906206268 -0.023203466238300247 0.0036575382596809704 0 -0.021635043093040159 -0.011597109970033973 -0.0046344877088040281 0.020712459635444606
leaf_weight=7.7081066198879853 30.108557365201705 17.858771321494714 6.5597193047287856 28.292298370753997 13.374708706396634 13.522153909099869 16.798699944425607 15.914448132083633 22.430015271180309 221.40435435218387 39.329989221208962 41.260412866467959 42.65431784739485 69.449754107714398
leaf_count=256 9383 7758 769 34480 431 2040 912 1449 1816 202928 28264 14431 5171 16188
internal_value=0.000205883 -0.00784884 0.0151269 -0.0142173 -0.00170339 0.00145219 0.000715014 0 0.000910562 -0.000156973 -0.0123193 0.00186306 0.00369114 0.0109816
internal_weight=586.666 73.7936 14.2678 59.5258 31.2335 512.873 499.351 482.552 466.637 436.529 61.76 374.769 333.508 112.104
internal_count=326276 43694 1025 42669 8189 282582 280542 279630 278181 268798 30080 238718 224287 21359
is_linear=0
shrinkage=0.025


Tree=380
num_leaves=15
num_cat=0
split_feature=48 3 3 0 37 0 40 38 0 70 78 3 50 57
split_gain=9.45144 11.4465 15.0148 16.2572 12.4887 21.8832 16.8311 16.3754 16.1034 13.7857 12.0802 16.4588 12.651 11.8909
threshold=-0.02830465883016586 -3.4999999999999996 -1.4999999999999998 1.0000000180025095e-35 25.500000000000004 -20.499999999999996 8.5000000000000018 4.5000000000000009 1.0000000180025095e-35 0.028365949168801311 0.06405124813318254 -24.999999999999996 0.012713325675576927 1.0000000180025095e-35
decision_type=2 2 2 2 2 2 2 2 2 2 2 2 2 2
left_child=-1 10 3 -3 5 6 7 -4 -6 13 11 12 -2 -7
right_child=1 2 4 -5 8 9 -8 -9 -10 -11 -12 -13 -14 -15
leaf_value=-0.0111630687498593 -0.0091951294894506829 0.020887517124028639 0.0032998914834913361 -0.015826870838457113 0.01667496268766409 -0.0030146271155122922 0.017371387905491677 -0.020619115447563882 -0.02092680734417476 0.027145152814038162 -0.010839042736033401 -0.0012895214846698443 0.035131840590912906 0.028008968431524839
leaf_weight=39.077347748898319 3.0641745456814524 49.951204922079341 21.831829922273755 5.7507365467026821 48.340686801398988 47.434891136479564 9.0595467709936184 58.426511330297217 5.0972648722818112 15.307169643318046 73.792794252032763 188.69777789199725 11.148737474759399 6.0178464782657093
leaf_count=24532 3093 17561 5273 187 84686 20144 169 82600 878 2784 24018 57147 2993 211
internal_value=0.000202352 0.00112135 0.00481663 0.0160561 0.00155707 -0.00187883 -0.0100211 -0.0139279 0.0117236 0.00832622 -0.00237126 0.000699876 0.0241859 0.00133808
internal_weight=582.999 543.921 267.218 55.7019 211.516 158.078 89.3179 80.2583 53.438 68.7599 276.703 202.911 14.2129 53.4527
internal_count=326276 301744 214493 17748 196745 111181 88042 87873 85564 23139 87251 63233 6086 20355
is_linear=0
shrinkage=0.025


Tree=381
num_leaves=15
num_cat=0
split_feature=48 3 3 0 126 37 0 12 0 0 3 94 24 0
split_gain=9.06526 11.0288 14.5329 15.8915 12.8052 15.1892 13.2795 12.2438 11.9688 14.3615 13.3218 13.251 11.8994 11.4586
threshold=-0.02830465883016586 -3.4999999999999996 -1.4999999999999998 1.0000000180025095e-35 0.35124972462654119 26.500000000000004 -4.4999999999999991 86.413913726806655 -6.4999999999999991 -5.4999999999999991 -24.999999999999996 0.0730770379304886 353.50000000000006 -1.0000000180025095e-35
decision_type=2 2 2 2 2 2 2 2 2 2 2 2 2 2
left_child=-1 8 3 -3 5 12 7 -7 11 -10 13 -2 -4 -11
right_child=1 2 4 -5 -6 6 -8 -9 9 10 -12 -13 -14 -15
leaf_value=-0.010946663165635417 -0.0016589984013926512 0.020763845869452128 0.00032233326418017552 -0.015712364624228228 0.023764526210963019 0.021566995791142546 -0.016529617044931246 -0.012877594852147792 0.020237592794554102 -0.0040578370342832888 -0.0072753309320878817 -0.01667758753629647 -0.014583998303905424 0.056250022717251338
leaf_weight=38.915009994729189 160.84754318725027 49.022093978186604 104.9861249900423 5.6707027484662822 12.075870964705244 38.29731572001765 5.7514872537722104 4.6309144161641589 25.578035501413979 1.7357883940567262 40.06623428594321 46.901534925869782 44.04327178139647 1.2125589370261869
leaf_count=24532 63013 17561 81143 187 1776 80430 3181 91 890 420 4900 17938 30124 90
internal_value=0.000203442 0.00110769 0.00476179 0.0159282 0.0015496 -1.76325e-05 0.0115661 0.0167085 -0.00231362 0.00639408 -0.0020772 -0.00535737 -0.00411941 0.0324022
internal_weight=579.734 540.819 264.478 54.6928 209.785 197.709 48.6797 42.9282 276.342 68.5926 43.0146 207.749 149.029 2.94835
internal_count=326276 301744 214493 17748 196745 194969 83702 80521 87251 6300 5410 80951 111267 510
is_linear=0
shrinkage=0.025


Tree=382
num_leaves=15
num_cat=0
split_feature=210 225 52 27 27 0 37 35 32 23 1 37 39 0
split_gain=9.23321 19.6131 14.1985 10.4183 14.1084 11.9095 10.0397 22.1273 20.0885 16.5327 8.35841 8.03508 21.1645 14.1437
threshold=1.0000000180025095e-35 1.0000000180025095e-35 0.55488118529319774 0.73600271344184887 0.52417853474617015 -3.4999999999999996 20.500000000000004 166.50000000000003 4.5000000000000009 8.5000000000000018 6.5000000000000009 7.5000000000000009 129.50000000000003 -6.4999999999999991
decision_type=2 2 2 2 2 2 2 2 2 2 2 2 2 2
left_child=1 6 3 4 5 -3 8 -8 11 -9 -2 12 13 -1
right_child=10 2 -4 -5 -6 -7 7 9 -10 -11 -12 -13 -14 -15
leaf_value=-0.018744010393208766 0 0.019174009418849926 -0.015500232647622708 -0.011351803042687698 0.040870580158638828 -0.012978167726833465 0.020057828578965889 0.012015797287513378 -0.021280868789762084 -0.008587861277149408 -0.030761148440197901 -0.0050320211918974383 0.0077383787326831743 0.011060598921323541
leaf_weight=35.579882224614266 10.79156397393672 19.626577262562932 5.1819953314115983 3.2668516692501717 15.759556737830279 7.1384676562884151 39.735435927606886 34.189994888976798 30.645170696938294 66.287335649249144 8.2001627844292653 156.91110969099827 133.31235136909527 10.041014149639521
leaf_count=41982 1907 960 184 463 733 682 54696 38014 47235 19175 242 70103 47100 2800
internal_value=0.000200997 0.000865552 0.0152115 0.0199387 0.0234813 0.00931507 -0.000609612 0.0049508 -0.00282752 -0.00119024 -0.0156324 -0.000896399 0.00261599 -0.0113922
internal_weight=576.667 557.676 50.9734 45.7915 42.5246 26.765 506.702 140.213 366.49 100.477 18.9917 335.844 178.933 45.6209
internal_count=326276 324127 3022 2838 2375 1642 321105 111885 209220 57189 2149 161985 91882 44782
is_linear=0
shrinkage=0.025


Tree=383
num_leaves=15
num_cat=0
split_feature=27 0 0 3 38 30 252 0 0 35 3 27 3 3
split_gain=8.76675 11.4151 46.7536 20.3335 25.7136 20.6877 17.9539 16.0347 40.7989 15.6605 15.829 13.5653 13.5549 12.9531
threshold=0.80652770400047313 -20.499999999999996 -19.499999999999996 -5.4999999999999991 30.500000000000004 1.5000000000000002 1.0000000180025095e-35 -6.4999999999999991 -5.4999999999999991 181.50000000000003 1.0000000180025095e-35 0.55428534746170055 -60.499999999999993 -11.499999999999998
decision_type=2 2 2 2 2 2 2 2 2 2 2 2 2 2
left_child=1 3 -3 5 6 -1 -5 13 -9 10 -8 12 -10 -4
right_child=-2 2 7 4 -6 -7 9 8 11 -11 -12 -13 -14 -15
leaf_value=0.00091412387050346193 -0.021178103012667211 0.032335177398324158 -0.029334807222578991 -0.019591502468618644 -0.01913046198920193 -0.02449522022932037 0.014998018484379316 0.029051857884982952 0.039203057603928983 -0.0018454281982302617 -0.012753604118544629 0.01799558478374948 -0.0080960955999491244 -0.0029779094587189148
leaf_weight=32.298930591830867 8.6882414917345141 30.274321797507582 12.21478438109625 14.842616395530056 30.849596745247254 42.228076214661996 109.95370533198002 31.944854832239798 0.85994305089115997 81.161374841118231 11.214651232090544 14.247472076749544 86.480435291829053 67.096895716880681
leaf_count=19134 2397 3229 5567 9912 81736 45860 72761 3203 30 22210 5118 2348 16731 36040
internal_value=0.000191486 0.000673663 0.00476736 -0.00235063 0.00103719 -0.0135515 0.00423721 0.000335453 0.00569439 0.00636771 0.0119821 -0.0020341 -0.00606728 -0.00826207
internal_weight=574.356 565.668 243.119 322.549 248.022 74.527 217.172 212.844 133.533 202.33 121.168 101.588 87.3404 79.3117
internal_count=326276 323879 67148 256731 191737 64994 110001 63919 22312 100089 77879 19109 16761 41607
is_linear=0
shrinkage=0.025


Tree=384
num_leaves=15
num_cat=0
split_feature=210 225 40 27 27 0 37 32 3 12 5 36 3 31
split_gain=9.09375 18.3261 14.4001 12.3388 17.5541 14.5378 11.0475 20.7472 27.4117 25.2853 23.5279 18.6331 17.9087 17.5619
threshold=1.0000000180025095e-35 1.0000000180025095e-35 20.000000000000004 0.73600271344184887 0.52417853474617015 -3.4999999999999996 20.500000000000004 4.5000000000000009 -5.4999999999999991 0.49491782486438757 1.0000000180025095e-35 119.50000000000001 -22.999999999999996 21.500000000000004
decision_type=2 2 2 2 2 2 2 2 2 2 2 2 2 2
left_child=1 2 6 4 5 -3 7 8 10 13 12 -8 -1 -10
right_child=-2 3 -4 -5 -6 -7 11 -9 9 -11 -12 -13 -14 -15
leaf_value=0.01512123497823189 -0.015573882471505068 0.015916435307584357 -0.020663789482928446 -0.014350294196269979 0.037935198453808369 -0.018620126245352572 0.015776096962456392 -0.021089327414575011 0.0070252092728022957 0.014096056226329437 0.011388979528069536 -0.0024422386202667015 -0.021679274267360438 -0.010814833222339644
leaf_weight=6.4030638022959456 18.869858288671821 21.985762256008456 18.421391508127272 4.9400468110688953 16.311224534045323 7.6425235368078601 64.126640863236389 29.414309552856139 60.585351154761156 96.795401406066958 19.067424714565277 67.953138922835933 67.638807140101562 70.789668441924732
leaf_count=6300 2149 1019 16389 530 758 715 71846 47135 21945 18946 127 34943 53641 49833
internal_value=0.000182134 0.000846973 -0.000591078 0.0147208 0.0190458 0.00534871 0.000246263 -0.00202459 -2.30901e-05 0.00456546 -0.0113193 0.00637188 -0.0177074 -0.00242845
internal_weight=570.945 552.075 501.195 50.8796 45.9395 29.6283 482.774 350.694 321.28 228.17 93.1093 132.08 74.0419 131.375
internal_count=326276 324127 321105 3022 2492 1734 304716 197927 150792 90724 60068 106789 59941 71778
is_linear=0
shrinkage=0.025


Tree=385
num_leaves=15
num_cat=0
split_feature=210 225 52 24 11 37 32 3 4 39 31 0 0 47
split_gain=8.63725 17.4794 13.209 9.89361 10.8538 13.438 21.7392 25.6685 24.569 18.6038 26.1748 18.5138 15.2249 14.9322
threshold=1.0000000180025095e-35 1.0000000180025095e-35 0.55488118529319774 188.50000000000003 4.5000000000000009 20.500000000000004 4.5000000000000009 -5.4999999999999991 1.0000000180025095e-35 128.50000000000003 34.500000000000007 -6.4999999999999991 1.0000000180025095e-35 0.12569274008274081
decision_type=2 2 2 2 2 2 2 2 2 2 2 2 2 2
left_child=1 3 -3 -1 5 6 7 11 9 -9 12 -5 -11 -10
right_child=-2 2 -4 4 -6 -7 -8 8 13 10 -12 -13 -14 -15
leaf_value=-0.018071364277654343 -0.015110959853409081 0.018956831531993835 -0.015250208082707217 -0.018752155507435198 -0.015696852666911978 0.0080038041315672864 -0.021032575268692649 -0.013443577484214281 0.020595723098196145 0.015902799843719107 -0.017651294221430674 0.0055873632006591444 -0.019782363157351972 -0.0051686556577439976
leaf_weight=16.44662763713859 19.051307521644048 45.698564859150792 5.129046488495077 57.562050839551375 22.656604018971848 122.88298649787612 29.384610131906811 48.634480083594099 66.552281170210335 67.474780755117536 20.607515180687187 25.152539691713173 5.1996641516452646 14.497424710367339
leaf_count=3942 2149 2838 184 48051 15508 108590 47235 60689 17793 11786 2914 3151 156 1290
internal_value=0.000174747 0.000831053 0.014383 -0.000582722 7.24479e-05 0.00100394 -0.00153751 0.000441729 0.00493314 -0.00122359 0.00510827 -0.0111226 0.0123362 0.0156698
internal_weight=566.93 547.879 50.8276 497.052 480.605 457.948 335.065 305.681 222.966 141.916 93.282 82.7146 72.6744 81.0497
internal_count=326276 324127 3022 321105 317163 301655 193065 145830 94628 75545 14856 51202 11942 19083
is_linear=0
shrinkage=0.025


Tree=386
num_leaves=15
num_cat=0
split_feature=48 210 133 40 10 68 37 95 0 20 35 37 234 33
split_gain=8.40983 9.28314 20.246 15.596 12.6137 11.6073 10.6942 8.98165 8.26644 8.26276 9.74508 14.554 8.73598 14.7733
threshold=-0.02830465883016586 1.0000000180025095e-35 1.0000000180025095e-35 23.500000000000004 -4.4999999999999991 0.15927980840206149 33.500000000000007 0.12628913670778277 1.0000000180025095e-35 97.500000000000014 164.50000000000003 21.500000000000004 1.0000000180025095e-35 1.0000000180025095e-35
decision_type=2 2 2 2 2 2 2 2 2 2 2 2 2 2
left_child=-1 2 3 4 -2 6 7 9 -8 12 -11 -12 -6 -14
right_child=1 -3 -4 -5 5 -7 8 -9 -10 10 11 -13 13 -15
leaf_value=-0.010734968939659929 -0.016881624051286667 -0.014664626903250454 0.02647262512691087 -0.020836263712175451 -0.0027868944890405375 0.022650664808537592 0.018601389351918171 -0.011567834560241394 -0.011473997055623932 -0.0064156310929968929 0.014939427117046903 -0.0077497830389695686 0.024813420296049372 -0.0074654300142514953
leaf_weight=37.770124392598518 18.587635208561551 19.229393540648744 16.981010223942576 17.001221747457748 218.00649793801131 14.548233471708953 32.229744127849699 32.142152117041405 3.643481033621355 23.435217941965675 80.901552017297945 18.773441543627996 17.041986865573566 12.31571078347042
leaf_count=24532 11168 2149 371 13853 135383 2153 75790 31406 797 7958 15197 4554 399 566
internal_value=0.000152617 0.00104007 0.00176948 0.000703834 0.00165978 0.00258138 0.00170951 0.000433006 0.0142539 0.00162569 0.0068599 0.0103209 -0.000930444 0.011063
internal_weight=562.607 524.837 505.608 488.627 471.626 453.038 438.49 402.617 35.8732 370.474 123.11 99.675 247.364 29.3577
internal_count=326276 301744 299595 299224 285371 274203 272050 195463 76587 164057 27709 19751 136348 965
is_linear=0
shrinkage=0.025


Tree=387
num_leaves=15
num_cat=0
split_feature=27 225 210 40 70 1 37 3 24 35 3 38 5 35
split_gain=8.36382 11.3665 12.5201 10.4499 7.33486 15.6804 14.4247 14.2331 10.1697 9.25399 10.382 22.3877 17.414 16.8222
threshold=0.80652770400047313 6.5000000000000009 1.0000000180025095e-35 21.500000000000004 0.026965758763253692 6.5000000000000009 20.500000000000004 -4.4999999999999991 191.50000000000003 202.50000000000003 -5.4999999999999991 21.500000000000004 1.0000000180025095e-35 138.50000000000003
decision_type=2 2 2 2 2 2 2 2 2 2 2 2 2 2
left_child=1 3 -3 4 8 -6 7 -7 -1 10 12 13 -10 -12
right_child=-2 2 -4 -5 5 6 -8 -9 9 -11 11 -13 -14 -15
leaf_value=-0.01943129728232687 -0.020915828288944498 0.024762275619192035 -0.0077590872696948303 -0.01723292252510426 0.021494115537416689 -0.018105899193651173 0.012291413621681367 0.003573499491450598 -0.011738388818115335 -0.014523613608565309 -0.0096221989028351627 -0.0070998113240777335 0.014062178161904687 0.012219688536662065
leaf_weight=15.442246592443551 8.4833518534433079 20.620087716655693 7.6211634040228082 18.678530981916992 26.862971033333451 30.118875428423053 40.574505234588287 39.017770604346879 72.943428375700023 23.607638666551793 22.489426012078184 77.694631746198866 17.361693688901141 138.71827477890474
leaf_count=3436 2397 407 1924 15956 3110 16135 19125 25180 45657 8554 16558 86580 177 81080
internal_value=0.000142631 0.000622835 0.0152835 -0.000203145 0.000475801 0.0053948 0.000763862 -0.00588462 -0.00131 -0.00028945 0.000777973 0.00356992 -0.00621749 0.00890025
internal_weight=560.235 551.751 28.2413 523.51 504.831 136.574 109.711 69.1366 368.257 352.815 329.207 238.902 90.3051 161.208
internal_count=326276 323879 2331 321548 305592 63550 60440 41315 242042 238606 230052 184218 45834 97638
is_linear=0
shrinkage=0.025


Tree=388
num_leaves=15
num_cat=0
split_feature=27 225 210 48 38 37 0 0 3 30 39 35 33 99
split_gain=8.11424 10.8565 12.0956 7.31289 7.95503 15.2663 9.23102 22.0384 18.1331 13.526 14.7461 16.7539 12.5497 12.0157
threshold=0.80652770400047313 6.5000000000000009 1.0000000180025095e-35 -0.02830465883016586 6.5000000000000009 20.500000000000004 -6.4999999999999991 -5.4999999999999991 -5.4999999999999991 7.5000000000000009 113.50000000000001 200.50000000000003 1.5000000000000002 0.016513015143573288
decision_type=2 2 2 2 2 2 2 2 2 2 2 2 2 2
left_child=1 3 -3 -1 5 -5 8 -8 -6 10 -10 12 -12 -9
right_child=-2 2 -4 4 6 -7 7 13 9 -11 11 -13 -14 -15
leaf_value=-0.010481575819974054 -0.020693982996741654 0.024314078145343528 -0.0075799183931775224 -0.00062763148251352764 -0.015614080309733097 0.015404458401599597 0.030579368836181245 -0.0082949426677632731 -0.011518023174305263 -0.010416579338629902 0.014987427829405662 -0.014302566156950011 -0.0095151106524888288 0.013889312739665191
leaf_weight=37.23780297551275 8.3932426878891402 20.531616067222789 7.6764792512403792 93.248963048492442 59.112925017769157 55.56818607999594 14.592620310722848 43.343227667064639 27.064364162331913 54.29434107306588 89.625792397448095 14.756424103645257 11.815556150351766 19.565710203678464
leaf_count=24500 2397 407 1924 37379 43841 68349 1777 6226 52844 40666 35074 4465 2301 4126
internal_value=0.000130104 0.000604982 0.0149392 -0.000205676 0.000594953 0.00538017 -0.00149082 0.00580087 -0.00383041 0 0.00391083 0.00791364 0.0117027 -0.000697814
internal_weight=556.827 548.434 28.2081 520.226 482.988 148.817 334.171 77.5016 256.669 197.556 143.262 116.198 101.441 62.9089
internal_count=326276 323879 2331 321548 297048 105728 191320 12129 179191 135350 94684 41840 37375 10352
is_linear=0
shrinkage=0.025


Tree=389
num_leaves=15
num_cat=0
split_feature=1 1 38 3 30 252 40 1 1 35 3 3 252 162
split_gain=7.78806 38.1488 18.6302 23.126 20.7671 16.5595 15.2793 14.8157 39.8268 13.8241 14.2829 12.0633 13.5473 14.3015
threshold=20.500000000000004 19.500000000000004 30.500000000000004 -5.4999999999999991 1.5000000000000002 1.0000000180025095e-35 4.0000000000000009 6.5000000000000009 5.5000000000000009 181.50000000000003 1.0000000180025095e-35 -24.999999999999996 1.0000000180025095e-35 2.5000000000000004
decision_type=2 2 2 2 2 2 2 2 2 2 2 2 2 2
left_child=1 7 3 4 -2 -5 -3 8 11 10 -7 -1 -13 -14
right_child=2 6 -4 5 -6 9 -8 -9 -10 -11 -12 12 13 -15
leaf_value=0.030796668891680271 0.0023221790537436811 0.034706210378281858 -0.019506889252262585 -0.019394497445377329 -0.024191480114967589 0.014310789450600703 -0.0058448841585797802 -0.0089896153456071517 0.027906031562055258 -0.0018146909216767452 -0.012463045314003914 0.020956530202578778 -0.011554452741634268 0.018140565104150318
leaf_weight=3.0911001783097154 29.750102737350971 26.950871621695118 32.534387113671983 14.259529497881884 38.18134435218235 105.31890828120231 4.994822011794894 77.704627255225205 31.321632455597864 79.122683884648723 10.748565021232933 7.8762680223444468 84.262349031865597 8.1674477091291902
leaf_count=540 17831 2907 85690 9920 44645 72800 395 42038 3229 22241 5120 788 16780 1352
internal_value=0.000119365 0.00347602 -0.00245542 -0.000178946 -0.0126204 0.0038598 0.027693 -0.000384793 0.00448457 0.00595263 0.0113699 -0.00296221 -0.00510866 -0.00818072
internal_weight=554.285 244.369 309.916 277.381 67.9314 209.45 31.9457 212.423 134.719 195.19 116.067 103.397 100.306 92.4298
internal_count=326276 68029 258247 172557 62476 110081 3302 64727 22689 100161 77920 19460 18920 18132
is_linear=0
shrinkage=0.025


Tree=390
num_leaves=15
num_cat=0
split_feature=27 0 0 38 39 252 0 0 39 27 6 191 162 32
split_gain=7.84457 10.3949 43.6877 18.0702 14.7718 18.8847 13.9871 36.3121 13.4719 12.0073 10.6665 10.6553 9.72079 9.71057
threshold=0.80652770400047313 -20.499999999999996 -19.499999999999996 30.500000000000004 139.50000000000003 1.0000000180025095e-35 -6.4999999999999991 -5.4999999999999991 109.50000000000001 0.22768543660640719 97.500000000000014 1.0000000180025095e-35 1.5000000000000002 2.5000000000000004
decision_type=2 2 2 2 2 2 2 2 2 2 2 2 2 2
left_child=1 3 9 4 5 -1 -4 -8 -9 -3 12 -7 -10 -11
right_child=-2 2 6 -5 -6 11 7 8 10 13 -12 -13 -14 -15
leaf_value=-0.019180071462534497 -0.020442726088174261 0.0024269451961918846 -0.0080636182128466308 -0.019339157014625286 -0.005924798713601377 0.011210873477450801 0.027558535423790338 0.016942622356316248 -0.016599273072044628 0.045967260097167555 0.0053668761950816119 -0.013186960311090094 0.0093705898950363527 0
leaf_weight=13.652678746017044 8.2951325893809535 8.9319855222711357 76.275430205729208 31.931271038178238 137.91690380793443 112.75134500231798 31.010750958346762 15.600140108785125 49.5049419261195 18.635231725493217 27.81890950583329 8.9595840377296536 7.5306751204770981 2.4803645557258269
leaf_count=9992 2397 1178 41607 85533 62123 96038 3203 5449 9318 1092 3378 3045 964 959
internal_value=0.000120296 0.000590811 0.00451627 -0.00240056 -0.000142394 0.00556912 0.000145728 0.0051683 -0.00210072 0.0312203 -0.00634531 0.00894038 -0.012457 0.0405462
internal_weight=551.295 543 237.788 305.212 273.281 135.364 207.741 131.465 100.455 30.0476 84.8545 121.711 57.0356 21.1156
internal_count=326276 323879 67148 256731 171198 109075 63919 22312 19109 3229 13660 99083 10282 2051
is_linear=0
shrinkage=0.025


Tree=391
num_leaves=15
num_cat=0
split_feature=210 134 10 68 0 100 37 52 48 223 3 5 252 38
split_gain=8.14391 15.0163 17.0232 11.9048 17.4068 12.2039 11.8848 11.501 10.858 10.2508 11.4965 14.3133 12.6561 13.7642
threshold=1.0000000180025095e-35 1.0000000180025095e-35 -4.4999999999999991 0.012689179740846159 -20.499999999999996 0.012673172168433668 20.500000000000004 0.091441467404365553 0.26597744226455694 1.0000000180025095e-35 -5.4999999999999991 1.0000000180025095e-35 1.0000000180025095e-35 22.500000000000004
decision_type=2 2 2 2 2 2 2 2 2 2 2 2 2 2
left_child=1 2 -1 7 6 -6 -5 9 -3 10 11 -4 -12 -14
right_child=-2 8 3 4 5 -7 -8 -9 -10 -11 12 -13 13 -15
leaf_value=-0.02053579988510628 -0.014735866465932231 -0.010487864801084344 -0.015370424572314257 -0.0061589152736721536 0 0.022442261532761368 0.010687319828378115 -0.014293013234644781 0.026346518152620721 0.02145653645944353 -0.016289498324968506 0.016293375778154689 0.0079436488100290328 -0.007547673129599807
leaf_weight=21.428185532255156 18.993835986359045 3.5492317875614416 53.292070610652445 72.863170077791438 23.699062576008146 46.497741770042921 36.859304405639705 38.837267273673206 19.710674903835752 10.014296052628195 18.62979032547446 7.3309991694986811 132.82678668326116 44.560094166605268
leaf_count=15652 2149 101 38891 51606 5063 7826 25495 35618 516 414 11693 38 67141 64073
internal_value=0.000117827 0.000776873 -0.000128492 0.000841796 0.00592684 0.0153747 -0.000144121 -0.00210052 0.0192179 -9.27509e-05 -0.00126811 -0.0105607 0.00159612 0.00385279
internal_weight=549.093 530.099 506.839 485.411 179.919 70.1968 109.722 305.491 23.2599 266.654 256.64 60.6231 196.017 177.387
internal_count=326276 324127 323510 307858 89990 12889 77101 217868 617 182250 181836 38929 142907 131214
is_linear=0
shrinkage=0.025


Tree=392
num_leaves=15
num_cat=0
split_feature=3 2 3 0 27 41 5 37 236 3 29 6 26 26
split_gain=7.79503 15.6198 13.5508 14.0172 13.0457 13.7289 17.1289 11.4675 10.033 13.3953 12.4855 10.5312 11.6648 10.6466
threshold=-3.4999999999999996 194.50000000000003 -1.4999999999999998 1.0000000180025095e-35 0.38326759636402136 1.5000000000000002 1.0000000180025095e-35 30.500000000000004 1.0000000180025095e-35 -24.999999999999996 30.500000000000004 91.500000000000014 339.50000000000006 272.50000000000006
decision_type=2 2 2 2 2 2 2 2 2 2 2 2 2 2
left_child=8 2 3 -2 7 -6 -7 -4 9 -1 -10 12 -12 -13
right_child=1 -3 4 -5 5 6 -8 -9 10 -11 11 13 -14 -15
leaf_value=0.033074374359678187 0.018711484661375673 -0.045449051161340376 -0.0069827645222637546 -0.015509478220117379 0.0017527345035415302 0.036895511828720771 -0.0071765460377482245 0.012851361821073728 -0.012116698491905255 0 -0.009417297996861378 0.01468180530997 0.013125897321770295 -0.007044207281950517
leaf_weight=7.3689648651634334 51.877593375975266 1.0128619458992023 114.44161901246116 5.5434298375621429 60.379420229059178 15.306779522274157 5.4424566995003252 18.032179736561375 87.378069523067097 29.858190331258811 78.92386881904531 40.483743968157796 13.860012498109425 16.910718050756259
leaf_count=256 18900 12 79746 189 86488 1224 1417 42827 41184 1959 35571 5700 3176 7627
internal_value=0.000112203 0.0031382 0.0039066 0.014388 0.000813299 0.0086289 0.0248366 -0.00387363 -0.00279508 0.00859346 -0.0047686 -0.000176487 -0.00548316 0.00783457
internal_weight=546.82 272.036 271.023 57.421 213.602 81.1287 20.7492 132.474 274.784 37.2272 237.556 150.178 92.7839 57.3945
internal_count=326276 230803 230791 19089 211702 89129 2641 122573 95473 2215 93258 52074 38747 13327
is_linear=0
shrinkage=0.025


Tree=393
num_leaves=15
num_cat=0
split_feature=210 134 10 69 0 102 37 52 1 3 12 223 3 5
split_gain=7.49148 14.169 16.5539 11.3922 16.5866 11.4732 11.2486 11.0159 10.6537 9.71934 18.6772 9.52222 10.7961 13.9893
threshold=1.0000000180025095e-35 1.0000000180025095e-35 -4.4999999999999991 0.012689179740846159 -20.499999999999996 0.012688180897384884 20.500000000000004 0.091441467404365553 3.5000000000000004 -4.4999999999999991 0.49491782486438757 1.0000000180025095e-35 -5.4999999999999991 1.0000000180025095e-35
decision_type=2 2 2 2 2 2 2 2 2 2 2 2 2 2
left_child=1 2 -1 7 6 -6 9 11 -3 -5 -11 12 13 -4
right_child=-2 8 3 4 5 -7 -8 -9 -10 10 -12 -13 -14 -15
leaf_value=-0.020442989598049632 -0.014035760854725923 -0.012584699987268492 -0.015167519562937846 -0.018741903243532247 0 0.021862656193683591 0.010443523642868036 -0.014039970262199972 0.025384322410228866 -0.011751332469871811 0.017515232240259186 0.020588033771231463 0.0015368692475672236 0.016221059728187454
leaf_weight=20.976830018342298 19.270730215503136 2.8658385195885812 52.251319944174611 22.066693241882604 23.64275650253694 46.554956327570835 36.448465704372211 38.526546869376034 20.091150922657107 30.111509162190487 20.145920526847476 10.117107310477875 194.30224461315083 7.2899640314280978
leaf_count=15652 2149 214 38891 18431 5067 7822 25495 35618 403 25803 7372 414 142907 38
internal_value=0.000112672 0.000755677 -0.000124725 0.000830037 0.00581401 0.0150209 -0.000147753 -0.00206509 0.0187747 -0.00602059 0 -8.55113e-05 -0.00123765 -0.010331
internal_weight=544.662 525.391 502.434 481.457 178.97 70.1977 108.773 302.487 22.957 72.3241 50.2574 263.961 253.844 59.5413
internal_count=326276 324127 323510 307858 89990 12889 77101 217868 617 51606 33175 182250 181836 38929
is_linear=0
shrinkage=0.025


Tree=394
num_leaves=15
num_cat=0
split_feature=48 3 3 0 101 94 5 126 37 24 236 10 0 185
split_gain=7.36621 9.93552 12.4565 14.7008 10.6297 14.0822 10.0705 9.64923 12.1154 10.4629 10.1078 11.4009 10.0897 8.17108
threshold=-0.02830465883016586 -3.4999999999999996 -1.4999999999999998 1.0000000180025095e-35 0.044572560116648681 0.085253123193979277 1.0000000180025095e-35 0.35124972462654119 30.500000000000004 337.50000000000006 1.0000000180025095e-35 -2.4999999999999996 1.0000000180025095e-35 1.0000000180025095e-35
decision_type=2 2 2 2 2 2 2 2 2 2 2 2 2 2
left_child=-1 4 3 -3 5 6 13 8 9 -4 -10 -12 -11 -2
right_child=1 2 7 -5 -6 -7 -8 -9 10 12 11 -13 -14 -15
leaf_value=-0.010240118622816189 -0.0083015325135040782 0.020272361438228387 0.00092994274805232853 -0.015366437386924239 0.0087000490263719008 -0.017284028737967593 0.011617435449656231 0.020489715938539023 -0.015147382019652871 -0.017934846792873591 -0.012220645571623147 0.022147954679532816 0.0098335299004767528 0.0036219880309367285
leaf_weight=36.47870038459223 97.195694421723601 44.960471835773205 100.61791605409235 5.4424201217479995 40.686316080682445 41.6400379173283 27.420778169995174 12.419022323214447 4.2557707097439552 39.160392656121985 4.3282011263072482 30.632310013315873 6.8519891159376121 50.392064603744075
leaf_count=24532 47699 17561 78719 187 11907 13117 537 1776 1085 34199 93 80650 223 13991
internal_value=0.000110477 0.000961742 0.00453373 0.0153089 -0.00240639 -0.00469632 -0.00132005 0.00148289 0 -0.00342779 0.0117354 0.0166049 -0.0129408 -0.00407332
internal_weight=542.482 506.003 248.668 50.4029 257.335 216.649 175.009 198.266 185.847 146.63 39.2163 34.9605 46.0124 147.588
internal_count=326276 301744 214493 17748 87251 75344 62227 196745 194969 113141 81828 80743 34422 61690
is_linear=0
shrinkage=0.025


Tree=395
num_leaves=15
num_cat=0
split_feature=27 0 0 0 0 37 35 33 27 33 27 32 252 24
split_gain=7.3687 9.60036 41.4875 13.2478 34.8038 13.1616 13.6562 12.6133 11.7072 13.0611 10.9368 10.1006 10.9525 10.9069
threshold=0.80652770400047313 -20.499999999999996 -19.499999999999996 -6.4999999999999991 -5.4999999999999991 27.500000000000004 191.50000000000003 1.0000000180025095e-35 0.55428534746170055 1.0000000180025095e-35 0.22768543660640719 2.5000000000000004 1.0000000180025095e-35 199.50000000000003
decision_type=2 2 2 2 2 2 2 2 2 2 2 2 2 2
left_child=1 5 10 -4 -5 6 11 -7 9 -6 -3 12 -1 -14
right_child=-2 2 3 4 8 7 -8 -9 -10 -11 -12 -13 13 -15
leaf_value=-0.019325684542870911 -0.020053925646567321 0.0023667291163306323 -0.0080254169437178873 0.027023452471932968 0.003798986158264352 -0.005476759962351814 -0.018446273484948112 0.018765139259699061 0.016160001433000039 -0.014968605288321078 0.039257591552571525 -0.017719563793102796 -0.018034766739535718 0.0035630844084631125
leaf_weight=14.093394196461302 8.0339971914872859 8.749567936567475 74.796844871234498 30.595878931882908 39.754235386295477 18.856093296431936 36.015757182271045 29.466138707241043 14.544608656447961 45.065507261257153 21.145849090971751 20.101178428929416 12.812312043155542 165.27506071826065
leaf_count=10392 2397 1178 41607 3203 5784 9781 34629 63677 2348 10977 2051 38394 5407 94451
internal_value=0.000108783 0.000571373 0.00435809 4.8107e-05 0.00495898 -0.00235446 -0.00475521 0.00905126 -0.00218367 -0.00605844 0.0304211 -0.00209157 -8.16405e-05 0.00159816
internal_weight=539.306 531.272 234.652 204.757 129.96 296.62 248.298 48.3222 99.3644 84.8197 29.8954 212.282 192.181 178.087
internal_count=326276 323879 67148 63919 22312 256731 183273 73458 19109 16761 3229 148644 110250 99858
is_linear=0
shrinkage=0.025


Tree=396
num_leaves=15
num_cat=0
split_feature=210 132 10 68 0 3 3 35 39 3 5 82 35 33
split_gain=7.52033 13.2507 14.4086 11.901 14.784 7.95394 12.0975 12.3485 11.7124 9.89097 10.8632 9.78546 12.6533 9.78946
threshold=1.0000000180025095e-35 1.0000000180025095e-35 -4.4999999999999991 0.026965758763253692 -20.499999999999996 -5.4999999999999991 1.0000000180025095e-35 182.50000000000003 153.50000000000003 -24.999999999999996 1.0000000180025095e-35 0.99494948983192455 129.50000000000003 1.0000000180025095e-35
decision_type=2 2 2 2 2 2 2 2 2 2 2 2 2 2
left_child=1 2 -1 5 -5 9 7 11 -8 -4 -11 12 -7 -14
right_child=-2 -3 3 4 -6 6 8 -9 -10 10 -12 -13 13 -15
leaf_value=-0.019019072888335715 -0.014116275495187409 0.020114915581410642 0.017597313743479264 0 0.017167362186580212 -0.012370204503442858 -0.013386256885878212 -0.0046997309531916272 0.010566115519850004 -0.013998310864365157 0.01159284726274399 -0.012562915688023849 0.0027395199700894113 0.01856625613927004
leaf_weight=20.881727805455739 19.130163519002963 18.199501445400529 5.2789492398878783 74.321151689859107 52.332261341391131 10.6258327383548 54.555013745761244 65.956385284182034 12.799127032398244 70.736232176561316 8.6645675278268737 9.5388085768645379 44.980449275957653 68.9952990943857
leaf_count=15656 2149 400 1932 54902 8491 8696 88020 19945 610 47394 57 1582 8455 67987
internal_value=0.000102328 0.000753845 -1.74554e-05 0.000872661 0.00738309 -0.00144118 0.000608099 0.00378131 -0.00822284 -0.00799808 -0.0105819 0.00814529 0.0101846 0.0127644
internal_weight=536.995 517.865 499.666 478.784 126.653 352.131 267.451 200.097 67.3541 84.6797 79.4008 134.14 124.602 113.976
internal_count=326276 324127 323727 308071 63393 244678 195295 106665 88630 49383 47451 86720 85138 76442
is_linear=0
shrinkage=0.025


Tree=397
num_leaves=15
num_cat=0
split_feature=3 0 3 3 210 3 0 1 6 33 0 180 6 37
split_gain=7.275 16.0393 10.4431 9.00858 17.2263 12.4537 26.9978 19.7043 11.4086 9.79614 14.5378 19.9402 13.395 13.3625
threshold=-19.499999999999996 1.0000000180025095e-35 -24.999999999999996 -8.9999999999999982 1.0000000180025095e-35 -5.4999999999999991 -6.4999999999999991 5.5000000000000009 -1.0000000180025095e-35 1.0000000180025095e-35 1.0000000180025095e-35 1.0000000180025095e-35 81.500000000000014 23.500000000000004
decision_type=2 2 2 2 2 2 2 2 2 2 2 2 2 2
left_child=1 -1 -3 4 8 6 -5 -8 -2 -7 13 12 -12 -11
right_child=3 2 -4 5 -6 9 7 -9 -10 10 11 -13 -14 -15
leaf_value=-0.010991979525005561 -0.0047687963195047912 0.053227581942603464 -0.0038732789887693749 -0.023006363961010502 -0.030065409964628448 -0.0023617174274870711 -0.015221044954946559 0.022742038995301337 0.026351603302010824 0.0040072524816089734 -0.041414176327945612 0.026061424050874901 0 0.020303509079662049
leaf_weight=63.051503131951904 7.1792842837239723 1.3446040810085833 1.6980639757821328 37.184405648804386 2.0718974918127051 164.06491286480741 10.956925443490038 18.108159529510885 24.995123808126664 143.90011773550941 8.9411311051808315 3.2022726892027995 7.0066830555442712 40.611237871533376
leaf_count=43263 7448 90 341 28954 12 84637 1848 310 1707 75802 719 495 349 80301
internal_value=0.000100544 -0.00742437 0.0311213 0.00125632 0.0130667 0.000183809 -0.0094859 0.00756597 0.0188823 0.002056 0.00571841 -0.0131987 -0.0252796 0.00799486
internal_weight=534.316 66.0942 3.04267 468.222 34.2463 433.976 66.2495 29.0651 32.1744 367.726 203.661 19.1501 15.9478 184.511
internal_count=326276 43694 431 282582 9167 273415 31112 2158 9155 242303 157666 1563 1068 156103
is_linear=0
shrinkage=0.025


Tree=398
num_leaves=15
num_cat=0
split_feature=48 58 0 0 37 39 39 37 39 30 12 40 36 0
split_gain=6.91747 7.26515 11.7438 32.4194 16.6537 19.6836 16.3486 15.8847 12.0221 10.3198 11.6591 9.6964 7.98763 7.87491
threshold=-0.02830465883016586 -1.0000000180025095e-35 -6.4999999999999991 -5.4999999999999991 20.500000000000004 139.50000000000003 128.50000000000003 7.5000000000000009 109.50000000000001 7.5000000000000009 0.24482409656047824 10.000000000000002 118.50000000000001 1.0000000180025095e-35
decision_type=2 2 2 2 2 2 2 2 2 2 2 2 2 2
left_child=-1 -2 4 -4 6 11 -3 9 13 10 -8 -6 -12 -5
right_child=1 2 3 8 5 -7 7 -9 -10 -11 12 -13 -14 -15
leaf_value=-0.010021625996877856 -0.011902349222889673 -0.016296721428687572 0.030428457419895857 -0.0036073621356974696 0.019293418732180451 -0.0054728737905369229 0.024524327940821905 -0.0074436534007113336 -0.0039276084381285672 -0.007140498321165728 -0.0094831008972026676 -0.0077847109452427723 0.0097392604367102752 0.029160653901083518
leaf_weight=35.762230814216309 22.706938476825599 50.556942621675262 28.156609546946129 4.2248824271518943 58.556071766055538 39.660354147563339 23.303727886988781 104.85077799151622 69.838786152846296 23.135357775187003 16.39729285571957 6.4757954612141466 37.764945539543987 10.199256892781705
leaf_count=24532 4297 89241 2890 3904 80176 15879 5811 42977 11867 17954 9602 4050 12293 803
internal_value=9.8549e-05 0.000934479 0.00167419 0.00862767 -0.000477548 0.00771073 -0.00397311 -0.000629728 0.000260752 0.00624061 0.0106648 0.0160052 0.00329018 0.0191594
internal_weight=531.59 495.828 473.121 112.42 360.701 104.692 256.009 205.452 84.2629 100.601 77.466 65.0319 54.1622 14.4241
internal_count=326276 301744 297447 19464 277983 100105 177878 88637 16574 45660 27706 84226 21895 4707
is_linear=0
shrinkage=0.025


Tree=399
num_leaves=15
num_cat=0
split_feature=210 132 10 68 0 106 52 223 3 12 24 35 0 5
split_gain=7.40744 12.9109 13.8604 11.131 14.0626 8.53749 8.48284 9.72093 8.72115 12.0863 12.2315 13.0114 11.1824 9.87541
threshold=1.0000000180025095e-35 1.0000000180025095e-35 -4.4999999999999991 0.026965758763253692 -20.499999999999996 0.69191917777061474 0.11557822301983835 1.0000000180025095e-35 -5.4999999999999991 0.4706201851367951 197.50000000000003 204.50000000000003 1.0000000180025095e-35 1.0000000180025095e-35
decision_type=2 2 2 2 2 2 2 2 2 2 2 2 2 2
left_child=1 2 -1 6 -5 -6 7 8 13 -10 -11 12 -12 -4
right_child=-2 -3 3 4 5 -7 -8 -9 9 10 11 -13 -14 -15
leaf_value=-0.018848977796470229 -0.014041777360173664 0.01991141442482966 -0.012064160811609673 0 0.0026691156968773485 0.024770861272374219 -0.012872867334997817 0.020302541137715985 -0.0031871916334752504 -0.016525801905464772 0.01775665933467201 -0.012282830782305113 -0.015080129205508204 0.013097143436036761
leaf_weight=20.404868398938561 19.041133898077533 18.080326443392551 63.438252618572733 73.27980725303496 21.505973897961667 30.517207451732247 33.151543789703283 10.980828108513377 139.79608840044239 7.7061229255050412 69.545461354166036 9.2986430483579152 4.0330851839389643 7.9766265265643588
leaf_count=15656 2149 400 47776 54902 4923 3568 26420 443 150484 188 18057 1108 157 45
internal_value=9.42065e-05 0.000750108 -2.05152e-05 0.000856147 0.00718066 0.0167322 -0.00140514 0 -0.00101302 0.00128116 0.00832537 0.0114238 0.01511 -0.00850313
internal_weight=528.756 509.715 491.635 471.23 125.303 52.0232 345.927 312.775 301.794 230.379 90.5833 82.8772 73.5785 71.4149
internal_count=326276 324127 323727 308071 63393 8491 244678 218258 217815 169994 19510 19322 18214 47821
is_linear=0
shrinkage=0.025


Tree=400
num_leaves=15
num_cat=0
split_feature=3 0 35 185 38 33 0 32 32 37 39 252 3 99
split_gain=7.05834 15.3725 15.3219 11.6592 14.7659 11.0335 18.0923 17.5339 14.0143 25.6776 15.4666 15.2664 11.309 10.5226
threshold=-4.4999999999999991 1.0000000180025095e-35 186.50000000000003 1.0000000180025095e-35 15.500000000000002 1.0000000180025095e-35 1.0000000180025095e-35 1.5000000000000002 2.5000000000000004 22.500000000000004 145.50000000000003 1.0000000180025095e-35 -1.4999999999999998 0.0061643789522349843
decision_type=2 2 2 2 2 2 2 2 2 2 2 2 2 2
left_child=1 3 -3 -1 -5 -2 8 -8 10 -10 11 -7 -12 -4
right_child=5 2 13 4 -6 6 7 -9 9 -11 12 -13 -14 -15
leaf_value=-0.011017362569729603 -0.0023336596798610573 -0.0043501539031063994 -0.00017021533410785484 0.0080431629445776535 -0.015677996377990316 -0.0098627174821043911 -0.036274024156693646 0.0059238042582357275 -0.019166481866829552 0.01619035113785508 0.012429126701542441 0.02492279666650735 -0.010811413667203073 0.067241268568266219
leaf_weight=100.28672054049821 162.42707328715187 3.8011463736766009 1.0101145876105877 58.389649625489255 19.136750964142266 6.2385270204395047 8.5793419796973485 9.8905903456034121 23.739201791584492 21.422614427967346 26.55471335403854 63.073280582859297 19.945132666107384 2.0554756119381636
leaf_count=64424 84637 533 153 13907 5113 300 380 1180 51000 57600 8401 36001 2501 146
internal_value=8.78245e-05 -0.00376477 0.0263175 -0.00548213 0.00151139 0.00225615 0.0065178 -0.0148425 0.00934784 -0.00191201 0.0138865 0.0211669 0.00190445 0.0518093
internal_weight=526.55 184.68 6.86674 177.813 77.5264 341.87 179.443 18.4699 160.973 45.1618 115.812 69.3118 46.4998 3.06559
internal_count=326276 84276 832 83444 19020 242000 157363 1560 155803 108600 47203 36301 10902 299
is_linear=0
shrinkage=0.025


Tree=401
num_leaves=15
num_cat=0
split_feature=210 132 40 11 72 0 37 37 40 3 38 24 35 3
split_gain=6.93007 12.6056 14.7217 12.1722 10.6014 13.377 9.36617 8.5509 9.54655 12.0527 10.3965 9.01118 9.12335 13.5493
threshold=1.0000000180025095e-35 1.0000000180025095e-35 23.500000000000004 5.5000000000000009 0.026965758763253692 -20.499999999999996 20.500000000000004 33.500000000000007 6.5000000000000009 1.0000000180025095e-35 13.500000000000002 231.50000000000003 202.50000000000003 -5.4999999999999991
decision_type=2 2 2 2 2 2 2 2 2 2 2 2 2 2
left_child=1 2 3 4 7 6 -6 8 9 11 -10 -1 13 -13
right_child=-2 -3 -4 -5 5 -7 -8 -9 10 -11 -12 12 -14 -15
leaf_value=-0.0093680307370864937 -0.013522893218693492 0.019712179339505947 -0.020875970613259919 -0.017879979120775363 -0.0059937451069559371 0.017359431329723948 0.012103429431465064 0.012292611866286256 -0.0098053726803920063 -0.013757548433616804 0.017036873941248004 -0.0051141808651627881 -0.015084223229034173 0.010134729693949624
leaf_weight=53.604263208108023 19.227782975969603 17.969635761488462 17.401524880013312 17.617073245579377 45.074456882983213 50.755500344414031 25.247441933839582 26.097380989551311 9.2299827709502988 54.573693508165888 27.554477802419569 54.725357095783693 13.68962599376391 90.796281421615276
leaf_count=24408 2149 400 16068 12325 35192 8072 17323 66563 936 88477 945 26085 1817 25516
internal_value=8.49911e-05 0.000729963 -3.6823e-05 0.000811249 0.00170907 0.00795399 0.000392037 -0.00055629 -0.00184937 -0.00358266 0.00944171 -0.00070263 0.00218007 0.00424438
internal_weight=523.564 504.337 486.367 468.966 451.348 121.077 70.3219 330.271 304.174 267.389 36.7845 212.816 159.211 145.522
internal_count=326276 324127 323727 307659 295334 60587 52515 234747 168184 166303 1881 77826 53418 51601
is_linear=0
shrinkage=0.025


Tree=402
num_leaves=15
num_cat=0
split_feature=27 0 0 3 38 31 252 0 0 35 3 39 3 3
split_gain=6.84759 9.31711 40.1887 16.1037 20.0661 15.0325 14.3887 12.7216 31.6902 12.5446 13.4644 11.8218 14.3316 11.5949
threshold=0.80652770400047313 -20.499999999999996 -19.499999999999996 -5.4999999999999991 30.500000000000004 17.500000000000004 1.0000000180025095e-35 -6.4999999999999991 -5.4999999999999991 181.50000000000003 1.0000000180025095e-35 109.50000000000001 -24.999999999999996 -11.499999999999998
decision_type=2 2 2 2 2 2 2 2 2 2 2 2 2 2
left_child=1 3 -3 5 6 -1 -5 13 -9 10 -8 -10 -13 -4
right_child=-2 2 7 4 -6 -7 9 8 11 -11 -12 12 -14 -15
leaf_value=0.0040474161176473821 -0.019643622487456078 0.029969127061196216 -0.028920650540911547 -0.018869693826580242 -0.018362859116041911 -0.020739830586259903 0.014173451296144852 0.026204092213375243 0.015712332639181006 -0.0018662530961025391 -0.012490509771044052 0.030307152538764062 -0.008925915817148666 -0.0028166252650522637
leaf_weight=18.935734375423635 7.7193436344896318 29.728117687118356 10.969898727227699 12.874846159771549 26.525364302564412 45.070070418689284 96.492405630124267 29.618950464151567 15.645575031448969 73.904593630621093 10.100000359961994 3.1176757781649931 79.033671271768981 61.223007103559212
leaf_count=5878 2397 3229 5567 9912 81736 59116 72761 3203 5449 22210 5118 492 13168 36040
internal_value=7.51028e-05 0.000532538 0.00429041 -0.00242906 0.000723553 -0.0131807 0.00370953 0 0.00479926 0.00573852 0.0111461 -0.00202239 -0.0061281 -0.00811128
internal_weight=520.959 513.24 229.337 283.903 219.897 64.0058 193.372 199.609 127.416 180.497 106.592 97.7969 82.1513 72.1929
internal_count=326276 323879 67148 256731 191737 64994 110001 63919 22312 100089 77879 19109 13660 41607
is_linear=0
shrinkage=0.025


Tree=403
num_leaves=15
num_cat=0
split_feature=3 2 3 0 24 37 0 40 0 31 38 0 0 39
split_gain=6.77932 15.2787 12.2803 12.4633 12.3995 10.7125 18.1459 15.4092 13.4313 17.1098 12.0946 10.5959 20.5731 13.3014
threshold=-3.4999999999999996 194.50000000000003 -1.4999999999999998 1.0000000180025095e-35 197.50000000000003 30.500000000000004 -20.499999999999996 8.5000000000000018 -19.499999999999996 17.500000000000004 5.5000000000000009 -6.4999999999999991 -5.4999999999999991 129.50000000000003
decision_type=2 2 2 2 2 2 2 2 2 2 2 2 2 2
left_child=-1 2 3 4 -2 6 7 10 9 -8 -4 -10 -13 -14
right_child=1 -3 5 -5 -6 -7 8 -9 11 -11 -12 12 13 -15
leaf_value=-0.0027211199579838916 -0.0098088662056297071 -0.044937686775980368 0.00024844503428249294 -0.014833731886963306 0.022967674656976533 0.01225920534848266 0.066422830345605879 0.016244928062055373 -0.010785488568325383 0 -0.019441622395924955 0.044275704388851575 0.010854080515882535 -0.017556861309070852
leaf_weight=259.755754936421 5.6581868864595881 1.035698806401341 25.387093595956685 5.0858307303860775 42.827036781236529 38.255538528224861 2.0771541827125466 9.4929601382464153 21.702773363882443 5.650184308848111 55.722918953761109 5.6269610079762051 27.736928008846007 12.338954504128195
leaf_count=95473 100 12 9520 189 18800 85345 200 240 16263 1051 90323 1251 6321 1188
internal_value=6.64471e-05 0.00296115 0.00376488 0.0141003 0.0183084 0.000764848 -0.00191093 -0.00941924 0.00683739 0.0330348 -0.0131924 0.00219941 0.00916337 0.000912743
internal_weight=518.354 258.598 257.563 53.5711 48.4852 203.991 165.736 90.603 75.133 7.72734 81.11 67.4056 45.7028 40.0759
internal_count=326276 230803 230791 19089 18900 211702 126357 100083 26274 1251 99843 25023 8760 7509
is_linear=0
shrinkage=0.025


Tree=404
num_leaves=15
num_cat=0
split_feature=210 225 40 52 24 31 26 3 3 36 5 40 24 37
split_gain=6.74687 11.9953 12.1982 11.3497 9.98779 9.67763 17.1863 13.8097 19.1959 18.9754 26.85 16.4849 16.5474 11.8492
threshold=1.0000000180025095e-35 1.0000000180025095e-35 20.000000000000004 0.55488118529319774 188.50000000000003 17.500000000000004 227.50000000000003 -4.4999999999999991 -1.4999999999999998 125.50000000000001 1.0000000180025095e-35 1.0000000180025095e-35 399.50000000000006 30.500000000000004
decision_type=2 2 2 2 2 2 2 2 2 2 2 2 2 2
left_child=1 2 4 -3 -1 6 -6 9 11 10 -7 -9 -13 -10
right_child=-2 3 -4 -5 5 7 -8 8 13 -11 -12 12 -14 -15
leaf_value=-0.017857395633661496 -0.013363483114837958 0.016493030090317797 -0.02006194754451314 -0.01587891497014517 0.018607843545800078 -0.019578836094623232 -0.011719503789572552 0.020044089155920791 -0.0058006458054389327 0.01187991654040277 0.014243000970894135 -0.013977306247157515 0.017396642813747806 0.010126579176696002
leaf_weight=15.064891142537816 19.18362768489169 43.972848518475075 16.191571589435625 4.6919423542276482 40.69491757277865 70.884629481450247 12.553625066153471 55.242902351979865 130.66608113759139 20.691170663543744 15.110096532851456 22.535121791530401 14.73388443700969 33.710780434514163
leaf_count=3942 2149 2838 16389 184 31327 57693 8177 18825 104554 6938 127 803 299 72031
internal_value=7.23695e-05 0.000718377 -0.000539993 0.0121472 0.000267748 0.0011053 0.0107698 -0.000318503 0.00275283 -0.0078149 -0.0130753 0.0117161 -0.000581146 -0.00226193
internal_weight=515.928 496.744 448.08 48.6648 431.888 416.823 53.2485 363.575 256.889 106.686 85.9947 92.5119 37.269 164.377
internal_count=326276 324127 321105 3022 304716 300774 39504 261270 196512 64758 57820 19927 1102 176585
is_linear=0
shrinkage=0.025


Tree=405
num_leaves=15
num_cat=0
split_feature=48 3 3 0 236 3 29 6 24 26 126 36 37 32
split_gain=6.52643 8.81513 10.9122 13.2519 10.4254 13.1546 9.55511 8.95428 10.1516 9.5879 8.14508 9.89944 11.311 11.0635
threshold=-0.02830465883016586 -3.4999999999999996 -1.4999999999999998 1.0000000180025095e-35 1.0000000180025095e-35 -24.999999999999996 30.500000000000004 103.50000000000001 289.50000000000006 339.50000000000006 0.35124972462654119 125.50000000000001 30.500000000000004 2.5000000000000004
decision_type=2 2 2 2 2 2 2 2 2 2 2 2 2 2
left_child=-1 4 3 -3 5 -2 -6 9 -9 -8 11 12 13 -4
right_child=1 2 10 -5 6 -7 7 8 -10 -11 -12 -13 -14 -15
leaf_value=-0.0099416818251143683 0.035034146118511598 0.019874397823580525 0.0028203678542704177 -0.014801519316831555 -0.011422129541700455 0 -0.0084649138378122268 0.017597721869766946 -0.0050382631477470588 0.01240114332337372 0.018829350501293543 -0.014014589775352358 0.015928662294233856 -0.014914816524576003
leaf_weight=34.381278478351305 6.5837342625600277 41.202710096302326 98.965477485457086 5.0592089705169192 76.006626279653574 26.35769350125338 77.437879552089726 26.724215664464282 17.057688010885613 13.026546724940998 12.495625156938329 24.099213120891363 27.945785471405543 24.808090572551009
leaf_count=24532 250 17561 61388 187 36846 1923 34543 2712 7665 3312 1776 3681 79617 50283
internal_value=6.70364e-05 0.000896824 0.00436473 0.0149043 -0.00235906 0.00992631 -0.00451367 -0.000255961 0.00848667 -0.00489119 0.00145175 0 0.00236397 -0.000805944
internal_weight=512.152 477.77 234.576 46.2619 243.194 32.9414 210.253 134.246 43.7819 90.4644 188.314 175.819 151.719 123.774
internal_count=326276 301744 214493 17748 87251 2173 85078 48232 10377 37855 196745 194969 191288 111671
is_linear=0
shrinkage=0.025


Tree=406
num_leaves=15
num_cat=0
split_feature=27 0 0 3 30 0 0 3 35 31 39 6 252 180
split_gain=6.5902 8.99585 38.3066 15.2284 16.7193 12.0271 30.1988 11.7053 17.3662 12.2327 12.7869 11.5935 12.2394 12.0884
threshold=0.80652770400047313 -20.499999999999996 -19.499999999999996 -5.4999999999999991 1.5000000000000002 -6.4999999999999991 -5.4999999999999991 -1.0000000180025095e-35 181.50000000000003 21.500000000000004 128.50000000000003 97.500000000000014 1.0000000180025095e-35 1.5000000000000002
decision_type=2 2 2 2 2 2 2 2 2 2 2 2 2 2
left_child=1 3 -3 4 -1 -4 -7 8 -5 10 -9 12 -8 -14
right_child=-2 2 5 7 -6 6 11 9 -10 -11 -12 -13 13 -15
leaf_value=0.00073324888806704637 -0.019386259965654563 0.02924800832732613 -0.0080062367208656709 0.012091211217517392 -0.024023840120245124 0.025596198337206028 0.016475405098585926 -0.015118285305821356 -0.0051313249811833972 -0.017173697880861573 0.013549235464155068 0.0096241655638007115 -0.016768680699714135 0.012504685576339204
leaf_weight=27.628576134920877 7.5899885874096062 29.784770873498928 70.624351895254222 83.795104344681022 34.278202664521814 29.44740601243393 7.5316835477133273 12.203783606484647 58.538717359071597 35.506755664304364 22.934899553816649 31.137995400800719 51.196285066209384 7.2586127007816676
leaf_count=19134 2397 3229 41607 72601 45860 3203 738 23277 22589 68550 4720 4359 12456 1556
internal_value=7.22486e-05 0.000529495 0.0042243 -0.00244411 -0.0130665 0 0.00464664 0.000666371 0.00487624 -0.00732918 0.00253136 -0.00203203 -0.00807412 -0.0122939
internal_weight=509.457 501.867 226.981 274.886 61.9068 197.196 126.572 212.979 142.334 70.6454 35.1387 97.1246 65.9866 58.4549
internal_count=326276 323879 67148 256731 64994 63919 22312 191737 95190 96547 27997 19109 14750 14012
is_linear=0
shrinkage=0.025


Tree=407
num_leaves=15
num_cat=0
split_feature=210 132 10 72 0 106 99 20 38 92 3 162 78 35
split_gain=6.52959 11.5944 12.7654 10.0693 12.1977 7.99258 8.67658 10.0558 6.65808 13.0236 11.8485 9.09385 9.12132 11.2598
threshold=1.0000000180025095e-35 1.0000000180025095e-35 -4.4999999999999991 0.026965758763253692 -20.499999999999996 0.69191917777061474 0.034404931589961059 37.500000000000007 23.500000000000004 0.038518367335200317 -5.4999999999999991 1.0000000180025095e-35 -0.036879137158393853 196.50000000000003
decision_type=2 2 2 2 2 2 2 2 2 2 2 2 2 2
left_child=1 2 -1 8 -5 -6 7 -7 10 -10 -4 12 -12 -14
right_child=-2 -3 3 4 5 6 -8 -9 9 -11 11 -13 13 -15
leaf_value=-0.018540993922976392 -0.013146857032369187 0.019050587454874993 -0.0077737776115384032 0 0.0020858549957003185 0.042440808069873909 0.0024403898113274417 0 0 -0.020751266998122655 -0.01011437939392016 -0.029987171335482527 0.009947962231178208 -0.0069371220245614306
leaf_weight=19.316866183995444 19.156314756924985 17.665912629279774 71.747682424393133 69.470177041563147 21.126828758846386 13.709518666488298 11.268161847634472 5.368533653614576 50.480827259190846 26.89646565815201 18.379039792562253 1.6463861952215655 134.57306737011822 26.029767412619549
leaf_count=15656 2149 400 43495 54902 4923 1457 1587 524 46645 48789 9698 61 89441 6549
internal_value=7.23021e-05 0.000719713 -3.28737e-05 0.000822636 0.00693492 0.0157917 0.0235378 0.0328415 -0.00138634 -0.00767453 0.000511204 0.00401148 0.00495078 0.00698147
internal_weight=506.836 487.679 470.013 450.696 120.943 51.473 30.3462 19.0781 329.753 77.3773 252.376 180.628 178.982 160.603
internal_count=326276 324127 323727 308071 63393 8491 3568 1981 244678 95434 149244 105749 105688 95990
is_linear=0
shrinkage=0.025


Tree=408
num_leaves=15
num_cat=0
split_feature=27 0 0 38 3 30 252 0 0 3 35 3 3 39
split_gain=6.34981 8.59628 36.287 14.5959 18.5235 17.43 13.4056 11.4848 29.2121 11.2306 11.1079 12.1457 10.782 13.8231
threshold=0.80652770400047313 -20.499999999999996 -19.499999999999996 30.500000000000004 -5.4999999999999991 1.5000000000000002 1.0000000180025095e-35 -6.4999999999999991 -5.4999999999999991 -11.499999999999998 181.50000000000003 1.0000000180025095e-35 -24.999999999999996 109.50000000000001
decision_type=2 2 2 2 2 2 2 2 2 2 2 2 2 2
left_child=1 3 -3 4 5 -1 -6 9 -9 -4 11 -8 -10 -14
right_child=-2 2 7 -5 6 -7 10 8 12 -11 -12 -13 13 -15
leaf_value=0.0022208253978200313 -0.019124911002464287 0.028428792462598652 -0.028685064758923309 -0.01864418278423725 -0.018641462068458237 -0.023805030836959708 0.013685158509239299 0.025196514315957763 0.029547209876207615 -0.0025937935270785402 -0.0017209161429852791 -0.012052714977756826 0.01478716220209741 -0.0088217222515570588
leaf_weight=25.728155923548911 7.4931423500456722 29.892174297936435 10.508288033452116 27.8030152289939 12.337014859658664 32.320339873811463 92.333052426445647 29.298164510211791 3.1896384187566573 59.709768678745604 71.408317960638669 9.6527102432155498 15.741154325165551 77.814361278447905
leaf_count=16617 2397 3229 5567 85533 9912 44580 72761 3203 492 36040 22210 5118 5449 13168
internal_value=6.30648e-05 0.000514706 0.00412752 -0.00241496 -0.000258563 -0.0123181 0.00351396 0 0.00454029 -0.0078552 0.00552228 0.0107362 -0.00203425 -0.00425448
internal_weight=505.229 497.736 226.154 271.583 243.78 58.0485 185.731 196.261 126.043 70.2181 173.394 101.986 96.7452 93.5555
internal_count=326276 323879 67148 256731 171198 61197 110001 63919 22312 41607 100089 77879 19109 18617
is_linear=0
shrinkage=0.025


Tree=409
num_leaves=15
num_cat=0
split_feature=7 0 3 2 26 0 0 3 38 0 0 3 37 39
split_gain=6.37063 12.5404 10.7041 15.5057 19.2632 8.62925 25.2502 15.6667 17.1967 15.2078 23.1636 12.9606 11.9754 11.8705
threshold=12.500000000000002 -3.4999999999999996 -3.4999999999999996 194.50000000000003 440.50000000000006 -20.499999999999996 -19.499999999999996 -11.499999999999998 21.500000000000004 -6.4999999999999991 -5.4999999999999991 -27.999999999999996 32.500000000000007 113.50000000000001
decision_type=2 2 2 2 2 2 2 2 2 2 2 2 2 2
left_child=5 2 3 4 -2 7 -7 -1 -9 -8 -11 -12 -10 -13
right_child=1 -3 -4 -5 -6 6 9 8 12 10 11 13 -14 -15
leaf_value=-0.022400874787160449 -0.022136266848801756 -0.028423676643237229 0.018058309352278496 0.013271589965932458 0.01324597333824544 0.027109308471102128 -0.0082759188048915876 0.0042814473170795682 -0.016619392464866836 0.027061703291709305 0.042685422698283168 0.014028183831641823 0.014241455363632883 -0.0072048880188966217
leaf_weight=18.079492238801322 35.13430656237324 10.46664291685738 10.776786600581543 15.102285184111677 9.6759911325934791 25.362106553395279 60.041962160627008 159.57209760256228 45.529890577614424 24.276174232720223 1.3108706134371448 18.637325232703006 6.1217428669915526 62.675760079131578
leaf_count=23405 28200 2042 9268 320 1365 2728 36753 115037 86601 2732 47 6516 1270 9992
internal_value=5.31336e-05 -0.00617882 -0.00152279 -0.00613549 -0.0136214 0.00134679 0.0052464 -0.0018415 9.06224e-05 0.00135791 0.00707458 0.000167678 -0.0119233 -0.00171568
internal_weight=502.763 81.156 70.6894 59.9126 44.8103 421.607 192.304 229.303 211.224 166.942 106.9 82.624 51.6516 81.3131
internal_count=326276 41195 39153 29885 29565 285081 58768 226313 202908 56040 19287 16555 87871 16508
is_linear=0
shrinkage=0.025


Tree=410
num_leaves=15
num_cat=0
split_feature=210 132 40 11 68 0 106 99 20 24 238 40 1 30
split_gain=6.27756 10.8147 13.4964 11.278 9.55449 10.9376 8.02763 8.07725 7.51779 7.11783 7.83458 12.1056 6.47545 6.62528
threshold=1.0000000180025095e-35 1.0000000180025095e-35 23.500000000000004 5.5000000000000009 0.026965758763253692 -20.499999999999996 0.69191917777061474 0.034404931589961059 37.500000000000007 191.50000000000003 1.0000000180025095e-35 5.5000000000000009 6.5000000000000009 3.5000000000000004
decision_type=2 2 2 2 2 2 2 2 2 2 2 2 2 2
left_child=1 2 3 4 9 -6 -7 8 -8 -1 -11 -12 13 -2
right_child=12 -3 -4 -5 5 6 7 -9 -10 10 11 -13 -14 -15
leaf_value=-0.016125130257270234 -0.018966340045507263 0.018558860881290017 -0.020565342790892709 -0.01762849370017083 0.0005265730497509022 0.002252087337501913 0.041161076979158523 0.0028704366088604001 0.00018422687580599845 0.0024584380089691504 -0.012262502275387345 0.014332496165962506 -0.02622010727515986 0.013120062480899895
leaf_weight=14.33632693489926 3.5999982793582621 17.327149031872978 16.259964078111807 16.637309323290538 66.322986920873518 20.664636511275603 13.803176871231704 10.840542155099682 4.8901460506021968 237.77222981130035 52.909599962833454 9.787546081672188 8.2442896149586868 7.2630195951496717
leaf_count=3466 707 400 16068 12325 52515 4697 1441 1500 434 142745 88350 186 242 1200
internal_value=6.41469e-05 0.000707171 -2.05206e-05 0.000801615 0.00168692 0.00771926 0.0161868 0.0240617 0.0331019 -0.000519 0.000295283 -0.00726537 -0.0129076 0
internal_weight=500.659 481.552 464.224 447.965 431.327 116.521 50.1985 29.5339 18.6933 314.806 300.469 62.6971 19.1073 10.863
internal_count=326276 324127 323727 307659 295334 60587 8072 3375 1875 234747 231281 88536 2149 1907
is_linear=0
shrinkage=0.025


Tree=411
num_leaves=15
num_cat=0
split_feature=180 210 38 132 242 24 3 3 3 3 5 0 5 5
split_gain=6.06158 11.6918 9.3083 8.50071 8.84462 19.5487 9.53022 15.693 27.8474 19.5657 21.7638 12.7732 11.8482 11.3081
threshold=1.5000000000000002 1.0000000180025095e-35 19.500000000000004 1.0000000180025095e-35 1.0000000180025095e-35 498.50000000000006 -21.499999999999996 -19.499999999999996 -6.4999999999999991 -5.4999999999999991 1.0000000180025095e-35 -20.499999999999996 1.0000000180025095e-35 1.0000000180025095e-35
decision_type=2 2 2 2 2 2 2 2 2 2 2 2 2 2
left_child=1 3 -3 4 6 -6 11 13 12 10 -10 -1 -9 -8
right_child=-2 2 -4 -5 5 -7 7 8 9 -11 -12 -13 -14 -15
leaf_value=-0.010703890537454696 0.013073447518293067 -0.002081975018099977 -0.045770521504930925 0.020142088043424961 -0.020371178377130164 0.010942571049922975 -0.021885851511963799 0.030562794273391411 -0.021894716959906815 0.0023114813538476051 0.015281795637351393 0.040691084561019109 -0.016236866280417716 0.01253382354915962
leaf_weight=2.1645565617945977 18.562434524239507 9.1495285106939246 3.2824361199163823 10.015585459725115 33.86492795607046 15.360727332285022 27.511173212769794 23.553008897084514 41.496028385066893 294.15327808145958 9.4993243946228159 5.2338052073610006 1.2497275546193112 4.3447930058464399
leaf_count=1191 1952 450 209 158 27856 2627 26572 2196 30164 232464 73 312 6 46
internal_value=6.24547e-05 -0.000466058 -0.0218926 0.000185238 -0.00032471 -0.0100538 0.000849666 0.000174097 0.00173261 -0.000133137 -0.0140422 0.0245002 0.025808 -0.0157994
internal_weight=499.441 480.879 12.432 468.447 458.431 49.2257 409.206 401.807 369.951 345.149 50.9954 7.39836 24.8027 31.856
internal_count=326276 324324 659 323665 323507 30483 293024 291521 264903 262701 30237 1503 2202 26618
is_linear=0
shrinkage=0.025


Tree=412
num_leaves=15
num_cat=0
split_feature=48 3 244 0 101 95 36 56 68 51 27 27 6 48
split_gain=6.00656 8.08766 10.6485 12.3469 9.76572 13.0389 9.44214 8.48584 7.5634 9.81646 10.1698 8.70786 6.79923 7.18406
threshold=-0.02830465883016586 -3.4999999999999996 1.0000000180025095e-35 1.0000000180025095e-35 0.044572560116648681 0.085253123193979277 125.50000000000001 1.5000000000000002 0.068592645227909102 1.0599294900894167 0.50311529636383068 0.42444002628326422 98.500000000000014 11.861587047576906
decision_type=2 2 2 2 2 2 2 2 2 2 2 2 2 2
left_child=-1 4 6 -4 5 7 8 -2 9 -3 -11 -10 13 -6
right_child=1 2 3 -5 12 -7 -8 -9 11 10 -12 -13 -14 -15
leaf_value=-0.0096590423136246103 -0.0031371877743213588 0.0031885233326823456 0.020055677317228765 -0.013468811968647024 -0.01230512946271492 -0.017216616004113464 -0.012310205903960729 0.016157167576236375 0 -0.043318622511023551 0.0037729374649967951 0.032043599010427852 0.017986633398909217 0.016386810088982219
leaf_weight=33.439736149288365 146.1300030991697 138.87691194794024 38.484182833621162 5.1205733679234973 12.326923060143601 38.186153738068242 23.464460035480442 12.561961932689881 8.7213410668846354 3.0086693714547428 3.0201222797477385 8.7867127037025039 19.555849497628515 5.2283540266653281
leaf_count=24532 61905 178885 17648 188 8748 13117 3522 322 8554 564 384 4748 2924 235
internal_value=6.13802e-05 0.000873916 0.00422059 0.0149688 -0.00231469 -0.00463031 0.00136912 -0.0011838 0.00368397 0.0014523 -0.023544 0.018021 0.00877414 -0.00139931
internal_weight=496.912 463.472 229.483 43.6048 233.989 196.878 185.878 158.692 162.414 144.906 6.02879 17.5081 37.1111 17.5553
internal_count=326276 301744 214493 17836 87251 75344 196657 62227 193135 179833 948 13302 11907 8983
is_linear=0
shrinkage=0.025


Tree=413
num_leaves=15
num_cat=0
split_feature=210 133 40 11 68 0 37 106 35 37 24 52 3 35
split_gain=5.88548 10.0079 12.7805 10.7449 9.12787 10.5209 8.44547 7.55291 7.74153 7.33186 7.55278 8.09419 7.77428 15.8584
threshold=1.0000000180025095e-35 1.0000000180025095e-35 23.500000000000004 5.5000000000000009 0.026965758763253692 -20.499999999999996 20.500000000000004 0.69191917777061474 163.50000000000003 4.5000000000000009 191.50000000000003 0.091441467404365553 -5.4999999999999991 200.50000000000003
decision_type=2 2 2 2 2 2 2 2 2 2 2 2 2 2
left_child=1 2 3 4 9 6 -6 -7 -9 -1 -11 12 -12 -14
right_child=-2 -3 -4 -5 5 7 -8 8 -10 10 11 -13 13 -15
leaf_value=-0.0090879354837114356 -0.012479131490827725 0.018062461757331078 -0.020369168430347754 -0.017400449029795019 -0.0058062244606637793 0.0022364644385687404 0.011918106374063795 -0.00055933850993817073 0.028752982380083975 -0.015354681874824697 -0.0036622780367504787 -0.0089467049532883976 0.010119778062642887 -0.010597013322807337
leaf_weight=49.627443675824907 19.165771736996248 16.871735446766252 15.589623938292787 16.220599950909673 41.922702888674394 20.501475254088291 23.599024887065752 4.8767619579521151 24.569567739476042 13.053308809125154 55.041133766593703 30.98003880961187 139.22052080764115 23.904619780834764
leaf_count=66847 2149 400 16068 12325 35192 4697 17323 890 2485 2488 34283 22906 100183 8040
internal_value=5.83208e-05 0.000690348 -7.07786e-06 0.000784705 0.00164963 0.00757191 0.000455019 0.015881 0.023525 -0.000515232 0.00109754 0.00223108 0.00403121 0.00679687
internal_weight=495.144 475.979 459.107 443.517 427.297 115.47 65.5217 49.9478 29.4463 311.827 262.2 249.146 218.166 163.125
internal_count=326276 324127 323727 307659 295334 60587 52515 8072 3375 234747 167900 165412 142506 108223
is_linear=0
shrinkage=0.025


Tree=414
num_leaves=15
num_cat=0
split_feature=27 0 0 38 3 30 252 6 35 3 26 36 191 26
split_gain=5.83903 7.77517 32.7227 13.7049 17.3913 16.2334 13.0482 10.9699 10.4681 11.675 9.65191 9.37514 8.72131 8.52592
threshold=0.80652770400047313 -20.499999999999996 -19.499999999999996 30.500000000000004 -5.4999999999999991 1.5000000000000002 1.0000000180025095e-35 98.500000000000014 181.50000000000003 1.0000000180025095e-35 190.50000000000003 124.50000000000001 1.0000000180025095e-35 86.500000000000014
decision_type=2 2 2 2 2 2 2 2 2 2 2 2 2 2
left_child=1 3 10 4 5 -1 -6 -4 9 12 -3 -10 13 -8
right_child=-2 2 7 -5 6 -7 8 -9 11 -11 -12 -13 -14 -15
leaf_value=0.0020416052664581868 -0.018606185186249825 0.036843872731138462 -0.0040359471715086274 -0.018357750087766699 -0.018552537623763254 -0.023632475603144076 -0.0096850401690709506 0.0085301506209875116 0.0064267540235287196 -0.011907436712429741 0.0040716508045033793 -0.011074841676726593 -0.010099821173961318 0.017835806299111426
leaf_weight=24.58764543246798 7.2126296251226441 18.910856982605768 132.30568502101232 26.77052283516241 12.13478851423133 30.56587868645147 4.6167340919346307 60.935768521056161 36.616064227870083 9.4381679267971759 11.164735364567603 33.03402814103174 5.7668937868438652 79.243841523610172
leaf_count=16617 2397 1603 48589 85533 9912 44580 743 15330 16212 5118 1626 5998 469 71549
internal_value=4.43258e-05 0.000484607 0.00392922 -0.00236002 -0.000233104 -0.0122421 0.00343327 0 0.00545668 0.0105958 0.0269067 -0.00164444 0.0135443 0.0157507
internal_weight=493.304 486.092 223.317 262.775 236.004 55.1535 180.851 193.241 168.716 99.0656 30.0756 69.6501 89.6275 83.8606
internal_count=326276 323879 67148 256731 171198 61197 110001 63919 100089 77879 3229 22210 72761 72292
is_linear=0
shrinkage=0.025


Tree=415
num_leaves=15
num_cat=0
split_feature=7 0 3 2 13 3 0 3 3 3 0 147 5 1
split_gain=5.76229 11.8428 10.1197 13.612 13.8024 8.17481 13.8058 12.7663 16.5568 13.9239 13.4983 13.2268 13.1056 11.6859
threshold=12.500000000000002 -3.4999999999999996 -3.4999999999999996 194.50000000000003 0.24088768661022189 -21.499999999999996 -20.499999999999996 -19.499999999999996 -6.4999999999999991 -5.4999999999999991 -6.4999999999999991 1.0000000180025095e-35 1.0000000180025095e-35 5.5000000000000009
decision_type=2 2 2 2 2 2 2 2 2 2 2 2 2 2
left_child=5 2 3 4 -2 6 -1 12 11 10 -10 -9 -7 -12
right_child=1 -3 -4 -5 -6 7 -8 8 9 -11 13 -13 -14 -15
leaf_value=-0.011974382429506165 -0.022070233007745653 -0.027720870741543415 0.017769214168926694 0.012508916559284173 0.0061569013579502088 -0.02107570791151641 0.038732662662304129 0.025454029978280945 -0.02086579790366638 0.0026672999518176617 -0.014278027274179496 -0.019735585056264507 0.012144512589505579 0.017723056718076707
leaf_weight=2.6053716368187452 29.808273558097426 10.288776306944781 10.581104414071886 14.35930061872932 12.767274697027458 27.033567388098163 5.9670092297601496 25.139392880912059 31.212353933078703 289.94559326760645 9.6108312365249731 1.8325027342652891 6.6398377506993702 12.759351210203022
leaf_count=1181 21130 2042 9268 320 8435 26485 315 2202 28217 224528 1788 11 154 200
internal_value=3.04217e-05 -0.0060258 -0.00132647 -0.00600423 -0.013209 0.00126743 0.0220521 0.000605965 0.00204188 0.000409063 -0.0108624 0.0198816 -0.0133859 0.00292651
internal_weight=490.551 77.8047 67.516 56.9348 42.5755 412.746 8.57238 404.173 370.5 343.528 53.5825 26.9719 33.6734 22.3702
internal_count=326276 41195 39153 29885 29565 285081 1496 283585 256946 254733 30205 2213 26639 1988
is_linear=0
shrinkage=0.025


Tree=416
num_leaves=15
num_cat=0
split_feature=48 3 3 0 236 3 29 6 24 26 226 27 126 49
split_gain=5.7325 7.32058 9.95771 12.4931 9.62062 11.8258 8.57568 7.886 8.94889 8.3943 7.24219 7.13601 8.16131 8.76987
threshold=-0.02830465883016586 -3.4999999999999996 -1.4999999999999998 1.0000000180025095e-35 1.0000000180025095e-35 -24.999999999999996 30.500000000000004 103.50000000000001 289.50000000000006 339.50000000000006 1.0000000180025095e-35 0.38326759636402136 0.35124972462654119 3.5201948881149296
decision_type=2 2 2 2 2 2 2 2 2 2 2 2 2 2
left_child=-1 4 3 -3 5 -2 -6 9 -9 10 -8 -4 13 -13
right_child=1 2 11 -5 6 -7 7 8 -10 -11 -12 12 -14 -15
leaf_value=-0.0095387335507958818 0.033968527719695107 0.019454020193674006 -0.0027001241146915162 -0.01453431975804736 -0.011149473451970442 0 -0.010807512596158655 0.017102578734155993 -0.0046683263511062599 0.011918065897476605 0.01238097429990059 0.0061018051903552898 0.025512800579078333 -0.022301459618332523
leaf_weight=32.894666224288812 6.2719874767935861 38.763565619214205 108.02706073334411 4.9354533590376368 71.17590277580166 25.001307171827648 67.154425640219415 24.872182238585083 16.178013994926005 12.1092317876828 6.0687820548046139 60.377639076556079 10.00259669072693 4.4186415086878688
leaf_count=24532 250 17561 108662 187 36846 1923 34226 2712 7665 3312 317 85947 1237 899
internal_value=2.83742e-05 0.000831947 0.00403159 0.0143929 -0.00223878 0.00982355 -0.00439127 -0.000221704 0.00822146 -0.00470769 -0.008146 0.00122812 0.00710812 0.00289502
internal_weight=488.251 455.357 226.525 43.699 228.832 31.2733 197.559 126.383 41.0502 85.3324 73.2232 182.826 74.7989 64.7963
internal_count=326276 301744 214493 17748 87251 2173 85078 48232 10377 37855 34543 196745 88083 86846
is_linear=0
shrinkage=0.025


Tree=417
num_leaves=15
num_cat=0
split_feature=58 0 0 0 0 3 38 29 252 39 37 40 26 3
split_gain=5.616 8.80065 23.1144 16.2707 27.1076 13.3856 15.0781 11.0651 10.6185 14.59 12.8717 10.3196 10.8411 9.20435
threshold=-1.0000000180025095e-35 -20.499999999999996 -19.499999999999996 -6.4999999999999991 -5.4999999999999991 -11.499999999999998 30.500000000000004 29.500000000000004 1.0000000180025095e-35 139.50000000000003 7.5000000000000009 4.0000000000000009 190.50000000000003 -11.499999999999998
decision_type=2 2 2 2 2 2 2 2 2 2 2 2 2 2
left_child=-1 5 11 13 -5 -2 8 -6 -7 -10 -11 12 -3 -4
right_child=1 2 3 4 7 6 -8 -9 9 10 -12 -13 -14 -15
leaf_value=-0.011590655647220048 -0.018354946969591026 0.039834022328698405 -0.02833995393944589 0.027005669050920469 0.009414082207995977 -0.018328688387273483 -0.017726172762182718 -0.0081000543160399223 0.01057231981149818 0.010585799680336466 -0.0084788797724448285 -0.0064147892907095777 0.002999061604221719 -0.0036114659215153036
leaf_weight=21.443643267659354 25.99605278330273 16.839308212460317 9.6480455498312931 27.226508668354654 36.658678877545753 11.648710534267591 24.420814725490345 48.919315167469904 93.846335061898571 27.631083464875701 72.658582082476642 3.7195849359268314 9.4552853689965541 56.327055125933839
leaf_count=4299 35410 1415 5499 3097 6920 9938 83834 11140 89057 12441 26170 365 1429 35262
internal_value=3.56784e-05 0.000696119 0.00451342 0.00080529 0.00664126 -0.00233461 -0.000205453 -0.000250618 0.00197885 0.00358456 -0.00282938 0.0237634 0.0291055 -0.00866548
internal_weight=486.439 464.995 208.794 178.78 112.805 256.202 230.206 85.578 205.785 194.136 100.29 30.0142 26.2946 65.9751
internal_count=326276 321977 65127 61918 21157 256850 221440 18060 137606 127668 38611 3209 2844 40761
is_linear=0
shrinkage=0.025


Tree=418
num_leaves=15
num_cat=0
split_feature=7 0 3 2 24 3 0 3 3 3 0 147 5 0
split_gain=5.65556 11.3318 9.45063 13.2139 17.6784 7.7647 12.8862 12.0401 15.6558 13.5502 12.8757 12.7262 12.5113 11.1208
threshold=12.500000000000002 -3.4999999999999996 -3.4999999999999996 194.50000000000003 498.50000000000006 -21.499999999999996 -20.499999999999996 -19.499999999999996 -6.4999999999999991 -5.4999999999999991 -6.4999999999999991 1.0000000180025095e-35 1.0000000180025095e-35 -5.4999999999999991
decision_type=2 2 2 2 2 2 2 2 2 2 2 2 2 2
left_child=5 2 3 4 -2 6 -1 12 11 10 -10 -9 -7 -12
right_child=1 -3 -4 -5 -6 7 -8 8 9 -11 13 -13 -14 -15
leaf_value=-0.011632536621139998 -0.022233331938080192 -0.027253501617124028 0.017246923901551883 0.012352817488582425 0.011472876013761317 -0.02092763235886072 0.037298531196614915 0.025052238915065517 -0.020757813537488914 0.0026171320197193736 0.017411312596333949 -0.019283079191434127 0.011868975387803616 -0.014101334130081904
leaf_weight=2.5515488640085096 31.355995802688994 10.252209785874582 10.357072714439708 14.231647531152701 10.320012039730498 25.977795788654475 6.1002094283467141 24.648590004158908 30.398085634718882 288.11766756527504 12.392900698119776 1.8315855097025622 6.4706424463074645 9.4201212513726187
leaf_count=1181 27211 2042 9268 320 2354 26485 315 2202 28217 224528 200 11 154 1788
internal_value=2.63199e-05 -0.00602351 -0.00133981 -0.00591044 -0.0131173 0.0012577 0.0214428 0.00060149 0.00199017 0.000397556 -0.0108746 0.0194874 -0.0132313 0.00273527
internal_weight=484.426 76.5169 66.2647 55.9077 41.676 407.909 8.65176 399.257 366.809 340.329 52.2111 26.4802 32.4484 21.813
internal_count=326276 41195 39153 29885 29565 285081 1496 283585 256946 254733 30205 2213 26639 1988
is_linear=0
shrinkage=0.025


Tree=419
num_leaves=15
num_cat=0
split_feature=180 40 156 10 38 3 3 3 3 32 38 207 32 5
split_gain=5.5409 10.6087 9.7026 8.59062 7.8717 7.46775 14.4289 20.095 19.1748 11.9438 13.1498 12.1056 14.5324 10.3294
threshold=1.5000000000000002 21.500000000000004 1.0000000180025095e-35 -4.4999999999999991 12.500000000000002 -24.999999999999996 -19.499999999999996 -6.4999999999999991 -5.4999999999999991 1.5000000000000002 9.5000000000000018 1.0000000180025095e-35 1.0000000180025095e-35 1.0000000180025095e-35
decision_type=2 2 2 2 2 2 2 2 2 2 2 2 2 2
left_child=1 2 3 -1 -4 -5 13 -8 -9 11 -11 12 -10 -7
right_child=-2 -3 4 5 -6 6 7 8 9 10 -12 -13 -14 -15
leaf_value=-0.015627719976595105 0.012617704429682046 -0.018794659340702402 0 0.021691234490774765 -0.032079684321876328 -0.020673693721636702 0.023079419172721674 -0.013095231153555069 -0.0079067636810409032 0.0092570830242234264 -0.010951872054249717 -0.01480972254546226 0.010646869285473976 0.012359051840412201
leaf_weight=15.174217705396584 18.051565160203609 16.019209035061067 9.848418974492235 8.6843223086179915 7.2147261641221112 25.830993617259086 24.945233914280834 48.503530082729412 27.01290787801554 26.036426056227356 58.528803806686483 12.14894874053425 179.82868393324316 4.2951096720062187
leaf_count=12219 1952 16277 434 2111 297 27077 2611 30344 23939 56023 69313 650 82980 49
internal_value=2.49205e-05 -0.000489289 0.000230409 0.00106889 -0.0166952 0.00184546 0.00120562 0.00263245 0.0009305 0.00335937 -0.00434034 0.00646377 0.00802628 -0.0145167
internal_weight=482.123 464.072 448.052 430.989 17.0631 415.815 407.131 377.005 352.059 303.556 84.5652 218.991 206.842 30.1261
internal_count=326276 324324 308047 307316 731 295097 292986 265860 263249 232905 125336 107569 106919 27126
is_linear=0
shrinkage=0.025


Tree=420
num_leaves=15
num_cat=0
split_feature=1 1 38 3 252 24 35 10 24 30 1 1 24 40
split_gain=5.44955 25.4022 13.2134 13.4038 13.392 12.9576 11.2917 12.0189 11.1342 10.9047 10.7079 27.1192 10.4122 10.1702
threshold=20.500000000000004 19.500000000000004 21.500000000000004 -4.4999999999999991 1.0000000180025095e-35 195.50000000000003 196.50000000000003 -3.4999999999999996 374.50000000000006 3.5000000000000004 6.5000000000000009 5.5000000000000009 498.50000000000006 4.0000000000000009
decision_type=2 2 2 2 2 2 2 2 2 2 2 2 2 2
left_child=1 10 3 9 -5 -6 7 12 -4 -2 11 -1 -7 -3
right_child=2 13 8 4 5 6 -8 -9 -10 -11 -12 -13 -14 -15
leaf_value=-0.0025225583851409212 0 0.028067171080658135 -0.020743069655966298 -0.017885865148875767 -0.017123049272002845 -0.018189054489813727 -0.0050199723861840857 0.018156588157750578 0 -0.021428229056737778 -0.008374856241943859 0.024032495191608355 0.015505002386121453 -0.0061424992753638316
leaf_weight=97.243671365067712 38.217697270833014 27.218508966601807 35.672105929792451 10.746638392563908 8.5292131677269918 10.32169534720015 20.629947309353156 76.321384192749974 25.247044756368268 22.21144337032456 68.249046518474643 28.262279608810786 6.6772994846105567 4.0883857582230112
leaf_count=19460 21728 2907 79147 9280 240 640 7200 83920 24809 31203 42038 3229 80 395
internal_value=1.29068e-05 0.00287793 -0.00242694 0.000694164 0.00521952 0.00782523 0.0102977 0.0139944 -0.0123066 -0.0086636 -0.000499405 0.00368419 -0.00336329 0.0227245
internal_weight=479.636 225.062 254.574 193.655 133.226 122.48 113.95 93.3204 60.9192 60.4291 193.755 125.506 16.999 31.3069
internal_count=326276 68029 258247 154291 101360 92080 91840 84640 103956 52931 64727 22689 720 3302
is_linear=0
shrinkage=0.025


Tree=421
num_leaves=15
num_cat=0
split_feature=210 225 31 4 24 24 3 106 30 30 39 22 0 30
split_gain=5.4358 9.3813 6.31925 13.1283 8.81167 9.0544 14.6215 14.809 10.1396 8.85239 9.99931 8.37598 8.5507 8.47313
threshold=1.0000000180025095e-35 11.500000000000002 34.500000000000007 1.0000000180025095e-35 231.50000000000003 233.50000000000003 -4.4999999999999991 0.98484846949577343 11.500000000000002 5.5000000000000009 153.50000000000003 -1.0000000180025095e-35 1.0000000180025095e-35 6.5000000000000009
decision_type=2 2 2 2 2 2 2 2 2 2 2 2 2 2
left_child=1 2 4 -4 9 -6 7 -7 -9 -1 -11 13 -13 -8
right_child=-2 -3 3 -5 5 6 11 8 -10 10 -12 12 -14 -15
leaf_value=-0.013108062138713151 -0.012086530109966794 0.01982369200943631 -0.016254805940243405 0.0034276048884049081 0.019027659508481891 -0.012047784556368389 0.0065227612734518638 -0.0014346956984438385 0.04832423997208081 -0.0052109512713690619 0.014012318765955226 0.0186293139424932 -0.01101720500562761 -0.0070826611180994613
leaf_weight=41.532948139545624 18.999499312136322 12.387356307765002 38.659704667974438 38.024691353319213 20.139804171769356 56.39713488171401 93.69891951543832 3.3655129208200369 1.6440140777704071 47.945597378224193 22.038179458177183 41.598250493378146 3.9166108020581296 36.475831539049977
leaf_count=29745 2149 336 37838 13561 4412 41740 93849 1320 315 35871 9114 14372 144 41510
internal_value=0 0.000631192 0 -0.00641975 0.00133796 0.00392244 0.00231351 -0.00776811 0.0237574 -0.00435196 0.000827142 0.00604838 0.0150394 0.00244904
internal_weight=476.824 457.825 445.437 76.6844 368.753 257.236 237.096 61.4067 5.00953 111.517 69.9838 175.69 45.5149 130.175
internal_count=326276 324127 323791 51399 272392 197662 193250 43375 1635 74730 44985 149875 14516 135359
is_linear=0
shrinkage=0.025


Tree=422
num_leaves=15
num_cat=0
split_feature=180 210 38 132 11 68 52 35 32 223 3 5 32 24
split_gain=5.39159 10.2624 8.34594 7.41266 11.173 7.15137 9.06943 7.22074 8.08646 6.99371 7.142 9.6659 7.92002 9.71504
threshold=1.5000000000000002 1.0000000180025095e-35 19.500000000000004 1.0000000180025095e-35 4.5000000000000009 0.012689179740846159 0.091441467404365553 156.50000000000003 4.5000000000000009 1.0000000180025095e-35 -5.4999999999999991 1.0000000180025095e-35 1.0000000180025095e-35 195.50000000000003
decision_type=2 2 2 2 2 2 2 2 2 2 2 2 2 2
left_child=1 3 -3 4 5 6 9 -7 -9 10 11 -1 -12 -14
right_child=-2 2 -4 -5 -6 7 -8 8 -10 -11 12 -13 13 -15
leaf_value=-0.0141492780353087 0.012460004446238345 -0.0015161919283283032 -0.042599842226979767 0.018938350636081167 -0.018757671651447191 -0.0071729304571277984 -0.013619648716210499 0.0091856464751477133 -0.0088452457965522754 0.017435518924909171 -0.012513912840249025 0.01377817805383076 -0.017663752076212721 0.0051550912754939155
leaf_weight=41.569551636210235 17.942294236199814 9.0695053371600789 3.4542937070364124 9.7821728137496375 16.766949614466284 22.798442227111082 33.34759245969326 120.14964919524937 13.978630705409158 10.297921953359035 19.641694739912055 5.9939215518534175 9.3924547922797483 140.50171975122066
leaf_count=38898 1952 450 209 158 15655 20336 35596 64047 5594 420 20178 38 406 122339
internal_value=5.43869e-06 -0.000507549 -0.0205009 0.000133957 -0.000359284 0.000448372 -0.00201847 0.0046645 0.00697179 -5.34726e-05 -0.00122298 -0.00952678 0.00108691 0.00324321
internal_weight=474.687 456.745 12.5238 444.221 434.439 417.672 260.745 156.927 134.128 227.397 217.099 47.5635 169.536 149.894
internal_count=326276 324324 659 323665 323507 307852 217875 89977 69641 182279 181859 38936 142923 122745
is_linear=0
shrinkage=0.025


Tree=423
num_leaves=15
num_cat=0
split_feature=165 180 7 24 166 3 3 3 3 38 24 4 35 78
split_gain=5.3251 8.34397 6.75959 13.4317 9.3867 8.67914 10.5059 18.5786 12.4764 10.7707 14.5281 15.2857 10.047 10.0177
threshold=5.5000000000000009 1.5000000000000002 12.500000000000002 498.50000000000006 1.0000000180025095e-35 -21.499999999999996 -19.499999999999996 -6.4999999999999991 -5.4999999999999991 16.500000000000004 195.50000000000003 1.0000000180025095e-35 207.50000000000003 0.056601801887154586
decision_type=2 2 2 2 2 2 2 2 2 2 2 2 2 2
left_child=1 2 4 -4 5 13 -7 -8 -9 10 -10 -12 -13 -1
right_child=-2 -3 3 -5 -6 6 7 8 9 -11 11 12 -14 -15
leaf_value=0.036217454804930833 -0.017943304227805289 0.017028255901644914 -0.014058407989810867 0.010867022528557507 0.025159411609716943 -0.014165272429677063 0.021077997781893822 -0.012182039903267033 -0.018633600141120633 -0.0039614934747932437 0.0014638555758256094 0.022219631418704425 -0.0091708536404246192 -0.0086755552926222369
leaf_weight=5.6226719722035332 7.0694765666848971 15.228291440900646 48.320177848596359 14.732987754672648 6.8360036569356444 28.343741606528056 23.506937813872355 47.050682615925325 10.507841576123608 123.21473723847885 89.048808181825734 46.943445940996753 4.4342135781771495 2.1777788610343123
leaf_count=1046 385 1757 37145 3241 359 26479 2193 30035 297 111295 93480 18021 107 436
internal_value=0 0.000428719 -0.000185878 -0.00762681 0.00100959 0.000317745 -0.000253701 0.000930636 -0.000648134 0.0013516 0.00584401 0.00820137 0.0186942 0.0224408
internal_weight=473.038 465.968 450.74 63.0532 387.687 380.851 373.05 344.707 321.2 274.149 150.934 140.426 51.3777 7.80045
internal_count=326276 325891 324134 40386 283748 283389 281907 255428 253235 223200 111905 111608 18128 1482
is_linear=0
shrinkage=0.025


Tree=424
num_leaves=15
num_cat=0
split_feature=0 0 38 3 35 24 35 10 24 6 30 24 40 6
split_gain=5.42845 24.2962 12.4329 12.741 11.2507 11.9195 11.1345 11.4483 10.6825 10.6235 10.1957 9.80247 9.59255 9.76139
threshold=-20.499999999999996 -19.499999999999996 21.500000000000004 -4.4999999999999991 136.50000000000003 195.50000000000003 196.50000000000003 -3.4999999999999996 374.50000000000006 98.500000000000014 3.5000000000000004 498.50000000000006 4.0000000000000009 58.500000000000007
decision_type=2 2 2 2 2 2 2 2 2 2 2 2 2 2
left_child=2 12 3 10 -5 -6 7 11 -4 -3 -1 -7 13 -2
right_child=1 9 8 4 5 6 -8 -9 -10 -11 -12 -13 -14 -15
leaf_value=0 0.03617986208607675 -0.0045715032236517449 -0.020532183457135159 -0.014825356007568825 -0.016702975788605252 -0.017914660051642065 -0.0050795630953162476 0.018150564287415769 0 0.0078185905294942196 -0.021241335225541225 0.015211418073596848 -0.0059491885133754223 0.00069912165655580671
leaf_weight=37.312116820081428 19.022238759105683 131.25047571362666 34.787155805781367 12.240661153758991 8.0650295447558147 9.9096921266755107 20.45020416508487 72.17049475456588 24.895265038161597 60.441575149125129 21.356843721994665 6.4461647048592559 3.9984857987728892 8.2570142528638808
leaf_count=21728 1837 49270 79147 11840 240 640 7200 81360 24809 15457 31203 80 395 1070
internal_value=0 0.00285566 -0.00248686 0.000593355 0.00507944 0.0076879 0.0101154 0.0139501 -0.01215 -0.000476151 -0.00865294 -0.00323329 0.0222592 0.0273993
internal_weight=470.603 222.97 247.634 187.951 129.282 117.042 108.977 88.5264 59.6824 191.692 58.669 16.3559 31.2777 27.2793
internal_count=326276 68029 258247 154291 101360 89520 89280 82080 103956 64727 52931 720 3302 2907
is_linear=0
shrinkage=0.025


Tree=425
num_leaves=15
num_cat=0
split_feature=0 0 38 0 0 39 252 6 38 252 180 12 40 6
split_gain=5.25953 23.1806 12.0696 10.3911 26.3528 10.0357 13.7021 9.79179 12.62 11.2024 10.4396 10.4254 9.22197 9.23518
threshold=-20.499999999999996 -19.499999999999996 30.500000000000004 -6.4999999999999991 -5.4999999999999991 139.50000000000003 1.0000000180025095e-35 97.500000000000014 22.500000000000004 1.0000000180025095e-35 1.5000000000000002 46.324380874633796 4.0000000000000009 58.500000000000007
decision_type=2 2 2 2 2 2 2 2 2 2 2 2 2 2
left_child=2 12 5 -3 -5 6 -1 9 -9 -6 11 -11 13 -2
right_child=1 3 -4 4 7 -7 -8 8 -10 10 -12 -13 -14 -15
leaf_value=-0.018007528582574327 0.035280555203191927 -0.0082970000132534267 -0.017915525094387912 0.023768518442751858 0.015058130793601366 -0.0056794525137809342 0.0081241402987989372 -0.0072050449545970653 0.021482098705013233 -0.023659855209866847 0.011073630096138863 0 -0.0058699492878003653 0.0006861945028179728
leaf_weight=10.998807386160477 19.095000815075771 67.093678891702439 25.14076108674999 28.095421363228525 7.7292398862482505 111.4731034382894 97.555458759023168 14.475254725781271 17.023734616057482 34.258229735678469 6.9977245656918958 15.954058421601074 3.9917336420621714 8.2587487791533913
leaf_count=10000 1837 42038 85690 3229 755 62915 99642 2454 1983 10178 1587 2503 395 1070
internal_value=0 0.00279541 -0.00247598 -0.000459967 0.00366213 -0.000382472 0.00483928 -0.00248443 0.0080942 -0.00811444 -0.0122546 -0.0164166 0.0217265 0.0267594
internal_weight=468.141 222.973 245.168 191.627 124.534 220.027 108.554 96.4382 31.499 64.9393 57.21 50.2123 31.3455 27.3537
internal_count=326276 68029 258247 64727 22689 172557 109642 19460 4437 15023 14268 12681 3302 2907
is_linear=0
shrinkage=0.025


Tree=426
num_leaves=15
num_cat=0
split_feature=27 1 1 38 3 30 252 35 24 35 1 1 3 27
split_gain=5.23027 7.05099 26.1787 11.6754 14.7757 13.6756 11.2479 9.5989 15.5332 11.0817 9.59419 24.0079 10.0676 9.85461
threshold=0.80652770400047313 20.500000000000004 19.500000000000004 30.500000000000004 -5.4999999999999991 1.5000000000000002 1.0000000180025095e-35 196.50000000000003 234.50000000000003 186.50000000000003 6.5000000000000009 5.5000000000000009 -11.499999999999998 0.55428534746170055
decision_type=2 2 2 2 2 2 2 2 2 2 2 2 2 2
left_child=1 2 10 4 5 -3 -6 8 9 -8 11 13 -12 -1
right_child=-2 3 -4 -5 6 -7 7 -9 -10 -11 12 -13 -14 -15
leaf_value=-0.0055709263794160198 -0.018060517651716259 0.0014154668605313803 0.024263592249148768 -0.017732473983797646 -0.01805416589292215 -0.023266232985633475 -0.009182423781226981 -0.0077788942274609266 0.014496388682572506 0.016218570536308145 -0.027989573869354752 0.023410592304581694 -0.0022859213287256671 0.014926341041087678
leaf_weight=79.196813955903053 6.7687797351973122 22.529545551420597 29.94882907315332 24.735048594535328 11.097997735807438 26.819728858761664 39.423507254294236 25.951105866202852 81.037646781594958 11.057528922872732 9.4413176185262255 27.899432548882032 56.351447338922299 14.550566438796521
leaf_count=16761 2397 16617 3229 85533 9912 44580 22449 8556 66386 2698 5567 3203 36040 2348
internal_value=0 0.000422137 0.00371156 -0.00243237 -0.000365327 -0.0120853 0.00307138 0.00502573 0.0078553 -0.00255338 0 0.00423137 -0.00739758 -0.00176694
internal_weight=466.809 460.041 217.388 242.652 217.917 49.3493 168.568 157.47 131.519 50.481 187.44 121.647 65.7928 93.7474
internal_count=326276 323879 67148 256731 171198 61197 110001 100089 91533 25147 63919 22312 41607 19109
is_linear=0
shrinkage=0.025


Tree=427
num_leaves=15
num_cat=0
split_feature=210 133 40 10 68 1 37 106 99 37 52 40 191 3
split_gain=5.33815 8.36218 11.1789 9.13046 8.25844 8.54345 7.1383 7.11189 7.25976 6.95338 6.92363 8.79067 9.30135 8.17805
threshold=1.0000000180025095e-35 1.0000000180025095e-35 23.500000000000004 -4.4999999999999991 0.026965758763253692 20.500000000000004 20.500000000000004 0.69191917777061474 0.034404931589961059 33.500000000000007 0.11557822301983835 6.5000000000000009 1.0000000180025095e-35 1.0000000180025095e-35
decision_type=2 2 2 2 2 2 2 2 2 2 2 2 2 2
left_child=1 2 3 -1 9 7 -7 -6 -9 10 11 13 -13 -5
right_child=-2 -3 -4 4 5 6 -8 8 -10 -11 -12 12 -14 -15
leaf_value=-0.016761012754029064 -0.012068141137442132 0.016718762426493148 -0.019847506893510461 9.2466416754166068e-05 0.0013600837375663437 -0.0055610467444883044 0.011457535373879614 0.030413442247765834 0.0015545463620693326 0.011519229234069547 -0.013915421890363287 0.01739326181027746 -0.012786936864827715 -0.011410220058392845
leaf_weight=14.698615866829639 18.740843762847362 16.302211704060028 14.210712541800602 167.91961769874615 19.795267722831341 38.122598556656158 21.377970879810164 18.877847463241782 10.255963836236331 23.449306625378085 23.976430202805204 26.25886825777707 4.8340539727360001 45.616641431428434
leaf_count=12325 2149 400 16068 75337 4697 35192 17323 1875 1500 66563 14567 1602 155 76523
internal_value=0 0.000615537 -4.97694e-05 0.000705599 0.00152848 0.00733753 0.000410025 0.01477 0.0221258 -0.000596165 -0.00186144 -0.000424783 0.0112555 -0.00237338
internal_weight=464.437 445.696 429.394 415.183 400.485 108.43 59.5006 48.9291 29.1338 292.055 268.606 244.629 31.0929 213.536
internal_count=326276 324127 323727 307659 295334 60587 52515 8072 3375 234747 168184 153617 1757 151860
is_linear=0
shrinkage=0.025


Tree=428
num_leaves=15
num_cat=0
split_feature=7 0 3 2 24 24 37 3 0 35 33 32 39 33
split_gain=5.08435 10.1173 8.69081 12.5704 15.6018 6.74534 6.84853 7.35199 18.5783 12.2231 9.80527 13.9433 10.3288 8.10548
threshold=12.500000000000002 -3.4999999999999996 -3.4999999999999996 194.50000000000003 498.50000000000006 188.50000000000003 1.5000000000000002 -4.4999999999999991 1.0000000180025095e-35 186.50000000000003 1.0000000180025095e-35 1.5000000000000002 151.50000000000003 1.0000000180025095e-35
decision_type=2 2 2 2 2 2 2 2 2 2 2 2 2 2
left_child=5 2 3 4 -2 -1 -7 8 10 -10 11 -8 -12 -9
right_child=1 -3 -4 -5 -6 6 7 13 9 -11 12 -13 -14 -15
leaf_value=-0.013898544559389089 -0.021909905422391674 -0.025980808399903528 0.016719145574476933 0.012070562429317228 0.010701529442963221 -0.013008951483043193 -0.0068859298090278541 0 -0.00079439565741907668 0.054432909494041948 -0.017627463246205434 0.022517503768137687 -0.00021676242745845981 0.0092324330427937407
leaf_weight=14.380993726670566 29.508317254651047 10.122074813640209 10.041162750632791 13.864026105846277 9.5116844122530875 14.811953237680425 18.98593970258662 97.29392802795337 2.7729660021141163 2.8004483639961109 41.262706537294434 14.859050902508896 46.959985011722893 135.82270830131893
leaf_count=3887 27211 2042 9268 320 2354 34054 10489 66294 389 182 23266 202 22731 123587
internal_value=0 -0.00588695 -0.00124026 -0.00581207 -0.013169 0.00117467 0.00192344 0.00270749 -0.00194557 0.0333763 -0.00452012 0.00612696 -0.0089459 0.00535347
internal_weight=462.998 73.0473 62.9252 52.884 39.02 389.951 375.57 360.758 127.641 5.57341 122.068 33.845 88.2227 233.117
internal_count=326276 41195 39153 29885 29565 285081 281194 247140 57259 571 56688 10691 45997 189881
is_linear=0
shrinkage=0.025


Tree=429
num_leaves=15
num_cat=0
split_feature=58 0 0 33 180 3 3 33 39 24 179 38 35 31
split_gain=5.05411 8.01516 23.5776 11.2175 12.9031 10.2714 14.9854 14.2412 16.8891 13.6299 13.4754 10.0311 15.4126 13.9657
threshold=-1.0000000180025095e-35 -6.4999999999999991 -5.4999999999999991 1.0000000180025095e-35 1.0000000180025095e-35 -5.4999999999999991 -8.9999999999999982 1.0000000180025095e-35 153.50000000000003 233.50000000000003 1.0000000180025095e-35 17.500000000000004 184.50000000000003 14.500000000000002
decision_type=2 2 2 2 2 2 2 2 2 2 2 2 2 2
left_child=-1 5 -3 -4 -5 6 9 8 10 -2 -7 12 -9 -13
right_child=1 2 3 4 -6 7 -8 11 -10 -11 -12 13 -14 -15
leaf_value=-0.011218892738556873 0.010922221363607362 0.025657557434986118 0.0085331565409759117 -0.0146133003463023 0.020112726418807479 -0.014441649201949878 -0.022233951098684448 0.019099191296183357 0.016317344137671386 -0.011107863386795768 0.010314289831431483 0.034730172508899974 -0.0019632720484408259 -0.0064269275584992128
leaf_weight=20.69797622536862 28.91907374771472 26.445934389572358 41.919510932610137 37.573959682340501 4.7627301550965049 71.701191212792764 28.940280022223305 56.94349082865665 14.955613332742358 35.536893731994496 13.353640511268166 2.6863754603982661 30.086688466471969 46.520811126305489
leaf_count=4299 16978 3097 6498 10166 1396 73345 28581 75520 2045 31529 2243 3942 11323 55314
internal_value=0 0.000630262 0.00639413 -3.9935e-05 -0.00908293 -0.00127043 -0.00819113 0.00142945 -0.0055057 -0.000806976 -0.0100521 0.00670895 0.0117173 -0.00183457
internal_weight=461.044 440.346 110.702 84.2562 42.3367 329.644 93.3962 236.248 100.01 64.456 85.0548 136.237 87.0302 49.2072
internal_count=326276 321977 21157 18060 11562 300820 77088 223732 77633 48507 75588 146099 86843 59256
is_linear=0
shrinkage=0.025


Tree=430
num_leaves=15
num_cat=0
split_feature=165 180 40 210 38 31 4 24 35 7 166 24 3 35
split_gain=5.04134 7.5521 9.12608 4.87325 8.74569 6.34595 10.0543 8.7958 8.44615 11.6259 8.91415 7.07971 13.8176 16.9432
threshold=5.5000000000000009 1.5000000000000002 21.500000000000004 1.0000000180025095e-35 19.500000000000004 34.500000000000007 1.0000000180025095e-35 231.50000000000003 186.50000000000003 10.500000000000002 1.0000000180025095e-35 233.50000000000003 -4.4999999999999991 197.50000000000003
decision_type=2 2 2 2 2 2 2 2 2 2 2 2 2 2
left_child=1 2 3 5 -5 7 -7 8 9 -1 -10 -9 13 -13
right_child=-2 -3 -4 4 -6 6 -8 11 10 -11 -12 12 -14 -15
leaf_value=-0.011898943897876694 -0.017488023115000549 0.01636109170021751 -0.017849489924375319 0.0011125376639247498 -0.036470514254087635 -0.014385439356057864 0.0032686106867148693 0.019201366448076771 0.011349613613345716 0.01464028777102146 -0.0285960572184316 -0.013117255660598416 0.0073100861157485604 0.021177707373249192
leaf_weight=64.873620931612095 7.0315275751490836 14.896180044401261 14.598625928774707 6.8797591486945731 3.139708889182657 36.12943052877381 36.155693351931404 18.610918056408991 28.873340024765643 8.757128486002328 0.76089086070714884 45.950841086385481 163.67215500617749 7.7759301905753082
leaf_count=49083 385 1757 16259 388 183 35404 13537 4008 13823 7902 27 32495 145204 5821
internal_value=0 0.000427245 -0.000168041 0.000507152 -0.0144343 0.00103303 -0.00544476 0.00252184 -0.00335288 -0.00796673 0.00702341 0.00520671 0.00365018 -0.00685551
internal_weight=458.106 451.074 436.178 421.579 10.0195 411.56 72.2851 339.275 103.265 73.6307 29.6342 236.01 217.399 53.7268
internal_count=326276 325891 324134 307875 571 307304 48941 258363 70835 56985 13850 187528 183520 38316
is_linear=0
shrinkage=0.025


Tree=431
num_leaves=15
num_cat=0
split_feature=0 0 38 24 6 29 67 252 31 225 52 32 100 54
split_gain=4.91981 21.432 11.1233 10.0157 9.76504 8.69107 8.1423 7.41029 8.27446 7.26996 7.69975 6.78453 6.25514 6.2313
threshold=-20.499999999999996 -19.499999999999996 21.500000000000004 374.50000000000006 98.500000000000014 30.500000000000004 0.013177114073187115 1.0000000180025095e-35 28.500000000000004 13.500000000000002 0.090292409062385573 2.5000000000000004 0.029601144604384903 365.50000000000006
decision_type=2 2 2 2 2 2 2 2 2 2 2 2 2 2
left_child=2 5 7 -4 9 -2 -6 -1 -9 10 -3 -7 13 -12
right_child=1 4 3 -5 6 11 -8 8 -10 -11 12 -13 -14 -15
leaf_value=-0.017477793735155744 0.0025977097849249403 -0.0013076447190230416 -0.020137702081637628 0 0 0.035957063657084488 0.019221165023443565 0.00680651289916468 -0.0040676537160188051 0.012985361656184094 -0.0092694559764263783 -0.0016089522209565836 0.00013627121629184019 -0.036842427134784937
leaf_weight=10.025535767548716 13.590336701839989 78.835396757633134 33.017755099157512 24.042032997356728 39.098965186240093 15.974242577889527 20.384761508990778 96.844693269111303 72.426438556103676 9.9301365175488154 22.224924049463883 1.8041752205754171 9.9204481450578879 8.2472314234328206
leaf_count=9440 1464 35751 79147 24809 12095 1220 3362 90991 53860 1777 7441 618 3769 532
internal_value=0 0.00270434 -0.0024561 -0.0117884 -0.000467164 0.0208802 0.00753823 0.00052183 0.00201883 -0.00443064 -0.00636882 0.0312598 -0.0148974 -0.0201121
internal_weight=456.367 220.011 236.356 57.0598 188.642 31.3688 59.4837 179.297 169.271 129.158 119.228 17.7784 40.3926 30.4722
internal_count=326276 68029 258247 103956 64727 3302 15457 154291 144851 49270 47493 1838 11742 7973
is_linear=0
shrinkage=0.025


Tree=432
num_leaves=15
num_cat=0
split_feature=210 225 40 31 4 24 35 124 21 24 3 106 3 30
split_gain=4.82374 8.14739 7.74527 6.27931 10.8904 8.31995 8.76325 9.49815 7.9973 7.22078 12.5067 14.9847 10.643 11.9745
threshold=1.0000000180025095e-35 11.500000000000002 21.500000000000004 34.500000000000007 1.0000000180025095e-35 231.50000000000003 186.50000000000003 1.0000000180025095e-35 11.500000000000002 233.50000000000003 -4.4999999999999991 0.98484846949577343 -1.0000000180025095e-35 6.5000000000000009
decision_type=2 2 2 2 2 2 2 2 2 2 2 2 2 2
left_child=1 2 3 5 -5 6 8 -8 -1 -7 11 -11 -12 -14
right_child=-2 -3 -4 4 -6 9 7 -9 -10 10 12 -13 13 -15
leaf_value=-0.010634199666419087 -0.011435119327090359 0.018755943512879205 -0.016241548966888997 -0.015368510561490184 0.0031285239240584082 0.018927014385945993 0.012074143049986691 -0.025905790081126697 0.01844082975168624 -0.011203969017891939 0.012777642520249037 0.025743532587426822 0.0073724625914130051 -0.012029990901850876
leaf_weight=69.366566593918833 18.845038644823944 11.925162633895523 14.67698546997053 34.936708676206763 36.441630463807087 18.300759408768499 27.561672611693215 1.5682804668613233 3.1475667572449302 51.274948379832495 83.996975017551449 4.662559387717919 49.927770465823414 28.835382296761964
leaf_count=56358 2149 336 16282 35414 13558 4008 13712 143 673 37026 69068 1393 51456 24700
internal_value=0 0.00060014 0 0.000656145 -0.00584359 0.0021386 -0.00363645 0.00702339 -0.00835862 0.00473408 0.00319359 -0.00654648 0.00674978 0
internal_weight=455.468 436.623 424.698 410.021 71.3783 338.642 101.644 29.13 72.5141 236.998 218.698 55.9375 162.76 78.7632
internal_count=326276 324127 323791 307509 48972 258537 70886 13855 57031 187651 183643 38419 145224 76156
is_linear=0
shrinkage=0.025


Tree=433
num_leaves=15
num_cat=0
split_feature=27 0 0 3 38 30 252 0 0 29 3 70 24 39
split_gain=4.87784 6.6196 24.3773 11.0754 13.4781 11.837 10.5836 9.14838 22.6226 10.3626 9.41942 9.01836 8.67051 8.3974
threshold=0.80652770400047313 -20.499999999999996 -19.499999999999996 -5.4999999999999991 30.500000000000004 1.5000000000000002 1.0000000180025095e-35 -6.4999999999999991 -5.4999999999999991 28.000000000000004 -11.499999999999998 -1.0000000180025095e-35 195.50000000000003 170.50000000000003
decision_type=2 2 2 2 2 2 2 2 2 2 2 2 2 2
left_child=1 3 -3 5 6 -1 -5 10 -9 11 -4 -10 -8 -14
right_child=-2 2 7 4 -6 -7 12 8 9 -11 -12 -13 13 -15
leaf_value=0 -0.017626596495923578 0.023372227770381213 -0.027610684668410448 -0.017808482907899988 -0.016853722151124795 -0.023181360186144667 -0.016329074139603991 0.022788236758093723 -0.011416048569979322 -0.0080582509959195286 -0.0023421001342413344 0.015536202297926649 0.0087099976813473558 -0.0095428986922797537
leaf_weight=22.908263182474911 6.5700312646658849 30.04534549228265 9.1042533746440295 10.628883815428706 21.456418705070973 26.212908328161575 7.7196381797548375 27.625432369575719 7.0550456528144414 59.752317565085832 54.74176505462674 26.098028827356757 129.32830777303752 14.114611232886089
leaf_count=19134 2397 3229 5567 9912 81736 45860 314 3203 3084 12791 36040 3234 98335 1440
internal_value=0 0.000409073 0.00359857 -0.00243622 0.000318517 -0.0126193 0.00301293 0 0.00408408 -0.00175579 -0.00739676 0.00863783 0.0049572 0.00658452
internal_weight=453.361 446.791 214.422 232.369 183.248 49.1212 161.791 184.377 120.531 92.9054 63.846 33.1531 151.163 143.443
internal_count=326276 323879 67148 256731 191737 64994 110001 63919 22312 19109 41607 6318 100089 99775
is_linear=0
shrinkage=0.025


Tree=434
num_leaves=15
num_cat=0
split_feature=7 0 3 2 24 3 78 3 3 3 0 147 66 0
split_gain=4.83702 9.40461 7.8726 12.1379 14.6629 6.67728 10.8004 10.123 12.5491 11.4942 10.982 10.8279 10.0946 9.51349
threshold=12.500000000000002 -3.4999999999999996 -3.4999999999999996 194.50000000000003 498.50000000000006 -21.499999999999996 0.056601801887154586 -19.499999999999996 -6.4999999999999991 -5.4999999999999991 -6.4999999999999991 1.0000000180025095e-35 0.52020201086997997 -5.4999999999999991
decision_type=2 2 2 2 2 2 2 2 2 2 2 2 2 2
left_child=5 2 3 4 -2 6 12 -7 11 10 -10 -9 -1 -12
right_child=1 -3 -4 -5 -6 7 -8 8 9 -11 13 -13 -14 -15
leaf_value=0 -0.021642956693136917 -0.025196246556244136 0.016045913254973908 0.011938943398802436 0.010408176820443265 -0.012949866310822025 -0.010385807896798433 0.023486785673520902 -0.020294243366177554 0.002382280306465848 0.016475587408155946 -0.017441857180163119 0.057808206308098742 -0.01358865998429314
leaf_weight=4.2150427676970121 28.574794305597607 10.081974374741547 9.7341333723597909 13.69667537792702 9.1595714980649046 28.710914632261847 2.5656864252669038 22.758823389478497 27.106141449934512 270.84894558652741 11.391146435867997 1.8275280189700414 2.1011525612411788 8.7050751869683136
leaf_count=723 27211 2042 9268 320 2354 26639 440 2202 28217 224528 200 11 333 1788
internal_value=0 -0.00582862 -0.00121782 -0.00564884 -0.0130556 0.00114309 0.0196501 0.000479737 0.00178002 0.000294189 -0.0106157 0.0179723 0.0339499 0.00229675
internal_weight=451.478 71.2471 61.1652 51.431 37.7344 380.23 8.88188 371.349 342.638 318.051 47.2024 24.5864 6.3162 20.0962
internal_count=326276 41195 39153 29885 29565 285081 1496 283585 256946 254733 30205 2213 1056 1988
is_linear=0
shrinkage=0.025


Tree=435
num_leaves=15
num_cat=0
split_feature=48 3 236 3 244 0 40 24 3 38 185 0 36 0
split_gain=4.6872 5.51682 9.54813 9.95135 9.25387 11.1738 8.93645 14.5713 10.6317 8.59751 8.5855 8.95212 7.81696 6.53305
threshold=-0.02830465883016586 -3.4999999999999996 1.0000000180025095e-35 -24.999999999999996 1.0000000180025095e-35 1.0000000180025095e-35 4.0000000000000009 498.50000000000006 -4.4999999999999991 16.500000000000004 1.0000000180025095e-35 -20.499999999999996 125.50000000000001 -19.499999999999996
decision_type=2 2 2 2 2 2 2 2 2 2 2 2 2 2
left_child=-1 2 3 -2 12 -6 8 -8 9 10 11 -4 -3 -13
right_child=1 4 6 -5 5 -7 7 -9 -10 -11 -12 13 -14 -15
leaf_value=-0.0090496661673434668 0.031952212394451437 0.0030581771231411176 -0.020882805109218239 0.00027966979784983462 0.019525121549191185 -0.013002271059779968 -0.02096704697607624 0.010012070119032867 0.015449835417783801 -0.01575365146041879 0.0076739687159217782 0.017313517124441926 -0.011996054748655728 -0.0059762749111605604
leaf_weight=30.066372365188727 6.3815739499405053 152.48340032786655 15.901393008432931 23.449436695256736 33.855015735156485 4.8834265945479265 35.400440804107348 9.3736727259238233 17.696053088002373 25.917689558817074 43.090416464634473 7.6759801474399891 21.767540903558256 21.83378130721394
leaf_count=24532 250 193135 24782 1923 17648 188 24652 2441 2886 12331 12170 313 3522 5503
internal_value=0 0.000723853 -0.00209565 0.0101172 0.00356721 0.0141859 -0.0044286 -0.0137367 -0.000854093 -0.00391888 0 -0.00740096 0.000865344 0.000351441
internal_weight=449.776 419.71 206.72 29.831 212.989 38.7384 176.889 44.7741 132.115 114.419 88.5016 45.4112 174.251 29.5098
internal_count=326276 301744 87251 2173 214493 17836 85078 27093 57985 55099 42768 30598 196657 5816
is_linear=0
shrinkage=0.025


Tree=436
num_leaves=15
num_cat=0
split_feature=58 0 0 37 39 33 3 37 31 33 180 0 3 3
split_gain=4.7756 7.44384 22.0932 13.3191 16.0553 11.9802 11.0746 12.1663 10.7816 10.4929 12.2893 9.61116 9.46126 12.0827
threshold=-1.0000000180025095e-35 -6.4999999999999991 -5.4999999999999991 27.500000000000004 128.50000000000003 1.0000000180025095e-35 -4.4999999999999991 7.5000000000000009 34.500000000000007 1.0000000180025095e-35 1.0000000180025095e-35 1.0000000180025095e-35 -8.9999999999999982 -13.499999999999998
decision_type=2 2 2 2 2 2 2 2 2 2 2 2 2 2
left_child=-1 3 -3 4 -2 -5 12 8 -8 11 -11 -4 13 -6
right_child=1 2 9 5 6 -7 7 -9 -10 10 -12 -13 -14 -15
leaf_value=-0.011005308070178826 -0.015606931725375965 0.024988973602682027 -0.0034041783264345477 -0.0035946959294596587 -0.0074716660534115496 0.019749073410131102 0.017816363936466396 -0.0021862574970385644 -0.010263990180509759 -0.014350877877638279 0.019596713057479547 0.018730773516924891 -0.015212603410579235 0.016438518822055131
leaf_weight=20.304449493862194 52.083365029808192 26.001302343196585 19.457713133873767 19.803252831756254 37.597014885930548 29.35674618993653 45.700472099182662 68.029435966484016 7.1050968737254143 36.986211873918364 4.7399951592306016 22.020884400961222 41.689961082891386 16.5590143634181
leaf_count=4299 104189 3097 5486 11561 36833 74531 16648 21875 3262 10166 1396 1012 27924 3997
internal_value=0 0.000614066 0.00619186 -0.00126396 -0.00354234 0.0102002 -0.000355054 0.00451131 0.0132415 -5.74019e-05 -0.00887978 0.00825589 -0.00669381 0
internal_weight=447.435 427.13 109.206 317.924 268.764 49.16 216.681 120.835 52.8056 83.2048 41.7262 41.4786 95.846 54.156
internal_count=326276 321977 21157 300820 214728 86092 110539 41785 19910 18060 11562 6498 68754 40830
is_linear=0
shrinkage=0.025


Tree=437
num_leaves=15
num_cat=0
split_feature=165 180 40 102 35 30 3 35 165 31 3 32 54 38
split_gain=4.59629 7.0731 8.25502 4.34396 9.59756 8.55634 7.27152 8.69703 7.23187 8.91208 10.8848 6.91976 6.5292 5.89133
threshold=5.5000000000000009 1.5000000000000002 21.500000000000004 0.012688180897384884 186.50000000000003 2.5000000000000004 -4.4999999999999991 195.50000000000003 2.5000000000000004 15.500000000000002 -20.499999999999996 1.0000000180025095e-35 250.50000000000003 16.500000000000004
decision_type=2 2 2 2 2 2 2 2 2 2 2 2 2 2
left_child=1 2 3 6 11 -6 12 -8 9 -7 -11 -5 -1 -13
right_child=-2 -3 -4 4 5 8 7 -9 -10 10 -12 13 -14 -15
leaf_value=-0.013103384612611804 -0.016768472437957978 0.015956291216794052 -0.017444012971100473 -0.014081224910184501 -0.0037580715416918697 0.05901887515408976 0.0041626971106573886 -0.011031080583375626 -0.01159838643078899 0.046118672523988713 0.0074792315310552599 0.0049872314602188517 0.0068529481940090807 -0.0058901896945162211
leaf_weight=48.781331951431639 6.9682720918353871 14.578021527900999 13.727063000496853 17.148869007680332 14.38362095991033 0.95818915213749178 109.60233098108438 26.467402861133451 2.3439296122523947 3.1040807427343671 39.273958276040503 97.643019619623374 8.9838965973904106 40.766093951977382
leaf_count=32589 385 1757 16259 18968 9679 646 83572 12808 163 542 25938 72163 501 50306
internal_value=0 0.000397913 -0.000187936 0.000452634 0.00292471 0.0111631 -0.00217296 0.000853328 0.016317 0.0190196 0.0137223 -0.000249633 -0.00940317 0.00154968
internal_weight=444.73 437.762 423.184 409.457 215.622 60.0638 193.835 136.07 45.6802 43.3362 42.378 155.558 57.7652 138.409
internal_count=326276 325891 324134 307875 178405 36968 129470 96380 27289 27126 26480 141437 33090 122469
is_linear=0
shrinkage=0.025


Tree=438
num_leaves=15
num_cat=0
split_feature=210 225 40 31 4 24 35 124 21 41 35 30 3 3
split_gain=4.58054 7.56538 6.99201 5.64252 10.5004 7.96847 7.90611 9.11885 7.67274 6.68272 6.47518 5.98811 5.62592 7.41814
threshold=1.0000000180025095e-35 11.500000000000002 21.500000000000004 34.500000000000007 1.0000000180025095e-35 231.50000000000003 186.50000000000003 1.0000000180025095e-35 11.500000000000002 11.500000000000002 165.50000000000003 13.500000000000002 1.0000000180025095e-35 -4.4999999999999991
decision_type=2 2 2 2 2 2 2 2 2 2 2 2 2 2
left_child=1 2 3 5 -5 6 8 -8 11 10 12 -1 13 -7
right_child=-2 -3 -4 4 -6 9 7 -9 -10 -11 -12 -13 -14 -15
leaf_value=-0.013365132054865317 -0.01118704797707061 0.018239980772033409 -0.015813672754267424 -0.015096267546341573 0.0032799428475795891 -0.011854955948797097 0.011678528769770127 -0.025561373392889164 0.018049516635487924 -0.01672579349803446 0.0086113309881357264 0.0057601926236296244 -0.013743953064481604 0.0070645789251290933
leaf_weight=59.234234579700569 18.67552624529344 11.663517403583681 13.842180137831745 33.978105979891552 35.580526705962257 13.057929475660783 26.795009959416351 1.5743911302124605 3.1276684788099365 5.437563587416661 143.7307281913163 8.4885172504000348 12.650447659361815 55.896954994444968
leaf_count=49325 2149 336 16282 35414 13558 11426 13712 143 673 268 99686 7033 30195 46076
internal_value=0 0.000592252 0 0.000626981 -0.00560498 0.00205434 -0.00365836 0.006568 -0.00819212 0.00463285 0.00547073 -0.0104718 0 0.00278947
internal_weight=443.733 425.058 413.394 399.552 69.5586 329.993 99.2198 28.3694 70.8504 230.774 225.336 67.7228 81.6053 68.9549
internal_count=326276 324127 323791 307509 48972 258537 70886 13855 57031 187651 187383 56358 87697 57502
is_linear=0
shrinkage=0.025


Tree=439
num_leaves=15
num_cat=0
split_feature=0 0 3 6 37 241 24 40 3 24 29 33 67 192
split_gain=4.56431 19.9619 10.0442 9.09798 8.20693 11.7685 14.0975 9.59393 8.00742 12.5458 7.88187 7.82156 7.46723 7.43958
threshold=-20.499999999999996 -19.499999999999996 -11.499999999999998 98.500000000000014 27.500000000000004 1.0000000180025095e-35 231.50000000000003 8.5000000000000018 -5.4999999999999991 232.50000000000003 30.500000000000004 1.0000000180025095e-35 0.013177114073187115 2.5000000000000004
decision_type=2 2 2 2 2 2 2 2 2 2 2 2 2 2
left_child=2 10 13 -3 5 7 -7 -4 9 -8 -2 -6 -5 -1
right_child=1 3 4 12 11 6 8 -9 -10 -11 -12 -13 -14 -15
leaf_value=-0.023992740609044362 0.0024939425478858832 -0.0043896964497183132 -0.013861812558994283 0 -0.0029818181377782378 -0.0099949088820980667 0.017935135497741304 0.0030822953032795691 0.01863829694450149 -0.017580760050149257 0.029915934657573553 0.018654932424730628 0.01858270149166916 0.004609260338553081
leaf_weight=18.017158147937156 13.542422801161594 126.61215788355184 65.885811794789333 38.280516243939928 14.012851826439144 25.304124668749864 8.4688407480716723 25.507217153972306 32.335782237991225 10.43767818812921 17.917983056024241 21.324267180025345 19.899479013234668 4.7947209810372433
leaf_count=35604 1464 49270 99203 12095 8800 11841 80 10162 13040 16080 1838 63360 3362 77
internal_value=0 0.00259217 -0.00245388 -0.000525566 -0.000454845 -0.00290666 0.00402472 -0.0089203 0.0115786 -0.000253321 0.0200821 0.0098609 0.00727788 -0.0171755
internal_weight=442.341 216.253 226.088 184.792 203.277 167.939 76.5464 91.393 51.2423 18.9065 31.4604 35.3371 58.18 22.8119
internal_count=326276 68029 258247 64727 222566 150406 41041 109365 29200 16160 3302 72160 15457 35681
is_linear=0
shrinkage=0.025


Tree=440
num_leaves=15
num_cat=0
split_feature=27 0 0 37 35 39 37 0 0 29 70 26 0 26
split_gain=4.56843 6.11823 22.5624 8.95877 13.0269 9.58461 11.3588 8.65017 21.0582 9.70766 8.43462 7.72476 7.55419 7.49616
threshold=0.80652770400047313 -20.499999999999996 -19.499999999999996 39.500000000000007 192.50000000000003 121.50000000000001 22.500000000000004 -6.4999999999999991 -5.4999999999999991 28.000000000000004 -1.0000000180025095e-35 176.50000000000003 1.0000000180025095e-35 190.50000000000003
decision_type=2 2 2 2 2 2 2 2 2 2 2 2 2 2
left_child=1 3 13 4 5 6 -1 -4 -9 10 -10 -7 -12 -3
right_child=-2 2 7 -5 -6 11 -8 8 9 -11 12 -13 -14 -15
leaf_value=-0.021005221991096015 -0.017237016941333404 0.031016192394005472 -0.0073569472094747526 0.016779309589524959 -0.017176438318071696 -0.00625798560516359 0.0082331132795695188 0.022111947191324987 -0.011153935942373313 -0.0078941739811843117 0 0.0058382418443783668 0.025820772265880157 0.0023354169194684505
leaf_weight=23.874429370622238 6.3807528685756543 19.123832406930891 62.211416467420349 10.889270841747928 34.446702568428009 44.174463277486211 8.6291785453213361 27.177117376835668 6.9276959098933721 58.853069070166384 12.103412125252362 100.43725530456504 13.879907876485959 11.078765077094429
leaf_count=69911 2397 1603 41607 27656 34793 28504 35758 3203 3084 12791 2487 60109 747 1626
internal_value=0 0.000394867 0.00346487 -0.00241841 -0.00374384 -0.000749988 -0.012499 0 0.00392315 -0.00172936 0.00833721 0.00192176 0.0150131 0.0224102
internal_weight=440.187 433.807 211.355 222.451 211.562 177.115 32.5036 181.153 118.941 91.7641 32.911 144.612 25.9833 30.2026
internal_count=326276 323879 67148 256731 229075 194282 105669 63919 22312 19109 6318 88613 3234 3229
is_linear=0
shrinkage=0.025


Tree=441
num_leaves=15
num_cat=0
split_feature=7 132 26 40 3 78 3 3 3 147 66 12 167 35
split_gain=4.53254 7.06795 8.98618 7.62295 6.15993 9.98748 9.43739 11.5068 10.9616 10.2619 9.02168 7.42907 7.16354 5.85673
threshold=12.500000000000002 1.5000000000000002 363.50000000000006 7.5000000000000009 -21.499999999999996 0.056601801887154586 -19.499999999999996 -6.4999999999999991 -5.4999999999999991 1.0000000180025095e-35 0.52020201086997997 63.641265869140632 1.0000000180025095e-35 200.50000000000003
decision_type=2 2 2 2 2 2 2 2 2 2 2 2 2 2
left_child=4 2 3 -2 5 10 -6 9 -9 11 -1 -8 13 -10
right_child=1 -3 -4 -5 6 -7 7 8 12 -11 -12 -13 -14 -15
leaf_value=0 -0.0010977404526002069 0.014894227497214861 0.009620167602674326 -0.021076565558770799 -0.012706363636880137 -0.010101400425568815 0 -0.01058220591659549 0.0026116875846880511 -0.016882560096879641 0.054087639056701969 0.030375379595042148 0.016765102686924941 -0.008588041304974597
leaf_weight=4.1673888997902377 24.330125507789489 5.6962293468241105 10.232159096169196 28.436570085468702 27.691505377057183 2.5332669668860035 5.6483113962458509 45.226863445990602 216.87466606168891 1.8236155542545009 2.320298979189829 16.36829510825919 17.189227105176542 30.10349609185505
leaf_count=723 15950 283 2618 22344 26639 440 1205 30205 207805 11 333 997 5178 11545
internal_value=0 -0.00572922 -0.00856501 -0.0128675 0.00113391 0.0187991 0.000472363 0.00174546 0.000297949 0.0174665 0.0323447 0.0229943 0.00235217 0.00105989
internal_weight=438.642 68.6951 62.9989 52.7667 369.947 9.02095 360.926 333.234 309.394 23.8402 6.48769 22.0166 264.167 246.978
internal_count=326276 41195 40912 38294 285081 1496 283585 256946 254733 2213 1056 2202 224528 219350
is_linear=0
shrinkage=0.025


Tree=442
num_leaves=15
num_cat=0
split_feature=58 0 0 37 39 33 33 180 37 35 57 0 208 52
split_gain=4.45591 6.94469 20.7469 12.3475 14.8981 11.1103 9.86904 11.6861 9.39398 18.2142 12.003 8.91131 8.37198 7.05989
threshold=-1.0000000180025095e-35 -6.4999999999999991 -5.4999999999999991 27.500000000000004 128.50000000000003 1.0000000180025095e-35 1.0000000180025095e-35 1.0000000180025095e-35 7.5000000000000009 166.50000000000003 -19.499999999999996 1.0000000180025095e-35 1.0000000180025095e-35 0.022934556938707832
decision_type=2 2 2 2 2 2 2 2 2 2 2 2 2 2
left_child=-1 3 13 4 -2 -5 11 -8 -6 -10 -11 -4 -13 -3
right_child=1 2 6 5 8 -7 7 -9 9 10 -12 12 -14 -15
leaf_value=-0.010671290964327215 -0.015272960517615506 0 -0.0032494564743883441 -0.0033521059490790603 0.0058742299586302393 0.019393865812780992 -0.014054000224908476 0.019109748865017914 0.010818014158058222 0.021030239820293509 -0.012450087300790801 0.027714060925121433 -0.00076075626011535202 0.031200173238955145
leaf_weight=20.035913227911806 50.324467240116064 6.7936501396907287 19.179980663684546 19.3937791998178 84.338795872747141 28.181567831863504 36.577700589165033 4.7082392501615677 31.174139172464493 3.9972923158638869 91.67161704172031 14.448995706945427 7.394300367566756 18.993651411947212
leaf_count=4299 104189 1315 5486 11561 49546 74531 10166 1396 12285 166 48542 623 389 1782
internal_value=0 0.000620346 0.00602345 -0.00122894 -0.00345244 0.00997847 -6.23658e-05 -0.00866917 -0.00034443 -0.00471199 -0.0102009 0.00803216 0.0181407 0.0242991
internal_weight=437.214 417.178 108.097 309.082 261.506 47.5753 82.3092 41.2859 211.182 126.843 95.6689 41.0233 21.8433 25.7873
internal_count=326276 321977 21157 300820 214728 86092 18060 11562 110539 60993 48708 6498 1012 3097
is_linear=0
shrinkage=0.025


Tree=443
num_leaves=15
num_cat=0
split_feature=210 132 11 40 68 0 106 99 3 40 3 35 106 82
split_gain=4.59482 7.17124 8.96069 8.06946 7.05441 7.04927 6.41833 6.48553 5.99554 8.99522 7.2007 8.86013 8.32978 7.19534
threshold=1.0000000180025095e-35 1.0000000180025095e-35 4.5000000000000009 23.500000000000004 0.026965758763253692 -20.499999999999996 0.69191917777061474 0.034404931589961059 1.0000000180025095e-35 5.5000000000000009 -5.4999999999999991 198.50000000000003 0.7525252401828767 0.99494948983192455
decision_type=2 2 2 2 2 2 2 2 2 2 2 2 2 2
left_child=1 2 3 4 8 -6 -7 -8 10 -10 11 -1 -13 -12
right_child=-2 -3 -4 -5 5 6 7 -9 9 -11 13 12 -14 -15
leaf_value=-0.0092684242423832393 -0.011235513362344364 0.01570293354773972 -0.017249122971762513 -0.018178912277544979 0.00020781044264469941 0.00070512812769525039 0.028279972620530211 0.00070466708074147825 -0.011940761945759283 0.012354368839983011 0.0058741237142050555 -0.0028123053152327489 0.039151868239387155 -0.012744882726395006
leaf_weight=55.399498718688847 18.457149332505651 15.837129985076897 15.150980363428969 10.458708632158958 54.091658668185119 19.10707854287466 18.961844795794608 9.7865336032336909 49.016597289381025 8.1388050023670058 143.83904363389593 4.0075206315668757 2.0389279088485637 10.681928292469818
leaf_count=39761 2149 400 15656 12737 52515 4697 1875 1500 88444 186 100056 3414 1194 1692
internal_value=0 0.00062349 -2.28744e-05 0.00071772 0.00145084 0.00698012 0.0136795 0.0206338 -0.000575918 -0.00762201 0.00125353 -0.00564341 0.0168659 0.00421008
internal_weight=434.973 416.516 400.679 385.528 375.069 101.947 47.8555 28.7484 273.122 57.1554 215.967 61.4459 6.04645 154.521
internal_count=326276 324127 323727 308071 295334 60587 8072 3375 234747 88630 146117 44369 4608 101748
is_linear=0
shrinkage=0.025


Tree=444
num_leaves=15
num_cat=0
split_feature=210 225 40 31 4 25 52 39 3 39 0 30 41 40
split_gain=4.37933 6.98064 6.26106 5.27505 9.813 5.88631 5.47281 5.35493 5.24889 8.43424 5.02635 5.49276 4.8101 6.02661
threshold=1.0000000180025095e-35 11.500000000000002 21.500000000000004 34.500000000000007 1.0000000180025095e-35 120.50000000000001 0.55488118529319774 176.50000000000003 -5.4999999999999991 170.50000000000003 -6.4999999999999991 3.5000000000000004 6.5000000000000009 8.5000000000000018
decision_type=2 2 2 2 2 2 2 2 2 2 2 2 2 2
left_child=1 2 3 5 -5 7 -7 12 -6 -10 -2 -12 13 -1
right_child=10 -3 -4 4 8 6 -8 -9 9 -11 11 -13 -14 -15
leaf_value=-0.0014794935993309465 -0.022910015016160537 0.017681850489435397 -0.015295947280492573 -0.014800162092256423 -0.0060355924865277757 0.0091027649356222439 -0.016397516844783924 0.017782545461328507 0.019962898085888567 -0.011811656127715111 -0.016395698907123751 0.012734794490795327 -0.019232299230779407 0.011472590677935853
leaf_weight=204.05100921750272 7.8973452368518364 11.462838135805212 13.059354598033677 32.936591790356033 15.662718871368268 81.774476504731865 2.2482111739664097 7.1420449941215329 15.263504474336516 3.9654043633490792 3.8203881978406553 6.8629780782503076 5.5055301764950846 22.174053944218031
leaf_count=180932 242 336 16282 35414 9952 66485 188 5341 3506 100 707 1200 424 5167
internal_value=0 0.000616322 0 0.00062909 -0.00546658 0.00202481 0.00759141 0 0.00315845 0.0115759 -0.0109301 0 -0.000771522 0
internal_weight=433.826 415.246 403.783 390.724 67.8282 322.895 84.0227 238.873 34.8916 19.2289 18.5807 10.6834 231.731 226.225
internal_count=326276 324127 323791 307509 48972 258537 66673 191864 13558 3606 2149 1907 186523 186099
is_linear=0
shrinkage=0.025


Tree=445
num_leaves=15
num_cat=0
split_feature=7 0 3 2 24 24 102 28 3 78 3 38 0 1
split_gain=4.31848 8.97265 6.62024 11.1239 12.949 5.95228 5.38602 8.39542 6.70072 11.3066 7.43834 7.12082 10.9353 7.9594
threshold=12.500000000000002 -3.4999999999999996 -3.4999999999999996 194.50000000000003 498.50000000000006 188.50000000000003 0.012688180897384884 1.0000000180025095e-35 -21.499999999999996 0.056601801887154586 -19.499999999999996 6.5000000000000009 1.0000000180025095e-35 6.5000000000000009
decision_type=2 2 2 2 2 2 2 2 2 2 2 2 2 2
left_child=5 2 3 4 -2 -1 -7 -8 9 -9 -10 12 -12 -13
right_child=1 -3 -4 -5 -6 6 7 8 10 -11 11 13 -14 -15
leaf_value=-0.013419919411765891 -0.021087517991580321 -0.024623726714372622 0.015162730739783898 0.011697650314356333 0.0099015611492491613 -0.0014348193071915794 -0.014035189301110255 0.045024782244710702 -0.010259310322243784 -0.0072343765894797608 0.018168159944974747 0.013393016281412602 -0.016859138787531047 -0.00097136717132248723
leaf_weight=13.441113496512115 26.381301529007033 9.8544202432385628 9.2316547121299646 13.280986466648754 8.5008901611217862 158.26054798671248 10.483128032341481 3.7883271244354537 14.798165870786759 1.8748951664747435 44.0749660346155 28.960969749532524 3.210281580919399 86.561034511374601
leaf_count=3887 27211 2042 9268 320 2354 117684 10744 614 14414 266 46804 5686 408 84574
internal_value=0 -0.0056415 -0.000907154 -0.00518444 -0.0126894 0.0011213 0.00185566 0.00465136 0.0060633 0.0283239 0.00475637 0.00643291 0.014429 0.00266665
internal_weight=432.703 67.2493 57.3948 48.1632 34.8822 365.453 352.012 193.752 183.269 5.66322 177.605 162.807 47.2852 115.522
internal_count=326276 41195 39153 29885 29565 285081 281194 163510 152766 880 151886 137472 47212 90260
is_linear=0
shrinkage=0.025


Tree=446
num_leaves=15
num_cat=0
split_feature=27 0 0 38 37 0 0 27 27 12 27 32 252 31
split_gain=4.21957 5.81561 21.78 10.1564 8.59069 8.12601 19.6105 8.81805 12.6741 7.92632 6.86854 8.01365 6.56114 6.85289
threshold=0.80652770400047313 -20.499999999999996 -19.499999999999996 21.500000000000004 32.500000000000007 -6.4999999999999991 -5.4999999999999991 0.50841042399406444 0.074037037789821639 52.942462921142585 0.081225384026765837 2.5000000000000004 1.0000000180025095e-35 28.500000000000004
decision_type=2 2 2 2 2 2 2 2 2 2 2 2 2 2
left_child=1 3 10 12 -5 -4 -7 8 -8 -10 -3 -12 -1 -14
right_child=-2 2 5 4 -6 6 7 -9 9 -11 11 -13 13 -15
leaf_value=-0.016910933482778889 -0.016694450865501389 -0.0023780552871077339 -0.0072657981199467205 -0.015298139954235519 0.011715184825164133 0.021416225099293987 0.010531916952804353 0.011898031661841446 -0.018123124664070751 0.00084402812854266407 0.030924203389818834 -0.0032193203918426485 0.0066462636178857924 -0.0036716295401886473
leaf_weight=9.149718850021598 6.2238877461568327 3.9056516146592939 60.970492351407302 47.343589506959688 5.2864376684010486 26.831323060570867 17.60861154779559 18.979301036750257 37.344033656416286 16.843244781222893 23.408521055502209 2.9719516851037033 88.323033783686697 66.159499073943152
leaf_count=9435 2397 655 41607 101975 1418 3203 3266 3573 9900 2370 1533 1041 90584 53319
internal_value=0 0.000394088 0.00339483 -0.00239677 -0.0116499 0 0.00375619 -0.00171531 -0.00598112 -0.0120553 0.0219615 0.0262908 0.000585516 0.00208295
internal_weight=431.349 425.125 208.863 216.262 52.63 178.577 117.607 90.7752 71.7959 54.1873 30.2861 26.3805 163.632 154.483
internal_count=326276 323879 67148 256731 103393 63919 22312 19109 15536 12270 3229 2574 153338 143903
is_linear=0
shrinkage=0.025


Tree=447
num_leaves=15
num_cat=0
split_feature=165 180 40 10 134 156 165 37 0 0 0 39 35 3
split_gain=4.22461 6.43926 6.98034 4.21938 6.4502 5.9126 6.79396 5.70392 8.19059 7.25225 18.9747 11.9511 12.5822 13.2653
threshold=5.5000000000000009 1.5000000000000002 24.500000000000004 -4.4999999999999991 1.0000000180025095e-35 1.0000000180025095e-35 3.5000000000000004 33.500000000000007 -1.4999999999999998 -20.499999999999996 -19.499999999999996 121.50000000000001 192.50000000000003 -5.4999999999999991
decision_type=2 2 2 2 2 2 2 2 2 2 2 2 2 2
left_child=1 2 3 4 -1 7 -7 9 -9 11 -11 -5 13 -13
right_child=-2 -3 -4 5 -6 6 -8 8 -10 10 -12 12 -14 -15
leaf_value=-0.018950378531787122 -0.016097339297990652 0.015387266155068075 -0.017435951792000349 -0.01783572143471349 0.010473647129863846 -0.027569654508268315 0.0029309345152795652 0.017779529185970977 -0.012010003381187732 0.023228332572598445 0.00049040609528415934 -0.010076722471448252 -0.015026651280930701 0.0079448413525190983
leaf_weight=12.752599021037893 6.9156200537981922 14.252467301732393 11.186333291516346 24.719495438199374 3.1777995252050451 6.4879609738418349 5.3327125889481977 24.119302034770957 4.0171864826988886 25.099100360326702 139.4021411030044 30.559169699554332 25.54995444011729 96.816060567602108
leaf_count=13184 385 1757 14540 78481 50 263 334 78957 874 1931 41722 38852 20067 34879
internal_value=0 0.000408037 -0.000161205 0.000388746 -0.0110306 0.00101197 -0.0143149 0.00167935 0.011976 0.000663427 0.00446283 -0.00273217 0 0.00329707
internal_weight=430.388 423.472 409.22 398.033 15.9304 382.103 11.8207 370.282 28.1365 342.146 164.501 177.645 152.925 127.375
internal_count=326276 325891 324134 309594 13234 296360 597 295763 79831 215932 43653 172279 93798 73731
is_linear=0
shrinkage=0.025


Tree=448
num_leaves=15
num_cat=0
split_feature=58 0 0 37 39 33 33 180 94 31 36 12 32 0
split_gain=4.15187 6.44057 19.1976 11.5452 13.888 10.5175 9.3225 10.9397 8.74787 11.7087 14.9214 11.0823 9.29337 8.53385
threshold=-1.0000000180025095e-35 -6.4999999999999991 -5.4999999999999991 27.500000000000004 128.50000000000003 1.0000000180025095e-35 1.0000000180025095e-35 1.0000000180025095e-35 0.12628913670778277 21.500000000000004 124.50000000000001 0.52780640125274669 1.5000000000000002 1.0000000180025095e-35
decision_type=2 2 2 2 2 2 2 2 2 2 2 2 2 2
left_child=-1 3 -3 4 -2 -5 13 -8 9 10 -6 -11 -13 -4
right_child=1 2 6 5 8 -7 7 -9 -10 11 -12 12 -14 -15
leaf_value=-0.010381932118375313 -0.014991380655783313 0.023524222704317515 -0.003261325143722113 -0.0032762120560898226 0.015383687505951024 0.019122498749263948 -0.013714443502943291 0.018381477011719969 -0.014220012839626407 -0.015235343885447889 -0.014694774058333922 0.0054986882436281496 -0.013186257982804862 0.017741620551791803
leaf_weight=19.723990187685558 48.671724857093068 25.408481033024145 18.905706774137798 18.91482262754289 53.004555992745736 27.197283764598978 36.202375744214805 4.6987372329967902 22.391799951798021 30.888544198878662 9.3030224684116529 73.735303128014493 17.94679885613732 21.748651502537541
leaf_count=4299 104189 3097 5486 11561 22760 74531 10166 1396 9131 15917 3525 50802 8404 1012
internal_value=0 0.000594505 0.00581829 -0.00121243 -0.00338109 0.00978679 -4.12162e-05 -0.00845365 -0.000360847 0.00138492 0.0100412 -0.00295109 0.00127515 0.00784892
internal_weight=428.742 409.018 106.964 302.054 255.942 46.1121 81.5555 40.9011 207.27 184.878 62.3076 122.571 91.6821 40.6544
internal_count=326276 321977 21157 300820 214728 86092 18060 11562 110539 101408 26285 75123 59206 6498
is_linear=0
shrinkage=0.025


Tree=449
num_leaves=15
num_cat=0
split_feature=210 133 10 40 68 0 52 223 35 24 3 38 0 35
split_gain=4.18261 6.5334 8.30604 7.21762 6.55085 6.24139 5.87496 6.53826 6.25889 7.22132 6.70307 13.0666 15.2244 16.9277
threshold=1.0000000180025095e-35 1.0000000180025095e-35 -4.4999999999999991 23.500000000000004 0.026965758763253692 -20.499999999999996 0.11557822301983835 1.0000000180025095e-35 142.50000000000003 191.50000000000003 -5.4999999999999991 22.500000000000004 1.0000000180025095e-35 196.50000000000003
decision_type=2 2 2 2 2 2 2 2 2 2 2 2 2 2
left_child=1 2 -1 4 6 -6 7 8 -4 -10 -11 12 13 -12
right_child=-2 -3 3 -5 5 -7 -8 -9 9 10 11 -13 -14 -15
leaf_value=-0.016967467062776877 -0.010759401380414134 0.015079156099986141 -0.012204851317110061 -0.017709860939818703 0.00020183564469186221 0.012989517887847643 -0.011425519510603572 0.017477006209395515 -0.016488849768421358 -0.0053906852198237582 0.017795730950271135 -0.0054504303982399879 -0.02037022234543865 -0.0066683063385682044
leaf_weight=14.450054992536023 18.401517554171733 15.555468433922213 22.147863683952892 9.7392852629927784 52.904451149217493 47.80968587796815 25.378858918593323 10.522210970251761 10.594545897343776 48.448922782037698 77.897280898847384 46.994465118870721 6.3370764537248752 19.200986420408299
leaf_count=15656 2149 400 33745 12737 52515 8072 25491 371 3345 38608 58942 67698 631 5916
internal_value=0 0.000576504 -4.51881e-05 0.000664648 0.00135716 0.00671342 -0.000618992 0.000537612 -0.000338996 0.000952544 0.00223673 0.00491361 0.00987816 0.0126534
internal_weight=426.383 407.981 392.426 377.976 368.236 100.714 267.522 242.143 231.621 209.473 198.879 150.43 103.435 97.0983
internal_count=326276 324127 323727 308071 295334 60587 234747 209256 208885 175140 171795 133187 65489 64858
is_linear=0
shrinkage=0.025


end of trees

feature_importances:
Column_3=817
Column_0=672
Column_24=432
Column_38=404
Column_37=323
Column_39=311
Column_40=299
Column_35=230
Column_31=182
Column_5=174
Column_10=158
Column_4=143
Column_33=141
Column_32=139
Column_239=116
Column_225=108
Column_234=104
Column_12=95
Column_30=85
Column_1=84
Column_20=73
Column_6=71
Column_36=61
Column_210=57
Column_252=51
Column_27=44
Column_11=42
Column_23=40
Column_177=40
Column_236=39
Column_68=33
Column_226=31
Column_29=29
Column_185=28
Column_25=27
Column_26=26
Column_241=26
Column_132=25
Column_19=20
Column_70=20
Column_180=20
Column_28=18
Column_249=18
Column_52=17
Column_165=17
Column_7=16
Column_22=16
Column_42=16
Column_2=15
Column_48=14
Column_50=14
Column_134=14
Column_9=13
Column_41=13
Column_67=13
Column_126=11
Column_194=11
Column_222=10
Column_99=9
Column_106=9
Column_191=9
Column_188=8
Column_51=7
Column_131=7
Column_147=7
Column_150=7
Column_238=7
Column_56=6
Column_58=6
Column_78=6
Column_171=6
Column_179=6
Column_8=5
Column_18=5
Column_69=5
Column_94=5
Column_133=5
Column_162=5
Column_178=5
Column_192=5
Column_223=5
Column_53=4
Column_57=4
Column_102=4
Column_166=4
Column_167=4
Column_240=4
Column_255=4
Column_13=3
Column_43=3
Column_72=3
Column_82=3
Column_135=3
Column_247=3
Column_21=2
Column_44=2
Column_49=2
Column_54=2
Column_66=2
Column_95=2
Column_100=2
Column_101=2
Column_124=2
Column_140=2
Column_156=2
Column_168=2
Column_244=2
Column_34=1
Column_47=1
Column_71=1
Column_74=1
Column_86=1
Column_92=1
Column_127=1
Column_172=1
Column_173=1
Column_183=1
Column_193=1
Column_207=1
Column_208=1
Column_211=1
Column_235=1
Column_237=1
Column_242=1

parameters:
[boosting: gbdt]
[objective: binary]
[metric: binary_logloss]
[tree_learner: serial]
[device_type: cpu]
[data_sample_strategy: bagging]
[data: ]
[valid: ]
[num_iterations: 450]
[learning_rate: 0.025]
[num_leaves: 15]
[num_threads: 8]
[seed: 29000]
[deterministic: 1]
[force_col_wise: 1]
[force_row_wise: 0]
[histogram_pool_size: -1]
[max_depth: -1]
[min_data_in_leaf: 35]
[min_sum_hessian_in_leaf: 0.001]
[bagging_fraction: 0.85]
[pos_bagging_fraction: 1]
[neg_bagging_fraction: 1]
[bagging_freq: 0]
[bagging_seed: 22288]
[bagging_by_query: 0]
[feature_fraction: 0.8]
[feature_fraction_bynode: 1]
[feature_fraction_seed: 11207]
[extra_trees: 0]
[extra_seed: 18163]
[early_stopping_round: 0]
[early_stopping_min_delta: 0]
[first_metric_only: 0]
[max_delta_step: 0]
[lambda_l1: 1]
[lambda_l2: 3]
[linear_lambda: 0]
[min_gain_to_split: 0]
[drop_rate: 0.1]
[max_drop: 50]
[skip_drop: 0.5]
[xgboost_dart_mode: 0]
[uniform_drop: 0]
[drop_seed: 20130]
[top_rate: 0.2]
[other_rate: 0.1]
[min_data_per_group: 100]
[max_cat_threshold: 32]
[cat_l2: 10]
[cat_smooth: 10]
[max_cat_to_onehot: 4]
[top_k: 20]
[monotone_constraints: ]
[monotone_constraints_method: basic]
[monotone_penalty: 0]
[feature_contri: ]
[forcedsplits_filename: ]
[refit_decay_rate: 0.9]
[cegb_tradeoff: 1]
[cegb_penalty_split: 0]
[cegb_penalty_feature_lazy: ]
[cegb_penalty_feature_coupled: ]
[path_smooth: 0]
[interaction_constraints: ]
[verbosity: -1]
[saved_feature_importance_type: 0]
[use_quantized_grad: 0]
[num_grad_quant_bins: 4]
[quant_train_renew_leaf: 0]
[stochastic_rounding: 1]
[linear_tree: 0]
[max_bin: 255]
[max_bin_by_feature: ]
[min_data_in_bin: 3]
[bin_construct_sample_cnt: 200000]
[data_random_seed: 29204]
[is_enable_sparse: 1]
[enable_bundle: 1]
[use_missing: 1]
[zero_as_missing: 0]
[feature_pre_filter: 1]
[pre_partition: 0]
[two_round: 0]
[header: 0]
[label_column: ]
[weight_column: ]
[group_column: ]
[ignore_column: ]
[categorical_feature: ]
[forcedbins_filename: ]
[precise_float_parser: 0]
[parser_config_file: ]
[objective_seed: 25209]
[num_class: 1]
[is_unbalance: 0]
[scale_pos_weight: 1.88996]
[sigmoid: 1]
[boost_from_average: 1]
[reg_sqrt: 0]
[alpha: 0.9]
[fair_c: 1]
[poisson_max_delta_step: 0.7]
[tweedie_variance_power: 1.5]
[lambdarank_truncation_level: 30]
[lambdarank_norm: 1]
[label_gain: ]
[lambdarank_position_bias_regularization: 0]
[eval_at: ]
[multi_error_top_k: 1]
[auc_mu_weights: ]
[num_machines: 1]
[local_listen_port: 12400]
[time_out: 120]
[machine_list_filename: ]
[machines: ]
[gpu_platform_id: -1]
[gpu_device_id: -1]
[gpu_use_dp: 0]
[num_gpu: 1]

end of parameters

pandas_categorical:null
