[]  Dendrochronology Program Library                                        Run VERY   Program COF  03:59  Fri 26 Jun 2026  Page   1
[]
[]  P R O G R A M      C O F E C H A                                                                          Version 6.06P    33416
------------------------------------------------------------------------------------------------------------------------------------

 QUALITY CONTROL AND DATING CHECK OF TREE-RING MEASUREMENTS

 File of DATED series:   RAW.rwl

 CONTENTS:

    Part 1:  Title page, options selected, summary, absent rings by series
    Part 2:  Histogram of time spans
    Part 3:  Master series with sample depth and absent rings by year
    Part 4:  Bar plot of Master Dating Series
    Part 5:  Correlation by segment of each series with Master
    Part 6:  Potential problems: low correlation, divergent year-to-year changes, absent rings, outliers
    Part 7:  Descriptive statistics

 RUN CONTROL OPTIONS SELECTED                             VALUE

         1  Cubic smoothing spline 50% wavelength cutoff for filtering
                                                            32 years
         2  Segments examined are                           50 years lagged successively by  25 years
         3  Autoregressive model applied                     A  Residuals are used in master dating series and testing
         4  Series transformed to logarithms                 Y  Each series log-transformed for master dating series and testing
         5  CORRELATION is Pearson (parametric, quantitative)
            Critical correlation, 99% confidence level   .3281
         6  Master dating series saved                       N
         7  Ring measurements listed                         N
         8  Parts printed                              1234567 
         9  Absent rings are omitted from master series and segment correlations  (Y)

 Time span of Master dating series is  1735 to  2024   290 years
 Continuous time span is               1735 to  2024   290 years
 Portion with two or more series is    1745 to  2024   280 years


                                        ****************************************
                                        *C* Number of dated series        48 *C*
                                        *O* Master series 1735 2024  290 yrs *O*
                                        *F* Total rings in all series   8273 *F*
                                        *E* Total dated rings checked   8263 *E*
                                        *C* Series intercorrelation     .442 *C*
                                        *H* Average mean sensitivity    .307 *H*
                                        *A* Segments, possible problems  139 *A*
                                        *** Mean length of series      172.4 ***
                                        ****************************************

 ABSENT RINGS listed by SERIES:            (See Master Dating Series for absent rings listed by year)

               No ring measurements of zero value
PART 2:  TIME PLOT OF TREE-RING SERIES:                                                            03:59  Fri 26 Jun 2026  Page   2
------------------------------------------------------------------------------------------------------------------------------------
 1050 1100 1150 1200 1250 1300 1350 1400 1450 1500 1550 1600 1650 1700 1750 1800 1850 1900 1950 2000 2050 Ident   Seq Time-span  Yrs
   :    :    :    :    :    :    :    :    :    :    :    :    :    :    :    :    :    :    :    :    : -------- --- ---- ---- ----
   .    .    .    .    .    .    .    .    .    .    .    .    .    .   <===========================>  . EBU011     1 1745 2023  279
   .    .    .    .    .    .    .    .    .    .    .    .    .    .    . <========================>  . EBU012     2 1774 2024  251
   .    .    .    .    .    .    .    .    .    .    .    .    .    .    .    .    .    .  <========>  . EBU021     3 1930 2024   95
   .    .    .    .    .    .    .    .    .    .    .    .    .    .    .  <=======================>  . EBU022     4 1786 2024  239
   .    .    .    .    .    .    .    .    .    .    .    .    .    .  <============================>  . EBU031     5 1735 2024  290
   .    .    .    .    .    .    .    .    .    .    .    .    .    .    .    .<====================>  . EBU032     6 1811 2024  214
   .    .    .    .    .    .    .    .    .    .    .    .    .    .    . <========================>  . EBU041     7 1779 2024  246
   .    .    .    .    .    .    .    .    .    .    .    .    .    .    .  <=======================>  . EBU042     8 1784 2024  241
   .    .    .    .    .    .    .    .    .    .    .    .    .    .    .    .    . <==============>  . EBU051     9 1877 2024  148
   .    .    .    .    .    .    .    .    .    .    .    .    .    .    .    .    . <==============>  . EBU052    10 1870 2024  155
   .    .    .    .    .    .    .    .    .    .    .    .    .    .    .    .   <=================>  . EBU061    11 1844 2024  181
   .    .    .    .    .    .    .    .    .    .    .    .    .    .    .    .   <=================>  . EBU062    12 1843 2024  182
   .    .    .    .    .    .    .    .    .    .    .    .    .    .    .    .   <=================>  . EBU071    13 1849 2024  176
   .    .    .    .    .    .    .    .    .    .    .    .    .    .    .    .    <================>  . EBU072    14 1851 2024  174
   .    .    .    .    .    .    .    .    .    .    .    .    .    .    .    <=====================>  . EBU081    15 1803 2024  222
   .    .    .    .    .    .    .    .    .    .    .    .    .    .    .   <======================>  . EBU082    16 1791 2024  234
   .    .    .    .    .    .    .    .    .    .    .    .    .    .    .    .    .    .    <======>  . EBU091    17 1953 2024   72
   .    .    .    .    .    .    .    .    .    .    .    .    .    .    .    .    . <==============>  . EBU101    18 1879 2024  146
   .    .    .    .    .    .    .    .    .    .    .    .    .    .    .    .    .   <============>  . EBU102    19 1890 2024  135
   .    .    .    .    .    .    .    .    .    .    .    .    .    .    .  <=======================>  . EBU111    20 1786 2024  239
   .    .    .    .    .    .    .    .    .    .    .    .    .    .    .    .    .  <=============>  . EBU112    21 1881 2024  144
   .    .    .    .    .    .    .    .    .    .    .    .    .    .    .  <=======================>  . EBU121    22 1780 2024  245
   .    .    .    .    .    .    .    .    .    .    .    .    .    .    . <========================>  . EBU122    23 1774 2024  251
   .    .    .    .    .    .    .    .    .    .    .    .    .    .    .    .    .    <===========>  . EBU131    24 1900 2024  125
   .    .    .    .    .    .    .    .    .    .    .    .    .    .    .    .    .    <===========>  . EBU132    25 1900 2024  125
   .    .    .    .    .    .    .    .    .    .    .    .    .    .    .    .    .  <=============>  . EBU141    26 1885 2024  140
   .    .    .    .    .    .    .    .    .    .    .    .    .    .    .    .    .  <=============>  . EBU142    27 1880 2024  145
   .    .    .    .    .    .    .    .    .    .    .    .    .    .    .    .    . <==============>  . EBU151    28 1879 2024  146
   .    .    .    .    .    .    .    .    .    .    .    .    .    .    .    .    . <==============>  . EBU152    29 1879 2024  146
   .    .    .    .    .    .    .    .    .    .    .    .    .    .    .    .    .  <=============>  . EBU161    30 1886 2024  139
   .    .    .    .    .    .    .    .    .    .    .    .    .    .    .    .    .  <=============>  . EBU162    31 1883 2024  142
   .    .    .    .    .    .    .    .    .    .    .    .    .    .    .    .    .<===============>  . EBU171    32 1867 2024  158
   .    .    .    .    .    .    .    .    .    .    .    .    .    .    .    .    .  <=============>  . EBU172    33 1889 2024  136
   .    .    .    .    .    .    .    .    .    .    .    .    .    .    .    .    .  <=============>  . EBU181    34 1886 2024  139
   .    .    .    .    .    .    .    .    .    .    .    .    .    .    .    .    .  <=============>  . EBU182    35 1886 2024  139
   .    .    .    .    .    .    .    .    .    .    .    .    .    .    .    .    .    .  <========>  . EBU191    36 1936 2024   89
   .    .    .    .    .    .    .    .    .    .    .    .    .    .    .    .    .    . <=========>  . EBU192    37 1924 2024  101
   .    .    .    .    .    .    .    .    .    .    .    .    .    .    .    .    <================>  . EBU201    38 1858 2024  167
   .    .    .    .    .    .    .    .    .    .    .    .    .    .    .    .    <================>  . EBU202    39 1858 2024  167
   .    .    .    .    .    .    .    .    .    .    .    .    .    .    .    .    .    .  <========>  . EBU211    40 1930 2024   95
   .    .    .    .    .    .    .    .    .    .    .    .    .    .    .    .    .    .   <=======>  . EBU212    41 1943 2024   82
   .    .    .    .    .    .    .    .    .    .    .    .    .    .    .    .    .    <===========>  . EBU221    42 1907 2024  118
   .    .    .    .    .    .    .    .    .    .    .    .    .    .    .    .    .  <=============>  . EBU222    43 1883 2024  142
   .    .    .    .    .    .    .    .    .    .    .    .    .    .    .   <======================>  . EBU231    44 1793 2024  232
   .    .    .    .    .    .    .    .    .    .    .    .    .    .    .   <======================>  . EBU232    45 1795 2024  230
   .    .    .    .    .    .    .    .    .    .    .    .    .    .    <==========================>  . EBU241    46 1759 2024  266
   .    .    .    .    .    .    .    .    .    .    .    .    .    .    .    <=====================>  . EBU242    47 1800 2024  225
   .    .    .    .    .    .    .    .    .    .    .    .    .    .    .    .    .    <===========>  . EBU243    48 1905 2024  120
   :    :    :    :    :    :    :    :    :    :    :    :    :    :    :    :    :    :    :    :    :
 1050 1100 1150 1200 1250 1300 1350 1400 1450 1500 1550 1600 1650 1700 1750 1800 1850 1900 1950 2000 2050
PART 3:  Master Dating Series:                                                                     03:59  Fri 26 Jun 2026  Page   3
------------------------------------------------------------------------------------------------------------------------------------
  Year  Value  No Ab    Year  Value  No Ab    Year  Value  No Ab    Year  Value  No Ab    Year  Value  No Ab    Year  Value  No Ab
  ------------------    ------------------    ------------------    ------------------    ------------------    ------------------
                        1750   .761   2       1800   .034  14       1850  -.049  19       1900   .761  40       1950  -.321  47
                        1751   .899   2       1801  -.445  14       1851  -.120  20       1901  1.409  40       1951   .240  47
                        1752  1.040   2       1802  -.186  14       1852   .497  20       1902   .788  40       1952  1.100  47
                        1753 -1.905   2       1803  -.505  15       1853  -.475  20       1903  -.716  40       1953  1.331  48
                        1754 -2.359   2       1804   .550  15       1854  -.301  20       1904  -.362  40       1954   .862  48
                        1755  -.966   2       1805 -1.137  15       1855 -1.814  20       1905   .859  41       1955  1.191  48
                        1756   .008   2       1806  -.179  15       1856  -.917  20       1906   .343  41       1956   .124  48
                        1757  -.181   2       1807   .322  15       1857  -.112  20       1907  -.868  42       1957   .858  48
                        1758  -.675   2       1808   .100  15       1858   .603  22       1908   .028  42       1958 -1.030  48
                        1759   .255   3       1809   .190  15       1859   .176  22       1909  -.323  42       1959   .168  48

                        1760   .890   3       1810   .117  15       1860   .620  22       1910  -.475  42       1960  -.826  48
                        1761  -.351   3       1811   .998  16       1861   .638  22       1911  -.573  42       1961 -3.260  48
                        1762  1.495   3       1812   .551  16       1862   .329  22       1912  -.234  42       1962 -3.070  48
                        1763  -.444   3       1813   .165  16       1863  -.212  22       1913  -.305  42       1963 -2.344  48
                        1764  -.003   3       1814  -.442  16       1864  -.039  22       1914  -.913  42       1964 -1.491  48
                        1765   .369   3       1815 -1.287  16       1865   .921  22       1915 -1.102  42       1965  -.298  48
                        1766  -.769   3       1816   .507  16       1866   .666  22       1916  -.587  42       1966   .596  48
                        1767   .457   3       1817   .504  16       1867  -.184  23       1917  -.814  42       1967   .600  48
                        1768  1.537   3       1818   .515  16       1868 -1.296  23       1918  -.583  42       1968  1.275  48
                        1769  -.221   3       1819   .459  16       1869 -1.131  23       1919   .448  42       1969  1.698  48

                        1770   .477   3       1820  -.314  16       1870 -1.282  24       1920   .517  42       1970   .882  48
                        1771   .127   3       1821 -3.148  16       1871  -.313  24       1921   .658  42       1971   .288  48
                        1772   .383   3       1822  -.112  16       1872  -.930  24       1922   .780  42       1972  -.399  48
                        1773   .929   3       1823   .884  16       1873  -.297  24       1923  1.520  42       1973  -.554  48
                        1774   .321   5       1824  1.209  16       1874   .434  24       1924  1.502  43       1974   .861  48
                        1775  -.712   5       1825  -.168  16       1875  1.224  24       1925  1.093  43       1975   .791  48
                        1776  -.136   5       1826   .273  16       1876   .657  24       1926   .602  43       1976  1.606  48
                        1777  -.869   5       1827  -.427  16       1877   .639  25       1927 -1.578  43       1977  1.168  48
                        1778  1.168   5       1828  -.191  16       1878  1.372  25       1928 -1.505  43       1978  1.282  48
                        1779  -.847   6       1829  -.602  16       1879   .869  28       1929 -1.727  43       1979  1.632  48

                        1780  -.500   7       1830 -1.017  16       1880   .842  29       1930  -.622  45       1980   .511  48
                        1781   .511   7       1831   .628  16       1881  1.163  30       1931  -.106  45       1981   .595  48
                        1782  1.440   7       1832  -.051  16       1882   .477  30       1932  -.382  45       1982  -.352  48
                        1783  -.499   7       1833  -.387  16       1883  -.902  32       1933 -1.295  45       1983  -.307  48
                        1784   .063   8       1834   .171  16       1884 -1.210  32       1934  -.545  45       1984  -.789  48
  1735 -1.118   1       1785  -.239   8       1835   .010  16       1885 -1.245  33       1935   .677  45       1985 -3.100  48
  1736  -.710   1       1786   .637  10       1836  -.629  16       1886  -.448  36       1936  1.124  46       1986 -3.547  48
  1737   .053   1       1787   .382  10       1837   .001  16       1887 -1.247  36       1937   .617  46       1987 -2.274  48
  1738 -1.217   1       1788  -.872  10       1838   .273  16       1888   .044  36       1938  -.610  46       1988  -.938  48
  1739 -2.292   1       1789 -1.340  10       1839   .976  16       1889   .732  37       1939  -.484  46       1989  -.210  48

  1740   .857   1       1790   .093  10       1840   .976  16       1890  -.159  38       1940  -.335  46       1990   .577  48
  1741  1.595   1       1791  -.703  11       1841   .115  16       1891  -.449  38       1941   .321  46       1991  1.324  48
  1742  2.708   1       1792  -.529  11       1842   .104  16       1892 -1.466  38       1942   .792  46       1992  1.641  48
  1743  1.356   1       1793  -.317  12       1843  -.748  17       1893  -.732  38       1943   .224  47       1993   .045  48
  1744   .625   1       1794   .409  12       1844   .322  18       1894   .231  38       1944   .553  47       1994  -.032  48
  1745  1.929   2       1795   .788  13       1845   .722  18       1895   .383  38       1945  1.352  47       1995  -.745  48
  1746   .231   2       1796   .976  13       1846   .795  18       1896   .574  38       1946  1.206  47       1996   .433  48
  1747  1.088   2       1797  -.214  13       1847   .392  18       1897  1.068  38       1947  -.767  47       1997   .335  48
  1748   .004   2       1798  -.392  13       1848  -.581  18       1898   .991  38       1948  -.272  47       1998   .820  48
  1749 -2.178   2       1799  -.028  13       1849   .055  19       1899   .611  38       1949 -1.742  47       1999  -.441  48
PART 3:  Master Dating Series:                                                                     03:59  Fri 26 Jun 2026  Page   4
------------------------------------------------------------------------------------------------------------------------------------
  Year  Value  No Ab    Year  Value  No Ab    Year  Value  No Ab    Year  Value  No Ab    Year  Value  No Ab    Year  Value  No Ab
  ------------------    ------------------    ------------------    ------------------    ------------------    ------------------
  2000  -.537  48
  2001   .159  48
  2002  1.460  48
  2003  1.840  48
  2004   .385  48
  2005 -1.073  48
  2006  -.110  48
  2007   .793  48
  2008   .937  48
  2009 -1.754  48

  2010  -.051  48
  2011  1.057  48
  2012  1.275  48
  2013 -2.474  48
  2014 -3.213  48
  2015 -1.227  48
  2016  -.433  48
  2017  -.260  48
  2018  1.351  48
  2019  -.848  48

  2020  -.203  48
  2021  -.524  48
  2022   .405  48
  2023  1.235  48
  2024  1.888  47



























------------------------------------------------------------------------------------------------------------------------------------
PART 4:  Master Bar Plot:                                                                          03:59  Fri 26 Jun 2026  Page   5
------------------------------------------------------------------------------------------------------------------------------------
   Year Rel value  Year Rel value  Year Rel value  Year Rel value  Year Rel value  Year Rel value  Year Rel value  Year Rel value
                   1750--------C   1800-----@      1850-----@      1900--------C   1950---a        2000--b
                   1751--------D   1801---b        1851----@       1901----------F 1951------A     2001-----A
                   1752---------D  1802----a       1852-------B    1902--------C   1952---------D  2002----------F
                   1753h           1803--b         1853---b        1903--c         1953----------E 2003----------G
                   1754i           1804-------B    1854---a        1904---a        1954--------C   2004------B
                   1755-d          1805-e          1855g           1905--------C   1955---------E  2005-d
                   1756-----@      1806----a       1856-d          1906------A     1956-----@      2006----@
                   1757----a       1807------A     1857----@       1907-c          1957--------C   2007--------C
                   1758--c         1808-----@      1858-------B    1908-----@      1958-d          2008---------D
                   1759------A     1809------A     1859-----A      1909---a        1959-----A      2009g
                   1760--------D   1810-----@      1860-------B    1910---b        1960-c          2010-----@
                   1761---a        1811---------D  1861-------C    1911--b         1961m           2011---------D
                   1762----------F 1812-------B    1862------A     1912----a       1962l           2012----------E
                   1763---b        1813-----A      1863----a       1913---a        1963i           2013j
                   1764-----@      1814---b        1864-----@      1914-d          1964f           2014m
                   1765------A     1815-e          1865---------D  1915-d          1965---a        2015-e
                   1766-c          1816-------B    1866-------C    1916--b         1966-------B    2016---b
                   1767-------B    1817-------B    1867----a       1917-c          1967-------B    2017----a
                   1768----------F 1818-------B    1868-e          1918--b         1968----------E 2018----------E
                   1769----a       1819-------B    1869-e          1919-------B    1969----------G 2019-c
                   1770-------B    1820---a        1870-e          1920-------B    1970--------D   2020----a
                   1771-----A      1821m           1871---a        1921-------C    1971------A     2021--b
                   1772------B     1822----@       1872-d          1922--------C   1972---b        2022------B
                   1773---------D  1823--------D   1873---a        1923----------F 1973--b         2023---------E
                   1774------A     1824---------E  1874------B     1924----------F 1974--------C   2024----------H
                   1775--c         1825----a       1875---------E  1925---------D  1975--------C
                   1776----a       1826------A     1876-------C    1926-------B    1976----------F
                   1777-c          1827---b        1877-------C    1927f           1977---------E
                   1778---------E  1828----a       1878----------E 1928f           1978----------E
                   1779-c          1829--b         1879--------C   1929g           1979----------G
                   1780--b         1830-d          1880--------C   1930--b         1980-------B
                   1781-------B    1831-------C    1881---------E  1931----@       1981-------B
                   1782----------F 1832-----@      1882-------B    1932---b        1982---a
                   1783--b         1833---b        1883-d          1933-e          1983---a
                   1784-----@      1834-----A      1884-e          1934--b         1984-c
   1735-d          1785----a       1835-----@      1885-e          1935--------C   1985l
   1736--c         1786-------C    1836--c         1886---b        1936---------D  1986n
   1737-----@      1787------B     1837-----@      1887-e          1937-------B    1987i
   1738-e          1788-c          1838------A     1888-----@      1938--b         1988-d
   1739i           1789-e          1839---------D  1889--------C   1939---b        1989----a
   1740--------C   1790-----@      1840---------D  1890----a       1940---a        1990-------B
   1741----------F 1791--c         1841-----@      1891---b        1941------A     1991----------E
   1742----------K 1792--b         1842-----@      1892f           1942--------C   1992----------G
   1743----------E 1793---a        1843--c         1893--c         1943------A     1993-----@
   1744-------C    1794------B     1844------A     1894------A     1944-------B    1994-----@
   1745----------H 1795--------C   1845--------C   1895------B     1945----------E 1995--c
   1746------A     1796---------D  1846--------C   1896-------B    1946---------E  1996------B
   1747---------D  1797----a       1847------B     1897---------D  1947-c          1997------A
   1748-----@      1798---b        1848--b         1898---------D  1948----a       1998--------C
   1749i           1799-----@      1849-----@      1899-------B    1949g           1999---b
PART 5:  CORRELATION OF SERIES BY SEGMENTS:                                                        03:59  Fri 26 Jun 2026  Page   5
------------------------------------------------------------------------------------------------------------------------------------
 Correlations of  50-year dated segments, lagged  25 years
 Flags:  A = correlation under   .3281 but highest as dated;  B = correlation higher at other than dated position

 Seq Series  Time_span   1725 1750 1775 1800 1825 1850 1875 1900 1925 1950 1975
                         1774 1799 1824 1849 1874 1899 1924 1949 1974 1999 2024
 --- -------- ---------  ---- ---- ---- ---- ---- ---- ---- ---- ---- ---- ---- ---- ---- ---- ---- ---- ---- ---- ---- ----
   1 EBU011   1745 2023  -.14B-.19B .02B .24B .01B .01B-.08B-.08B .37B .36B .33
   2 EBU012   1774 2024        .22B .25B .26B .51  .62  .65  .34B .19B .42B .68
   3 EBU021   1930 2024                                           .21B .45  .73
   4 EBU022   1786 2024            -.02B-.05B-.09B-.06B .06B .50  .70  .36B .59
   5 EBU031   1735 2024  -.01B-.03B .18B .34B .52  .59  .49  .58  .74  .79  .83
   6 EBU032   1811 2024                 -.06B .01B .16B .08B .31A .64  .74  .78
   7 EBU041   1779 2024            -.12B-.06B-.02B .17B .26A .08B .10B .28B .60
   8 EBU042   1784 2024            -.04B .03B .14B .20B-.10B-.07B .20B .32B .66
   9 EBU051   1877 2024                                 .07B .08B .24B .33B .19B
  10 EBU052   1870 2024                            .51  .52  .30B .21B .36B .43B
  11 EBU061   1844 2024                       .63  .64  .63  .63  .78  .80  .69
  12 EBU062   1843 2024                       .08B .15B .29B .63  .82  .85  .76
  13 EBU071   1849 2024                       .54  .54  .45  .60  .78  .85  .85
  14 EBU072   1851 2024                            .57  .48  .57  .81  .85  .82
  15 EBU081   1803 2024                  .56  .46  .56  .50B .46  .73  .85  .77
  16 EBU082   1791 2024             .54  .58  .44  .56  .51B .46  .75  .87  .78
  17 EBU091   1953 2024                                                .68  .72
  18 EBU101   1879 2024                                 .47B .58  .70  .65  .73
  19 EBU102   1890 2024                                 .35B .46  .72  .65  .68
  20 EBU111   1786 2024             .09B-.03B .19B .53  .56  .55B .42B .29B .33B
  21 EBU112   1881 2024                                 .55  .44B .30B .31B .36B
  22 EBU121   1780 2024             .63  .57  .51  .58  .34B .54  .86  .79  .72
  23 EBU122   1774 2024        .57  .55  .60  .58  .56  .28B .44  .83  .82  .71
  24 EBU131   1900 2024                                      .54  .79  .74  .67
  25 EBU132   1900 2024                                      .53  .76  .73  .71
  26 EBU141   1885 2024                                 .65  .61  .77  .74  .72
  27 EBU142   1880 2024                                 .53B .58  .71  .70  .71
  28 EBU151   1879 2024                                 .31B .21B .09B .23B .30B
  29 EBU152   1879 2024                                 .50  .53  .57  .57  .72
  30 EBU161   1886 2024                                 .47  .50  .69  .82  .77
  31 EBU162   1883 2024                                 .48  .58  .68  .76  .64
  32 EBU171   1867 2024                            .44B .49B .63  .78  .81  .84
  33 EBU172   1889 2024                                 .61  .63  .81  .76  .79
  34 EBU181   1886 2024                                 .58  .60  .70  .69  .74
  35 EBU182   1886 2024                                 .41  .51  .68  .77  .76
  36 EBU191   1936 2024                                           .74  .71  .77
  37 EBU192   1924 2024                                      .56  .56  .59  .79
  38 EBU201   1858 2024                            .17B .11B .03B .19B .16B .24B
  39 EBU202   1858 2024                            .35B .39B .49  .72  .68  .72
  40 EBU211   1930 2024                                           .13B .36B .33B
  41 EBU212   1943 2024                                           .36B .30B .35B
  42 EBU221   1907 2024                                      .66  .73  .74  .72
  43 EBU222   1883 2024                                 .65  .73  .78  .82  .68
  44 EBU231   1793 2024             .15B .28B-.05B-.07B-.08B-.20B-.29B-.13B .01B
  45 EBU232   1795 2024            -.10B-.09B-.26B-.20B-.10B-.24B-.29B-.11B-.13B
  46 EBU241   1759 2024        .01B .08B .28A .14B-.02B .12B-.01B-.01B .23B .23B
  47 EBU242   1800 2024                  .11B-.17B .10B .08B-.03B .29B .36B .21B
  48 EBU243   1905 2024                                     -.25B-.08B .15B .17B
 Av segment correlation  -.07  .12  .17  .22  .22  .32  .36  .39  .51  .56  .59
PART 6:  POTENTIAL PROBLEMS:                                                                       03:59  Fri 26 Jun 2026  Page   6
------------------------------------------------------------------------------------------------------------------------------------

 For each series with potential problems the following diagnostics may appear:

 [A] Correlations with master dating series of flagged  50-year segments of series filtered with  32-year spline,
     at every point from ten years earlier (-10) to ten years later (+10) than dated

 [B] Effect of those data values which most lower or raise correlation with master series
     Symbol following year indicates value in series is greater (>) or lesser (<) than master series value

 [C] Year-to-year changes very different from the mean change in other series

 [D] Absent rings (zero values)

 [E] Values which are statistical outliers from mean for the year
 ===================================================================================================================================

 EBU011    1745 to  2023     279 years                                                                                    Series   1

 [A] Segment   High   -10   -9   -8   -7   -6   -5   -4   -3   -2   -1   +0   +1   +2   +3   +4   +5   +6   +7   +8   +9  +10
    ---------  ----   ---  ---  ---  ---  ---  ---  ---  ---  ---  ---  ---  ---  ---  ---  ---  ---  ---  ---  ---  ---  ---
    1745 1794   -5   -.05  .16 -.01 -.08 -.06  .40*-.15  .24 -.12  .03 -.14|-.02 -.35 -.10  .02  .29 -.09 -.02 -.03  .21 -.03
    1750 1799   -5   -.13  .27  .13  .03 -.11  .39*-.15  .11 -.21 -.02 -.19| .11 -.29 -.06 -.22  .24 -.04  .16  .05  .33 -.07
    1775 1824    9   -.27  .00 -.11  .17  .00  .08 -.11 -.03 -.16  .03  .02| .19 -.15 -.14 -.18  .11 -.06  .19 -.10  .38*-.23
    1800 1849   -6   -.26 -.33 -.10 -.11  .51*-.11 -.03 -.11 -.18 -.02  .24| .08  .12 -.16 -.22  .04  .07  .16  .06  .15 -.07
    1825 1874   -6   -.13 -.20 -.05 -.10  .30* .18  .10  .07 -.11  .08  .01|-.20 -.20 -.02 -.13 -.18 -.06  .11  .28 -.04  .11
    1850 1899   -5   -.12 -.18 -.12 -.03 -.01  .43* .39  .27  .33  .19  .01|-.29 -.28 -.08 -.12 -.29 -.14 -.01  .01 -.04 -.05
    1875 1924   -2   -.04 -.09 -.14  .03  .19  .22  .21  .31  .37*-.06 -.08|-.07 -.17 -.20 -.23  .12 -.04  .17 -.04  .14 -.05
    1900 1949   -6    .09  .08 -.01  .19  .33* .19 -.03  .14  .28 -.08 -.08|-.14 -.27 -.36 -.25  .13 -.04  .26  .12  .28  .09
    1925 1974   -2   -.03  .04 -.18 -.11 -.11 -.04  .02 -.03  .50* .19  .37| .07 -.09 -.22 -.29 -.11 -.13  .00  .07  .22  .20
    1950 1999   -2   -.16 -.05 -.28 -.20 -.32 -.03 -.01  .10  .41* .33  .36| .38  .03  .02 -.37 -.11 -.16 -.12 -.04  .02  .09

 [B] Entire series, effect on correlation (  .114) is:
       Lower   1920< -.016   1746> -.014   1776< -.014   1922< -.013   1789> -.013   2009> -.008  Higher   1821  .026   2019  .021
     1745 to 1794 segment:
       Lower   1776< -.050   1789> -.050   1746> -.047   1763> -.021   1759< -.017   1758< -.016  Higher   1753  .059   1749  .045
     1750 to 1799 segment:
       Lower   1789> -.058   1776< -.050   1763> -.023   1796< -.022   1765> -.018   1759< -.017  Higher   1753  .080   1779  .031
     1775 to 1824 segment:
       Lower   1776< -.086   1789> -.085   1796< -.033   1804< -.023   1775> -.019   1816< -.019  Higher   1821  .206   1824  .028
     1800 to 1849 segment:
       Lower   1833< -.033   1804< -.032   1830> -.031   1805> -.030   1816< -.027   1802> -.023  Higher   1821  .190   1839  .024
     1825 to 1874 segment:
       Lower   1860< -.037   1853> -.033   1830> -.029   1863> -.024   1865< -.019   1858< -.019  Higher   1855  .116   1839  .042
     1850 to 1899 segment:
       Lower   1860< -.037   1853> -.036   1889< -.032   1863> -.028   1865< -.020   1858< -.020  Higher   1855  .133   1887  .085
     1875 to 1924 segment:
       Lower   1922< -.053   1920< -.043   1907> -.039   1903> -.019   1915> -.018   1889< -.016  Higher   1887  .068   1923  .032
     1900 to 1949 segment:
       Lower   1922< -.060   1920< -.056   1947> -.032   1907> -.029   1905< -.018   1929> -.016  Higher   1949  .067   1945  .035
     1925 to 1974 segment:
       Lower   1947> -.054   1927> -.039   1961> -.035   1935< -.031   1929> -.026   1936< -.025  Higher   1949  .051   1958  .036
     1950 to 1999 segment:
       Lower   1995> -.048   1961> -.036   1998< -.034   1993> -.034   1996< -.026   1999> -.019  Higher   1985  .062   1958  .026

 [C] Year-to-year changes diverging by over 4.0 std deviations:
       1745 1746   4.3 SD    1775 1776  -4.2 SD    1919 1920  -4.6 SD    1920 1921   4.0 SD

 [E] Outliers     3   3.0 SD above or -4.5 SD below mean for year
       1789 +3.4 SD;    1920 -5.9 SD;    1922 -5.6 SD
 ===================================================================================================================================

 EBU012    1774 to  2024     251 years                                                                                    Series   2

 [A] Segment   High   -10   -9   -8   -7   -6   -5   -4   -3   -2   -1   +0   +1   +2   +3   +4   +5   +6   +7   +8   +9  +10
    ---------  ----   ---  ---  ---  ---  ---  ---  ---  ---  ---  ---  ---  ---  ---  ---  ---  ---  ---  ---  ---  ---  ---
    1774 1823  -10    .39* .32 -.20 -.21  .39 -.07 -.05 -.32 -.11  .11  .22|-.23  .10 -.13  .07 -.21  .11  .05  .34 -.19 -.19
    1775 1824  -10    .38* .30 -.16 -.24  .35 -.03 -.08 -.30 -.13  .08  .25|-.22  .11 -.11  .02 -.16  .11  .03  .31 -.16 -.21
    1800 1849   -9    .15  .38* .23  .02 -.01  .05 -.09 -.15 -.18 -.18  .26|-.10 -.06 -.19 -.23  .05  .21  .37 -.07 -.09 -.29
    - - - - - - - - - - - - - - - - - - - - - - - - - - - - - - - - - - - - - - - - - - - - - - - - - - - - - - - - - - - - -
    1900 1949   -1    .01 -.04 -.02  .08  .04  .10  .05 -.10 -.04  .60* .34| .07 -.20 -.18 -.16 -.05 -.12 -.14 -.16 -.05  .17
    1925 1974   -1    .07 -.16 -.02 -.06 -.10 -.19 -.11 -.01  .05  .63* .19| .34 -.03 -.03  .08  .11  .14 -.04 -.06 -.02  .12
    1950 1999   -1   -.11 -.24 -.10 -.28 -.14 -.32  .04  .09  .21  .51* .42| .45  .27 -.02  .04 -.21  .00 -.09 -.20 -.17  .04

 [B] Entire series, effect on correlation (  .463) is:
       Lower   1957< -.012   1788> -.012   1805> -.010   1947> -.010   1821> -.009   1949> -.008  Higher   2009  .027   2013  .023
     1774 to 1823 segment:
       Lower   1788> -.049   1805> -.042   1774> -.026   1803> -.023   1785< -.016   1821> -.016  Higher   1782  .039   1796  .023
     1775 to 1824 segment:
       Lower   1788> -.053   1805> -.046   1803> -.026   1821> -.024   1785< -.016   1781< -.011  Higher   1782  .037   1796  .020
     1800 to 1849 segment:
       Lower   1805> -.058   1803> -.033   1821> -.029   1833> -.028   1847> -.018   1832> -.011  Higher   1848  .029   1804  .021
     1900 to 1949 segment:
       Lower   1947> -.061   1949> -.049   1929> -.048   1927> -.026   1934< -.017   1936< -.015  Higher   1903  .042   1923  .040
     1925 to 1974 segment:
       Lower   1957< -.059   1947> -.046   1929> -.038   1949> -.034   1955< -.031   1959< -.015  Higher   1962  .044   1928  .036
     1950 to 1999 segment:
       Lower   1957< -.062   1955< -.031   1976< -.030   1980> -.027   1985> -.025   1958> -.017  Higher   1986  .065   1962  .029

 ===================================================================================================================================

 EBU021    1930 to  2024      95 years                                                                                    Series   3

 [A] Segment   High   -10   -9   -8   -7   -6   -5   -4   -3   -2   -1   +0   +1   +2   +3   +4   +5   +6   +7   +8   +9  +10
    ---------  ----   ---  ---  ---  ---  ---  ---  ---  ---  ---  ---  ---  ---  ---  ---  ---  ---  ---  ---  ---  ---  ---
    1930 1979   -1    .22 -.14 -.14 -.03  .15  .07 -.10 -.15 -.06  .50* .21| .26 -.10 -.07  .06 -.01 -.16 -.22  .07 -.12  .16

 [B] Entire series, effect on correlation (  .484) is:
       Lower   1939< -.112   1958> -.015   1957< -.010   1948< -.009   1944< -.007   1986> -.006  Higher   2013  .085   2014  .013
     1930 to 1979 segment:
       Lower   1939< -.100   1958> -.026   1957< -.017   1956> -.012   1944< -.010   1959< -.008  Higher   1962  .028   1952  .018

 [C] Year-to-year changes diverging by over 4.0 std deviations:
       1938 1939  -5.2 SD    1939 1940   4.2 SD

 [E] Outliers     1   3.0 SD above or -4.5 SD below mean for year
       1939 -5.9 SD
 ===================================================================================================================================

 EBU022    1786 to  2024     239 years                                                                                    Series   4

 [A] Segment   High   -10   -9   -8   -7   -6   -5   -4   -3   -2   -1   +0   +1   +2   +3   +4   +5   +6   +7   +8   +9  +10
    ---------  ----   ---  ---  ---  ---  ---  ---  ---  ---  ---  ---  ---  ---  ---  ---  ---  ---  ---  ---  ---  ---  ---
    1786 1835   -6    .14 -.15 -.10  .01  .23* .05 -.01 -.29  .04  .04 -.02|-.13  .22  .00 -.03 -.15 -.11 -.16 -.01  .02  .19
    1800 1849   -6   -.06  .08 -.32  .05  .28* .25 -.02 -.12 -.09 -.04 -.05|-.17  .23  .10 -.09 -.12 -.18 -.11 -.03  .27  .09
    1825 1874    9   -.04  .07 -.16 -.12  .19  .16  .18  .17 -.06 -.01 -.09| .01  .01  .01 -.12 -.13 -.16 -.19  .09  .37* .11
    1850 1899   -5    .02 -.01  .09  .05  .13  .26* .23  .15  .02 -.06 -.06| .01 -.05 -.10 -.21 -.10 -.12 -.12  .07  .11 -.06
    1875 1924   -3    .11  .02  .02  .10  .14  .18 -.05  .21* .17 -.15  .06| .15  .08 -.15 -.12 -.11 -.10 -.15 -.21 -.24 -.32
    - - - - - - - - - - - - - - - - - - - - - - - - - - - - - - - - - - - - - - - - - - - - - - - - - - - - - - - - - - - - -
    1950 1999    2   -.11  .00 -.05  .21  .03 -.01 -.08 -.15  .06 -.09  .36| .39  .41* .24  .08 -.08  .01  .01 -.15 -.04 -.30

 [B] Entire series, effect on correlation (  .336) is:
       Lower   1992< -.027   1979< -.014   1859< -.014   1871< -.012   1907> -.012   1821> -.011  Higher   2013  .070   2009  .020
     1786 to 1835 segment:
       Lower   1787< -.039   1788> -.033   1804< -.033   1812< -.030   1831< -.025   1810< -.020  Higher   1824  .035   1789  .033
     1800 to 1849 segment:
       Lower   1804< -.036   1839< -.032   1812< -.030   1831< -.027   1843> -.025   1801> -.018  Higher   1803  .038   1824  .036
     1825 to 1874 segment:
       Lower   1872> -.030   1839< -.027   1831< -.023   1859< -.023   1843> -.023   1870> -.022  Higher   1855  .046   1853  .028
     1850 to 1899 segment:
       Lower   1872> -.028   1883> -.027   1887> -.026   1889< -.024   1870> -.021   1884> -.020  Higher   1881  .041   1855  .040
     1875 to 1924 segment:
       Lower   1907> -.080   1883> -.040   1887> -.037   1889< -.034   1884> -.030   1905< -.023  Higher   1903  .059   1892  .045
     1950 to 1999 segment:
       Lower   1992< -.133   1979< -.064   1952< -.015   1999> -.014   1986> -.014   1954< -.010  Higher   1961  .090   1958  .047

 [C] Year-to-year changes diverging by over 4.0 std deviations:
       1870 1871  -4.4 SD

 ===================================================================================================================================

 EBU031    1735 to  2024     290 years                                                                                    Series   5

 [*] Early part of series cannot be checked from 1735 to 1744 -- not matched by another series

 [A] Segment   High   -10   -9   -8   -7   -6   -5   -4   -3   -2   -1   +0   +1   +2   +3   +4   +5   +6   +7   +8   +9  +10
    ---------  ----   ---  ---  ---  ---  ---  ---  ---  ---  ---  ---  ---  ---  ---  ---  ---  ---  ---  ---  ---  ---  ---
    1745 1794    5    .09  .18  .11 -.30 -.01  .16  .01 -.15  .07 -.33 -.01|-.03  .25  .06 -.23  .39* .23 -.40  .04  .04 -.03
    1750 1799    5    .14  .24  .04 -.32  .09  .16  .03 -.19  .10 -.20 -.03|-.05  .24 -.06 -.08  .34* .16 -.38 -.04 -.03 -.06
    1775 1824    6    .20  .26 -.06 -.16 -.02 -.17 -.06 -.06  .02 -.21  .18|-.07  .13 -.12 -.05  .17  .44* .02 -.22 -.15 -.07
    1800 1849    6    .03  .09 -.10  .18  .31 -.08 -.22 -.21  .01 -.14  .34|-.06  .08  .03 -.23  .16  .35* .13 -.14 -.01 -.30

 [B] Entire series, effect on correlation (  .457) is:
       Lower   1827< -.020   1746< -.017   1769> -.011   1764< -.011   1776> -.010   1771< -.010  Higher   2013  .016   2014  .014
     1745 to 1794 segment:
       Lower   1746< -.064   1764< -.039   1771< -.035   1769> -.034   1776> -.031   1789> -.022  Higher   1753  .048   1749  .044
     1750 to 1799 segment:
       Lower   1764< -.048   1771< -.042   1769> -.036   1776> -.033   1797> -.030   1789> -.023  Higher   1753  .058   1779  .031
     1775 to 1824 segment:
       Lower   1776> -.043   1797> -.037   1789> -.030   1786< -.024   1778< -.020   1800< -.013  Higher   1811  .032   1779  .025
     1800 to 1849 segment:
       Lower   1827< -.065   1821> -.061   1805> -.026   1833> -.016   1800< -.011   1812< -.011  Higher   1848  .029   1811  .025

 [E] Outliers     1   3.0 SD above or -4.5 SD below mean for year
       1815 -5.6 SD
 ===================================================================================================================================

 EBU032    1811 to  2024     214 years                                                                                    Series   6

 [A] Segment   High   -10   -9   -8   -7   -6   -5   -4   -3   -2   -1   +0   +1   +2   +3   +4   +5   +6   +7   +8   +9  +10
    ---------  ----   ---  ---  ---  ---  ---  ---  ---  ---  ---  ---  ---  ---  ---  ---  ---  ---  ---  ---  ---  ---  ---
    1811 1860    3   -.25 -.15 -.01 -.08  .06  .12  .03 -.11 -.08 -.08 -.06| .22 -.04  .33*-.19 -.21 -.05  .17  .27  .06 -.10
    1825 1874    8   -.29 -.10 -.03 -.05  .07  .13  .03 -.13  .06 -.04  .01| .25 -.14  .00 -.08 -.24  .00 -.06  .29* .03 -.16
    1850 1899   -4   -.30 -.16 -.10 -.06  .11  .14  .23* .01  .16  .15  .16| .13 -.08  .04 -.03 -.04 -.10 -.16 -.09 -.13 -.31
    1875 1924   -4   -.06 -.10  .03 -.14 -.08  .03  .23* .08 -.02 -.11  .08| .19  .15  .05 -.06  .11 -.10  .01 -.17 -.24 -.19
    1900 1949    0    .09  .09  .03 -.22 -.19 -.15  .11 -.14 -.10 -.02  .31* .27  .22 -.06 -.21  .04 -.15  .03 -.22 -.01  .03

 [B] Entire series, effect on correlation (  .376) is:
       Lower   1847< -.044   1902< -.026   1818< -.020   1903> -.014   1835< -.009   1884> -.007  Higher   2014  .025   1961  .017
     1811 to 1860 segment:
       Lower   1847< -.084   1818< -.039   1815> -.020   1835< -.015   1836> -.009   1825> -.008  Higher   1821  .047   1831  .024
     1825 to 1874 segment:
       Lower   1847< -.132   1835< -.024   1869> -.020   1874< -.016   1861< -.014   1872> -.013  Higher   1868  .107   1831  .031
     1850 to 1899 segment:
       Lower   1884> -.040   1869> -.028   1889< -.027   1885> -.026   1874< -.024   1867> -.022  Higher   1868  .124   1887  .057
     1875 to 1924 segment:
       Lower   1902< -.086   1903> -.067   1884> -.035   1901< -.034   1885> -.023   1889< -.020  Higher   1887  .061   1907  .054
     1900 to 1949 segment:
       Lower   1902< -.126   1903> -.068   1901< -.036   1910> -.019   1916> -.011   1937< -.011  Higher   1923  .039   1947  .037

 [C] Year-to-year changes diverging by over 4.0 std deviations:
       1902 1903   6.5 SD

 [E] Outliers     3   3.0 SD above or -4.5 SD below mean for year
       1835 -4.5 SD;    1847 -4.7 SD;    1902 -6.6 SD
 ===================================================================================================================================

 EBU041    1779 to  2024     246 years                                                                                    Series   7

 [A] Segment   High   -10   -9   -8   -7   -6   -5   -4   -3   -2   -1   +0   +1   +2   +3   +4   +5   +6   +7   +8   +9  +10
    ---------  ----   ---  ---  ---  ---  ---  ---  ---  ---  ---  ---  ---  ---  ---  ---  ---  ---  ---  ---  ---  ---  ---
    1779 1828    1   -.12 -.19 -.02 -.07 -.15  .24  .13 -.02  .00 -.09 -.12| .27* .00 -.02 -.12 -.14  .13  .22 -.06 -.23  .15
    1800 1849   -5   -.10 -.11 -.01 -.17 -.26  .43* .24 -.32  .05 -.08 -.06| .37  .09  .08  .01 -.21 -.02  .32 -.04 -.20  .04
    1825 1874   -5   -.10 -.30  .09 -.19 -.22  .43* .33  .00 -.11 -.10 -.02| .16  .15  .05  .08 -.27 -.21  .07 -.05  .00  .07
    1850 1899   -4   -.16 -.37 -.06 -.15 -.12  .31  .38* .26  .10  .00  .17|-.05 -.02  .13  .05 -.05 -.12 -.17 -.16 -.17 -.14
    1875 1924    0   -.12 -.30 -.23 -.10  .00  .04  .19  .18  .23 -.07  .26* .04 -.12  .03  .10  .06 -.04  .08 -.01 -.10 -.21
    1900 1949   -2   -.04 -.20 -.12 -.02  .17 -.14 -.08  .15  .47*-.01  .08|-.13 -.24 -.12  .05 -.04 -.17  .18  .14  .16 -.06
    1925 1974   -2   -.16 -.09 -.05 -.05 -.02  .04  .11  .22  .74* .14  .10|-.18 -.30 -.13 -.16 -.25 -.35 -.12 -.03  .13  .01
    1950 1999   -2    .05 -.06 -.27 -.13 -.09  .15  .28  .29  .76* .26  .28| .00 -.24 -.17 -.33 -.30 -.30 -.29 -.23 -.10  .10

 [B] Entire series, effect on correlation (  .206) is:
       Lower   1821> -.022   1802< -.018   1927> -.017   1985> -.012   1920< -.011   1789> -.010  Higher   2013  .075   1949  .010
     1779 to 1828 segment:
       Lower   1821> -.060   1802< -.046   1789> -.035   1782< -.031   1827> -.024   1826< -.020  Higher   1805  .039   1804  .020
     1800 to 1849 segment:
       Lower   1821> -.091   1802< -.061   1827> -.031   1836> -.024   1826< -.023   1834< -.021  Higher   1805  .047   1825  .021
     1825 to 1874 segment:
       Lower   1868> -.043   1827> -.041   1826< -.034   1834< -.031   1836> -.031   1846< -.022  Higher   1855  .075   1872  .029
     1850 to 1899 segment:
       Lower   1868> -.048   1883> -.043   1881< -.023   1858< -.022   1863> -.021   1889< -.014  Higher   1887  .094   1855  .051
     1875 to 1924 segment:
       Lower   1920< -.052   1883> -.049   1881< -.022   1918> -.018   1907> -.016   1885> -.015  Higher   1887  .083   1903  .068
     1900 to 1949 segment:
       Lower   1927> -.092   1920< -.044   1947> -.044   1935< -.038   1928> -.027   1938> -.026  Higher   1903  .067   1949  .063
     1925 to 1974 segment:
       Lower   1927> -.095   1947> -.046   1935< -.042   1928> -.028   1938> -.027   1936< -.015  Higher   1949  .064   1929  .050
     1950 to 1999 segment:
       Lower   1985> -.067   1993> -.037   1994> -.017   1966< -.017   1974< -.016   1956> -.014  Higher   1976  .033   1963  .030

 [C] Year-to-year changes diverging by over 4.0 std deviations:
       1820 1821   6.2 SD    1826 1827   4.3 SD    1867 1868   4.4 SD

 [E] Outliers     1   3.0 SD above or -4.5 SD below mean for year
       1887 -5.0 SD
 ===================================================================================================================================

 EBU042    1784 to  2024     241 years                                                                                    Series   8

 [A] Segment   High   -10   -9   -8   -7   -6   -5   -4   -3   -2   -1   +0   +1   +2   +3   +4   +5   +6   +7   +8   +9  +10
    ---------  ----   ---  ---  ---  ---  ---  ---  ---  ---  ---  ---  ---  ---  ---  ---  ---  ---  ---  ---  ---  ---  ---
    1784 1833   -1    .09  .18  .09 -.06 -.23 -.02  .04 -.08 -.09  .27*-.04| .01  .03 -.08  .10  .09  .10 -.04 -.10 -.04 -.05
    1800 1849   -1    .16  .09  .01 -.01 -.15 -.19  .05 -.07 -.09  .52* .03|-.18  .02 -.16  .09  .33  .09  .03  .04 -.35 -.02
    1825 1874   -1   -.02  .24 -.01  .03 -.32 -.19  .02  .10  .06  .48* .14|-.06 -.01 -.13  .23  .06  .09 -.14 -.08 -.44 -.08
    1850 1899   -1   -.13 -.23 -.32 -.19 -.29 -.17 -.09  .18  .32  .52* .20| .22  .05 -.06  .05 -.06  .10 -.14 -.08 -.14 -.21
    1875 1924   -2   -.03 -.09 -.36 -.36 -.04  .16 -.15  .09  .43* .42 -.10| .26  .27 -.16 -.27  .00  .04 -.20  .02  .08  .04
    1900 1949   -1    .04  .01 -.18 -.06  .11  .29 -.14 -.04  .30  .59*-.07| .06 -.08 -.33 -.21 -.04 -.13 -.25  .13  .17  .26
    1925 1974   -1    .13 -.15 -.13 -.12 -.07 -.09  .03  .03  .15  .76* .20| .19 -.05 -.18 -.07 -.05 -.19 -.26 -.02  .07  .18
    1950 1999   -1    .16  .08 -.01 -.26 -.13 -.19  .08  .08  .20  .70* .32| .29  .10 -.12 -.15 -.16 -.24 -.31 -.20 -.20  .04

 [B] Entire series, effect on correlation (  .220) is:
       Lower   1799< -.024   1927> -.013   1905< -.011   1816< -.011   1903> -.011   1919< -.010  Higher   2013  .072   1962  .020
     1784 to 1833 segment:
       Lower   1799< -.068   1816< -.039   1805> -.036   1822< -.034   1789> -.017   1827> -.016  Higher   1821  .104   1788  .032
     1800 to 1849 segment:
       Lower   1816< -.061   1822< -.053   1805> -.049   1848> -.037   1849< -.027   1807< -.024  Higher   1821  .144   1830  .038
     1825 to 1874 segment:
       Lower   1848> -.054   1868> -.044   1849< -.043   1853> -.030   1827> -.030   1864< -.025  Higher   1855  .106   1830  .035
     1850 to 1899 segment:
       Lower   1868> -.046   1892> -.039   1853> -.033   1891> -.028   1864< -.026   1897< -.023  Higher   1855  .104   1884  .033
     1875 to 1924 segment:
       Lower   1903> -.061   1905< -.054   1919< -.034   1911> -.032   1907> -.024   1892> -.024  Higher   1884  .048   1924  .034
     1900 to 1949 segment:
       Lower   1927> -.053   1905< -.050   1903> -.047   1919< -.038   1947> -.036   1911> -.020  Higher   1946  .041   1928  .038
     1925 to 1974 segment:
       Lower   1927> -.064   1947> -.042   1958> -.030   1957< -.028   1959< -.026   1960> -.016  Higher   1962  .104   1969  .035
     1950 to 1999 segment:
       Lower   1958> -.031   1993> -.030   1957< -.030   1959< -.030   1984> -.018   1960> -.017  Higher   1962  .069   1986  .029

 [C] Year-to-year changes diverging by over 4.0 std deviations:
       1788 1789   4.3 SD    1798 1799  -4.4 SD    1821 1822  -4.8 SD

 [E] Outliers     1   3.0 SD above or -4.5 SD below mean for year
       1799 -4.5 SD
 ===================================================================================================================================

 EBU051    1877 to  2024     148 years                                                                                    Series   9

 [A] Segment   High   -10   -9   -8   -7   -6   -5   -4   -3   -2   -1   +0   +1   +2   +3   +4   +5   +6   +7   +8   +9  +10
    ---------  ----   ---  ---  ---  ---  ---  ---  ---  ---  ---  ---  ---  ---  ---  ---  ---  ---  ---  ---  ---  ---  ---
    1877 1926   -1   -.23 -.15 -.09 -.25 -.21  .05 -.06 -.05  .29  .57* .07| .03  .11  .25  .07 -.10 -.01  .02 -.17 -.25 -.05
    1900 1949   -1   -.28 -.20 -.23  .16  .16  .26 -.05 -.08  .41  .59* .08|-.07 -.11  .05  .00 -.09 -.15 -.15 -.07  .08 -.02
    1925 1974   -1   -.09 -.35 -.30  .04 -.04 -.05 -.10  .09  .25  .68* .24| .08 -.09  .04  .04 -.09 -.21 -.16 -.02  .08  .07
    1950 1999   -1   -.16 -.19 -.20 -.24 -.16 -.22 -.05  .20  .17  .80* .33| .33  .08  .03  .01 -.13 -.17 -.03 -.10 -.10 -.16
    1975 2024   -1   -.21  .05 -.07 -.18 -.04  .23 -.01 -.15 -.01  .65* .19|   -    -    -    -    -    -    -    -    -    -

 [B] Entire series, effect on correlation (  .179) is:
       Lower   2018< -.035   2013> -.034   2009> -.015   1880< -.015   1999> -.014   1934< -.013  Higher   1986  .059   2014  .034
     1877 to 1926 segment:
       Lower   1880< -.066   1903> -.063   1907> -.046   1905< -.045   1890> -.028   1891> -.025  Higher   1892  .053   1884  .044
     1900 to 1949 segment:
       Lower   1903> -.048   1934< -.040   1905< -.038   1907> -.035   1947> -.031   1928> -.025  Higher   1929  .041   1945  .032
     1925 to 1974 segment:
       Lower   1934< -.078   1958> -.042   1959< -.031   1947> -.029   1927> -.024   1928> -.023  Higher   1961  .063   1962  .040
     1950 to 1999 segment:
       Lower   1999> -.045   1958> -.040   1985> -.038   1959< -.028   1981< -.027   1995> -.016  Higher   1986  .145   1961  .045
     1975 to 2024 segment:
       Lower   2013> -.078   2018< -.075   2009> -.034   1999> -.030   1985> -.021   2010< -.018  Higher   1986  .127   2014  .069

 [C] Year-to-year changes diverging by over 4.0 std deviations:
       1933 1934  -4.2 SD    2012 2013   4.0 SD    2017 2018  -4.2 SD

 ===================================================================================================================================

 EBU052    1870 to  2024     155 years                                                                                    Series  10

 [A] Segment   High   -10   -9   -8   -7   -6   -5   -4   -3   -2   -1   +0   +1   +2   +3   +4   +5   +6   +7   +8   +9  +10
    ---------  ----   ---  ---  ---  ---  ---  ---  ---  ---  ---  ---  ---  ---  ---  ---  ---  ---  ---  ---  ---  ---  ---
    1900 1949   -1   -.17 -.32 -.24  .04 -.03 -.01 -.06 -.15 -.01  .69* .30| .09 -.12  .00  .10  .10 -.10 -.18 -.13  .02  .17
    1925 1974   -1    .01 -.35 -.27 -.03 -.07 -.15 -.18 -.02  .08  .74* .21| .20 -.06 -.01  .05  .08 -.14 -.20 -.12  .01  .18
    1950 1999   -1   -.12 -.25 -.22 -.24 -.20 -.24 -.07  .21  .20  .83* .36| .39  .14  .05  .02 -.13 -.19 -.11 -.13 -.13 -.16
    1975 2024   -1   -.25  .02 -.04 -.18 -.06  .16  .07 -.19 -.07  .59* .43|   -    -    -    -    -    -    -    -    -    -

 [B] Entire series, effect on correlation (  .366) is:
       Lower   2018< -.022   2009> -.017   1958> -.017   1999> -.016   1934< -.014   1879< -.014  Higher   2013  .028   1986  .027
     1900 to 1949 segment:
       Lower   1927> -.045   1947> -.044   1934< -.033   1929> -.018   1933> -.016   1944< -.015  Higher   1907  .027   1923  .019
     1925 to 1974 segment:
       Lower   1958> -.045   1947> -.030   1927> -.027   1934< -.024   1959< -.021   1929> -.012  Higher   1961  .044   1962  .028
     1950 to 1999 segment:
       Lower   1999> -.057   1958> -.057   1959< -.038   1981< -.026   1974< -.019   1950< -.013  Higher   1986  .108   1961  .056
     1975 to 2024 segment:
       Lower   2018< -.060   1999> -.044   2009> -.043   2010< -.024   1981< -.019   2006< -.018  Higher   2013  .076   1986  .062

 [C] Year-to-year changes diverging by over 4.0 std deviations:
       1927 1928  -4.4 SD

 ===================================================================================================================================

 EBU061    1844 to  2024     181 years                                                                                    Series  11

 [B] Entire series, effect on correlation (  .688) is:
       Lower   2014> -.025   1927> -.012   1986> -.007   1904< -.006   1906> -.006   1863< -.006  Higher   2013  .033   1958  .006

 [C] Year-to-year changes diverging by over 4.0 std deviations:
       2013 2014   5.9 SD

 [E] Outliers     1   3.0 SD above or -4.5 SD below mean for year
       2013 -5.9 SD
 ===================================================================================================================================

 EBU062    1843 to  2024     182 years                                                                                    Series  12

 [A] Segment   High   -10   -9   -8   -7   -6   -5   -4   -3   -2   -1   +0   +1   +2   +3   +4   +5   +6   +7   +8   +9  +10
    ---------  ----   ---  ---  ---  ---  ---  ---  ---  ---  ---  ---  ---  ---  ---  ---  ---  ---  ---  ---  ---  ---  ---
    1843 1892    1   -.01 -.15 -.06 -.01  .00 -.13 -.24 -.08 -.24 -.07  .08| .63* .12  .07 -.13  .16  .01 -.20  .17 -.11  .02
    1850 1899    1   -.05 -.19  .01 -.02 -.10 -.15 -.33 -.02 -.23 -.09  .15| .60* .20  .13 -.05  .25 -.11 -.17  .14 -.02 -.03
    1875 1924    1    .09 -.20  .01 -.07 -.13 -.16 -.16  .03 -.19 -.09  .29| .54* .18  .11  .02  .05 -.25 -.27  .17 -.09 -.11

 [B] Entire series, effect on correlation (  .562) is:
       Lower   1882< -.052   2014> -.017   1862< -.016   1847< -.012   1870> -.012   1848> -.011  Higher   2013  .062   1927  .015
     1843 to 1892 segment:
       Lower   1882< -.080   1870> -.035   1848> -.035   1862< -.030   1847< -.024   1868> -.014  Higher   1881  .025   1889  .022
     1850 to 1899 segment:
       Lower   1882< -.099   1870> -.040   1862< -.033   1868> -.017   1887> -.013   1872> -.012  Higher   1897  .030   1881  .022
     1875 to 1924 segment:
       Lower   1882< -.157   1901< -.036   1909> -.027   1887> -.020   1918> -.017   1875< -.013  Higher   1903  .047   1923  .029

 [C] Year-to-year changes diverging by over 4.0 std deviations:
       2013 2014   4.1 SD

 ===================================================================================================================================

 EBU071    1849 to  2024     176 years                                                                                    Series  13

 [B] Entire series, effect on correlation (  .656) is:
       Lower   1918< -.026   1887< -.016   1880< -.008   1914> -.008   1871> -.007   1932> -.006  Higher   1961  .018   1927  .011

 [E] Outliers     1   3.0 SD above or -4.5 SD below mean for year
       1887 -4.5 SD
 ===================================================================================================================================

 EBU072    1851 to  2024     174 years                                                                                    Series  14

 [B] Entire series, effect on correlation (  .684) is:
       Lower   1918< -.035   2014> -.007   2007< -.007   1869> -.007   1890> -.006   1911> -.006  Higher   2013  .035   1961  .016

 ===================================================================================================================================

 EBU081    1803 to  2024     222 years                                                                                    Series  15

 [A] Segment   High   -10   -9   -8   -7   -6   -5   -4   -3   -2   -1   +0   +1   +2   +3   +4   +5   +6   +7   +8   +9  +10
    ---------  ----   ---  ---  ---  ---  ---  ---  ---  ---  ---  ---  ---  ---  ---  ---  ---  ---  ---  ---  ---  ---  ---
    1875 1924   -1   -.29 -.01  .06 -.28 -.22  .01  .08 -.13  .10  .55* .50| .02  .29  .11 -.19 -.24 -.13  .00 -.27 -.17 -.05

 [B] Entire series, effect on correlation (  .643) is:
       Lower   2014> -.014   1927> -.009   1903> -.007   1854< -.006   1809< -.006   1815< -.005  Higher   2013  .043   1821  .014
     1875 to 1924 segment:
       Lower   1903> -.048   1901< -.030   1910> -.022   1881< -.017   1909> -.014   1902> -.012  Higher   1883  .033   1923  .028

 ===================================================================================================================================

 EBU082    1791 to  2024     234 years                                                                                    Series  16

 [A] Segment   High   -10   -9   -8   -7   -6   -5   -4   -3   -2   -1   +0   +1   +2   +3   +4   +5   +6   +7   +8   +9  +10
    ---------  ----   ---  ---  ---  ---  ---  ---  ---  ---  ---  ---  ---  ---  ---  ---  ---  ---  ---  ---  ---  ---  ---
    1875 1924   -1   -.28 -.03  .19 -.12 -.14 -.01  .08 -.11  .07  .52* .51| .01  .18  .09 -.11 -.20 -.17 -.05 -.28 -.18 -.08

 [B] Entire series, effect on correlation (  .646) is:
       Lower   2014> -.017   1927> -.012   1903> -.009   1854< -.006   2019> -.005   1793> -.005  Higher   2013  .043   1821  .013
     1875 to 1924 segment:
       Lower   1903> -.061   1910> -.025   1901< -.021   1906> -.017   1912> -.012   1877< -.010  Higher   1883  .032   1875  .024

 [C] Year-to-year changes diverging by over 4.0 std deviations:
       2013 2014   4.7 SD

 ===================================================================================================================================

 EBU091    1953 to  2024      72 years                                                                                    Series  17

 [B] Entire series, effect on correlation (  .717) is:
       Lower   2021< -.031   2003< -.011   2024< -.011   1986> -.011   1992< -.010   1969< -.009  Higher   2013  .053   2009  .023

 ===================================================================================================================================

 EBU101    1879 to  2024     146 years                                                                                    Series  18

 [A] Segment   High   -10   -9   -8   -7   -6   -5   -4   -3   -2   -1   +0   +1   +2   +3   +4   +5   +6   +7   +8   +9  +10
    ---------  ----   ---  ---  ---  ---  ---  ---  ---  ---  ---  ---  ---  ---  ---  ---  ---  ---  ---  ---  ---  ---  ---
    1879 1928    1   -.09 -.18 -.17 -.01 -.13 -.07 -.28  .01 -.12 -.01  .47| .51* .26  .13  .18  .02  .11 -.09 -.06 -.24 -.33

 [B] Entire series, effect on correlation (  .651) is:
       Lower   1977< -.015   2014> -.011   1963> -.010   2021> -.009   1881< -.008   1918> -.007  Higher   2013  .033   1961  .024
     1879 to 1928 segment:
       Lower   1881< -.033   1924< -.029   1918> -.027   1904> -.022   1885> -.018   1915> -.015  Higher   1927  .094   1892  .030

 ===================================================================================================================================

 EBU102    1890 to  2024     135 years                                                                                    Series  19

 [A] Segment   High   -10   -9   -8   -7   -6   -5   -4   -3   -2   -1   +0   +1   +2   +3   +4   +5   +6   +7   +8   +9  +10
    ---------  ----   ---  ---  ---  ---  ---  ---  ---  ---  ---  ---  ---  ---  ---  ---  ---  ---  ---  ---  ---  ---  ---
    1890 1939    1   -.05 -.08 -.18  .05  .01  .00 -.19 -.10 -.14 -.24  .35| .45* .21  .07  .15  .15  .12 -.09 -.17 -.19 -.28

 [B] Entire series, effect on correlation (  .611) is:
       Lower   1977< -.018   1916< -.016   1898< -.010   1924< -.010   2021> -.010   1987> -.009  Higher   1961  .030   2013  .017
     1890 to 1939 segment:
       Lower   1924< -.039   1898< -.038   1916< -.030   1923< -.026   1917> -.024   1918> -.023  Higher   1927  .110   1892  .038

 ===================================================================================================================================

 EBU111    1786 to  2024     239 years                                                                                    Series  20

 [A] Segment   High   -10   -9   -8   -7   -6   -5   -4   -3   -2   -1   +0   +1   +2   +3   +4   +5   +6   +7   +8   +9  +10
    ---------  ----   ---  ---  ---  ---  ---  ---  ---  ---  ---  ---  ---  ---  ---  ---  ---  ---  ---  ---  ---  ---  ---
    1786 1835    1    .10 -.22  .03 -.14 -.12  .02  .16 -.01 -.07 -.18  .09| .37*-.04 -.30  .16  .12 -.11 -.10 -.05  .01  .03
    1800 1849    1    .11 -.18  .04 -.03 -.04  .09  .13  .09  .00 -.19 -.03| .22*-.16 -.30  .10  .14 -.14 -.05 -.16  .00  .00
    1825 1874   -4   -.05 -.06 -.07 -.13 -.11  .13  .29* .00  .06 -.16  .19| .01  .01 -.13  .11 -.10 -.41 -.25 -.23  .01  .02
    - - - - - - - - - - - - - - - - - - - - - - - - - - - - - - - - - - - - - - - - - - - - - - - - - - - - - - - - - - - - -
    1900 1949   -1   -.03 -.18 -.13  .00 -.13 -.01  .03 -.17 -.12  .62* .55| .17 -.09 -.18 -.06 -.04 -.16 -.20 -.08 -.05  .17
    1925 1974   -1    .13 -.29 -.31 -.24 -.12 -.03 -.24  .01  .04  .77* .42| .26  .01 -.18 -.13 -.11 -.12 -.27  .07  .09  .21
    1950 1999   -1   -.04 -.07 -.18 -.29 -.14 -.07 -.07  .21  .11  .76* .29| .33  .03 -.05 -.19 -.26 -.23 -.08 -.09 -.01 -.11
    1975 2024   -1   -.05  .01 -.09 -.25  .01  .02  .00 -.08  .02  .70* .33|   -    -    -    -    -    -    -    -    -    -

 [B] Entire series, effect on correlation (  .333) is:
       Lower   1985> -.016   2009> -.014   1838< -.013   1959< -.012   2013> -.011   1998< -.010  Higher   1986  .032   2014  .021
     1786 to 1835 segment:
       Lower   1827> -.046   1804< -.033   1809< -.027   1830> -.022   1833> -.021   1808< -.017  Higher   1821  .060   1788  .029
     1800 to 1849 segment:
       Lower   1838< -.045   1827> -.044   1804< -.024   1830> -.022   1833> -.022   1809< -.017  Higher   1821  .084   1824  .021
     1825 to 1874 segment:
       Lower   1838< -.075   1827> -.061   1859< -.040   1830> -.031   1833> -.029   1840< -.024  Higher   1868  .074   1872  .041
     1900 to 1949 segment:
       Lower   1909> -.039   1948< -.020   1927> -.019   1947> -.016   1939< -.013   1941< -.012  Higher   1923  .026   1936  .020
     1925 to 1974 segment:
       Lower   1959< -.080   1958> -.056   1960> -.039   1956> -.017   1948< -.013   1939< -.008  Higher   1961  .053   1963  .021
     1950 to 1999 segment:
       Lower   1985> -.060   1959< -.040   1958> -.038   1998< -.035   1960> -.027   1993> -.027  Higher   1986  .159   1961  .046
     1975 to 2024 segment:
       Lower   1985> -.045   2009> -.038   1998< -.032   2013> -.030   2010< -.030   1993> -.021  Higher   1986  .100   2014  .066

 [C] Year-to-year changes diverging by over 4.0 std deviations:
       1985 1986  -4.2 SD    2009 2010  -4.1 SD

 ===================================================================================================================================

 EBU112    1881 to  2024     144 years                                                                                    Series  21

 [A] Segment   High   -10   -9   -8   -7   -6   -5   -4   -3   -2   -1   +0   +1   +2   +3   +4   +5   +6   +7   +8   +9  +10
    ---------  ----   ---  ---  ---  ---  ---  ---  ---  ---  ---  ---  ---  ---  ---  ---  ---  ---  ---  ---  ---  ---  ---
    1900 1949   -1    .01 -.14 -.12  .03 -.14 -.05  .00 -.18 -.16  .67* .44| .30 -.14 -.12 -.05  .02 -.21 -.24 -.15 -.05  .27
    1925 1974   -1    .15 -.25 -.26 -.22 -.18 -.07 -.25  .06 -.04  .78* .30| .33 -.05 -.14 -.15 -.08 -.10 -.28  .04  .04  .31
    1950 1999   -1    .00 -.10 -.18 -.30 -.18 -.12 -.16  .23  .08  .77* .31| .28  .05 -.10 -.18 -.29 -.18 -.12 -.04 -.01 -.07
    1975 2024   -1    .04  .08 -.10 -.27  .01  .06 -.08 -.16  .00  .72* .36|   -    -    -    -    -    -    -    -    -    -

 [B] Entire series, effect on correlation (  .384) is:
       Lower   2013> -.033   1985> -.030   1959< -.021   1958> -.020   2010< -.017   1948< -.012  Higher   1986  .038   2014  .035
     1900 to 1949 segment:
       Lower   1948< -.053   1927> -.046   1949> -.044   1947> -.029   1909> -.022   1915> -.008  Higher   1936  .020   1905  .020
     1925 to 1974 segment:
       Lower   1958> -.059   1959< -.059   1960> -.033   1948< -.031   1949> -.029   1927> -.027  Higher   1961  .087   1969  .026
     1950 to 1999 segment:
       Lower   1985> -.082   1958> -.053   1959< -.051   1960> -.031   1978< -.027   1950< -.014  Higher   1986  .137   1961  .079
     1975 to 2024 segment:
       Lower   2013> -.064   1985> -.061   2010< -.039   1978< -.024   2023< -.017   2009> -.016  Higher   1986  .087   2014  .081

 [C] Year-to-year changes diverging by over 4.0 std deviations:
       2009 2010  -4.2 SD

 [E] Outliers     1   3.0 SD above or -4.5 SD below mean for year
       1985 +3.2 SD
 ===================================================================================================================================

 EBU121    1780 to  2024     245 years                                                                                    Series  22

 [A] Segment   High   -10   -9   -8   -7   -6   -5   -4   -3   -2   -1   +0   +1   +2   +3   +4   +5   +6   +7   +8   +9  +10
    ---------  ----   ---  ---  ---  ---  ---  ---  ---  ---  ---  ---  ---  ---  ---  ---  ---  ---  ---  ---  ---  ---  ---
    1875 1924   -1   -.08 -.03 -.09 -.38 -.36 -.11  .09 -.16  .00  .54* .34|-.12  .05  .23 -.02 -.02 -.16  .13 -.04 -.11  .05

 [B] Entire series, effect on correlation (  .605) is:
       Lower   1904< -.019   1890> -.011   1843< -.010   1903> -.007   1789< -.007   2024< -.006  Higher   1821  .021   1985  .010
     1875 to 1924 segment:
       Lower   1904< -.062   1890> -.060   1903> -.042   1909> -.026   1906> -.022   1916> -.014  Higher   1907  .051   1923  .033

 [E] Outliers     1   3.0 SD above or -4.5 SD below mean for year
       1789 -5.2 SD
 ===================================================================================================================================

 EBU122    1774 to  2024     251 years                                                                                    Series  23

 [A] Segment   High   -10   -9   -8   -7   -6   -5   -4   -3   -2   -1   +0   +1   +2   +3   +4   +5   +6   +7   +8   +9  +10
    ---------  ----   ---  ---  ---  ---  ---  ---  ---  ---  ---  ---  ---  ---  ---  ---  ---  ---  ---  ---  ---  ---  ---
    1875 1924   -1   -.15 -.12 -.12 -.41 -.36 -.02  .08 -.22 -.02  .62* .28|-.13  .04  .29 -.08 -.06 -.09  .15 -.02 -.09  .14

 [B] Entire series, effect on correlation (  .575) is:
       Lower   1904< -.019   1779> -.014   1908< -.009   1890> -.009   1903> -.009   2024< -.008  Higher   1821  .022   1985  .013
     1875 to 1924 segment:
       Lower   1903> -.054   1890> -.050   1904< -.049   1908< -.035   1900< -.021   1911> -.020  Higher   1907  .047   1901  .031

 ===================================================================================================================================

 EBU131    1900 to  2024     125 years                                                                                    Series  24

 [B] Entire series, effect on correlation (  .661) is:
       Lower   2013> -.019   1986> -.015   1917> -.012   1980< -.010   1904> -.009   1918> -.008  Higher   1985  .020   2009  .014

 ===================================================================================================================================

 EBU132    1900 to  2024     125 years                                                                                    Series  25

 [B] Entire series, effect on correlation (  .671) is:
       Lower   1980< -.019   1906< -.012   1986> -.012   1918> -.008   1904> -.008   1917> -.007  Higher   1985  .024   2009  .021

 ===================================================================================================================================

 EBU141    1885 to  2024     140 years                                                                                    Series  26

 [B] Entire series, effect on correlation (  .708) is:
       Lower   2014> -.023   1943< -.014   1995> -.010   2018< -.010   2021> -.008   1901< -.006  Higher   2013  .046   2009  .016

 ===================================================================================================================================

 EBU142    1880 to  2024     145 years                                                                                    Series  27

 [A] Segment   High   -10   -9   -8   -7   -6   -5   -4   -3   -2   -1   +0   +1   +2   +3   +4   +5   +6   +7   +8   +9  +10
    ---------  ----   ---  ---  ---  ---  ---  ---  ---  ---  ---  ---  ---  ---  ---  ---  ---  ---  ---  ---  ---  ---  ---
    1880 1929   -1   -.24 -.03  .05 -.09 -.30 -.21 -.02 -.06  .20  .54* .53| .20  .14 -.02  .03 -.12 -.31 -.03 -.12 -.08 -.02

 [B] Entire series, effect on correlation (  .669) is:
       Lower   1943< -.017   2014> -.012   1997< -.011   1927> -.010   1890> -.009   2021> -.009  Higher   2013  .050   2009  .014
     1880 to 1929 segment:
       Lower   1927> -.042   1890> -.036   1887> -.025   1906> -.020   1910< -.017   1915> -.011  Higher   1923  .025   1892  .025

 ===================================================================================================================================

 EBU151    1879 to  2024     146 years                                                                                    Series  28

 [A] Segment   High   -10   -9   -8   -7   -6   -5   -4   -3   -2   -1   +0   +1   +2   +3   +4   +5   +6   +7   +8   +9  +10
    ---------  ----   ---  ---  ---  ---  ---  ---  ---  ---  ---  ---  ---  ---  ---  ---  ---  ---  ---  ---  ---  ---  ---
    1879 1928   -1   -.31 -.24  .04 -.06 -.05 -.09  .18  .07  .13  .52* .31| .14  .01  .06 -.12 -.19 -.24 -.18 -.22  .07  .14
    1900 1949   -1   -.29 -.34 -.16 -.04  .07  .00  .07 -.04  .00  .57* .21|-.05 -.13 -.02  .02  .00 -.21 -.23 -.15  .11  .28
    1925 1974   -1    .00 -.46 -.29 -.17 -.07 -.11 -.26 -.02 -.01  .67* .09| .15  .00  .02  .16  .06  .00 -.13  .02 -.04  .12
    1950 1999   -1    .01 -.15 -.14 -.33 -.21 -.25 -.26 -.03 -.10  .60* .23| .37  .15 -.03  .07 -.06  .08  .03 -.10 -.14 -.06
    1975 2024   -1   -.07  .00  .00 -.27  .03  .05 -.13 -.15 -.10  .61* .30|   -    -    -    -    -    -    -    -    -    -

 [B] Entire series, effect on correlation (  .235) is:
       Lower   2013> -.045   2009> -.023   1947> -.018   1981< -.015   1927> -.015   1918< -.015  Higher   2014  .045   1986  .043
     1879 to 1928 segment:
       Lower   1927> -.079   1918< -.062   1889< -.058   1883> -.024   1916> -.015   1887> -.012  Higher   1928  .039   1907  .029
     1900 to 1949 segment:
       Lower   1947> -.067   1927> -.061   1944< -.044   1918< -.040   1945< -.035   1916> -.012  Higher   1928  .041   1933  .029
     1925 to 1974 segment:
       Lower   1947> -.052   1959< -.042   1927> -.042   1944< -.039   1945< -.029   1974< -.027  Higher   1928  .047   1933  .031
     1950 to 1999 segment:
       Lower   1981< -.044   1959< -.041   1985> -.039   1958> -.030   1974< -.024   1998< -.023  Higher   1986  .136   1999  .024
     1975 to 2024 segment:
       Lower   2013> -.114   2009> -.055   1981< -.042   1985> -.031   1998< -.020   2010< -.013  Higher   2014  .096   1986  .091

 [C] Year-to-year changes diverging by over 4.0 std deviations:
       1917 1918  -4.3 SD    2012 2013   4.7 SD

 [E] Outliers     1   3.0 SD above or -4.5 SD below mean for year
       1918 -5.8 SD
 ===================================================================================================================================

 EBU152    1879 to  2024     146 years                                                                                    Series  29

 [B] Entire series, effect on correlation (  .595) is:
       Lower   1917< -.016   1953< -.015   1915> -.015   1943< -.011   1997< -.010   1998< -.008  Higher   2013  .048   1985  .023

 [E] Outliers     1   3.0 SD above or -4.5 SD below mean for year
       1917 -4.6 SD
 ===================================================================================================================================

 EBU161    1886 to  2024     139 years                                                                                    Series  30

 [B] Entire series, effect on correlation (  .617) is:
       Lower   1909< -.051   1940< -.012   1892> -.011   1898< -.010   2014> -.009   1964> -.008  Higher   1961  .017   1927  .014

 ===================================================================================================================================

 EBU162    1883 to  2024     142 years                                                                                    Series  31

 [B] Entire series, effect on correlation (  .584) is:
       Lower   2019> -.012   2009> -.010   1997< -.009   1919< -.009   1914> -.009   1934> -.009  Higher   1985  .015   1961  .013

 ===================================================================================================================================

 EBU171    1867 to  2024     158 years                                                                                    Series  32

 [A] Segment   High   -10   -9   -8   -7   -6   -5   -4   -3   -2   -1   +0   +1   +2   +3   +4   +5   +6   +7   +8   +9  +10
    ---------  ----   ---  ---  ---  ---  ---  ---  ---  ---  ---  ---  ---  ---  ---  ---  ---  ---  ---  ---  ---  ---  ---
    1867 1916    1   -.12 -.23 -.10 -.17 -.35 -.18 -.04  .12 -.16  .14  .44| .57* .04  .14  .15  .03 -.17 -.20  .14 -.17 -.21
    1875 1924    1   -.14 -.31 -.20 -.19 -.32 -.18  .04  .11 -.13  .07  .49| .49* .05  .05  .11 -.04 -.06 -.10  .14 -.15 -.20

 [B] Entire series, effect on correlation (  .708) is:
       Lower   2023< -.012   1870> -.011   1909> -.011   1967< -.009   1871< -.009   1882< -.009  Higher   2013  .021   1961  .018
     1867 to 1916 segment:
       Lower   1870> -.046   1909> -.040   1915> -.028   1882< -.028   1872> -.027   1871< -.024  Higher   1903  .048   1897  .020
     1875 to 1924 segment:
       Lower   1909> -.054   1915> -.035   1882< -.029   1917> -.023   1875< -.022   1918> -.018  Higher   1903  .057   1907  .025

 ===================================================================================================================================

 EBU172    1889 to  2024     136 years                                                                                    Series  33

 [B] Entire series, effect on correlation (  .740) is:
       Lower   1986> -.011   1915> -.010   1909> -.009   2021> -.008   1906< -.007   1967< -.007  Higher   1961  .012   2013  .011

 ===================================================================================================================================

 EBU181    1886 to  2024     139 years                                                                                    Series  34

 [B] Entire series, effect on correlation (  .685) is:
       Lower   1982< -.024   1889< -.010   1925< -.008   1918> -.007   1941< -.006   1986> -.006  Higher   1985  .020   2009  .018

 ===================================================================================================================================

 EBU182    1886 to  2024     139 years                                                                                    Series  35

 [B] Entire series, effect on correlation (  .632) is:
       Lower   1890< -.042   1892> -.014   1980< -.010   1904> -.008   1889< -.007   1918> -.007  Higher   2009  .023   1985  .021

 [E] Outliers     1   3.0 SD above or -4.5 SD below mean for year
       1890 -5.1 SD
 ===================================================================================================================================

 EBU191    1936 to  2024      89 years                                                                                    Series  36

 [B] Entire series, effect on correlation (  .718) is:
       Lower   2013> -.014   1955< -.011   2008< -.010   1999> -.009   1958< -.009   1962> -.007  Higher   1985  .023   1961  .021

 ===================================================================================================================================

 EBU192    1924 to  2024     101 years                                                                                    Series  37

 [B] Entire series, effect on correlation (  .670) is:
       Lower   1999> -.020   1958< -.015   1954< -.012   1970< -.010   1932> -.010   1973< -.009  Higher   2013  .032   2014  .015

 ===================================================================================================================================

 EBU201    1858 to  2024     167 years                                                                                    Series  38

 [A] Segment   High   -10   -9   -8   -7   -6   -5   -4   -3   -2   -1   +0   +1   +2   +3   +4   +5   +6   +7   +8   +9  +10
    ---------  ----   ---  ---  ---  ---  ---  ---  ---  ---  ---  ---  ---  ---  ---  ---  ---  ---  ---  ---  ---  ---  ---
    1858 1907   -1   -.10 -.13 -.13  .02  .14  .00 -.13 -.07  .37  .59* .17| .18  .12  .03 -.36 -.35 -.12 -.11 -.28 -.08  .00
    1875 1924   -1    .03  .07 -.12 -.04  .09  .07 -.15 -.11  .41  .60* .11| .08  .09 -.12 -.30 -.26  .04 -.11 -.18 -.05  .08
    1900 1949   -2   -.08  .09  .04 -.06 -.04 -.19 -.34 -.14  .50* .32  .03|-.02 -.05 -.06 -.15 -.23 -.27 -.17  .03  .28  .23
    1925 1974   -2   -.24 -.07  .04 -.12 -.21 -.36 -.15 -.06  .67* .21  .19| .07 -.11 -.01 -.17 -.20 -.33 -.01  .06  .30  .24
    1950 1999   -2   -.13  .00 -.11 -.15 -.26 -.20 -.01  .06  .49* .34  .16| .26 -.07  .06 -.18 -.08 -.12 -.15 -.12 -.07  .09
    1975 2024   -1    .06  .11 -.14 -.07 -.02  .11 -.19 -.05 -.10  .61* .24|   -    -    -    -    -    -    -    -    -    -

 [B] Entire series, effect on correlation (  .196) is:
       Lower   2013> -.040   1961> -.031   1996< -.019   1946< -.013   1903> -.013   1905< -.011  Higher   2014  .052   1949  .016
     1858 to 1907 segment:
       Lower   1903> -.068   1905< -.058   1887> -.050   1872> -.026   1861< -.021   1894< -.017  Higher   1892  .069   1884  .037
     1875 to 1924 segment:
       Lower   1903> -.070   1905< -.055   1887> -.051   1911> -.036   1919< -.018   1908< -.018  Higher   1892  .081   1884  .045
     1900 to 1949 segment:
       Lower   1946< -.051   1903> -.050   1905< -.045   1933> -.036   1932> -.023   1911> -.021  Higher   1949  .088   1929  .083
     1925 to 1974 segment:
       Lower   1961> -.115   1946< -.049   1933> -.031   1951< -.024   1932> -.022   1947> -.017  Higher   1949  .057   1929  .044
     1950 to 1999 segment:
       Lower   1961> -.103   1996< -.062   1986> -.023   1995> -.021   1951< -.019   1998< -.014  Higher   1987  .034   1963  .033
     1975 to 2024 segment:
       Lower   2013> -.104   1996< -.047   2009> -.027   1986> -.020   2004> -.016   1995> -.016  Higher   2014  .115   2018  .021

 [C] Year-to-year changes diverging by over 4.0 std deviations:
       1960 1961   4.1 SD    2012 2013   4.5 SD

 [E] Outliers     1   3.0 SD above or -4.5 SD below mean for year
       1961 +3.6 SD
 ===================================================================================================================================

 EBU202    1858 to  2024     167 years                                                                                    Series  39

 [A] Segment   High   -10   -9   -8   -7   -6   -5   -4   -3   -2   -1   +0   +1   +2   +3   +4   +5   +6   +7   +8   +9  +10
    ---------  ----   ---  ---  ---  ---  ---  ---  ---  ---  ---  ---  ---  ---  ---  ---  ---  ---  ---  ---  ---  ---  ---
    1858 1907    1   -.14 -.26 -.10  .15 -.13 -.23 -.12  .26 -.02 -.13  .35| .69* .10  .02  .08  .02 -.17 -.30 -.12 -.18 -.22
    1875 1924    1    .06 -.33 -.02  .20 -.02 -.15  .16  .40  .04 -.16  .39| .58*-.08 -.10 -.07 -.23 -.45 -.29  .03 -.04 -.18

 [B] Entire series, effect on correlation (  .613) is:
       Lower   1986> -.016   1862< -.013   1909> -.011   1937< -.009   1906< -.008   1872> -.008  Higher   2013  .056   1985  .024
     1858 to 1907 segment:
       Lower   1862< -.039   1872> -.034   1907> -.027   1863> -.021   1904> -.019   1885> -.017  Higher   1903  .040   1901  .033
     1875 to 1924 segment:
       Lower   1909> -.057   1907> -.033   1904> -.025   1885> -.021   1906< -.020   1919< -.012  Higher   1903  .045   1901  .034

 [C] Year-to-year changes diverging by over 4.0 std deviations:
       1984 1985  -4.1 SD    1985 1986   4.0 SD

 ===================================================================================================================================

 EBU211    1930 to  2024      95 years                                                                                    Series  40

 [A] Segment   High   -10   -9   -8   -7   -6   -5   -4   -3   -2   -1   +0   +1   +2   +3   +4   +5   +6   +7   +8   +9  +10
    ---------  ----   ---  ---  ---  ---  ---  ---  ---  ---  ---  ---  ---  ---  ---  ---  ---  ---  ---  ---  ---  ---  ---
    1930 1979   -1    .05 -.09  .01 -.14 -.18 -.20 -.08  .24  .08  .52* .13| .30  .26  .01 -.05 -.12  .10 -.11  .04 -.09 -.15
    1950 1999   -1   -.04 -.08 -.08 -.20 -.10 -.14 -.17  .16  .06  .80* .36| .40  .17  .03  .01 -.12 -.14 -.15 -.15 -.02 -.16
    1975 2024   -1   -.15 -.13 -.13 -.08  .13  .06 -.23 -.11  .01  .82* .33|   -    -    -    -    -    -    -    -    -    -

 [B] Entire series, effect on correlation (  .264) is:
       Lower   2013> -.055   1941< -.024   2009> -.020   1999> -.019   1931< -.018   1958> -.017  Higher   1986  .062   2014  .047
     1930 to 1979 segment:
       Lower   1941< -.045   1958> -.037   1931< -.028   1960> -.028   1957< -.027   1938> -.027  Higher   1961  .068   1962  .056
     1950 to 1999 segment:
       Lower   1999> -.041   1958> -.038   1957< -.030   1959< -.027   1960> -.026   1976< -.026  Higher   1986  .124   1962  .031
     1975 to 2024 segment:
       Lower   2013> -.103   2009> -.037   1999> -.032   2010< -.029   2006< -.024   1976< -.017  Higher   1986  .089   2014  .069

 [C] Year-to-year changes diverging by over 4.0 std deviations:
       2012 2013   4.3 SD

 ===================================================================================================================================

 EBU212    1943 to  2024      82 years                                                                                    Series  41

 [A] Segment   High   -10   -9   -8   -7   -6   -5   -4   -3   -2   -1   +0   +1   +2   +3   +4   +5   +6   +7   +8   +9  +10
    ---------  ----   ---  ---  ---  ---  ---  ---  ---  ---  ---  ---  ---  ---  ---  ---  ---  ---  ---  ---  ---  ---  ---
    1943 1992   -1   -.02 -.13 -.06 -.21 -.02 -.19 -.10  .11  .12  .73* .36| .37  .12  .00 -.02 -.21 -.21 -.16 -.11 -.04 -.15
    1950 1999   -1   -.03 -.05 -.02 -.14 -.02 -.14 -.12  .12  .05  .76* .30| .35  .11  .03  .08 -.13 -.17 -.16 -.16 -.04 -.22
    1975 2024   -1   -.14 -.11 -.12 -.11  .12  .07 -.17 -.15  .01  .82* .35|   -    -    -    -    -    -    -    -    -    -

 [B] Entire series, effect on correlation (  .315) is:
       Lower   2013> -.065   1999> -.022   1960> -.020   1968< -.019   2009> -.019   1958> -.015  Higher   1986  .063   2014  .056
     1943 to 1992 segment:
       Lower   1960> -.037   1968< -.037   1958> -.029   1957< -.027   1947> -.025   1976< -.023  Higher   1986  .119   1962  .019
     1950 to 1999 segment:
       Lower   1999> -.038   1968< -.037   1960> -.035   1957< -.027   1958> -.027   1976< -.023  Higher   1986  .141   1962  .022
     1975 to 2024 segment:
       Lower   2013> -.106   1999> -.031   2009> -.031   2010< -.020   2006< -.017   1981< -.016  Higher   1986  .086   2014  .076

 [C] Year-to-year changes diverging by over 4.0 std deviations:
       2012 2013   4.2 SD

 ===================================================================================================================================

 EBU221    1907 to  2024     118 years                                                                                    Series  42

 [B] Entire series, effect on correlation (  .704) is:
       Lower   2008< -.011   1992< -.009   1915> -.009   2012< -.009   2022< -.007   1918> -.007  Higher   1985  .019   2009  .018

 ===================================================================================================================================

 EBU222    1883 to  2024     142 years                                                                                    Series  43

 [B] Entire series, effect on correlation (  .691) is:
       Lower   2013> -.024   2012< -.013   2007< -.007   2022< -.007   1906< -.006   1902< -.005  Higher   1985  .012   2009  .011

 ===================================================================================================================================

 EBU231    1793 to  2024     232 years                                                                                    Series  44

 [A] Segment   High   -10   -9   -8   -7   -6   -5   -4   -3   -2   -1   +0   +1   +2   +3   +4   +5   +6   +7   +8   +9  +10
    ---------  ----   ---  ---  ---  ---  ---  ---  ---  ---  ---  ---  ---  ---  ---  ---  ---  ---  ---  ---  ---  ---  ---
    1793 1842   -7   -.14 -.09 -.12  .42*-.11  .05 -.11  .18  .02  .17  .15|-.13 -.18 -.27  .20  .07  .08 -.24 -.07  .01 -.04
    1800 1849   -7   -.09 -.05 -.10  .51* .01  .00 -.18  .11  .02  .25  .28|-.16 -.18 -.26  .22  .05  .13 -.28 -.06 -.19 -.10
    1825 1874   -7   -.03  .13 -.02  .56*-.05 -.04 -.19 -.01  .20  .13 -.05|-.03 -.05 -.27 -.05  .09  .22  .04  .01 -.10 -.09
    1850 1899   -7   -.21  .11  .31  .72* .20  .06 -.10 -.02  .09 -.27 -.07|-.14 -.13 -.29 -.10 -.09 -.10  .02  .24  .12  .04
    1875 1924   -7   -.17  .04  .41  .66* .16  .20  .08  .10 -.08 -.27 -.08|-.13 -.27 -.22 -.07 -.12 -.20  .05  .19 -.04 -.08
    1900 1949   -7   -.03  .00  .35  .42* .01  .04 -.06 -.17 -.25 -.37 -.20|-.08  .16  .09  .15 -.03  .00  .09  .01 -.12 -.23
    1925 1974   -7    .04  .18  .26  .65* .22  .18 -.14 -.23 -.34 -.39 -.29|-.22  .18  .02  .22  .06 -.04 -.01 -.05 -.20 -.19
    1950 1999   -7   -.01  .20  .15  .66* .25  .34  .10  .00  .09 -.05 -.13|-.20 -.11 -.21 -.02 -.05  .15  .01  .02 -.30 -.17
    1975 2024   -7    .01 -.08  .13  .20* .06  .07  .19  .19  .05 -.06  .01|   -    -    -    -    -    -    -    -    -    -

 [B] Entire series, effect on correlation ( -.041) is:
       Lower   1986> -.017   1875< -.017   1945< -.016   2012< -.012   2013> -.012   1925< -.011  Higher   1821  .050   1987  .021
     1793 to 1842 segment:
       Lower   1796< -.060   1804< -.038   1829> -.031   1828< -.029   1814> -.027   1797> -.023  Higher   1821  .306   1805  .056
     1800 to 1849 segment:
       Lower   1804< -.045   1828< -.042   1829> -.034   1814> -.030   1831< -.024   1820> -.023  Higher   1821  .273   1805  .050
     1825 to 1874 segment:
       Lower   1861< -.043   1872> -.038   1829> -.027   1828< -.025   1831< -.021   1853> -.021  Higher   1855  .155   1830  .039
     1850 to 1899 segment:
       Lower   1875< -.103   1872> -.035   1861< -.030   1899< -.028   1853> -.020   1883> -.019  Higher   1855  .132   1892  .072
     1875 to 1924 segment:
       Lower   1875< -.102   1907> -.027   1917> -.027   1899< -.022   1883> -.021   1887> -.020  Higher   1892  .086   1890  .039
     1900 to 1949 segment:
       Lower   1945< -.078   1925< -.047   1936< -.019   1900< -.018   1946< -.018   1907> -.018  Higher   1927  .043   1901  .036
     1925 to 1974 segment:
       Lower   1945< -.055   1968< -.035   1969< -.021   1925< -.021   1960> -.019   1962> -.017  Higher   1952  .044   1927  .035
     1950 to 1999 segment:
       Lower   1986> -.069   1968< -.038   1985> -.025   1969< -.024   1960> -.021   1962> -.019  Higher   1987  .140   1952  .031
     1975 to 2024 segment:
       Lower   1986> -.059   2013> -.047   2012< -.044   2014> -.034   1985> -.028   2002< -.020  Higher   1987  .066   2018  .040

 [C] Year-to-year changes diverging by over 4.0 std deviations:
       1986 1987  -4.6 SD    2012 2013   6.2 SD

 [E] Outliers     4   3.0 SD above or -4.5 SD below mean for year
       1961 +3.3 SD;    1962 +3.2 SD;    1986 +4.5 SD;    2014 +3.3 SD
 ===================================================================================================================================

 EBU232    1795 to  2024     230 years                                                                                    Series  45

 [A] Segment   High   -10   -9   -8   -7   -6   -5   -4   -3   -2   -1   +0   +1   +2   +3   +4   +5   +6   +7   +8   +9  +10
    ---------  ----   ---  ---  ---  ---  ---  ---  ---  ---  ---  ---  ---  ---  ---  ---  ---  ---  ---  ---  ---  ---  ---
    1795 1844   -4    .03 -.08  .11  .04 -.11 -.21  .43* .16 -.05  .04 -.10|-.08  .18  .32 -.12 -.23 -.38  .06  .16  .14 -.25
    1800 1849   -4    .06 -.07  .16  .06 -.10 -.21  .43* .13 -.06  .01 -.09|-.05  .21  .32 -.10 -.25 -.34  .06  .17  .17 -.27
    1825 1874   -4    .01 -.12  .02  .05  .03 -.07  .56* .19  .03 -.07 -.26| .13 -.04 -.04 -.11 -.07 -.38 -.12  .05  .10  .12
    1850 1899   -4   -.12 -.03 -.15 -.04  .07  .30  .68* .21  .08 -.17 -.20| .01 -.30 -.01 -.10 -.10 -.24 -.09 -.08 -.11  .08
    1875 1924   -4   -.12 -.03  .09  .12  .10  .32  .55* .00  .02 -.09 -.10|-.20 -.36 -.01  .00  .15  .03  .07 -.06 -.17 -.02
    1900 1949   -4   -.03  .09  .23  .10  .00  .25  .44* .04 -.06 -.16 -.24|-.22 -.25 -.16  .03  .27  .17  .17 -.02 -.15 -.02
    1925 1974   -4   -.15 -.09 -.03  .12  .22  .25  .75* .31  .18 -.17 -.29|-.27 -.26 -.29 -.23  .03 -.03  .19  .07 -.13 -.01
    1950 1999   -4   -.31 -.17 -.14  .21  .33  .22  .79* .30  .37  .07 -.11|-.04 -.25 -.19 -.29 -.11 -.20  .04  .03  .10 -.02
    1975 2024   -7   -.05 -.09 -.19  .34* .18 -.07  .22  .21  .20 -.01 -.13|   -    -    -    -    -    -    -    -    -    -

 [B] Entire series, effect on correlation ( -.160) is:
       Lower   2013> -.014   1927> -.012   2003< -.011   1922< -.010   1985> -.010   1949> -.008  Higher   2009  .017   1887  .015
     1795 to 1844 segment:
       Lower   1821> -.037   1843> -.036   1818< -.033   1830> -.025   1834< -.021   1831< -.016  Higher   1805  .045   1811  .037
     1800 to 1849 segment:
       Lower   1821> -.048   1843> -.039   1818< -.032   1830> -.028   1834< -.020   1831< -.015  Higher   1805  .043   1811  .038
     1825 to 1874 segment:
       Lower   1858< -.048   1843> -.036   1852< -.035   1853> -.033   1830> -.028   1869> -.027  Higher   1872  .068   1855  .049
     1850 to 1899 segment:
       Lower   1858< -.043   1889< -.037   1853> -.034   1852< -.031   1896< -.028   1869> -.028  Higher   1887  .101   1872  .063
     1875 to 1924 segment:
       Lower   1922< -.086   1889< -.032   1896< -.025   1914> -.023   1884> -.022   1885> -.020  Higher   1887  .083   1901  .045
     1900 to 1949 segment:
       Lower   1927> -.051   1922< -.050   1942< -.037   1949> -.032   1928> -.023   1938> -.018  Higher   1901  .050   1905  .038
     1925 to 1974 segment:
       Lower   1927> -.053   1949> -.033   1942< -.030   1953< -.027   1968< -.023   1928> -.021  Higher   1962  .042   1957  .035
     1950 to 1999 segment:
       Lower   1985> -.056   1961> -.031   1953< -.026   1968< -.022   1992< -.021   1958> -.020  Higher   1986  .061   1984  .043
     1975 to 2024 segment:
       Lower   2013> -.060   2003< -.040   1985> -.039   2011< -.020   1992< -.016   2019> -.015  Higher   2009  .058   1986  .045

 [C] Year-to-year changes diverging by over 4.0 std deviations:
       1921 1922  -4.4 SD    2012 2013   5.0 SD

 [E] Outliers     4   3.0 SD above or -4.5 SD below mean for year
       1821 +3.1 SD;    1922 -5.9 SD;    1928 +3.0 SD;    2014 +3.1 SD
 ===================================================================================================================================

 EBU241    1759 to  2024     266 years                                                                                    Series  46

 [A] Segment   High   -10   -9   -8   -7   -6   -5   -4   -3   -2   -1   +0   +1   +2   +3   +4   +5   +6   +7   +8   +9  +10
    ---------  ----   ---  ---  ---  ---  ---  ---  ---  ---  ---  ---  ---  ---  ---  ---  ---  ---  ---  ---  ---  ---  ---
    1759 1808   10   -.06 -.21  .20 -.06 -.16 -.03  .29  .14  .27 -.34  .01|-.12  .00 -.23  .03  .05  .15 -.39  .07  .17  .35*
    1775 1824   10   -.10 -.25  .26 -.06 -.11  .03  .26  .02  .22 -.26  .08|-.02 -.03 -.25  .28 -.17 -.13 -.25  .12  .27  .33*
    1800 1849    0   -.20 -.03  .02  .03  .22  .11 -.05 -.03  .11 -.12  .28*-.07  .03 -.07  .00 -.12 -.22 -.04  .03  .00  .03
    1825 1874   -7   -.14  .07  .06  .21*-.02  .06 -.05  .13  .06 -.10  .14| .02 -.08 -.17 -.26  .10  .16  .08 -.02 -.21 -.16
    1850 1899   -3   -.29 -.24 -.03  .11 -.19 -.09  .07  .41* .22  .02 -.02| .13 -.05 -.24  .00  .05  .04  .04  .02 -.07 -.14
    1875 1924   -3   -.18 -.33 -.13  .09 -.04 -.17  .32  .54* .08  .11  .12| .09 -.20 -.31  .08 -.08 -.08  .03  .12 -.04 -.03
    1900 1949   -3   -.10 -.24  .01  .26  .07  .13  .26  .49* .04 -.08 -.01| .01 -.25 -.30 -.16 -.14  .14  .19  .17 -.02 -.06
    1925 1974   -3   -.15 -.21 -.08 -.15 -.04  .22  .12  .57* .23  .14 -.01|-.01 -.17 -.24 -.31 -.30  .06  .00  .11  .14 -.04
    1950 1999   -1   -.01 -.03 -.18 -.35 -.32 -.11 -.04  .36  .29  .41* .23| .29  .02  .03 -.19 -.29 -.17 -.33 -.18  .06  .05
    1975 2024   -1    .12  .03 -.10 -.26 -.10 -.07 -.20 -.14  .18  .55* .23|   -    -    -    -    -    -    -    -    -    -

 [B] Entire series, effect on correlation (  .106) is:
       Lower   2013> -.021   1789> -.013   1921< -.011   1952< -.011   1958> -.010   1868> -.009  Higher   2014  .020   1961  .018
     1759 to 1808 segment:
       Lower   1789> -.080   1788> -.039   1765< -.038   1771> -.034   1798> -.021   1804< -.021  Higher   1805  .046   1779  .043
     1775 to 1824 segment:
       Lower   1789> -.074   1811< -.052   1788> -.035   1804< -.025   1815> -.022   1814> -.021  Higher   1821  .102   1805  .040
     1800 to 1849 segment:
       Lower   1811< -.078   1804< -.037   1814> -.036   1815> -.036   1839< -.028   1828> -.017  Higher   1821  .088   1805  .043
     1825 to 1874 segment:
       Lower   1868> -.088   1861< -.050   1858< -.038   1839< -.025   1866< -.021   1853> -.018  Higher   1855  .095   1848  .042
     1850 to 1899 segment:
       Lower   1868> -.064   1892> -.038   1861< -.034   1858< -.027   1884> -.022   1888< -.019  Higher   1855  .104   1865  .036
     1875 to 1924 segment:
       Lower   1921< -.072   1892> -.042   1903> -.025   1884> -.025   1888< -.018   1883> -.015  Higher   1907  .066   1901  .050
     1900 to 1949 segment:
       Lower   1921< -.053   1927> -.032   1936< -.030   1947> -.025   1929> -.024   1928> -.021  Higher   1901  .052   1907  .051
     1925 to 1974 segment:
       Lower   1952< -.048   1958> -.041   1927> -.028   1936< -.027   1947> -.022   1929> -.021  Higher   1961  .105   1964  .025
     1950 to 1999 segment:
       Lower   1952< -.061   1958> -.056   1998< -.025   1993> -.025   1996< -.022   1999> -.021  Higher   1961  .081   1992  .029
     1975 to 2024 segment:
       Lower   2013> -.102   2010< -.061   2009> -.031   1998< -.023   1996< -.020   1993> -.019  Higher   2014  .073   1992  .024

 [C] Year-to-year changes diverging by over 4.0 std deviations:
       2009 2010  -4.6 SD    2012 2013   4.9 SD

 [E] Outliers     1   3.0 SD above or -4.5 SD below mean for year
       1789 +3.4 SD
 ===================================================================================================================================

 EBU242    1800 to  2024     225 years                                                                                    Series  47

 [A] Segment   High   -10   -9   -8   -7   -6   -5   -4   -3   -2   -1   +0   +1   +2   +3   +4   +5   +6   +7   +8   +9  +10
    ---------  ----   ---  ---  ---  ---  ---  ---  ---  ---  ---  ---  ---  ---  ---  ---  ---  ---  ---  ---  ---  ---  ---
    1800 1849   -4   -.28  .03  .11  .03 -.12 -.15  .22* .12  .20 -.08  .11|-.11 -.06  .11  .03  .00 -.17 -.08  .15  .07 -.06
    1825 1874   -9   -.21  .25*-.17  .02 -.10  .08  .25  .16  .18  .00 -.17|-.10 -.14  .17 -.03 -.24 -.13 -.15  .17  .10  .10
    1850 1899   -2    .06  .08 -.34 -.06 -.21 -.08  .06  .01  .40* .36  .10| .09 -.15  .02 -.02 -.21  .01  .04 -.06 -.03  .00
    1875 1924   -1   -.01  .04 -.32 -.35 -.21  .02 -.17 -.17  .37  .57* .08| .23  .25  .12  .05 -.06  .12 -.03 -.20 -.11 -.12
    1900 1949   -2   -.31 -.15 -.23 -.22  .08  .11 -.13 -.09  .60* .56 -.03|-.07 -.01  .01 -.01  .02 -.10 -.09 -.04  .15  .00
    1925 1974   -2   -.23 -.18 -.27 -.16 -.10 -.16  .12  .09  .83* .41  .29| .00 -.12 -.10 -.17 -.15 -.45 -.08 -.08  .22  .16
    1950 1999   -1   -.05  .04 -.15 -.25 -.21 -.17 -.02  .10  .46  .55* .36| .31  .16  .06 -.12 -.21 -.32 -.12 -.28 -.16 -.04
    1975 2024   -1    .07 -.01 -.03 -.13  .01 -.01 -.24 -.21  .09  .74* .21|   -    -    -    -    -    -    -    -    -    -

 [B] Entire series, effect on correlation (  .149) is:
       Lower   2013> -.031   1961> -.013   1947> -.013   1927> -.012   2009> -.010   1868> -.010  Higher   2014  .030   1986  .017
     1800 to 1849 segment:
       Lower   1815> -.037   1843> -.033   1845< -.032   1839< -.019   1820> -.018   1822< -.017  Higher   1805  .106   1821  .089
     1825 to 1874 segment:
       Lower   1868> -.055   1845< -.038   1843> -.034   1853> -.021   1839< -.020   1863> -.017  Higher   1855  .129   1831  .041
     1850 to 1899 segment:
       Lower   1868> -.061   1863> -.022   1887> -.022   1890> -.022   1858< -.022   1853> -.021  Higher   1855  .093   1883  .045
     1875 to 1924 segment:
       Lower   1905< -.053   1908< -.046   1903> -.035   1890> -.024   1887> -.022   1878< -.019  Higher   1883  .053   1892  .050
     1900 to 1949 segment:
       Lower   1947> -.067   1927> -.059   1905< -.046   1908< -.040   1903> -.028   1935< -.016  Higher   1929  .069   1949  .059
     1925 to 1974 segment:
       Lower   1961> -.085   1947> -.076   1927> -.070   1951< -.030   1935< -.018   1931< -.014  Higher   1962  .034   1949  .034
     1950 to 1999 segment:
       Lower   1961> -.080   1999> -.033   1998< -.033   1978< -.029   1951< -.027   1993> -.022  Higher   1986  .060   1962  .028
     1975 to 2024 segment:
       Lower   2013> -.111   2009> -.033   2006< -.031   2010< -.024   1998< -.022   1999> -.021  Higher   2014  .096   1986  .055

 [C] Year-to-year changes diverging by over 4.0 std deviations:
       1960 1961   4.5 SD    2012 2013   4.6 SD

 [E] Outliers     2   3.0 SD above or -4.5 SD below mean for year
       1805 -5.5 SD;    2013 +3.1 SD
 ===================================================================================================================================

 EBU243    1905 to  2024     120 years                                                                                    Series  48

 [A] Segment   High   -10   -9   -8   -7   -6   -5   -4   -3   -2   -1   +0   +1   +2   +3   +4   +5   +6   +7   +8   +9  +10
    ---------  ----   ---  ---  ---  ---  ---  ---  ---  ---  ---  ---  ---  ---  ---  ---  ---  ---  ---  ---  ---  ---  ---
    1905 1954   -3   -.03 -.02  .26  .25 -.02 -.05  .13  .55*-.01  .02 -.25|-.16 -.23 -.16  .06 -.20  .22 -.06  .10 -.09  .01
    1925 1974   -3   -.07 -.12  .00 -.06  .01  .18  .05  .65* .20  .24 -.08|-.09 -.25 -.27 -.21 -.33  .07 -.09  .12  .07 -.01
    1950 1999   -3    .03 -.08 -.18 -.20 -.18  .09 -.02  .55* .37  .47  .15| .13 -.19 -.16 -.30 -.34 -.07 -.28 -.08  .06  .00
    1975 2024   -1    .11  .01 -.15 -.11 -.02  .05 -.17 -.06  .16  .59* .17|   -    -    -    -    -    -    -    -    -    -

 [B] Entire series, effect on correlation (  .077) is:
       Lower   2013> -.027   1927> -.026   2010< -.026   1952< -.022   1958> -.021   1936< -.015  Higher   1961  .053   2014  .035
     1905 to 1954 segment:
       Lower   1927> -.069   1952< -.056   1936< -.037   1929> -.036   1947> -.030   1923< -.025  Higher   1907  .036   1917  .034
     1925 to 1974 segment:
       Lower   1927> -.064   1952< -.055   1958> -.050   1936< -.036   1929> -.032   1947> -.029  Higher   1961  .191   1964  .037
     1950 to 1999 segment:
       Lower   1958> -.058   1952< -.056   1985> -.038   1996< -.034   1962> -.027   1998< -.025  Higher   1961  .127   1987  .033
     1975 to 2024 segment:
       Lower   2010< -.075   2013> -.065   1996< -.031   1985> -.025   1998< -.023   1993> -.018  Higher   2014  .063   2024  .028

 [C] Year-to-year changes diverging by over 4.0 std deviations:
       2009 2010  -4.6 SD

 ===================================================================================================================================
PART 7:  DESCRIPTIVE STATISTICS:                                                                   03:59  Fri 26 Jun 2026  Page   7
------------------------------------------------------------------------------------------------------------------------------------

                                                Corr   //-------- Unfiltered --------\\  //---- Filtered -----\\
                           No.    No.    No.    with   Mean   Max     Std   Auto   Mean   Max     Std   Auto  AR
 Seq Series   Interval   Years  Segmt  Flags   Master  msmt   msmt    dev   corr   sens  value    dev   corr  ()
 --- -------- ---------  -----  -----  -----   ------ -----  -----  -----  -----  -----  -----  -----  -----  --
   1 EBU011   1745 2023    279     11     10    .114    .50   2.50   .423   .862   .313   2.67   .375  -.080   1
   2 EBU012   1774 2024    251     10      6    .463    .50   1.71   .321   .731   .352   2.61   .358  -.054   1
   3 EBU021   1930 2024     95      3      1    .484    .64   1.97   .383   .748   .324   2.46   .340   .027   1
   4 EBU022   1786 2024    239      9      6    .336    .26    .82   .175   .770   .379   2.49   .361  -.019   1
   5 EBU031   1735 2024    290     11      4    .457    .50   1.56   .324   .871   .296   2.62   .366   .003   1
   6 EBU032   1811 2024    214      8      5    .376    .42   1.11   .194   .663   .322   2.62   .371  -.013   4
   7 EBU041   1779 2024    246      9      8    .206    .25    .79   .134   .672   .366   2.51   .387  -.031   3
   8 EBU042   1784 2024    241      9      8    .220    .32    .97   .161   .676   .358   2.69   .407  -.029   1
   9 EBU051   1877 2024    148      5      5    .179    .79   1.77   .463   .871   .290   2.47   .408  -.008   1
  10 EBU052   1870 2024    155      6      4    .366    .78   1.87   .455   .857   .284   2.46   .350   .010   1
  11 EBU061   1844 2024    181      7      0    .688    .72   2.01   .360   .807   .285   2.33   .251  -.050   1
  12 EBU062   1843 2024    182      7      3    .562    .72   2.11   .356   .740   .311   2.42   .344  -.062   1
  13 EBU071   1849 2024    176      7      0    .656    .60   1.30   .275   .727   .286   2.54   .422  -.010   1
  14 EBU072   1851 2024    174      6      0    .684    .61   1.31   .291   .761   .282   2.47   .443  -.018   1
  15 EBU081   1803 2024    222      8      1    .643    .78   2.02   .344   .720   .277   2.58   .318  -.016   1
  16 EBU082   1791 2024    234      9      1    .646    .74   1.83   .320   .685   .296   2.42   .304  -.018   1
  17 EBU091   1953 2024     72      2      0    .717   1.56   4.11   .969   .680   .430   2.61   .556  -.040   1
  18 EBU101   1879 2024    146      5      1    .651    .86   2.58   .385   .801   .232   2.47   .405  -.010   1
  19 EBU102   1890 2024    135      5      1    .611    .90   2.18   .385   .793   .241   2.48   .467  -.041   1
  20 EBU111   1786 2024    239      9      7    .333    .47   1.10   .220   .640   .365   2.50   .358   .006   1
  21 EBU112   1881 2024    144      5      4    .384    .49   1.14   .222   .618   .351   2.52   .440  -.010   1
  22 EBU121   1780 2024    245      9      1    .605   1.00   2.27   .427   .720   .264   2.55   .339   .017   1
  23 EBU122   1774 2024    251     10      1    .575   1.00   3.20   .481   .747   .275   2.51   .329  -.005   1
  24 EBU131   1900 2024    125      4      0    .661   1.16   3.79   .635   .760   .302   2.47   .385   .004   1
  25 EBU132   1900 2024    125      4      0    .671   1.10   3.45   .624   .773   .296   2.62   .468  -.031   1
  26 EBU141   1885 2024    140      5      0    .708    .69   2.79   .483   .862   .317   2.47   .321  -.047   1
  27 EBU142   1880 2024    145      5      1    .669    .68   2.10   .426   .861   .320   2.46   .393  -.043   1
  28 EBU151   1879 2024    146      5      5    .235    .71   2.20   .415   .767   .377   2.58   .421  -.014   1
  29 EBU152   1879 2024    146      5      0    .595    .77   2.12   .469   .794   .359   2.52   .408   .016   1
  30 EBU161   1886 2024    139      5      0    .617    .64   2.34   .386   .846   .267   2.56   .391  -.033   1
  31 EBU162   1883 2024    142      5      0    .584    .59   2.05   .322   .838   .253   2.69   .367  -.014   1
  32 EBU171   1867 2024    158      6      2    .708    .75   1.41   .264   .626   .256   2.63   .414  -.008   2
  33 EBU172   1889 2024    136      5      0    .740    .88   1.60   .309   .639   .232   2.80   .382   .058   1
  34 EBU181   1886 2024    139      5      0    .685    .89   2.57   .521   .821   .286   2.60   .508  -.040   1
  35 EBU182   1886 2024    139      5      0    .632    .96   2.56   .528   .833   .266   2.51   .419  -.052   1
  36 EBU191   1936 2024     89      3      0    .718   1.38   2.35   .474   .631   .231   2.64   .472   .047   1
  37 EBU192   1924 2024    101      4      0    .670   1.38   2.94   .585   .693   .268   2.57   .413   .013   1
  38 EBU201   1858 2024    167      6      6    .196    .58   2.10   .445   .872   .317   2.59   .411   .004   1
  39 EBU202   1858 2024    167      6      2    .613    .60   2.00   .436   .860   .324   2.46   .359   .015   4
  40 EBU211   1930 2024     95      3      3    .264   1.06   2.44   .457   .685   .304   2.50   .482   .045   1
  41 EBU212   1943 2024     82      3      3    .315   1.02   2.07   .423   .621   .303   2.56   .464   .065   1
  42 EBU221   1907 2024    118      4      0    .704   1.13   2.16   .456   .820   .199   2.50   .427   .020   1
  43 EBU222   1883 2024    142      5      0    .691   1.13   2.11   .428   .830   .182   2.47   .380   .008   1
  44 EBU231   1793 2024    232      9      9   -.041    .43   1.03   .210   .679   .333   2.70   .435  -.062   1
  45 EBU232   1795 2024    230      9      9   -.160    .40   1.03   .205   .756   .322   2.56   .362  -.018   3
  46 EBU241   1759 2024    266     10     10    .106    .23    .57   .099   .531   .353   2.71   .441  -.019   1
  47 EBU242   1800 2024    225      8      8    .149    .26    .66   .123   .616   .351   2.46   .334  -.043   1
  48 EBU243   1905 2024    120      4      4    .077    .31    .59   .112   .439   .354   2.62   .454  -.041   1
 --- -------- ---------  -----  -----  -----   ------ -----  -----  -----  -----  -----  -----  -----  -----  --
 Total or mean:           8273    303    139    .442    .67   4.11   .343   .741   .307   2.80   .387  -.017

                                              - = [  COFECHA VERY COF  ] = -
